#line	chars	hits	BOOK/DESC	text
1013	49	1	BOOK/DESC	[This book just has lore and no actual functions]
1005	57	4	BOOK/DESC	[The data slate contains information on a nearby mission]
1706	546	1	BOOK/DESC	The wreck came apart like rotten foil, but the black box did not. Its last seconds are clean, ordinary, then the course line bends a hair's breadth and everything tears loose. No interference spike, no pirate burn, just a neat little correction that should not exist. Listening to it on loop, I get the feeling the answer is right there in the numbers, as plain as basic nav, and somehow still refuses to resolve. All I really have is that lonely log from the edge of nowhere, a handful of "lucky" escapes, and a name nobody quite manages to say.
1654	605	1	BOOK/DESC	I keep thinking how none of this would have happened if some UC clerk had just signed the right deorbit order.  \nThey left the station up here to save a little fuel and a little face, then cut maintenance hours, then reassigned anyone who remembered its passwords.  \nOne cheap decision at a time, until this place turned into a quiet pocket where a person could reroute half a dozen lanes and no one would notice.  \n\nNow I sit in the dark, watching old dishes groan as they track something they are not supposed to see, replaying every "temporary" cost-cut and overlooked warning I have lived through.
1618	607	1	BOOK/DESC	I docked here because the tanks were low and the crew was tired, not because I believe in ghost currents and cursed lanes like the locals do. Then I pulled yesterday's nav dump and watched our course bend three degrees starboard without a single correction logged, same as the old timers swear it always does over that valley. The station master just shrugged and said some paths are easier not to question, especially when the cargo keeps moving and the bodies stay far enough away to forget. I do not know if I am more afraid of phantom gravity or the way everyone prefers the story that hurts them least.
1610	617	1	BOOK/DESC	I heard it from a dockhand who swore her cousin saw the account screens stutter right before the lights flickered, like the city took a breath and forgot who it owed. Nobody can show you a clean record, of course, just half-scorched dataslates and freight manifests with the same routes crossed out in different hands. Some say it is a GalBank ghost, some say it is pirates, some swear it is a woman from the lower decks of New Atlantis who knows exactly where the old wiring runs. All I know is whenever the rumors start, the people in suits suddenly talk quieter and the ones who live under the pipes listen harder.
1228	631	1	BOOK/DESC	We were never meant to be out this far. Scarrunner was a hauler, not an explorer, but one little routing "optimization" slipped in during a maintenance cycle and nobody bothered to roll it back. Cheaper fuel, tighter jumps, the kind of thing captains brag about over drinks. Then the plotted paths started leaning, just a fraction, toward that junk-choked patch near the veil. Each run, same tiny adjustment, same quiet deviation that never tripped an alarm. Now I am floating in a dead ship, staring at logs that show how a minor tweak got copied, normalized, and finally steered us straight into the teeth of someone else's math.
1282	632	1	BOOK/DESC	They say every tower in Neon has a ghost in the basement, but this one walks in numbers and routing codes instead of chains. I used to think the stories about vanished freighters and bought shortcuts were just bar noise that got louder on the way up the Span; now the whispers have paperwork behind them. Out on the fringe I tripped over a lone dataslate that should have been slagged, then heard a Ryujin clerk stammer through the same missing names, and finally cracked a cutter's half-burned logs that described the exact same kind of jump, like the rumor had learned how to write itself into every system that tried to erase it.
1161	696	1	BOOK/DESC	I heard the story before I ever set down here, but it was already worn smooth by the time it reached my ears. First it was a convoy that never checked in. Then it was "pirates," or "drive failure," or "bad coordinates in a storm." Ask three haulers at the bar and you get four versions, all of them saying less than they know. Out in the yard the cutters work overtime on incoming husks with scrubbed transponders, and nobody writes down who paid to bring them in. The earliest telling of what really happened has already drifted into speculation; all that is left are scared glances, half-finished sentences, and a feeling that someone is using the dark between the lanes as both grave and bank.
1739	705	1	BOOK/DESC	Funny how something that started as bar talk in The Well is now riding the lifts up into the nice parts of New Atlantis. I keep hearing the story come back to me in different mouths, polished a little more each time. A clerk swears they knew a hauler whose whole family license vanished between one shift and the next. A tech on a maintenance crew claims they heard a voice on a dormant line reciting case numbers that do not exist anymore. I saw the original slate that kicked this off, glitched timestamps and dead transponders, and I still do not know what scares me more now: that the story has outgrown whatever really happened, or that the truth is worse than the version people feel safe repeating.
1599	724	1	BOOK/DESC	They say every story up here has three versions the official one, the one told over drinks, and the one nobody says out loud. I have heard all three today and they do not even agree on the color of the sky. One UC patrol officer swore the distortion was a calibration fault, nothing more. A freighter hand in a smoke choked backroom swore on his last credits that something slid past his ship without a transponder, humming in his teeth like bad grav. And in the alley outside, a Neon runner laughed and said it was just an old test profile, long buried, nothing anyone should be asking about. Funny how everyone uses different words for the same thin slice of orbit, and how their voices all dip when they get to that part.
975	746	1	BOOK/DESC	I always trusted GalBank lanes. You fly the blue logo, you assume someone in a clean shirt and better pay has triple-checked the math. Maybe that is how they got away with it. We ran that corridor so often I could draw the buoy pattern from memory, right down to the little skip where the grav well makes your teeth hum. When the escort failed to report in, nobody flinched; consoles shrugged, called it a relay glitch, filed another green stamp. It took three missed convoys and one freighter limping back with its drive casing warped before anyone bothered to pull the raw logs. That is when we saw the extra projections tucked between routine updates, pointing toward a skinny band of rock and ice that was never on any of our official charts.
1099	780	1	BOOK/DESC	I keep replaying the approach in my head, but every time it runs a little different.  \nThe telemetry said clear lane, clean gravity, no debris worth naming, and still the hauler ahead of us drifted off-course like something was tugging at its teeth.  \nWe scooped three escape pods; the black took the rest.  \nLIST stamped it down as pilot error, Argos called the basin a bad investment, and the official records all agree it was nobody's fault in particular.  \nOnly the stories in station bars refuse to line up, little fragments about the same burned pads, the same families, the same quiet pilot who swore the numbers were solid.  \nSome days I think I imagined that extra ping on the scope; other days I am sure it was a hand on the wheel that never makes it into the logs.
1204	783	1	BOOK/DESC	I log beacon checks at the start and end of every shift. Always have. Flip through the same diagnostics, tap the same acknowledgements, watch the same green lights blink in the same order. Somewhere in the last year, that order changed and I did not see it. A handoff here took a heartbeat longer, a timestamp there drifted by a fraction. The system compensated, captains cursed their nav suites, and traffic flowed on. Only now, looking back over old traces, do I see how the routes bent, almost politely, around the same handful of worlds. The frozen outpost that did not get its evac, the survey run nobody could re-plot, the approvals a LIST clerk swears they sent. The pattern was there the whole time, threaded through my consoles like a quiet apology I never bothered to read.
1622	789	1	BOOK/DESC	I am recording this from a rented bunk bolted to bulkhead C, because if I say it out loud in the bar again it will turn into another story and I need it to stay a fact.\n\nThe TA broker here swears the manifests he showed me are just misfiled freight, nothing to see, just frontier bookkeeping. But his hands shook when he scrolled past the third ship with the same registry, three different captains, three different lien codes. Same audit signature on each. He told me, real soft, that if I wanted the rest of that pattern I should go where the metal and the money meet: the yards in Gagarin, where freighters are reborn with new names and old debts. Everyone else talks about a ghost auditor like a campfire tale, changing details each time, but her accent and those codes never change.
1671	815	1	BOOK/DESC	I have been sleeping next to the bunker wall, just to feel the hum through the metal. It is thin, a background tremor in the old UC wiring, but it matches the cadence I saw in the patrol logs I stole. Same gaps. Same timing. She is still riding the grid.\n\nNo one back at New Atlantis wanted to see it. They skimmed my report once, then started staring past my shoulder, like I was a static burst they could tune out. Out here, the bunker still listens to a sky the registry pretends is quiet, and tonight I caught something new: a tight-beam exchange, bouncing through an unlisted node, then vanishing toward that cluster of grav scars the Crimson crews call the blind corridor. Whatever she is doing next, she is staging it off a dead relay, just far enough outside the charts that no one has to admit it exists.
989	821	1	BOOK/DESC	I keep telling myself I am just here to clean up a mess in the logs, but the deeper I dig, the less it looks like random corruption. The theft chain they handed me was supposed to be simple follow the unauthorized copies, close the holes, file the report. Instead I am staring at the same warped jump curves cropping up in places that should never share traffic, tagged with user IDs that do not exist in any personnel registry I can see. One of the senior analysts flagged this pattern weeks ago, left a half-finished trace on their console, then took urgent leave and never came back to finish what they started. Tonight I pushed their old trace one step further and found a match buried in offsite telemetry from a navy hull that should be nowhere near these experiments, let alone echoing the same impossible vectors.
1104	835	1	BOOK/DESC	Been picking through this dead node so long I can taste oxidized metal in my teeth. Most of the consoles here are ghosts, but one of the cores still had heat left in it, tucked behind a wall panel someone thought was welded shut. Jump data, tightened and cleaned in a way no company mechanic around here could dream of, all bent around the same kink in the lanes we have been chasing. Whoever pulled that Fleet package knew exactly what they were stealing; half these coordinates match the accidents everybody swears were just bad luck. The funny part is, the route strings keep referencing a salvage yard on Deimos, like the path always folds back through there before it disappears. I have heard that place mentioned in bar talk for months, always as a joke, always with eyes dropping to the floor the second anyone asks for details.
1488	837	1	BOOK/DESC	They started changing the duty roster about a year back, but it did not feel like anything at the time. Different pilots pairing with different convoys, a few routes shuffled off the public boards, the usual corporate "optimization" spin. I remember one morning at the TerraBrew stall near Dock 17, seeing a Vanguard jacket at a table that never hosted uniforms before, talking low with a Ryujin type who smelled like fresh plastic and old secrets. Nobody cared. Ships came and went, GalBank still paid out, LIST settlers still limped through bad systems with just enough fuel and just enough luck. Only later, when the same name started whispering through Neon bars and insurance disputes, did it hit me that all those small adjustments were drawing lines around one pilot, setting her apart from the rest of us without ever saying why.
1332	838	1	BOOK/DESC	I keep telling myself I am only here because the pay is good, that I do not care why some Aegis ghost bled out on this rock with their datapad hugged to their chest. But I walked the perimeter twice before I even cracked the casing. No sign of a fight, no distress beacon in the logs, just a gap in the record where a human being should have left noise. That bothers me more than any scorch mark would have.  \n\nThe file fragments mention a safety inspector who stopped filing reports, a freighter that never finished its jump, and a research contract whose number does not exist in the public registries. Nothing links on paper. Names change, timestamps drift, routes get reclassified. Every time I think I see the chain of events, it smears sideways, like the universe is refusing to hold still long enough for anyone to write it down.
1514	848	1	BOOK/DESC	They say some places in space hold on to things longer than they should. The microgravity platform I swung past today is one of them. It should be scrap and silence, just another drilling rig left to spin itself apart, but the patrol grid still flinches every time its old transponder breathes. I parked just outside the lane and listened; there is a thin, dirty signal riding the standard telemetry, nudging any tagged-for-disposal hull a few degrees off its proper course. Every dock rat back on the station "knows" to give this sector a wide berth, then suddenly forgets why when you press them. Between the dead spacer's slate and that corrupted buoy I burned, both pointing at misrouted wrecks and retired codes that refuse to die, it feels like this whole patch of sky is hanging onto someone else's mistakes until they can be quietly erased.
1569	848	1	BOOK/DESC	I am parked off this ore platform, watching it turn like it has for decades, still humming through a pattern nobody bothered to erase. Somewhere along the way, some clerk signed the wrong form or looked the other way, and that tiny shrug of bureaucracy carved out a blind lane in the sky. Now the platform's guidance is stitched into bar gossip and half-lost sensor logs, echoes of the same freighter silhouette skimming grids where no one should be. I keep thinking about that first dead homestead, the dirty telemetry from its orbit, the way local fauna started acting like they got new orders. None of it screamed conspiracy at the time. Just glitches. Just bad luck. But all those small, quiet mistakes and compromises nudged things toward this forgotten dot on the map, until everything strange seems to lean, just a little, in this direction.
1684	858	1	BOOK/DESC	Hard to tell where the real story starts, so I will pin it to that rusted relay I was paid to wake up last month. The work order called it routine: clear a backlog, reset a few buffers, bill some faceless office in New Atlantis. When I got there, half the panels were already scorched, and the logs did not read like simple neglect. Distress calls came in clean, went out smeared, registry tags folded over themselves. Some entries had been sliced and pasted so many times the timestamps looped. A tug crew swears they saw a hijacked signal bouncing through there weeks before; a dockhand insists those same ship IDs showed up later on a private auction list. None of their stories match perfectly, but every broken piece points at the same thing: someone very patient, nudging ghosts through forgotten circuits until the records forgot they were ever alive.
1188	868	1	BOOK/DESC	Been running cargo runs since before the Armistice, and I have never seen a ship fly itself like the Boneclaw did last week.\n\nWe were three days out, grav drive on cooldown, when the nav console lit up with a route I did not punch in.\n\nLooked official, too, buried under old UC formatting nobody bothers with anymore.\n\nCaptain swore it was a relic subroutine, some legacy safety corridor from back when the war made everyone jumpy.\n\nCrew laughed it off, let the autopilot ride it, because who argues with a path that clean.\n\nThing is, the more I dug into the logs after shift, the more I found those same corrections, repeating like a heartbeat, on runs years apart.\n\nDifferent captains, different cargo, same quiet nudge.\n\nSomewhere out there, something we forgot to shut down is still talking to our ships, and I do not think it is doing us any favors.
983	872	1	BOOK/DESC	I was supposed to be on a six-month temp contract up here, the kind of nowhere posting you take when you want to disappear without quitting. The module hums and breathes like any other relic on the corporate leash, but the logs feel wrong under my hands. Years of clean mirrored transfers, then suddenly one chain fractures: inbound packets split, some land where they are supposed to, others slip sideways into dead space. The anomalies are tiny, like someone with surgeon hands nudged the code, trusting the redundancy to hide the cut. I flagged it in the maintenance queue, marked for a senior tech to review, and then nothing happened. No follow-up, no purge, just my ticket quietly closed without comment. The gaps stayed in the archive, hanging there like half-erased handwriting, as if whoever was meant to come back and tidy the mess simply never made it this far.
1692	883	1	BOOK/DESC	I was a kid when the first version of the story did the rounds, so I only have thirds and fourths by now. The ones who were there do not agree on much anymore. Some swear the sky over the fields tore open, others say it was just a freighter that came in too hot and shook itself apart. The only constant is that the official report never lined up with what people remember, and every retelling drops another hard detail and picks up another maybe. By the time I was old enough to fly, it was just a warning: do not trust the lanes just because they are lit.\n\nNow there is a new name attached to the old unease, a navigator who walked out on the big flags, a whisper about trials buried in some staryard server. Funny thing is, no one here can tell you exactly when he appeared in the tale; it is like he was always part of it, waiting in the gaps where the truth got rubbed smooth.
1505	888	1	BOOK/DESC	I keep thinking someone is coming back.\n\nThe garage is loud enough that no one hears the hum from the old core, not really. Fans rattling, music leaking from a busted speaker, arguments over parts prices. But every time I walk past that one bay, the air feels thinner. Bench wiped spotless in a sea of grime, wrappers folded into a neat little pile, like somebody packed up in a hurry and promised themselves they would finish the job later.\n\nThe kid they pulled off the floor swears he blacked out, woke up with his arm set better than UC ever did it. Others say he tripped, patched himself, end of story. Except the med stock sheet does not match, and the Static Hackers keep glancing at that core like it is rigged to bite. If there is a ghost in those logs, it is waiting on the same thing I am: the one who cut here, cleaned here, and walked away before the erase cycle finished.
1176	889	1	BOOK/DESC	Found the packet in the last place anyone checks the old relay's maintenance queue. No alarms, no lockouts, just a half finished transfer flagged "deferred" three years running, sitting in a forgotten subdirectory like somebody fully intended to come back and scrub it clean, then got reassigned or spaced. Atmospheric sweeps layered over patrol routes, with one ship path threaded right through the gaps every time. Same vector, same speed, same little pauses in burn where a careful pilot checks their own work. I pulled the trace forward one more hop and the endpoints start clustering around a junk field that is not on any public navchart, but shows up in system grav noise like a bad memory. First it was that stray record out on the rock, then the cut patterns in the Deimos yard, now this: all of it saying the same thing he has a favorite graveyard, and he keeps going back to it.
1436	891	1	BOOK/DESC	I am logging this from the old drop can, sitting under a flickering strip that should have burned out a decade ago. The place hums with half-dead fans and forgotten protocols; I swear I heard a decon cycle spin up on its own two hours after I powered the generator, like some buried routine still thinks infantry are due in from orbit. That is what got me looking deeper. Under the rust and bootleg wiring, the shelter's systems were still filing traffic, still mirroring route updates to a secondary endpoint nobody bothered to wipe from the registry. Buried in a nav cache I pulled off the liaison's terminal was a repeating destination tag hardwired into his latest corridor updates, same code cross-referenced three times in the old system handshakes. All point toward a relay node tucked in the undergrid of Neon, exactly where no honest captain wants their beacon to light up: Ebbside.
1411	899	1	BOOK/DESC	First time I docked here, I thought it was just another junkyard orbiting the edge of nowhere. Now I cannot shake the feeling that this depot is where the story started, even if nobody remembers the first telling. Every Deadspace loader I talk to starts their version with, "I heard from a guy who heard it from a crew that is gone now," and the details never match, just the punchline: ships that jump out fat and healthy, never ping another beacon, and leave behind drive logs that look like they were written by the same careful hand. The corrupted files I pulled at that remote rock and the whispers from the broken yard point back here, but whatever really happened the first time someone "tested to failure" in this place has already been chewed into rumor. All that is left is the pattern, and the quiet way these people lower their voices when they think the depot itself might be listening.
1063	906	1	BOOK/DESC	I am not saying I know where she is, just that the pattern is wrong. I have been stuck on this rusting module for three tours watching traffic for Ryujin, and data does not just decide to jump manifests on its own. The archive pulls show a neat little chain of thefts, then one transfer hits this node and comes out sliced, like someone reached in with a scalpel and rerouted only the parts they cared about. One of the techs swears he saw an old bionics prefix in the checksum, the kind tied to that shuttered lab they swore was scrubbed years ago. Another tech says that prefix is a ghost tag, leftover junk, that we are all seeing shadows because of the stories about a red-haired doc and melted implants. All I know is: every time code goes missing around her name, it leaves the same faint trace, and this time the trace points straight at that dead bionics facility everyone pretends not to remember.
1710	910	1	BOOK/DESC	I have been sitting in this cramped berth on The Den long enough to know why nobody volunteers for this posting. Everything is beige and half-asleep, the kind of place where reports get filed, stamped, and then quietly forgotten. Which is exactly why whoever hid those numbers chose it. If you want something buried, you do not drop it in a warzone; you tuck it under a bored clerk in a dead system and let routine smother it.\n\nThe stories I picked up on the way here all sound like they have been passed around too many tables. A hauler that was there, then was not. A rigger who saves people in one version and strands them in another. Every time someone tells it, the edges get rounded off, the guilt spread thinner. But underneath the smoke and barroom bravado, the same outline keeps showing through. Missing crews, altered manifests, and a line of drift that curves back toward the same invisible hand.
1479	911	1	BOOK/DESC	I was supposed to be gone before the storm rolled in. Just a simple refill, a few signatures, then back to hauling grain where the worst thing that happens is a clogged pump. Instead I am sitting in the office watching the wind shove dust against the viewport while the consoles spit out half-finished reports and error flags that no one ever cleared. Someone rushed through this place in a hurry, cut corners in the logs, pushed a few ships through on backdoor clearances, then ran before the numbers could catch up. The ledgers are messy in a very precise way, like a hand that knows exactly which fields matter and which can be left wrong for years without anyone noticing. I am no investigator, but even I can see the pattern of diverted routes and vanished transponders threaded through this depot, and it has me checking over my shoulder every time the comms crackle with another "routine" traffic update.
1680	912	1	BOOK/DESC	I am still shaking dust out of my hair from this bunker, and the consoles are older than half the patrol grid, but they still know how to keep a secret. The deserter was sloppy with his deletions; he scrubbed the export paths, not the cached scans. Buried under old meteor tracks and shuttle noise, I found a sequence of atmospheric spikes that do not belong to any registered thruster profile, cutting straight across restricted lanes like they owned the sky. Cross-checking the timestamps against patrol rosters gives me a heading and a hull class, and every line points toward a Navy combat ship that was never supposed to be on that circuit at all. Some of the techs back in the dive swear they saw it slip past on a dead transponder; others say it is all barroom exaggeration. Either way, the next piece of this mess is sitting in a silent UC hulk, waiting for someone brave or desperate enough to board it.
987	915	1	BOOK/DESC	This module has a way of hanging onto things it is not supposed to. Old firmware, obsolete protocols, ghost accounts from contractors nobody remembers hiring it is all still here, just pushed one layer deeper every time someone does a "cleanup." I came in thinking I was tracing a straightforward breach, another bored tech moving proprietary routes offsite for a quiet sale. But the deeper I dug, the more I kept finding the same bent curves pressed into different logs, like a bootprint stamped over and over in fresh dust. Someone upstream noticed, tried to wipe it, then stopped halfway through, like they got called away or decided they did not want their name tied to this anymore. This place remembers them anyway. Even with lazy edits and truncated records, the system still clings to their mistakes and to the shape of those impossible paths, faint and overlapping where no sane corridor should ever cross.
1266	917	1	BOOK/DESC	I keep telling myself I only take the night shifts in the back corridors because the pay is better, but it is really because no one looks too hard back here. You sign off a crate as medical relief, watch it roll past the scanners, and by the time it hits storage someone has scraped the tags and called it scrap. Lately, though, the routes stamped on the cargo slates do not match the traffic boards upstairs, little course corrections that nudge whole loads away from the usual lanes. Some of the other handlers swear they saw a woman in a battered flight jacket, just standing at the junctions, fingertip tracing invisible paths on the bulkhead, but when I ask for details they laugh it off like bar talk. Maybe it is all exaggeration, but the manifests keep changing after she is supposed to have passed through, and the colony destinations on those shipments have a way of disappearing from the system altogether.
1811	922	1	BOOK/DESC	I spent half the cycle today under New Atlantis instead of in it, sitting in a humming archive room that smells like old ozone and cheaper coffee than they serve upstairs. One junior admin owed someone a favor and let me mirror a set of deprecated traffic models he swore nobody used anymore. The projections looked clean at first, then I started overlaying real freight logs. Tiny manual corrections, always in the same direction, always just enough to miss something the official charts do not admit is there. When I asked who signed off on those edits, every analyst I cornered said the same thing they had only seen the pattern after someone else ran it, and nobody was willing to say whose name was on the original run. There were other gaps too, places in their stories where words should have been and were not, like they had all agreed ahead of time which parts of the night sky did not belong in the conversation.
1359	925	1	BOOK/DESC	I am writing this down so I can stop replaying it in my head every time the grav drive spins up.\n\nThe buoy was supposed to be scrap, just another hazard marker drifting where nobody cares. I cracked it for parts and the data core spilled out a set of routes that should not exist, drift math nudged off by the same fraction every time. When I asked around on the dock, nobody claimed to know anything; they just said they had heard it from a friend, from a cousin, from some pilot who had already shipped out. Same name, different mouths, nobody willing to swear they were the first.\n\nDock records do not match the departure times. A freighter listed as lost took a path that never appeared on the official chart. Every time I try to trace the origin of those vectors, the line bends back into rumor and shrugs. It feels like catching a voice in the static and being told, over and over, that someone else heard it first.
1071	930	1	BOOK/DESC	I am logging this while the tug's reactor is still warm under my boots, before some supervisor edits the story into something cleaner. We were supposed to mark the derelict and move on, just another piece of junk drifting a few clicks off the lane. Then Nav said its drift did not match the model, Comms swore the beacon was just standard hazard code, and I said we did not have time to argue over scrap. Three different readings, three different priorities, and we split the difference like idiots. By the time we were close enough to see the extra plating and the way the drones orbited it like guard dogs, every channel on the board was full of that same faint, wrong signature. I keep thinking if I had pushed harder, or if Comms had not muted that one warning ping to clear space for a routine check-in, we would not have watched a whole cargo stack vanish off our scopes as if the lane itself opened a door and swallowed it.
1534	933	1	BOOK/DESC	I docked today at what should have been a dead node on the edge of nowhere. Old UC paint, dead beacon, the sort of relay you route around because nobody has maintained it since before you were born. Except the boards down in the well are still listening, running just enough juice to catch a little kick in the traffic a crooked bump in the timing that does not belong to age or dust. Silk Collective types are squatting here, running contraband through the blind spot, muttering about "lucky" jumps and refusing to look too closely at the diagnostics. Every time I ask about the missing convoy, voices drop, conversations thin out, like speaking the details aloud might ping the wrong set of ears. All I have right now is this whisper in the numbers, a relay that was supposed to be cold, and the memory of that analyst on Jemison who said her anomaly folders emptied themselves and then refused to say anything else above a murmur.
1166	935	1	BOOK/DESC	I keep telling myself it was just the Aurora talking, but it has been three nights and I still see that symbol when I close my eyes. Not the usual dock scribbles, not some drunk spacer's tally mark, but a clean little arrow cut into the edge of a table in the Astral Lounge, right where the noise is loudest and the cameras always seem to glitch. I watched a hauler trace it with his thumb while he argued over a fuel bonus, swearing a "Kyrgyz map-witch" had shaved whole days off his run. His buddy called it bar fiction, said the only thing getting shaved was his sense. Later, when the lights dimmed and the band took a break, I saw two of Neon's quieter brokers pass a napkin over that same spot. They looked around like they expected someone else to be there, someone who never showed. Next shift, that hauler's ship was still docked, cargo sealed, crew gone. Half the bar swears they saw it leave; the logs say it never undocked.
1601	935	1	BOOK/DESC	I am never going to admit this to SysDef, but the deserter was right about one thing the bunker's ears are better than its masters. Half the racks are dead, dust in the fans, but down in the cold storage I found a patrol grid slice nobody ever purged. Atmospheric sweeps, routine passes, then a smear of interference that keeps popping in the same place. Not over a colony, not over a lane. Out past the orbit tracks, right where the scouts say the rock field goes thin.  \n\nThe deserter swore some UC captain called it "the place your scopes forget," and that a certain pilot slipped through that gap more than once. I pulled old buoy chatter from a remote station that heard the same static, and way back on that farm rock I heard a drunk freighter hand mumble about a ship that crossed the sky without leaving a trail. Everyone pretends they are just telling stories, but all the stories point toward the same empty patch of stone.
1230	936	1	BOOK/DESC	I remember when the Scarrunner still smelled like new sealant and cheap coffee, back when our routing package was supposed to be a "trial build" for some contractor in New Atlantis. We were told the tweaks were temporary, just a test run on a mid-tier hauler. Nobody ever pushed an update to take them back out. Jump after jump, the little corrections stayed, got copied, got baked into our standard when nobody was looking. I only started logging the drift after our last three runs all brushed the same patch of nothing near that debris field, all flagged by the same unseen hand in the telemetry. Now I am sitting in a dead ship, in a cabin that still has two mugs strapped to the bulkhead, watching logs that prove our "temporary" settings nudged us here on purpose, and every line of code points back toward a quiet analyst who decided we were safer as numbers in his model than as people trying to make a living between the lanes.
1102	946	1	BOOK/DESC	Dock master logged this sector as routine hold space again today. Funny word, "hold." Out here it means everything from "waiting on parts" to "don't ask why that hull has not moved in six months." The local tug crews joke that ships come here to be forgotten; the old hands just shrug and say this pocket of orbit is where cargo and secrets both go to overstay their welcome.\n\nI walked past a viewport on break and caught sight of that dark courier, still drifting, still tagged as temporary layover. Nothing about its scorch pattern says temporary. I cannot stop thinking about the stories I have heard, the ones that get softer around the edges every time they are told in the back of the bar. A farm whose harvest turned to dust. A dome where the air went wrong but the paperwork stayed perfect. Now there is a dead ship parked in a zone that never lets go of what it is given, and everyone pretends their gaze just slid past it by accident.
1814	961	1	BOOK/DESC	I spent the afternoon on a busted crate outside Bay 6, pretending to fix a scanner that was not broken, just so I could watch the traffic. Same tugs, same bulk haulers, same bored crane ops running their loops. On paper, nothing wrong. In the air, though, you can feel the skips. Escorts that always seem to find a reason to break formation three klicks out, freighters that never actually touch the deck they are booked for. Nobody talks about it. Foreman changed the subject when I asked, like we had both agreed years ago that some routes just were not to be discussed.\n\nWhat bothers me is how neatly it all fits around that slate I pulled off the derelict last week. Wrong registry there, wrong tonnage here, and now these quiet detours that only show up in smudged grease-pencil on a wall no one admits to updating. Feels less like random error and more like somebody has been drawing a new map over the old one, and the rest of us decided not to see it.
1025	966	1	BOOK/DESC	I am writing this down because if I say it out loud again, someone will tell me to file it under "routing anomaly" and move on. I have been staring at traffic plots from this dustball for months, half asleep at the console, letting the patterns blur. Today I finally overlaid them with the old LIST settlement requests, the ones that never got a green light but also never got closed. That is when it snapped into place tiny course nudges on ore haulers and research ferries, always just a degree or two off declared vectors, always lining up with cargo that "went missing in transit." No one caught it because each tweak was nothing on its own, buried under years of lazy audits and cut budgets. Now I can trace the arc of those corrections out into an empty patch of sky where no beacon broadcasts and no chartered colony supposedly exists. Whatever she has been feeding lives out there, in the gap between what the records say should happen and what actually did.
1088	972	1	BOOK/DESC	I have been working this yard long enough to know when a story is supposed to die. Command cashed out the contracts, auditors stamped everything "decommissioned," and the patrols we picked up from the regulars walk like they were told to stop thinking about what happened around that wreck. Still, on long shifts, over cheap coffee and the clank of cutters, the same details leak out in different mouths civilian beacons that should not have been there, targeting orders that arrived a little too late, logs that got "reconciled" between one rotation and the next. Officially, it was all settled years ago. Unofficially, some of us kept scraps of residue, fragments of data, the way you keep a splinter after it works under your skin. They wanted the whole thing to rust away out here, but the whispers will not stay buried, and now someone is following the same trail from that forgotten rock to our piles of Deimos steel, listening harder than anyone has in a long time.
1648	975	1	BOOK/DESC	I was supposed to be working border disputes today, not chasing ghosts in the shipping lanes. One wrong routing code hit my console this morning, some clerk in Akila mixing up sectors, and suddenly I am looking at a convoy manifest that should not have passed anywhere near last year's incident. I pinged New Atlantis for clarification, got three different answers and a polite threat to drop it. The more they stumbled over themselves, the more that spiral pattern in the transit logs burned into my eyes. It is in the timing, the way the grav burns stagger just so. Cross-referencing old blackbox echoes with that misfiled manifest pointed to a dirty orbit above a dead-looking world, where the sensors keep flagging "background noise" and then clearing it. I logged it as a routine debris survey; dispatch signed off without reading. A few careless words, a few half-read requests, and now I am pretty sure I have the next breadcrumb to whoever has been rewriting our sky.
1296	976	1	BOOK/DESC	I docked at that rock expecting a routine inspection and a half-decent cup of TerraBrew, nothing more. From up close the facility is just another tired UC contract job, weld scars and patched plating, but the techs walk like they are carrying glass inside their skulls. One of them slipped, called the drive bay "the screaming room" before she caught herself and shut down, eyes on the nearest camera. I have heard three different versions of what happened here already, each one softer than the last, like someone has been sanding the edges off the story. Some say it was a test article that went sideways, some say sabotage, some say the logs were changed after the fact and nobody can remember the original numbers anymore. Whatever the truth was, it is buried under secondhand gossip and redacted files now, and all I have to go on are a falsified report, a slate full of panicked equations, and a whispered name that makes every engineer in this place change the subject.
1558	976	1	BOOK/DESC	I am writing this from a maintenance cubby three decks below the cargo office, where the walls still sweat dust from the last micrometeor strike. The relay feels wrong tonight. Dock queues are short, ships are holding in shadow, and every terminal I jack into shows the same thing: credits pushed through, then quietly walked back like they were never there. I finally traced the pattern past the forged manifests and dead shell firms the broker has been peddling. All those "corrections" bend toward one dead node off the main grid, a relay station that should have been decommissioned years ago but still drinks a trickle of power and bandwidth it is not supposed to have. Whoever is steering this tide thought the story would sink under paperwork and time, but the whispers from that farm foreclosure, from a frozen LIST rock, from bar gossip in Gagarin kept matching the same invisible signature, and now the route lines all point to that deserted hub waiting in the dark.
1031	981	1	BOOK/DESC	I asked dispatch about the Capitalwing again today and he did that thing with his eyes, looked past me like I was a bulkhead that needed repainting. Nobody forgets an escort that size, not out here, but they talk around it now, like a word you are not supposed to say in front of kids. I keep running into that same look: clerks shuffling printouts, techs suddenly very interested in cable routing, even the bartender wiping the same spot on the counter while I pretend not to notice his hands shaking. The stories do not line up, either. Official feed says grav-drive failure, quick loss, nothing to salvage. Haulers coming through three beers deep swear they heard about a test lane, faster, cleaner, if you did not ask too many questions. And somewhere between those versions there is this hollow in the logs, beacons that should have pings but do not, green ratings that appeared without scans attached. When a secret is that big, it makes people afraid to even meet your eyes.
1029	983	1	BOOK/DESC	Somebody wiped this place lazy, like they trusted time to finish the job. Half the terminals still think it is three years ago, half the cameras loop blank corridors, and the security daemon is chasing ghosts in its own logs. I was supposed to audit a simple breach trail, tick the boxes, bill whoever hired me. Instead I find a chain of connection requests that never should have routed through a backwater lab like this, all handshakes half completed, then neatly severed just before they reached the main archive. Ran them through my own rig, out of habit, and every one of those broken calls resolves toward the same patch of deep nothing a dead coordinate buried under layers of "temporary" redirects. It feels too clean to be an accident, too convenient to be just fear. Whoever she is, she knew exactly how much to cut so the system would keep limping along, and now I am holding the first clean vector to wherever she sends the people who do not want to wait in line anymore.
1510	986	1	BOOK/DESC	I should not be down here alone.\n\nThe pod still thinks it has a purpose. Consoles cycle through the same old sweeps on dead satellites, query beacons that have not answered in years, ping corridors UC stopped admitting existed. Nobody ever shut any of it off; they just stopped looking at the results. That is the only reason I found it. Buried in the rolling diagnostics, under three generations of "do not touch" tags, there is a route offset that repeats whenever one particular transponder pattern passes through the field. Cross-checking it against the fragments I pulled from that hillside cache, and the static-riddled jump data from the freighter that never arrived, it all lines up.  \n\nSomewhere above this rock, between here and that stretch of wreck-strewn dark everyone pretends is just bad luck, the same tiny correction keeps being applied to ships that bought a certain kind of chart. The system is still nudging them, long after the people who set it up walked away.
1124	990	1	BOOK/DESC	I am writing this from the Riftblade, and the ship feels like it is trying to forget something. Drives are cold, power throttled down, but every bulkhead has that faint shiver you get after a hard abort, like the metal remembers being somewhere it should not have been. The manifest I am digging for should be routine cargo nonsense, but the routing stamps do not match the stories I heard back on the fringe. Same captain name, different paths. Same ports, different dates. Like someone took a perfectly straight haul and bent it just enough to slip between patrol sweeps. What gets me is how every step that led here was small, harmless on its own: a garbled ping from a monitoring shack, a miner talking about a missing cousin over cheap Erdebrau, a scratched-out line on an old service log. None of it screamed conspiracy, just little scuffs on the paint of reality, and somehow all of those quiet mistakes pushed me toward this dead ship and the name everybody swears they do not know.
1797	992	1	BOOK/DESC	They say if you stay too long in a dead GalBank hull, you start hearing old transactions whisper in the bulkheads. Sitting in the cold server bay of this vault ship, watching the power flicker over racks nobody is supposed to know about, I almost believe it. The logs do not match the public story; course changes are shaved by fractions, storm alerts delayed by minutes, payouts denied on worlds that should have been safe. I have heard this tale in bars and supply queues, passed around like a ghost story about a nav engineer who tilted the sky, but every retelling trims an edge, blurs a name, makes it sound like bad luck instead of design. Out at that first backwater homestead, all I saw were ruined fields and people who cursed the weather; at the old listening post, I found recordings cut off mid-warning. Now the patterns in these sealed ledgers say none of it was random, and that someone has been very careful about which parts of the truth survive the trip to the next backroom.
1328	995	1	BOOK/DESC	I picked up that dataslate because Rafi swore Juno swore her cousin had pulled it off a dead hauler out near Narion. That is how it always goes out here. No one ever finds anything themselves, they just pass along someone else's ghosts.\n\nI ran the file on my bunk, lights low, just the hum of the recycler and that cold glow on my hands.\n\nCourse data, stamped like it came off a UC console twenty years ago, but nudging jumps by half a degree here, a full degree there.\n\nNothing dramatic, just a slow drift.\n\nWhen I asked Rafi where Juno's cousin actually got it, he laughed and said he heard it from a Ranger who heard it from a smuggler who heard it from a Navy washout.\n\nEvery name was a step sideways, never forward.\n\nNow I am sitting in a ship that hums the same way, staring at routes that look just a little too clean, and all I can think is that whatever started this never had to show its face.\n\nIt just needed people like us, trusting that somebody else checked the math.
1413	999	1	BOOK/DESC	I always thought banks were boring, even when they were floating in orbit. Turns out the quiet ones hide the worst rot.  \n\nI have been on this derelict for three hours now, lungs full of recycled dust and old insulation, watching GalBank headers scroll past on dead consoles. The numbers say traffic, insurance, expected loss. Between the lines, I see ships nudged a little off the lanes, like someone was leaning on the galaxy with one finger. Nobody flagged it. Nobody wanted to.  \n\nOut in that first backwater outpost, the locals just shrugged when routes shifted, said the sky changes. Later, that beacon in orbit with its jittery telemetry seemed like a one-off glitch. Now, buried in this courier's belly, I can feel the pattern tightening, realize how long this has been in the system, ignored because it was profitable to look away. Whatever I pull from here points toward Neon, toward high steel where someone has been rewriting how we travel while the rest of us pretend not to notice.
1213	1000	1	BOOK/DESC	I signed on to Heat Ridge because it was supposed to be simple work. Guard duty, they said. Easy credits babysitting a dead UC husk no one remembered filing the decommission papers for. First few months it really was that dull; same patrol routes on half-lit catwalks, same hum of old scanners sweeping an empty sky out of habit. Felt like we were watching a locked door in a corridor no one walked anymore.\n\nThen the captain started checking the sensor room himself. Not just once, but every shift change. We got told not to touch certain consoles, not to ask why the old arrays were suddenly drawing more power. The logs started filling up with tiny course corrections for ships that, on paper, never passed within a system of us. No alarms, no flags, just little numbers pushed into folders marked routine. Somewhere along the way, standing post on a forgotten station turned into sitting on something someone else did not want found, and none of us could say when that change actually happened.
1039	1002	1	BOOK/DESC	I keep replaying that day the crate lists, the loader jams, and suddenly we are staring at seals with medical hazard glyphs instead of processed grain. Trade Authority paperwork said "nutritional supplements." Smelled like antiseptic and metal, the way every battlefield clinic I have ever limped through smells. Jonas cracked a joke, Kira logged it under a different code, Elias just went very, very quiet. No one wanted to say the obvious out loud that somebody was shunting chems to places that do not show up on any of our route maps. Since then, every time some spacer in the dockside bar mutters about a ghost medic patching up people the system forgot, the crew shifts in their seats. They laugh it off, look at their drinks or the wall or anything that is not my face. Manifest says we jumped clean from Gagarin, but the nav buffer shows a burned-in echo of a different vector, a short, dirty hop toward nowhere. The closer I look, the more the gaps line up into a shape that feels like intent.
1363	1007	1	BOOK/DESC	I keep replaying that intake shift in my head. One overworked Trade Authority clerk, three screens blinking orange, and a cargo ship with a routing anomaly that "looked like a sensor hiccup." Nobody wanted to hold the line over a few mismatched timestamps when there were paying haulers stacked behind it. We cleared Tidewalker TA-7207 with a shrug and a shared joke about phantom paperwork, and I told myself I would circle back to the discrepancy after shift. I did not.\n\nSince then I have watched settlement distress calls pile up from worlds stamped "marginal but viable," watched survey signatures come through with tiny calibration quirks that feel familiar now. The stories all sound the same: storms no model mentioned, groundwater souring overnight, coordinates bought from someone who swore the numbers were solid. One skipped follow-up turned into a corridor nobody questioned, the perfect place for a man who lives in the blind spots between what the data says and what people want to believe.
1646	1008	1	BOOK/DESC	I keep telling myself I am not paranoid, just observant. Then I look around this box they call a command post and see how every wall is held up by things no one wants to say out loud. Manifests pinned under other manifests, patrol reports with whole hours missing, hauler complaints tagged "resolved" when I know damn well no one even sent a reply. Today I found three different versions of the same convoy's route, all stamped clean. Only the timing lines did not match. Little delays, a few seconds here, a minute there, always bending the same way. When I traced them on the board they curved into something like a spiral, neat as you please. I asked dispatch about it and got silence, then too much talking about unrelated sectors. Everyone pretended not to understand which files I meant, like we were all suddenly bad at our jobs at the same time. That is when I knew this was bigger than a bad routing algorithm and that whatever is sitting at the center of that spiral is not supposed to have a name.
1508	1010	1	BOOK/DESC	I have been staring at these screens long enough that the afterimage of the graphs follows me when I close my eyes. No windows down here, just recycled air and the low whine of processors chewing on data no one officially collects anymore. Off the record, half the bureau will tell you they have heard of "those routes" in a bar somewhere between shifts. On duty, those same people swear the charts are clean, the lanes are safe, and any missing tonnage is bad bookkeeping or pirate work. Funny how the stories thin out when the recorder is running.\n\nI pulled a jump log from a small freighter that never arrived, overlaid it with half-erased telemetry from an old survey corridor, and there it was again: that same tiny course correction, like a hand on the rudder just off-center. Someone built that into the system, then everyone agreed not to see it. Whatever this cartographer is doing, it is stitched straight into the gap between what we know in private and what we are allowed to write in the report.
1023	1018	1	BOOK/DESC	I met him at the edge of nowhere, where the dust eats boots and the only light is whatever you bring with you. He still had the posture, the haircut, the way of scanning horizons like someone who expects orders to drop into his ear at any second, but his badge never left his pocket. We talked like people who were not supposed to know each other, trading half phrases and old unit slang, and every time I pushed for something concrete his eyes slipped sideways, like there was a list of things he had decided not to remember. Ship names, dates, the exact wording of clearance codes no one uses anymore all brushed past, never quite spoken. I recognized the pattern; I have seen whole patrols swear they never saw the wrong kind of insignia on the wrong kind of corpse. Still, in between the gaps he gave me enough duplicated IDs, ghost cargoes, a flight plan that ends in empty coordinates to know there is a thread running through it all, and that everyone who has touched it is now pretending their hands are clean.
1015	1035	1	BOOK/DESC	Docked at the relay again, grav low enough that every step feels like walking through someone else's dream. The broker finally talked, after enough credits and a reminder that rival haulers die messy when routes go bad. Under all the fake manifests and shuffled crate IDs, there it was a repeating drift in the routing tables, like someone had taught the system to breathe in a certain rhythm. Every third shipment, no matter the declared destination, nudged one or two degrees off into the same empty patch of sky. Cross it with the queue anomalies from New Atlantis and that half baked jump plan pulled from the dead survey cutter and it lines up with eerie precision. I flagged the coordinates, prepped a shuttle, told Jo I would ping back once I had eyes on whatever is floating out there. She joked I would probably find nothing but another derelict and a bad story. That was three cycles ago. Her berth is still empty, and the route is still there, pulsing quiet in the relay's old nav buffer, waiting for someone else to follow.
1556	1041	1	BOOK/DESC	I have seen a lot of farms on the edge of nowhere, but this one hums wrong. The air smells of soil and synth-fertilizer, sure, but under the tractor chatter there is a steady, artificial rhythm in the power lines, like a heartbeat that forgot it was supposed to stop years ago. Someone bolted an extra antenna into this place and then never turned it off again. What was probably meant as a quick workaround, a temporary relay to skirt some inspection, just kept doing its job until it became part of the scenery.\n\nThe datapad I found on that rock should have been junk, yet its route times did not fit any legal lane. Then I kept hearing freighter crews complain about deliveries that arrived before they were even filed. Now I am watching a tired homestead push more power to its uplink at the exact moments those impossible shipments appear overhead. None of it screams conspiracy; it all just looks like systems that were supposed to be cleared, retired, forgotten  quietly left running until someone clever enough decided to use them.
1450	1043	1	BOOK/DESC	I am writing this from a maintenance alcove that smells like coolant and old paper, which tells you everything about the kind of place this is. Out here, manifests change in the time it takes a bored clerk to look away, and no one notices if a freighter's mass reading is a little off or its route history does not match the stamp. I have been combing through half-burnt logs and ghost entries all shift and I keep seeing the same thing: jumps filed one way, radiation signatures insisting they went somewhere else first.  \n\nFunny thing is, none of this would be on my mind if I had not cut a corner two weeks back, letting a convoy through on a hunch because the queue was long and the supervisor was on my neck about throughput. Tiny decision, gone in a heartbeat. Now I see that same convoy's ID echoed in the dead survey site's data, and in a story a Neon dockhand swears he heard from "somebody who was actually there." It feels like I kicked a stone out of a wall without thinking, and only now do I hear the rocks shifting further in.
1624	1043	1	BOOK/DESC	I am recording this from the quiet end of the module, where the fans drown out most of the guilt.\n\nThe Ryujin handler handed me a packet like it was nothing, just a side-channel scrape from an old routing experiment. I burned half a shift combing the telemetry, lining it up with the ghost vectors we pulled from that forgotten relay weeks ago. The same rounding quirks, the same microsecond drift on the time stamps, repeating like a nervous tic. Follow the offsets long enough and they stop looking random; they all curl back to one place, a dead ground station parked in orbit like a bad memory.\n\nEveryone here swears they heard about her from someone else. A cousin on a freighter that jumped late and lived, a broker who paid extra to shave risk off a convoy, a UC analyst who saw their anomaly folder emptied overnight. No one has the whole story, just fragments traded in low voices when the room feels safe. But the traces in this packet all point to the same gap in the network, the same relay where the numbers stop making sense.
1206	1049	1	BOOK/DESC	I do not usually give a damn what falls onto my table, so long as it weighs out and does not explode. Today felt different. Spacer came in shaking, said he pulled a datapack off a derelict that "went wrong" and wanted it gone, fast. Half the casing is slag, but the core still ticks if you sweet-talk it. I cracked it for parts, like always, and the screen flickered long enough to spit a string of drift coordinates before dying for good. The line it drew on my nav looked too clean for a random trader, too quiet.\n\nI traced the route as far as my old charts would take it. It threads right past that dead ice-world everyone pretends not to remember, skims a relay with missing logs, then sinks out toward a patch of empty system nobody ever files flight plans for. People around here say it is safer not to ask why certain lanes stay empty, that some places are unlucky, some cargo best left lost. I do not know if that is fear talking or just the comfort of not having to care, but the trail is there now, whether anyone wants to see it or not.
1353	1051	1	BOOK/DESC	I am recording this from the old relay pit, the one UC swears was taken off the grid ten years ago. The walls still hum, just enough to rattle your teeth if you lean against them. Funny thing for a dead node, right\n\nThe deserter finally cracked after the third cup of bad coffee and a reminder that the Trackers do not file every name they hear. He handed over a slice of the patrol grid logs, the part he copied before his supervisor told him to "correct the anomaly and move on." Nobody here says that word out loud, anomaly. They talk around it, like it is a curse that might ride the comms back to whoever is listening.\n\nI reran the scans on the bunker boards. Same ship signature, same wrong vector, threading through restricted air like it owned the place. The echoes converge on a relay that should not be handling anything but dust, way out past regular traffic. No coordinates in the open records, but the old maintenance tags still point the way. Every time I mention it to anyone, they drop their voice, like the signal itself can hear.
999	1057	1	BOOK/DESC	I used to think bad jumps were just part of the life, like rust on a bulkhead or dust in the air over Akila; you curse, you patch, you pour one out for whoever did not make it, then you fly the next lane they hand you. Lately the lanes feel like they are flying us. The last contract I ran was on one of those "optimized" routes everyone whispers about, the ones with just enough success stories to drown the wreck reports. Ship handled fine, drives within tolerance, but the timing in the chain itched at me, like a note played half a beat late. When we dropped, there was fresh debris spinning a few thousand klicks off vector and a buoy broadcasting the wrong correction by a hair. That is not random drift; that is a hand on the scale. Now I hear the same alias in spacer bars from Neon to the Stretch, always tied to quiet adjustments, cheap deals, and convoys that do not all come back. None of this started with me, but you can feel how every little cheat and covered-up "accident" bent the map, nudging us all toward this knot we are sitting in now.
1770	1058	1	BOOK/DESC	Prime Deckhands is the informal name given to a loose fraternity of independent technicians, cargo hands, and systems wranglers who work the insurance and asset-protection routes around ships like GL-7623 Assetguard. They are not formally on GalBank payroll, but the bank's captains rely on them to coax aging vault-ships through decaying orbits, patch sensor arrays no one admits still exist, and negotiate with frontier crews for tug assistance without triggering legal scrutiny. \n\nLocal traders describe Prime Deckhands as quiet, methodical, and unnervingly well-briefed on which derelicts are truly dead and which are merely pretending to be. Recent unlogged course corrections and unexplained telemetry gaps in the region are often attributed to their unseen maintenance runs, or to private salvage operations carried out under the cover of "stabilization work." Rumor has it that on more than one occasion, they arrived at a drifting hull seconds after a catastrophe, as if someone had warned them which ship would start lying to its own instruments.
1278	1059	1	BOOK/DESC	I am logging this from a maintenance crawlway because it feels safer talking to the bulkhead than to anyone else on this module. The air purifiers whine on a half-cycle, lights dimmed to conserve power, but the archive banks are still warm. That is all I needed. Took me most of the night to unwind the rerouted access trails, hidden under old agronomy reports and budget audits. Every time I found another redacted freight route tagged to the same hauler, my hands shook a little more. The last string was buried deep, crosslinked with soil-sample telemetry and crop failure alerts from a nowhere patch of land. Coordinates, property tags, even the irrigation layout point to an abandoned farm that should not matter to anyone anymore. Yet every story about the man in the dust circles back to places like that, and each retelling shifts a little, like the fear is editing the facts. First it was a convoy ghost, then a saboteur, then a protector no one asked for. Now the ledger in my hands says he keeps going back to ground everyone else walked away from.
1543	1059	1	BOOK/DESC	I keep telling myself it is just space junk. Mech armor sloughed off some battle no one logged right, telemetry looping its own last moments until the batteries die. But the numbers in that wreck are too clean where they ought to be scarred, and bent exactly where they ought to be reliable, like someone meant to come back and finish rewriting the story and just never did. It feels like walking into a crime scene where the cleaner got interrupted mid-swipe.\n\nThe more I stare at it, the more it lines up with everything else I have tripped over by accident. A foreclosure on a farm that reversed itself while the owner was still packing. A dataslate half-buried in dust, full of draft entries that almost made it into the system. A jump node whose timing made my teeth itch even though the charts said it was fine. Little things, all of them, the kind you blame on tired clerks and lazy techs. But taken together, they look like someone started pulling on the threads of the Settled Systems a long time ago, and just got used to leaving the ends hanging.
1720	1070	1	BOOK/DESC	HM-6310 is still out there, hanging between beacons like a bad thought no one wants to finish. I caught its ID in a rundown dockside bar, buried in a spacer s story he swore was just a joke. Dead Navy hull, clean cuts in the comms, no scorch marks from a boarding, no beacon loop. Just silence, and a notation buried three menus deep that says "operational loss" in the kind of language auditors use when they do not want to know more.  \n\nWhat sticks with me is not the ship itself, it is the pattern around it. Convoys rerouted for "efficiency," escorts arriving a little late, patrols shifted one sector over for reasons that sound reasonable until you realize they always leave one lane thin. Then something disappears and everybody shrugs and blames raiders, or equipment, or bad luck. Nobody ever mentions the matching blackout windows or the way records get neater the closer you get to New Atlantis. Every time I bring it up, people laugh it off too fast, like they are afraid if they stop joking the truth will land somewhere between cowardice and calculation.
1092	1075	1	BOOK/DESC	Calen Rourke here, logging this before someone decides it is inconvenient and wipes the drive clean. The module is dead quiet, just fans and my own breathing, but the consoles tell a louder story than most captains ever will. I traced the data forks like any good thief would trace a payout, following the jumps where they should not bend, the packets that detoured through places no contract mentioned. Every time the trail went fuzzy, the same ship ID kept reappearing in scrubbed access notes and half-redacted audit flags from the Trade Authority. Someone thought routing that much traffic through a single cargo hauler was subtle, that if they buried it in routine freight no one would notice. Maybe they were right, for a while. But the broken beacon logs we pulled near the outer marker, the whispers in Neon's lower levels about ghost routes, and that LIST emergency broadcast everyone pretends not to remember, they all point back to the same thing: a cargo ship running too many "lucky" jumps and a pilot whose name keeps getting spoken in a lower voice every time.
1084	1080	1	BOOK/DESC	I have been chasing this name in the margins for months now and I am still not sure if it belongs to a person, a program, or just the way crews talk when they do not want to say what they really mean. Every time a run threads between storms that were not on the forecast, somebody shrugs and jokes that "someone upstairs has a good broker," and the room gets just a shade quieter. I am sitting in the mess of this Alliance cutter now, listening to its empty hull tick and cool, trying to piece together how a ship built to haul bounty contracts ended up holding what looks more like a weather ledger than a job list. No one left a clean record; just half-finished notes, rerouted payments, corridors of fog that keep matching the same three or four departure points. All I know for sure is that it started on a dustball outpost with cargo that should have been delayed by a week of rain and was not, then a hunter's wreck drifting way off course with storm data in its black box, then manifests from a factory town whose harvests refused to line up with their own climate reports.
1524	1081	1	BOOK/DESC	I came back to this rock because the noise would not shut up. You stand on the ridge and the wind is the only thing you hear, but jack into the local relay and it is like listening to a hoarder's attic: half-deleted pings, orphaned status codes, messages queued for recipients who have been dead a decade. This place should have been swept clean when the UC pulled their survey drones. It was not. Somebody skipped a step, or pretended to, and whatever he pushed through the buffer back then got caught in the same neglect.\n\nI keep replaying a fragment, a routing tag that does not match any registered ship, pulsing at intervals too regular to be ghost data. The dead agent's scribbled coordinates, that dataslate I bought off a frightened farmer, even the story about armed escorts circling a field that glowed after dark, they all bend toward the same name. Feels like everyone saw a piece and shrugged, too busy or too scared to add it up. Now I am standing in the middle of what they overlooked, wondering how long this signal has been waiting for someone to finally notice.
1235	1084	1	BOOK/DESC	I am writing this before I lose my nerve and toss that slate back into the crate where I found it. Out here the manifests are still smeared in oil and bad handwriting, but the numbers are too neat around that one tug. Wrong hull ID, wrong routing stamp, and three different initials "fixing" the same mistake. I asked the clerk on duty who changed it; she swore she only copied what came from Gagarin. The yard boss said he signed off because a UC rep vouched for it. The rep, when I finally reached him on a laggy channel, insisted the request came from "higher up" and cut the call. Nobody owns the decision, but they all heard it from someone else first.\n\nI keep thinking about that cutter and the way its line just stops, replaced by a phantom courier that never shows on any legitimate docket. First it was a rumor from a hauler who swore a whole crew vanished off Titan. Then it was a half-burned name on a memorial wall. Now it is my own pen hovering over a ledger, deciding whether to pretend I did not see a ship quietly pushed into a graveyard route that should not exist.
1120	1087	1	BOOK/DESC	I came up here to babysit a bank of half-dead sensors and drink bad coffee, not to stumble over someone else's ghost trail. The hut looks abandoned unless you know where to listen; under the wind and the creaking mast there is this steady tick of relays, software from three revisions ago still chewing on sky and ground like nobody ever told it the war was over. Half the crew cycles through, signs the maintenance sheet, never checks what the system is actually flagging. Today I dug into the ignored queue, the one that has been auto-filing anomalies as "atmospherics" for years, and there it was: a clean thermal line knifing across the ridge, too straight for weather, too smooth for wildlife, logged and time-stamped by a process nobody remembers writing. I asked around in town, and suddenly everybody's memory got real convenient; the sheriff recalls a storm, the pilot remembers "instrument noise," the bartender swears the night was quiet. The only thing not lying to me is this forgotten code, still doing its job long after the people who trusted it stopped paying attention.
1444	1090	1	BOOK/DESC	I am not supposed to be working this, not officially. I am just the deputy they park in the field trailer to shuffle reports and pretend the border is quiet. But yesterday, while I was cleaning up an old convoy case, I pulled the raw traffic burst the UC shared with us for "coordination." Someone sliced our copy sloppily. A patch of static where their data shows a clean handoff, a time stamp that does not line up with engine burn logs, and a relay ID that should have been retired cycles ago.\n\nWhoever scrubbed it did it in a hurry and trusted nobody would look twice. They were almost right. I cross-checked that relay ID against older incidents and found it echoing behind three different "navigation failures," always the same forgotten listening post drifting just off the main corridor. The captains who survived keep blaming cheap charts or bad luck, and command is happy to let them. I have forwarded nothing yet. All I know is that the same interference that bent the buoy you are chasing once bounced through that dead UC ear, and every time it did, another convoy went dark.
1698	1091	1	BOOK/DESC	I am recording this from the shack before I lose my nerve and sell the whole lot to the highest bidder. The walls here sweat condensation and stolen power, a tangle of rusted antennae and half-burnt routers humming on frequencies no sane port authority checks anymore. That is why her traffic washed up on my doorstep.  \n\nIt did not come as some grand revelation. Just a double-echo in the bands, two identical convoys that never existed on any manifest, both vanishing into a dead patch where no one flies unless they have to. I followed the ghosts back through weeks of chatter, past Crimson Fleet dead-drops and Ryujin side channels, until every route rebounded off the same cold coordinate string. Spacers in back rooms keep saying Deadchannel is a myth, or a hero, or a corporate hit piece, depending on who owes who, but every retelling shaves a little truth away. The raw recordings I pulled do not care about stories. They all point to the same place the next relay in her chain, a forgotten UC node floating in the dark, where the signals go silent and the lies stop being rumors.
1334	1092	1	BOOK/DESC	I am writing this where no one can look over my shoulder. Out here the stars are too bright and the air is too thin for comfort, but at least the only ears are mine. I pulled the last three months of sensor sweeps from the patrol grid, buried behind routine smuggling alerts and meteor warnings. There is a pattern in the noise, a faint smear of grav interference that keeps showing up in the same narrow band of orbit. It is not on any flight plan, but it pulses with the same timing as those "isolated malfunctions" command keeps renaming.\n\nWhen I tried to bring it up in the ready room, the room went quiet in that careful way. Nobody told me I was wrong, nobody asked to see the data. They just found somewhere else to look. That is how I know I am close. The signature climbs out from the blind side of this rock and vanishes right where a derelict comms platform went missing six years ago. First the dead cache, then the jump-scarred freighter, now a grav shadow in empty orbit, all sharing the same geometry. Whatever she is doing, she is walking the same invisible line every time.
1224	1094	1	BOOK/DESC	I am recording this before I lose the nerve to listen to my own voice.\n\nThe bunker is colder than outside. Systems half-dead, dust on every console, like nobody has breathed in here since the last war. I jacked into the relay expecting dead air and junk packets, but the patrol grid was still whispering to itself, looping old atmospheric scans like a nervous habit. Buried in all that static, the same transponder ghost kept reappearing over the border, slipping through restricted airspace and vanishing right over the old barracks line. No alarms, no flags, just quietly filed away and forgotten. Somebody trusted the summaries and never looked at the raw feed again.\n\nI pulled the logs myself, traced the drift pattern, and there it was: a ship riding the same corridor, again and again, like it knew exactly where the blind spot lived. Every course correction points back to those ruined barracks outside Akila, like they are using the ghosts of old casualty reports as cover. Feels like this has been happening for years, hiding in full sight of everyone who stopped paying attention.
991	1098	1	BOOK/DESC	Should have burned the cache the first night. It was meant to be a quick skim while the relay was quiet check a few flagged packets, flip them for drink money, forget the rest. Then I saw the pattern tucked under all the spacer noise and Crimson chatter the same correction marks, same timing gaps, slipping through systems that do not share charts. I told myself I would just hold onto one clean slice, something I could trade if the wrong people ever decided I knew too much. That was the oversight. Word got around that I "had Vector on tape." Now I have captains leaning on my door and bounty types sniffing the air like they can smell the bits. I traced one of her cleaner jumps riding a Vanguard transponder they should not have been anywhere near the anomaly she used, but there they were, drive singing almost the same tune as her freelance runs. Whatever she is doing, she has their hardware in her hands, even if they pretend otherwise. From that little corporate lab to this shack, every scrap says the next solid piece of her trail is locked in a dead navy hull that never made it home.
1453	1099	1	BOOK/DESC	I did not like coming back to this hole in the rock. The cavern sweats fuel and cold air, and the quartermaster counts crates like they are sins he will never confess. Still, credits loosened his tongue, a little. He never said her name, not once, but his eyes kept flicking to the ceiling, like something could be listening through stone.  \n\nThe manifests he finally showed me were scrubbed, but the nav offsets were wrong in a very particular way, a familiar kink in the numbers. Buried in the timing of those jumps is a rendezvous pattern that only resolves if you project it off-world, just above this system's gravity well.  \n\nSo the trail now runs: that forgotten outpost where someone left a data crumb, the mismatched docking records tied to a hauler in Neon, and a smuggler here who moved war junk on a schedule that matches neither trade lanes nor patrol sweeps. Three points on a curve that bends up into empty orbit, where someone has been hiding messages in the spaces between official routes, and everyone who has seen it only talks about it in lowered voices, if they talk at all.
1499	1102	1	BOOK/DESC	I keep replaying the last clean jump in my head, trying to remember if anything felt wrong. On the scopes it was textbook smooth approach, green lights from the UC tower, a corridor plotted so tight you could shave with it. Nobody questioned it. Why would they We all trust those vectors like gravity.\n\nThen the stories started trickling in, always secondhand. A cousin of a hauler swore a freighter vanished on the same track, but his captain heard it from a GalBank adjuster who blamed pirates. A bartender in New Atlantis told me of a courier that never docked, and she swore she heard it from a Vanguard pilot. Every time I leaned in, they leaned back, said someone else knew more, that they were just passing it along.\n\nNow I am standing on CM-1304, UC crest still stamped over the airlock, and the logs do not match the bodies. The recorded course is pristine, the telemetry too clean, like someone scrubbed out the struggle and left only the math. Whoever laid these lanes knew exactly where they bent, and everyone who ever touched them swears they only heard the warning from someone else.
1656	1105	1	BOOK/DESC	Docking log, personal copy, in case this all disappears like the rest.  \n\nWe were only supposed to babysit a drifting support ship for the Trade Authority, run basic checks, sign off on the tow. No one said why the TA tag looked like it had been peeled and re-stuck three times, or why every cargo cradle smelled of burnt lubricant and welding flux. In the cargo spine I found a slab of hull plate with seams too clean for any station yard out here, over-braced like someone expected to take fire. The manifest claimed it was scrap. The crew chief just stared at it, then at me, and changed the subject.  \n\nFunny thing is, a few months back I rotated through an old UC relay where the consoles were full of ghost returns, unregistered work barges popping in and out of junk fields. The tech on duty swore it was sensor drift, then whispered later that the signatures had showed up before, always on routes that suddenly became very profitable for "the right people." Everybody talks like they have it all figured out in the mess, but the moment you suggest putting it in a report, the room goes quiet.
1320	1108	1	BOOK/DESC	Dock's quiet now. Just the relay hum and the way the bulkheads creak when the rock flexes. Feels like the whole module is leaning in, listening to see if I talk.\n\nThey say this tug pilot never fires a shot. Ships just arrive light, containers written off, everyone shrugs and files the claim. I have seen the gaps behind those shrugs. Partial manifests that do not match hull capacity. Time stamps edited by a shaky hand. Credit transfers routed through dead accounts that somehow still pass Trade Authority checks.\n\nToday a spacer brought me another fragment, said it came off a crate that "never existed." Same route vector I saw on that corrupted record from the research outpost, same ghost ping that bounced off an old relay nobody admits is active. All of it points to the same kind of place: where cargo goes to be forgotten before someone like her makes it useful again.\n\nI am not stupid enough to say the name in the open channel, but I know which depot she has been bleeding dry. Nobody here knows the whole story. We just pass pieces along to people we trust to live long enough to use them.
1215	1111	1	BOOK/DESC	I am recording this from the relay bunker, in case someone needs to know why I walked back into a dead grid. The air still smells like old ozone and coolant, like the place is one power spike from remembering it mattered. I pulled the deserter's stolen scans off a buried buffer, the ones no one filed because they were easier to ignore than explain. Same patrol, same sweep pattern, but there is a shadow in the upper atmosphere that does not match any registered transponder, holding position right above that forgotten station on the ridge. It is all there in the timestamps and angles; you can almost feel the course corrections, like someone threading a needle through a gap the charts say does not exist. Maybe it is safer for everyone if that kind of flying stays a rumor, but pretending we never saw it is how we got here in the first place. The last listening post gave us ghost readings that did not line up with the public lanes, the deserter confirmed a ship cutting through restricted sky on a path nobody admits is real, and now the numbers point straight back to that same quiet station, waiting.
1001	1115	1	BOOK/DESC	I keep replaying the last jump profile in my head, like if I stare at the numbers long enough they will admit what we all refuse to say out loud. The Trustsphere should not be here, cold and torn open on a lane that was sold to us as safer than dockside. I walked past a hundred holo-ads in New Atlantis promising that GalBank watches over its investments like family; funny how none of those clips show a vault deck vented to vacuum. The nav buffers are scarred with corrections that are too elegant to be accidents, little nudges lining us up with someone's private kill box. When I took this side contract out of that busted quarter on Akila, it was supposed to be a clean audit, a chance to prove to my old crew I still had a future. I tagged the corrupted chains, flagged the inconsistencies, left a note to myself that I would come back with proper tools and a clearer head. I never did. If anyone finds this, know that the pattern started with a cheap dataslate in the dirt and angry spacers muttering about discount routes; it led here, to a dead protection ship that proves the odds were never on our side.
1184	1116	1	BOOK/DESC	I thought this would be another dead end like the rest of my assignments out here, one more "monitor and report" buried under nicer words. The outpost is barely more than a sealed room, a crackling comm dish, and a bunk that smells like whoever had it before me smoked in their sleep. Still, the relay hears everything the lanes whisper past. Today, buried inside routine telemetry and a half-corrupted freighter ping, I caught it again: that same fractional drift in the jump solutions, the same signature from a skiff we lost six months back when Command told me my timestamps were off. I only saw it because Ops sent the wrong filter profile, the deck tech typoed a ship ID, and I forgot to purge yesterday's buffer. A chain of small mistakes no one will ever admit. Crossed with that old LIST incident file I was told to "deprioritize," it all folds toward a scrapyard orbiting Deimos that somehow features in traffic patterns way above its importance. So far I have a trail of dismissed reports, an anonymous tip from a nervous hauler, and now a set of lane deviations all curving toward the same patch of rust.
1650	1119	1	BOOK/DESC	I keep thinking if I say this out loud, it becomes real, so here it goes.\n\nI ran manifests for a hauler out past New Atlantis, thought I knew how the numbers were supposed to look. Then we picked up that stray slate in the drift, all mismatched dates and dead transponders, pointing back to Trade Authority traffic it had no business knowing about. I laughed it off until I checked a personal account and half my life was suddenly "under review."\n\nBy the time I reached the city branch, the clerk downstairs swore my file had always been like that. Same tone at every window, the same little pauses when they read my name. Even the lawyer I found in the lower levels said there had been "another version" of my case once, but whatever it was got folded into rumor and bar talk a long time ago. Now I am sitting in the dark of this support ship, listening to its cooling metal, and the shape of it all is starting to show; quiet edits in station ledgers, cargo that moved without moving, and a whisper that the first person who tried to explain it disappeared from the records before anyone wrote down what they saw.
1126	1123	1	BOOK/DESC	I am recording this from a borrowed bunk on a UC combat hull, and the hum here is wrong. Too clean. On my ship you could feel the drive's heartbeat through the soles of your boots, a little off-tempo, like it knew it was living on favors and hand-fit parts. They brought me aboard after the incident to "clarify my testimony," then parked me in a cold corridor while officers argued in a room I was not allowed to see. One of them slipped, mentioned a cryo facility well off-chart, then shut up when he saw I was listening. Later, a junior tech let me glance at a routing trace. Same coordinates we had been warned never to jump anywhere near, buried under layers of classification and "need to know." Whoever was supposed to chase that line left in a hurry; their duffel is still under the bunk opposite mine, folded uniforms never issued, slate blinking with an unfinished note. They told me to wait while they "verified a few things." That was three days and two course corrections ago, and the ship keeps drifting closer to those dead coordinates as if someone forgot to cancel an order nobody wants to admit was given.
1274	1123	1	BOOK/DESC	I am recording this mostly so I can convince myself later that I did not imagine it.\n\nThe outpost is dead in all the obvious ways. Air smells like dust and coolant, screens dark, lab benches stripped. But the Lima Devils keep drifting through like they grew up here, stepping around certain doors without looking, using the same two jokes about "old science ghosts" and studiously not mentioning anything else. I asked one of them who used to run this place and he laughed, then froze, then said he "forgot" and changed the subject so fast it was almost clumsy. Thing is, the walls remember better than they do. Scratches where warning signs used to hang, faded tape outlines on the floor around equipment no one wants to describe, a schedule still pinned to a board with whole shifts blacked out instead of erased. \n\nFeels like everybody agreed, quietly, to stop recalling the details at the same time. Like names, dates, whole accidents just slid into a hole that someone dug on purpose. And now there is me, alone in the corridor, trying to decide whether following that gap in their memory is brave, or just stupid.
1640	1127	1	BOOK/DESC	I am recording this because if I say it out loud again in the mess, they will just tell me I am reading ghosts into the traffic reports.\n\nWe were supposed to be running standard courier hops, comfortable little arcs between stations where the biggest worry is whose crate of snack packs leaks first. Then the route updates started coming in with gaps. Whole segments of flight plans redacted, replaced by neat, anonymous vectors threading right through places every pilot I know calls cursed weather. Ask who plotted them and people stop saying names. They tap the console, shrug toward orbit, talk about "the contractor" or "that navigator" like the sound might bite.\n\nTrade Authority likes its deniability tidy. As long as the manifests balance and the couriers return, no one asks why the sensor feeds splice mid-storm. But I have seen the same signature in three different log sets now, a little pattern in the corrections like someone tightening screws in our sky. It feels like we are flying inside someone else's experiment, and the only time anyone mentions the architect, it is with a tilt of the chin, not a word.
1075	1129	1	BOOK/DESC	Common Watch is the informal name given to the loose convoy of haulers, tugs, and survey cutters that habitually work the lanes around the derelict GC-5222 Stockwind. Originally a rotation of contract escorts keeping scavengers off GalBank traffic, the group has since grown into a semi-regular presence, trading drift warnings, selling updated debris charts, and quietly charging for "eyes-on" patrols when official coverage thins out.  \n\nTheir reputation is mixed: captains praise their vigilance, while more cynical traders claim Common Watch only sounds the alarm when there is no profit in staying quiet. One archived traffic control log notes a brief halt in their patrol while the crews burned minutes searching for a missing mug someone swore had been left on the main console, accompanied by open-band grumbling about how they lose the same junk every week out here. In that same exchange, a senior voice can be heard wondering aloud whether their old ritual of circling the drifting Stockwind at the start of each shift still means anything, or if they keep doing it only because no one wants to be the first to stop.
1248	1132	1	BOOK/DESC	Filed on a dead shift, because nobody reads these unless something explodes.\n\nI have been staring at the same stack of incident reports all week. Broken loaders, bad weather, bar fights out by the farms. Noise. Then I started cross-tagging the implant failures the way nobody pays me to do, and the noise turned into an echo. Same firmware fragment, same off-the-books installer, same shrug from every clinic that signed the contracts.\n\nToday I pulled a robotics maintenance ticket for a site that is supposed to be mothballed. Power draw says otherwise. Parts orders rerouted there line up with the dates of those seizures planetside. When I mentioned it in the mess, the room went quiet in that special way, where people stop saying certain names and just tap their fingers on the table instead. So I logged the coordinates, flagged the lab in my own notes, and locked this entry where it will not be auto-archived into nothing. If anyone actually follows up, they will find their next step in that forgotten complex, where dead machines are learning new tricks from someone who knows exactly how to vanish between signatures.
1154	1142	1	BOOK/DESC	I keep telling myself I only came to Neon for cheap parts and cheaper drinks, but I have been stuck in Ebbside three nights now, listening to pipes instead of music. The walls here sweat, little beads along the conduits, and every time the pressure drops the whole bar goes quiet for half a heartbeat. Folks pretend it is nothing, then start talking louder.\n\nDockhands swear the taps ran clean yesterday and sour today, that tankers dock at hours no one remembers logging. I saw a maintenance panel half-open in a service corridor, tools laid out just so, like somebody got called away mid-job and never came back to finish the tidy work. No lock, no seal, just that low hum through the metal and the taste of iron on the air.\n\nI checked that corrupted slate I picked up out past nowhere, then listened to a drunk spacer mutter the same intake codes in his sleep. Different places, same feeling. Someone was supposed to smooth this over, file the reports, pretend the water still flows like it should. Instead, the mess is just sitting here, humming behind thin walls, waiting for someone stubborn or stupid enough to start pulling at it.
1422	1142	1	BOOK/DESC	I am writing this down because if I say it out loud again, somebody will tell me to lay off the chems or get back to work. The lab should be dead. Power grid cut years ago, no traffic, no reason for anything out there to still hum. And yet that icebox glows on long-range like a bad tooth, and every time a hauler skirts its sky my console shows the same microscopic bend in their descent. Pilots blame weather, controllers blame worn sensors, command shrugs and files another "unexplained fluctuation."\n\nOff-duty, in the mess, you still hear the old stories. A Navy run that vanished after a routine ping. A convoy that never made the farmstead. Each tale told softer than the last, like everyone hopes if they whisper low enough the numbers will stop lining up. They have shuffled the reports, retired the officers, buried the families in condolences and statistics, but the pattern keeps bleeding through. I am not special; I just sat one watch too many with the scopes turned up and the volume down, and now I cannot unsee that all those missing ships seem to tip their wings over the same patch of frozen nowhere before they disappear.
1128	1148	1	BOOK/DESC	I used to joke I could fly a SysDef hull blind just by the hum in the deckplates. PX-15 feels the same as every other combat frame I've patched on, same scuffed corridors, same stale TerraBrew in the galley, same officers treating techs like background noise. That is the problem. When you know every panel by heart, you stop questioning the ones that do not belong. I saw the first altered jump projections three shifts ago, tucked in among old interdiction charts. Thought some junior analyst had fat-fingered a waypoint, so I corrected it and moved on. Now I keep finding the same pattern, mirrored, inverted, threaded through legacy threat maps like someone stitching a new spine into dead data. Back on that dustball relay, there was a trader whispering about missing convoys and a name I had heard in The Well years before, buried in LIST chatter. I remember thinking it was all rumor. Then PX-15 turned up on my assignment list, tagged routine archival work, and I signed off without a second glance. Familiar callsigns, familiar procedures, and somewhere in that comfort, a whole new route was slipped past everyone who should have seen it.
1342	1151	1	BOOK/DESC	I have worked manifests for the Trade Authority long enough to know when the numbers are lying.\n\nOn their own, they all looked clean. A crate here routed one system wider than it needed to be, a refuel stop added to a hauler that should have had the range, a timing window that cut it a little close to a patrol schedule. You shrug, you blame lazy clerks or overcautious captains, and you sign where you are told to sign.\n\nThen one evening on the cargo deck I laid three runs side by side, all from different shippers, all stamped months apart. Same "optional" detour, same quiet refuel station, same gap in recorded telemetry. It felt like staring at a face I had seen a dozen times on passing crowds but never really looked at.\n\nPeople whisper about someone who can sell you a route that slips between all the cracks. I used to laugh that off. Lately it feels like we have been freighting ghost footprints for him. The last batch of manifests I checked before we lost contact with the Starborne had that same detour buried in the route code. Coincidence stops feeling like chance when it starts repeating in the same cold, careful handwriting.
981	1154	1	BOOK/DESC	I am starting to think the worst damage on a SysDef ship never shows up on a hull scan. It is in the tiny gaps between what one person meant to say and what the next person actually heard. Naomi Khatri swore she logged the last change to our patrol lanes; Leah Ortiz insists she never saw it. Erin Cho thought Command's burst about "legacy triage assets" was just another dead file bouncing around the network. I thought the medic they flagged was a ghost story to keep us sharp on watch.\n\nToday, HM-7378 dropped out exactly where the amended orders said to, only to find a medical courier wreck that is not on any official chart and a string of reroutes buried under half a decade of "we will fix it later." Comms traffic does not quite line up with the nav logs, and nobody can explain why our previous shift burned three hours loitering off a rock that does not appear in the briefing. None of it is big enough on its own to raise an alarm, but all together it feels like we have been nudged, a few degrees at a time, into someone else's forgotten emergency response. If this is just a paperwork snarl, it is the most elaborate one I have ever seen.
1391	1154	1	BOOK/DESC	Some nights I think half the Settled Systems lives off lies told in cargo bars. Gagarin is proof. Every time I ask about those lost convoys I get a different version, sanded smooth by whoever is talking. Dock clerks swear the lanes were straight and certified. Haulers over Erdebrau insist the routes kinked at the last second into the same patch of bad sky. No one ever agrees on details, just on one thing; it was not their fault. You can feel it in the way the story edges keep getting rounded off, like they have all told it too many times to themselves already.\n\nI started copying manifest numbers on the sly, lining them up against what little GalBank will still show, and the more I look the less the official record matches what people mutter in backrooms. Insurance spikes on runs that were supposedly uneventful. Traffic traces that look like someone took a handful of convoys and nudged them, just a little, onto the same strange three-forked pattern. Nobody wants to say the name tied to those adjustments out loud, but when it does slip through their teeth, it comes out soft, like they are afraid he might be listening on an open channel.
1434	1157	1	BOOK/DESC	I was not supposed to take the job. Should have left that low-grade Alliance posting to some green kid with a patched suit and big dreams. But a derelict signaling from nowhere smells like clean salvage, and clean salvage pays.  \n\nThe shuttle was wrong the second I saw it. Hull creased in directions metal does not like to bend, cockpit torn open from the inside, like the jump itself had tried to eat its way out. I buried what was left of the pilot with my gloves still on, dust clinging to the suit, then found his slate half-melted under a rock he had not finished stacking.  \n\nThere was enough data left to scrape together a name, the same one I heard once in a bar on Gagarin when freighter captains got too drunk to watch their tongues. Short, sharp, the way spacers talk about storms. Nav noise on his last jump matched an old ghost blip I logged years back and forgot, filed under sensor glitch to keep dispatch off my back.  \n\nFunny how the past leaves fingerprints on the present. One bad reading ignored, one rumor laughed off, and suddenly the lines all converge on a single path someone has been penciling into the dark for a long time.
1246	1158	1	BOOK/DESC	I keep telling myself it is coincidence.\n\nOne farmer comes in, says his arm rig locked during harvest. Glitch, fine. Next week a hauler swears her vision implant fuzzed out right as she hit orbit. Different clinic, different brand, same shrug from the rep on the other end of the line. I log it, because that is what I do out here in the tin box while the real decisions get made in cities I will never see.\n\nThen the numbers start to rhyme.\n\nSame fragment in the diagnostics, same vague reference to an "independent tech," same way people drop their eyes when I ask who did the install. They stop saying names, start pointing with their chins, like the old days when you did not say a gang's tag out loud. The complaints get marked resolved upstairs, but they keep walking through my door, shaking, scared, angry.\n\nTonight I laid the reports out on the desk and followed dates and coordinates with my finger until the trail curled back on itself. Too many accidents lining up on the same curve for me to call it bad luck anymore. Coincidences stacked until they leaned, and once they leaned they pointed, and now I cannot pretend I do not see where.
1497	1158	1	BOOK/DESC	I think this is still the Ananke Drift, but the nav keeps flickering like it does not want to admit we are really here. Suits me fine. No one likes logging this rock anyway.\n\nMet the Aegis man today. He did not say Aegis, but you can hear it in the way he measures every word, like he is still on record even when his badge is gone. Face looked like he had not slept since the coolant incident everyone avoids naming directly. Ask three people what happened and you get three stories, all framed to make sure no one in uniform comes back with questions. Nobody pushes too hard; out here, curiosity is just a slower way to die.\n\nHe handed me a cracked slate, said he was "done chasing ghosts." The trace on it is not a ghost, though. It is a route signature, buried under maintenance pings and survey sweeps, repeating at intervals that match a very real ship. I crosschecked it with what little I have: that stray dataslate from the fringe homestead, the harvest that grew too well, and the way a certain name keeps surfacing in dockside rumors whenever someone mentions miracle grain and missing logs. Wherever that pattern leads next, it is not random.
1790	1158	1	BOOK/DESC	I keep replaying that day on the outpost like a bad grav sim with a glitching reset. It was supposed to be routine: check the soil monitors, log the yields, complain about funding over cold TerraBrew. I saw the anomaly in the routing table, a little flag on a grain shipment that did not match the standard template. I remember thinking, "must be some clerk in Gagarin fat-fingering codes again," and I let it sit until after lunch.\n\nBy then the recall order had appeared and vanished in the queue, just a flicker. The samples still went out.\n\nI told myself it was nothing, that people above my pay grade knew what they were doing. Then reports started drifting back months later, in rumor not in data: colonists coughing up dust, fields that would not stop producing even after the farmers begged for a fallow cycle. Someone down the chain kept calling it a miracle. Someone up the chain kept insuring it. I keep wondering if I had overridden that single shipment, forced a manual review, whether any of this would still be happening, or if they would have just found another technician too tired to double-check a harmless little deviation in the code.
1459	1164	1	BOOK/DESC	I am done pretending this is random.\n\nWhen I took this posting on the rock, it was supposed to be easy time. Push manifests, skim a little off the top, sign whatever the system fed me. Then the "variance" jobs started showing up. Same ship classes, same lanes, always shifted a hair off the standard corridor. Escorts dropped by just one hull. Refuel stops quietly deleted. First one, I thought the clerk before me was lazy. Fifth one, I told myself the computer was glitching. Twentieth, and my hands were shaking every time I hit confirm.\n\nTonight I dug deeper. Buried in the routing tables was an old UC code woven through the edits, a reference tag that should not exist on a backwater module like this. I followed it, line by line, until it pointed at a forgotten military node out-system, one of those posts they "decommissioned" on paper and left to rot in the dust. All my altered lanes bend toward it, like someone has been curving traffic around a blind spot for years and paying idiots like me to press the button.\n\nI thought I was just helping cargo dodge fees and inspections. Turns out I have been nudging people onto a board I cannot even see.
1465	1171	1	BOOK/DESC	I keep replaying that survey run in my head, the one that brought us down to this nobody rock. We were behind schedule, two drones already fried by static, so when the air samplers started flashing out-of-range, I just tagged the readings as localized contamination and pushed on. No budget for curiosity. We scraped a few cores, logged coordinates, lifted before the storm front ate the landing gear.  \n\nWeeks later, back on the station, those same samples showed a pattern that did not match any refinery waste or colony runoff. A precise kind of wrong, like someone had been drawing lines through the atmosphere with a scalpel. I filed a note to Environmental, then watched it vanish under "non-critical." Ships kept jumping through the sector, captains grumbling about minor course corrections, nothing more.  \n\nNow I have seen the half-burned log from that outpost, heard the nervy chatter about a freighter that never arrived, and skimmed the vault ship manifests that almost make sense if you ignore the gaps. It feels like whatever she did down there started as a rushed test, a small cheat in the math, and we all stepped over the stain without looking down.
1090	1177	1	BOOK/DESC	I keep telling myself the array is just old hardware and lazy clerks, but sitting in this cramped console seat, listening to the static between pings, it feels more like I am eavesdropping on a lie everyone agreed not to talk about. The corridor it watches is not on any chart I can pull without favors, yet the sensors know it is there; tiny grav spikes, ships sliding through at angles that make my stomach tighten just looking at the vector math. Traffic control tagged them as calibration drift years ago and then, somehow, never circled back. Funny how nobody quite remembers who filed the original note, or why the budget never stretched far enough to decommission the array outright. I have seen that same silence before: at a frontier dock where a captain "lost" half his jump logs, in a station bar where people changed the subject as soon as Neon's power dips came up, in a maintenance bay where a tech swore she had never met a pilot named Vector but could trace his burns on the hulls she patched. Now this old watcher is staring straight down the throat of a path he is been rehearsing, and every omission around it feels less like ignorance and more like consent.
1256	1181	1	BOOK/DESC	Funny how the story keeps changing, depending who is telling it and how close they are to a docking bay. First time I heard it, over watered whiskey in the mess, it was just a rumor about a liner that came apart mid jump, no names, no blame, just a bad roll of the grav dice. Next station over, the same tale had a villain, some engineer who signed off on cheap steel and vanished into the black. After that, I kept hearing about a shadow on the docks, a quiet tech who slipped aboard at night and fixed what the staryards pretended not to see.\n\nToday I ended up in that crooked little Freestar trailer at the edge of the pad, listening to a deputy whose hands shook just a little when they scrolled through failure reports. Same incidents, same ship classes, same manufacturer tags, but the way they talked about it was different: not curses, not campfire stories, just a pattern no one higher up wanted to acknowledge. They say the masked fixer is a saboteur in one port, a savior in another. The only thing that does not change is the silence whenever someone asks why the same hulls keep cracking in the same way and why the logs keep getting buried under other case numbers.
1047	1182	1	BOOK/DESC	I am writing this down so I will not start believing the official version.\n\nWe were three ships running ore and machine parts toward HopeTown, nothing fancy, same corridor I have flown since before the Armistice. UC traffic pings in a correction, minor variance, cleaner path through the junk belt. I swear I checked the vector twice. Looked safe. Then we caught the echo of a wreck ahead that should not have been there, hull still warm on thermals, cargo already stripped clean. Somebody had got the tip before us rode the same correction, just a few hours earlier.\n\nAfterward, in the bar at New Atlantis, the story turned into one more spacer tale bad luck, old charts, UC underfunding. The captains laughed it off, but when the drinks thinned out, they started whispering about a voice that sounds like ops, numbers that never show in the logs. Every time the rumor cooled, some tug limped in with a new near miss and the same quiet pattern, like the story is trying to die and keeps getting dragged back up by people who cannot unsee their own telemetry. I am no investigator. I just know my ship went exactly where I was told to go, and someone was already there, waiting.
1094	1182	1	BOOK/DESC	I am writing this in the dark between shifts, because the ship feels wrong and I do not trust the official logs to remember that. We were not supposed to break route this close to Neon. Manifest said standard haul, no deviations, but the Trade Authority dispatcher slipped in a new vector at the last minute, barely a line of explanation. The bridge took it anyway. Credits make people move faster than they should. Now the Skyclipper hums unevenly, like the Grav core is holding its breath, and half the nav data from the last jump came through smeared, as if the stars themselves dragged. Ivy tried to scrub the errors, muttering that it was just interference from traffic around Volii, but I saw the look she gave that corrupted segment, like it was something alive. Someone pushed this course in a hurry, then turned their eyes away from what it might brush against. Out on a survey outpost we found the first stray blackbox, just a fragment. Then there were those odd beacon returns in high orbit, callsigns that matched ships marked as lost, and now this cargo run with its quiet addendum and a route line that bends closer to Neon's shadows than any normal hauler would risk.
1627	1187	1	BOOK/DESC	I am recording this quietly, because people who talk too loud about lanes and disappearances stop getting invited back on good contracts. Learned that the hard way at a bar outside HopeTown two months ago. I mentioned a transport that never pinged its arrival beacon, and three captains suddenly remembered somewhere else they had to be. The fourth just stared into his drink and told me, very carefully, that the frontier eats ships and stories the same way.\n\nToday I put down on an old relay they swore was decommissioned. No traffic, no maintenance drones, just a dead lattice hanging where three routes used to meet. Inside, the boards are burned but not empty; you can still see faint traces of jumps that do not match any published corridor. Someone carved their own path through here, again and again, so clean the drives barely left a bruise. I mentioned that pattern once to a LIST clerk I know, and watched her face close up like an airlock. She changed the subject to fuel prices and never answered my messages after. Out here, everyone has noticed something wrong in the map, but the smart ones keep their opinions small, like they are afraid the vacuum might be listening.
1818	1187	1	BOOK/DESC	Hard to say when it started feeling inevitable. Maybe back on that rock out past the lanes, when I cracked open a discarded slate and saw numbers that did not belong to any homestead that size. Maybe in Gagarin, watching freight hands swear a shipment existed while the manifest swore it did not. Either way, it brought me here.\n\nThe Fundrunner is dead metal outside, but inside you can still feel the hum of old credit flows, like a ghost current under your boots. GalBank stamped their logo everywhere, as if repetition makes trust. It does not. Every sealed rack I pass smells like another story that ended the same way: someone in the black, someone in the ground.\n\nThe trail says whoever taught her how to cut debts loose used ships like this as a pulpit. Phantom yields at an extraction site that should be dry, families whose ledgers just blinked clean, a pattern of erased risk that always arcs back toward Helium-3 and quiet corridors like these. I followed rumors from a forgotten outpost to noisy docks, from there to this drifting vault, and every step made it clearer this was never random; the numbers were always steering me toward the plants that feed the whole game.
1374	1197	1	BOOK/DESC	Everybody swears they heard it from someone else first.\n\nThe deserter whose bunk I borrowed said a friend in SysDef mentioned it over cards. The tech running the power in this rusted hide said it came down from some analyst on Jemison. I am sitting in the dark with the last of the juice running through an old overwatch console, and no one will admit they were the one who actually saw it.\n\nThing is, I have seen it now.\n\nBuried three layers down under scrubbed patrol logs, there is a jump trace that does not fit any sanctioned corridor. The ship on that feed slides between pings, just outside where the net is supposed to be solid, like it knows exactly where the blind spots live. Every time it reappears, its vector lines kiss the same set of coordinates orbiting Deepala. The Clinic.\n\nPeople say that station sees everything the war broke and everything the lanes keep breaking still. If he is sampling the damage his numbers do, that is where he would go to listen. I have got the timestamp, the entry window, and the angle his drive flared when he dropped into local space. It is not much, but it is the first time this ghost leaves the same fingerprint in two different systems.
1803	1200	1	BOOK/DESC	I keep telling myself this is just another relay job, just another Trade Authority courier drifting between people who pretend they are not on the same side. The hull hums like always, life support purrs, the recycler coughs every few hours. Familiar noises. Comforting, until you notice the other sounds.\n\nTonight I heard the ship talk to no one.\n\nOld UC diagnostic routines, buried deep in the nav core, spun up during downtime. Their pings went out into the dark, calling to beacons that were supposed to be decommissioned years ago. No one on the manifest ordered that. The captain shrugged, said legacy code sometimes ghosts the system. But I watched the patterns scroll by and they were too clean, too deliberate, like somebody had been tuning them while we ran cargo and looked the other way.\n\nWe docked at a rock last week, quiet place, barely a name. A freelancer handed over a data packet, eyes flicking to the stars every other breath, muttering about ships that arrive late or not at all. Since then, the old routines have been waking more often, pointing toward the same patch of sky. The pay on this route is better than it should be. Everyone pretends not to notice that, either.
1529	1203	1	BOOK/DESC	I am sitting in a dead relay, listening to ghosts that never got the memo war is over.\n\nThe main board is red-lit and half the panels are fused, but when I tied a microcell into the backbone, the grid woke up like it had just been on break. Old patrol routines, still cycling after all these years, quietly logging every shuttle and ore hauler that screamed past the no-fly line. Nobody checked, nobody cared, so the system kept watching.\n\nBuried under a decade of dust and recycled timestamps, I found it  a set of atmospheric returns that did not match any filed transponder, cutting through restricted airspace like they owned it. The pattern is clean, too clean for a smuggler guessing blind. Whoever plotted that path knew every blind arc in the grid and trusted the forgotten software to still be doing its job. I piggybacked the trajectory into orbitals and there it was, a residual signature stitched into traffic corrections around a processing hub hanging over the planet.  \n\nSo now I know where the next piece is waiting, caught in the same old procedures that outlived their operators. The brass turned their eyes away, but the machines never stopped watching, and she gambled on that.
1258	1207	1	BOOK/DESC	I am writing this from the corner of the trailer, back to the bulkhead so I can see the door. The deputy went out for "fresh air," which is funny given the dust, and left their board on idle. They think I do not notice where their eyes slide whenever the subject comes up, how the room goes quiet when someone mentions that engineer in anything louder than a mutter. Nobody wants to be the one on record knowing too much.\n\nStill, patterns are hard to unsee once you trace them. Every jump failure, every emergency dock closure, every "miracle" overnight repair the deputy flagged sits on the same crooked line. The last report they filed, buried under a different case number, mentions a disposal site Deimos supposedly cleared years ago. Same prefix code on the ship that limped in last month with stress fractures on a frame that was "well within spec." They circled those coordinates twice, then closed the file without sending it. That is how I know it matters. The people closest to whatever happened will not meet my eyes when I ask about old scrapyards, and one of them quietly told me to avoid that sector if I valued my hull. Which is exactly why I logged the location before the board timed out.
1168	1215	1	BOOK/DESC	I keep replaying the last jump in my head, like staring at a cracked grav plate and waiting for it to give. On paper it was simple: log the new corridor data, tag the anomaly signatures, pass everything along to the next set of hands. Trade Authority gets leaner lanes, we get a bonus that does not show on any official docket. But the vectors we pulled do not line up with any sanctioned chart I have ever seen, and the noise in the telemetry felt wrong, like something out there breathing against the hull. I brought it up in passing back in Neon, over cheap coffee and louder music than the bar could handle, and the broker who gave us the coordinates just smiled, said some ex-Navy genius had triple-checked the math. Since then, every rumor I have heard about vanished haulers or convoys that never reached HopeTown seems to trace back to the same kind of shortcut. I have logged everything I can on this recorder and flagged a follow-up survey for whoever takes Windcrier after us, told them to trace the signal all the way to that old listening post sitting off the lanes like a forgotten ear. Someone will need to go there, see how deep this pattern really runs. If they are smart, they will not come alone.
1593	1215	1	BOOK/DESC	I am logging this from a maintenance alcove on the relay because the walls here feel thicker, like they will actually keep a secret for once.\n\nSpent the last six hours peeling back Trade Authority manifests with my own hands. The broker who used to sit this post thought he was clever, hiding patterns inside mislabels and "transmission errors." He was not clever enough. Buried in the duplicates and ghost shipments, there is a cluster of traffic tags that never resolve to any port, just loop back through the same defunct military uplink on the edge of nowhere. UC registry says that listening post went dark years ago, but the timestamps on these routings are fresh.\n\nEveryone in the bar stories talks about a pilot who can find ships after they disappear, steer them where no one is looking. Funny thing about stories: the first version, the real one, always gets swallowed by the second and third. All that is left out here are the edited copies, and in those copies the same anonymous hand keeps bending routes through a dead station that should not hear anything at all. I found the node that all his ghosts pass through. Now I just have to decide whether I am brave enough, or stupid enough, to follow.
1731	1216	1	BOOK/DESC	I should have left this place two jumps ago.\n\nThe ridge hums at night, like the rock is holding its breath with us. In the common room they pass around chipped mugs and the same stories, sanded down by a dozen retellings. No one ever starts with "I was there." It is always a cousin, a crew mate, a stranger at some port whose name they forgot. An engineer who comes when the air goes thin, touches a console, and the gauges swing back to green. People stop coughing. Filters stop screaming. Everyone is so grateful they do not ask what she changed.\n\nThe missioner let me see the notes, reluctant, like they were sacred. Dates, ship IDs, settlement codes. I recognized two routes from my own hauling days and felt stupid for not noticing the pattern sooner. Same failures, same "miracle," same consultant moving just ahead of the real breakdowns. This has been going on longer than anyone here wants to admit; you can see it in the way they flinch from their own records. I keep thinking about all the times I docked, saw flickering status boards, and assumed it was just frontier life. We all overlooked it, because the air kept flowing and nobody wants to stare too hard at the thing that keeps them breathing.
1110	1220	1	BOOK/DESC	I am logging this off the main board, tucked under a maintenance stub no one bothers to audit. The relay I just walked through was gutted in a hurry, like somebody got spooked mid-job. Panels hanging, fuse trays half-ripped, error lights frozen mid-blink. That is not how you mothball hardware, that is how you run when orders change faster than your hands can keep up. Whatever this place was listening to, it soaked it up deep; you can feel it in the way comms go thin and tinny as soon as you slide into this sector, like the channel is already half-occupied by echoes from somewhere else.\n\nBack at the bar, no one talks about this straight. It is always a mutter over a drink, a sideways glance at the door. Pilots say traffic control has been "off" along the old war corridors, that ships slip a little too close to debris and no one files complaints because no one wants the attention. You start asking for specifics and voices drop, sentences trail off. I keep hearing the same thing in different words though: misjumps, unlogged wrecks, distress calls that never hit the right receivers. People act like if they describe it too clearly, whoever is listening out there will turn their head and notice them next.
1302	1221	1	BOOK/DESC	Primeway Flight is a small, semi-legitimate hauler outfit that works the under-served lanes around the derelict GC-8466 Depositron, taking contracts that larger lines deem unprofitable or too close to the insurance red zones. Port records describe them as "reliable, if chronically late," a reputation often blamed on their habit of lingering near drifting hulls and old traffic beacons to listen for distress calls and salvage rumors. Traders in the region note that Primeway crews swap corridor gossip as eagerly as they trade cargo manifests, repeating half-remembered tales about a vault ship that went dark and about quiet deals between GalBank clerks and UC officers who do not want their names in the same log. One dockside statement archived at a nearby station mentions the crew bickering loudly over a pilot's slurped noodles and mismatched socks while arguing whether the story of vented testbeds and redacted annexes is corporate myth or something far uglier. Whatever their internal frictions, Primeway Flight continues to chart courses uncomfortably close to GC-8466, citing "good salvage odds" while pretending not to notice how many transponders in that corridor have started flickering or falling silent.
993	1223	1	BOOK/DESC	I thought I was done being scared of numbers. Routes in, routes out, stress curves, tolerances it is all just math until the hull groans. But sitting here in the dark of this Vanguard hulk, listening to the residual power whisper through ruined conduits, I finally heard what the others meant when they said the lanes themselves sound wrong. The drive logs I pulled are not patrol profiles, they are something else sharp, stacked, like someone kept threading the same needle through narrower fabric, waiting for it to tear. The analysts back at that quiet little module told me, off the record, that certain vectors keep reappearing on ships that never should have shared charts. Now, sifting through this ship's black box, I see the same patterns buried under rewritten timestamps. People out in the fringe talk about a pilot who can slip a freighter through a sensor net like smoke, or drag a warship off its leash with a single corrected jump. It started as one lost convoy and a half-whispered complaint in a bar, but now the story has grown legs hulls going missing near dead listening posts, nav cores scrubbed clean except for that same curled signature. Whatever is tying all this together, it is not rumor anymore.
1809	1226	1	BOOK/DESC	I am writing this between shifts, wedged behind a stack of mislabeled crates where the cams do not quite reach. The ship hums around me, same as it has for years, but it feels different now that I know how long we have been looking the other way.  \n\nWe got another batch of "scrap" yesterday, routed from a yard that is supposed to be half-dead. Seals blacked out, destination tags that loop through the same offworld pit before they vanish from the system. Nobody blinked. The loaders cursed about the weight, the clerk stamped the forms, and it slid into our hold like a hundred others.  \n\nI should have noticed sooner. The route codes repeat, always back through that old mine that Deimos supposedly walked away from. I remember hearing about it over TerraBrew once, something about "reclamation" and "special contracts," but I filed it under spacer gossip and let it drift.  \n\nNow the manifests keep glitching around those shipments, and I swear the automated checks skip entire lines when that mine comes up. Maybe it is nothing. Maybe it is everything.  \n\nAll I know is, somewhere out there is a hole in the rock swallowing hardware and names both, and we have been feeding it without even asking what it is for.
1792	1235	1	BOOK/DESC	I thought this would be routine, signing those papers at the GalBank kiosk, nodding along while they talked about risk coverage and "weather volatility." Just one more form so we could keep the farm. That was, what, early 2329? The clerk barely looked up from their slate. I barely read the fine print.\n\nNow I am floating through this dead protection ship, and every time a body turns in the stale air, I see my own hands on that screen again, ticking boxes I did not understand. The files I pulled mention our parcel by grid, same as the Waggoner place, tucked into a list of "exposure flags" next to clinical notes about yield spikes and respiratory cases. Someone in an office somewhere tagged us as a line item and forgot to untick the box.\n\nBack home the soil started misbehaving. First it was just more grain than we could store, then the dust that burned your throat if you worked past noon. We called inspectors, they shrugged it off, said weather again. Later in Gagarin, I heard dock rats mutter about shipments like ours and a woman who kept showing up wherever the numbers went strange. They joked that if your crops were too good to be true, you would see her shadow in the manifests before you saw her in your fields.
1077	1244	1	BOOK/DESC	Started this file three months ago, when it was still just a nagging feeling in the back of my skull and a handful of "unrelated" accidents on my desk.  \nI told myself I was chasing noise in the telemetry. Now the coincidences are stacked too neatly to ignore.\n\nEvery time a freighter tore itself open near that debris field, I saw the same microscopic bias in the plotted jump. Different captains, different hulls, same invisible hand on the numbers. Then came the backcountry wreck with a registry that should have been retired, orbiting right where the math said it would fail, and that nameless slate we pulled off a scavenger, full of "efficiency tweaks" that all bent in one direction.\n\nTonight, out here on this forgotten rock, the pattern closed in on a name. Buried in a bundle of reroute authorizations, maintenance notes, and one unsent request for an internal review, the same analyst's signature keeps surfacing, always just upstream of the disaster. I cross-checked routing timestamps with those misjumps and the quiet redirects through that comm hub they call a relay; every path backtracks to him. Whatever this Tariq really is, I have him narrowed to a handful of corridors and one last waypoint the others somehow missed.
1379	1245	1	BOOK/DESC	They say this place was built for mundane things like spectral analysis and rock samples. Funny, because nobody I have met can tell the same story twice about what really went on in these labs. When the resupply shuttle dropped me here last week, the pilot called it a "paper graveyard." The maintenance tech who greeted me just said "keep your head down and never, ever ask about missing ships" then laughed like it was a joke he wished it was.  \n\nI started hearing the rest in pieces. One version says some freelance navigator sold private shortcuts to smugglers, then used this module to scrub the evidence when convoys started vanishing. Another has him on a corporate retainer, tuning routes so insurance never had to pay out. A third paints him as some righteous saboteur trying to expose a system built on acceptable losses. Same name, different motives, always a trail of dead lanes behind him. Every retelling shifts a detail, like people are trying to talk around something they still do not want to see straight. All I know for certain is that the more I dig through these half-archived logs, the more I find the same hands adjusting jump patterns without ever signing them, and the more the room feels crowded even when I am alone.
1381	1248	1	BOOK/DESC	I was supposed to be cataloguing soil samples this week. That is what the assignment packet said when they shipped me out here to this forgotten station, just another junior tech shuffling data no one on Jemison will ever read twice. Funny thing, though, about being the one who actually clears the archives; you see what people thought they had erased.  \n\nThere is a whole chain of access logs with gaps where there should not be any. Requests that hop from our lab to freight registries, then vanish mid-route, like somebody yanked the cord on the connection and hoped no one would notice the scorch mark. And buried under a stack of mislabeled experiment files I found a reference to a private relay, tagged only by coordinates and a contractor ID that got my supervisor suddenly very quiet. She told me to delete it, then later asked if I had "seen anything unusual" in that directory, like she was afraid of the answer. Out in the common room, the older staff still swap stories about lost convoys and a man who could twist corridors with a stylus stroke, always looking over their shoulders when they do. Someone wanted this trail dead, but they missed a step, and now I know exactly which off-grid node their phantom connection pointed to.
1351	1249	1	BOOK/DESC	I keep replaying the moment the relay flagged that first spike.\n\nIt was late, nothing moving but survey drones and commuter buses, when the grid squealed about a ship cutting through restricted sky like it owned the air. I pulled the scan, saw the vector, and knew it was wrong in the way that makes your teeth hurt. Sent it up the line. Got a one-line reply: "Instrument drift. Clear and proceed." Simple. Neat. Done.\n\nBut if it was drift, why did the same ghost signature slide past again three nights later, and again after that, always just outside where the charts say people are allowed to be\n\nI dug through archived diagnostics and found the old relay listed as "retired," except it is not. You can hear it in the floorplates, feel it when the consoles buzz a little hotter during those passes. Everyone talks about it in half-sentences and lowered voices, like saying too much might make the pattern solid enough to blame on someone real.\n\nThe truth feels small, one obvious step no one wants to write down, and somehow that makes it harder to grab. So I copy the scans onto a spare slate, lock it in my locker, and tell myself I am imagining things while the same nameless ship keeps sliding through the same forbidden slice of sky.
1300	1252	1	BOOK/DESC	I am writing this with my back against a GalBank bulkhead, listening to the ship groan like it wants to fall out of orbit and be done with secrets.\n\nThree years ago, give or take, I was running cargo through that nowhere depot the haulers use when they do not want questions. We were half-asleep, nursing cheap coffee, when the air on the dock went strange. Not a siren, not a fault, just this low tremor in the deckplates that set everyone's teeth on edge.\n\nSome swear they saw a woman in coveralls at the access panel, hands buried in a conduit that should have been dead. Others say it was just a shadow and an overworked tech with a guilty conscience. All I know is the drives on three different ships tripped themselves offline inside an hour, and every log blamed "operator error."\n\nSince then I keep hearing the same symbol described in different ports, the same name muttered like a curse, and the same story about systems that fail exactly the way an old buried report once predicted. Maybe it is all exaggeration. But when a GalBank vault ship like this one goes quiet in the same corridor, after the depot and that anonymous outpost, it starts to feel less like random bad luck and more like somebody is walking the map with a purpose.
1369	1255	1	BOOK/DESC	I remember when the first set of manifests crossed my desk. Same old stamps, same old shippers, nothing that would have raised so much as an eyebrow if I had been three cups of TerraBrew deep and half asleep. That is the problem. After a few years with the Trade Authority, the formats blur together, and "routine" becomes a kind of blindness. You stop asking why a freighter needs an extra hop, or why a fuel charge does not line up with the tonnage.\n\nIt is only now, sitting in a quiet office with the comms dimmed, that I see how much we let slide because it looked familiar. The routes that double back near the same empty regions. The insurance claims on ships that "misjumped" along those paths. The way certain names in the ledgers come and go like they are testing the waters, then vanish altogether. None of it screamed fraud or sabotage. It just hummed along under the noise of a thousand legitimate runs, invisible because it copied the shape of normal traffic so well.\n\nI used to pride myself on knowing every quirk of Authority paperwork, every lazy habit captains had. Now I am wondering how long someone has been hiding inside that certainty, using our comfort with the usual patterns as cover to carve their own paths through the dark.
1232	1259	1	BOOK/DESC	I have been posted on this rock for eight months now, long enough that the hum of the equipment feels louder than my own thoughts. When I first arrived, the job was simple: compare traffic reports to corporate manifests, watch for the usual data skimming along the edges. Then someone upstairs pushed a firmware update through our routing tools and did not bother to brief anyone. The interface barely changed, just a few new flags, a different way it rounded jump estimates. Easy to ignore.\n\nExcept the patterns shifted. Routes that should have been clean started clipping the same thin corridor near that debris field; minor adjustments kept nudging freighters toward the same sparse beacons and forgotten relays. Our internal logs, the ones that used to double-check the math, began overwriting themselves in neat little windows of missing time. At first I chalked it up to bad code and lazy contractors. Now I am sitting on packet captures and mirrored archives that say otherwise, and I have a set of coordinates circled where three "unrelated" misjumps all pivoted off the same change order signed by the same analyst. Routines changed quietly, and nobody cared until the wreck counts lined up on my screen like someone had drawn a curve through them.
1198	1261	1	BOOK/DESC	I am recording this in case I do not make it back to delete the evidence.\n\nThe bunker still listens, even with half its panels gutted. Old UC protocols pinging empty sky, catching ghosts no one filed. I pulled the sweep from the night that cutter vanished. Buried in the noise were microbursts in restricted airspace, too clean to be random, stitched like beads on a line. Same signature shift every time, same altitude, same timing just outside the official corridor.\n\nCross-referenced it against patrol routes and derelict notices. Only one hull fits the gap: a light tactical frame listed as "maintenance extended" for the last eighteen months. Same ship that forwarded those weird redacted jump reports to this bunker and never logged a receipt.\n\nSomeone upstairs meant to come out here, match the scans to that hull, and shut whatever this is down. They queued the follow-up, then never showed. Maybe they got scared. Maybe they got paid.\n\nI tracked the transponder echo. That tactical is drifting just off the grid, still answering to UC credentials like nothing is wrong. If there is a trail left to this pathfinder everyone keeps pretending not to know, it is sitting in that hull's logs, waiting for someone else to make the mistake of looking.
1003	1267	1	BOOK/DESC	East Division is the informal designation for a mixed support and escort cadre that operates in the shipping corridors surrounding the CB-6735 Trustsphere route network. Originally assembled from career hauler crews and a handful of former security pilots, the group built a reputation for steady, regulation-compliant work, the sort of people traders once described as "the boring ones you survive with." Recent months have marked a quiet change in both posture and temperament; reports note longer weapons drills, more sealed briefings, and deployments that linger near derelict tonnage and unlogged grav-scars. Off-duty, crew behavior has shifted from casual camaraderie to brittle, watchful silence: personnel who once swapped stories about shore leave now stand in long, shuffling lines at mess or resupply wondering when, exactly, they stopped feeling like transport hands and started feeling like expendable pieces in someone else's calculation. Rumors of sudden promotions, inexplicable demotions, and a few key figures who can bypass standard rotation boards suggest that internal politics, rather than flight hours, now decide who gets the safer patrol arcs and who is sent to shadow the ghosts that keep appearing near the Trustsphere's last known vectors.
1082	1269	1	BOOK/DESC	I remember when cutters like the Prairiefire still came through Gagarin shining. Fresh paint, clean manifests, Trackers stepping off the ramp like they were the sharp end of justice. We used to turn those ships around in under six hours; grab a TerraBrew, grease a few couplings, stamp the contracts and wave them back to the stars. Somewhere between then and now, the jobs got stranger. Line items turned vague. Storm delays that should have cost weeks just stopped happening, and nobody upstairs wanted to hear why. "Temporary measures," they said. "Just until the grids stabilize."  \n\nLast month I pulled an overnight in the annex and found a string of old climate files misfiled under security footage, all tagged with the same consulting alias. Freight that always left on the wrong side of a cyclone and arrived bone-dry. At first I thought it was just us screwing up, some lazy clerk hiding mistakes where no one would look. But the more I dug, the more it felt like something that had been small once, half a workaround, half a favor, and then never stopped growing. Now the Prairiefire is parked out there like a bad memory, and her logs are the only place left where you can see how a lot of people quietly decided not to fix what they never meant to start.
1057	1276	1	BOOK/DESC	I am recording this from a maintenance crawlspace two decks above the cargo ring, knees jammed against conduit, watching the relay's traffic map bleed red where it should be clean. Took me three days of sipping recycled air and pretending to be another overworked tech before the broker stopped flinching every time I walked past their office. They talked plenty about shell firms and "risk partners," but whenever certain names came up, they did not say them; they just tapped a knuckle on the table, or glanced at the ceiling, or said, "You know who" and moved on. That is how you know you are close to the real monsters, when people start speaking in silhouettes instead of words.\n\nThe manifests themselves were the key. Buried behind the usual Trade Authority double-talk, I found a sequence of scrap lots and "noncompliant hulls" diverted to a single disposal ring out past any profitable orbit. I cross-checked the beacon fingerprints we pulled from that Dogstar mess with the relay's routing history, and there it was the same corrupted signature, over and over, terminating at one dead Deimos facility nobody has paid to decommission. The broker pretended not to see it when I laid the pattern out. They just went quiet, closed the ledger, and asked if we were done.
1117	1291	1	BOOK/DESC	I am writing this down so I remember I was not imagining it.\n\nNeon's docks always feel like waking up mid-fall: noise, light, fuel stink, everyone pretending the chaos is planned. Tonight felt different. A berth that had been "blocked for maintenance" all week suddenly went green the second a hauler without a visible queue code drifted in. No hails, no argument over fees, just a tired clerk thumbing an override like muscle memory while the loadmaster stared a little too hard at the floor.\n\nWhen I asked about it later, I got three answers from three people. Emergency medical relief. VIP corporate shipment. System glitch. Same ship, same berth, three stories that did not quite fit together. It reminded me of the time back in 2328 when we rushed a clearance on a freighter because some supervisor did not want to stay late. Only later did anyone notice that half its cargo never existed in the registry.\n\nI am starting with almost nothing a dead slate I pulled off a derelict and a name that keeps changing in people's mouths whenever they talk about vanished debts and ships that always seem to leave on time. Whatever happened in haste back then is still echoing through these berths, and whoever is pulling the strings is counting on the rest of us being too tired to notice.
1357	1291	1	BOOK/DESC	I am recording this because nobody down here says anything straight, and I need at least one thing that is not twisted by three different mouths before breakfast.\n\nI am sitting on a crate in the salvage pit, boots in coolant, holding a half-melted datapack I did not pay enough for. Rafe swears he pulled it off a hauler that "just spun apart" near an old war corridor. He says he heard the job from a spacer who heard it from a GalBank courier who heard it from some UC tech. Every time I ask for a name, the story jumps one link further away, like everyone is afraid to admit they were this close to it.\n\nThe casing is cooked, but the nav buffer inside is not dead yet. I scraped enough out to see a route stub, pointed right at a vault ship that has been dark longer than GalBank likes to admit. Same harmonics tag I caught on those redacted test logs years ago, same pattern in the drive entries that nobody wanted to hear about. I followed a ghost signature from a forgotten outpost to a dead freight yard and then into Neon's pipes; now the broken trail in this pack lines up with that vault's last declared jump. Whatever she is tracking, whatever she is trying to prove, the next piece of it is locked in that floating bank the galaxies pretend is still just "under maintenance."
1726	1299	1	BOOK/DESC	I am recording this mostly so I can convince myself I did not imagine it.\n\nSoil is not supposed to pull like that. You stand still and you can feel your weight slide a fraction sideways, like the ground is remembering a different center. The miners who were here before me turned it into a bar story, something to tell over cheap liquor about "crooked gravity" and tools that fell in the wrong direction. Funny how none of them ever wrote it down. The old survey logs skirt around it with phrases like "localized anomaly," then change the subject. Same with the rig failures, and the missing warning pings from that relay everyone pretends never existed.\n\nThe thing we dug up today hums with the same wrongness. Not loud, just enough that if you hold it long enough your fingers go numb. The foreman made a point of saying we were not to speculate about it over open comms, and the rest of the crew nodded like they had already made that agreement without me. Nobody mentioned the failed crops on that moon, or the storm beacons that drifted off target, or the quiet talk that some engineer somewhere is learning how to teach gravity new tricks. Those parts stay unspoken, but they are there, hanging in the air with the rust and the coolant, waiting for someone stubborn enough to pull on them.
1734	1300	1	BOOK/DESC	They told me this posting was temporary. Six months underground, eyes on a dead corridor of space, then back to daylight work. That was three years and a dozen "routine extensions" ago. Somewhere along the way, the filters we flagged as provisional stayed, the back channels stayed, I stayed. Temporary turned into default, and nobody sent an update.\n\nToday I finally saw why.\n\nI was combing archived feeds, trying to prove to myself that all this quiet meant something, when I found the pattern. Same consultant ID buried in environmental telemetry from frontier farms, from a clinic that should not have had that kind of tuning, from an old weapons bay listed as decommissioned. Cross checked it against a blacked out operations file I was never supposed to open. There she was, walking through a restricted asset like she had clearance, under cover of one of our own codenames.\n\nFollowed the signal out, past the redactions. It terminates in a cargo registry marked as scrap, a hangar written off on every official chart I can access. Nothing is ever really gone; they just stop printing it. That hangar is where her trail surfaces again. I have tagged the coordinates and locked them in this log. If someone is finally hunting her, they will need a starting point that is not already a lie.
1221	1310	1	BOOK/DESC	They told us the war was over before I was old enough to hold a rifle, but the dust out by the old trench line never got that message. I was hauling scrap plating for Salvage Crown Union when my cutter snagged something half-buried, a dataslate wedged under a rusted bunk frame. Should have logged it as waste, tossed it in with the rest, but the power light was still blinking and curiosity buys more trouble than credits out here.\n\nThe rosters inside do not match what they taught us in school. Names marked evacuated the day my father never came home. Medical sign-offs all bearing the same neat hand, attached to casualty clusters that locals swear were left screaming in the dirt. It looks like someone meant to come back, clean up the numbers, finish erasing whatever really happened in those barracks. The last entries are flagged for review, then nothing. No follow-up, no closure, just a frozen list of ghosts and a medic's signature that keeps turning up in backroom stories from Akila to New Atlantis.\n\nI have been chewing on this all shift. Part of me wants to dump the slate in a GalBank drop and pretend I never saw it. The other part keeps thinking if those numbers can be bent once, they can be bent again. To hide the dead. Or to hide someone who is not as dead as they are supposed to be.
1365	1320	1	BOOK/DESC	Among independent haulers operating in the same lanes as the derelict Tidewalker TA-7207, few names come up as often as Second Flight. The crew is known for taking contracts other captains quietly decline, running cargo and salvage through routes where patrol coverage thins out and navigation data stops lining up cleanly with official charts. They are not registered as a guild, nor do they maintain a fixed home port, but their transponder sig has been logged in proximity to more than one "administratively unresolved" incident near Trade Authority assets.\n\nThe name Second Flight is widely believed to reference a failed first venture, though records of any earlier ship under their banner are conspicuously absent from standard registries. What is documented is a pattern: whenever a cargo hull goes dark in that sector, Second Flight is never far from the next set of sensor echoes, either "assisting recovery" or arriving just late enough to claim salvage without contradiction. Station rumor paints them as necessary opportunists, tolerated because they know the blind spots between corporate liability and official response times. Whether they are simply quick to capitalize on abandoned tonnage or have a more intimate understanding of why certain ships go missing remains, for now, a matter of speculation.
1284	1323	1	BOOK/DESC	I was on refuel watch when they brought in that little courier, the one they are calling Seamender. No tugs, no escort, just drift and a soft scrape as it kissed the berth. Running lights dead, hull scorched in the wrong places, like it had tried to leave somewhere faster than physics allowed. I watched the dock crew cycle the locks and nobody rushed, nobody called it out. Just another tired ship having a bad day.\n\nLater, in the break room, one of the line techs let slip that the traffic data for its last leg had already been "cleaned up" by the time it arrived. Adjusted timestamps, smoothed routes, the kind of edits you only make when you want the story to move along. He laughed it off, said someone in New Atlantis pushed the wrong button, but his eyes did not match the joke.\n\nWhat bothers me is how fast everyone moved on. No investigation team, no angry suits from MAST, just a quiet note that Trade Authority had the situation in hand. I heard about a Navy scout that went missing not long after, about a courier captain swearing their delay orders were forged. Maybe they are all unrelated. Still, when I think about how quickly those logs were wiped, how casually the berth was reassigned, it feels like someone slammed a door in a hurry and never stuck around to see what got caught on the other side.
1620	1324	1	BOOK/DESC	Dock noise carries better than station announcements. You sit long enough at the edge of a cargo bay, nursing a warm drink and pretending to check fuel tallies, you hear more truth than any GalBank terminal will give you.\n\nThat is how this started.\n\nOne hauler swore his freighter got repossessed twice without ever docking at a bank port. Another said his lien vanished, then came back under a different name, same hull, different owner. They talk big when it is just spacers and smoke, but as soon as someone in a pressed jacket walks by, the story turns into "clerical error," "misunderstanding," "all sorted now." Funny how fear can edit a memory in real time.\n\nYesterday a broker pulled me aside behind a crate stack, eyes flicking at every camera. Showed me a string of manifests on a cracked slate, all with the same audit code buried deep where only another numbers rat would notice. Ships listed twice, three times, then not at all. He kept saying it was nothing, just frontier bookkeeping, but his thumb hovered over the delete icon like it was an airlock switch.\n\nEveryone claims they have heard of the woman behind it, the one who can erase a ship with a signature. Ask for details and the room goes quiet. Out here, it is amazing how much people "know" that somehow never makes it into a complaint file.
1581	1325	1	BOOK/DESC	I have been sitting in this shelter long enough to watch quick fixes turn into standard operating procedure. The first time I rerouted a hauler through an unsanctioned window, it was supposed to be a one-off favor for a captain who could not afford another inspection. I told myself it was temporary, a little patch over a broken system. Then the next captain wanted the same treatment, and the next, and pretty soon those off-the-books timings were written in more ledgers than the official lanes.\n\nThe consoles here hum with all of that history. You can still hear it in the way the traffic logs stutter around certain hours, little gaps where a ship should be but is not. Customs back at the mid-tier port keeps complaining their manifests do not line up with burn reports, but nobody is pulling the thread too hard; as long as the credits clear and the docks stay busy, no one wants to admit how much of their flow depends on shadows. The smugglers say there is a woman out there who can carve those shadows on demand, slide hulls between sweeps like she is drawing with light. All I know is that the temporary workarounds I built for her have been running long enough that the system would choke without them, and somewhere along the line I stopped being able to tell where the official routes end and her edits begin.
1636	1325	1	BOOK/DESC	I was on break when the last one came in.\n\nJust another half-heard story over a lukewarm TerraBrew, a junior controller griping that their corridor update got overwritten mid-shift, that a ship they were shepherding clipped junk it should never have been near. The supervisor brushed it off, blamed a bad timestamp, told them to re-sync and stop scaring the tourists. Later, in the Skyline feeds, I saw the same ship's path stutter, jitter one degree at a time, like three different hands had argued over where it belonged.\n\nIt is never one big lie with these things. It is a missed handoff in the relay, a misread notation on a shift change, someone assuming a senior already double-checked the math. A GalBank clerk ticking the wrong risk box. A captain trusting the green light instead of their gut. None of it malicious, not on paper. Add one quiet specialist with access to the back door of every route, and suddenly those tiny slips all lean the same way.\n\nMost nights I tell myself it is just the noise of a crowded sky. Then I think about how many times Luca's name comes up in whispers, never in logs, and how often the miscommunications seem to benefit the same invisible pattern. I keep replaying small, forgettable moments, wondering which crossed wire actually killed people and which ones I only imagined.
1714	1328	1	BOOK/DESC	I thought transferring onto a Navy hull would finally put that story to bed. New insignia, new bunk, same stars. But even out here, in the stale air of this derelict, I can still hear it in the way people lower their voices when they think the bulkheads are listening. The hauler that was written off. The crew that did not scream loud enough on the right channels.\n\nThey told us the case was closed. Wrong coordinates, corrupted logs, all very unfortunate. At a dusty bar near that old transfer station, a tug pilot slipped me a data scrap and said, "Check Gagarin if you want to know where the metal really went." I pretended I did not understand.\n\nOn the LX-2547, you can see the gaps if you know where to look. Manifests that balance too neatly. Mass readings that line up like they were arranged, not measured. The name that keeps turning up in half-erased work orders. Everyone important seems content to let it molder in forgotten archives, to let time sand the edges off. But in mess halls, at back tables in places like The Den, it still comes up. Not as a case. As a warning.\n\nI am tired of being told to move on. If this log survives, if someone finds it and still cares, follow the freight trail down to Gagarin Landing. Someone there kept just enough of the story alive to make sure it never quite disappears.
1290	1330	1	BOOK/DESC	I do not know why I am recording this. Habit, maybe. When you run cargo long enough, you start writing things down just to prove you were there.\n\nThree years back, before the talk of "ghost windows" and missing ships got loud, my routes in UC space were boring in the best way. Same jump tables, same Harmonization signatures, same long stretches of nothing. Then, one week, the delays started. Five minutes slipped here, twelve there. "Weather in the lanes," the controller said. Same calm voice, same clipped phrases, just a different number on the screen.\n\nI did not think much of it until a run out past Valo. A Navy scout swung through our corridor, close enough that my copilot swore he could see the pilot through the canopy. Our slot and theirs overlapped by sixty-three seconds. That does not happen. Not by accident. We raised it with the traffic desk later and got smiles, reassurances, new tables that made the near-miss disappear on paper.\n\nSince then, I have heard about a courier that "vanished between pings," and a scout designated BL-6924 that broke contact mid-routine with no distress call. People blame pirates, drive faults, divine judgment, take your pick. What stays with me is the way the numbers shifted first, quietly, like someone testing how far they could bend a schedule before anyone noticed.
1661	1347	1	BOOK/DESC	I logged this under "routine notes" so no one skimming the header bothers to read it.\n\nI have been running freight and the occasional something-else through the same lanes for fifteen years. You get to know the way people talk about danger. They either brag, or they whisper. Lately, they do this other thing, where they talk around it. Some captain in the Den bar last week mentioned three ships gone quiet off the same corridor, then stopped mid-sentence and just traced a circle on the table instead of finishing the story.\n\nNobody says who plotted those jumps. They say, "I know a guy," or "someone did us a favor," and if you ask for a name, they shrug like they never had one. I heard about a route broker who used to drop a certain signature into his speech every time he drank too much; now he never does, like the word itself is bad luck.\n\nOut at that broken survey shack, the one with the dead console and the angry log, there is a name half-scorched off the recording. The captain starts to say it, chokes on it, and switches to "the vector man." I keep thinking about that, about how often people reach for a pronoun instead of a proper noun. Maybe they forgot him. Maybe somebody made it easier to forget. But the jumps still curve the same way, and whoever he is, he has turned into an absence big enough to bend routes around.
1573	1351	1	BOOK/DESC	They say every Trade Authority ship has at least three stories trailing behind it like exhaust. With Deepwater it is more like thirty, and none of them match. Dockhands swear she was boarded by pirates. A Ryujin broker told me, very quietly over coffee, that she was paid to drift. Someone on Gagarin insisted the crew turned on each other. Same ship, different ghosts.\n\nWhat I know is this: every rumor ends with the same two names, spoken softer than the rest. A quartermaster who makes planets behave and a pilot who can slide a hull between sensor sweeps like a needle through skin. Freight manifests that never quite line up, patrol logs showing convoys bending off the usual lanes, then popping back in as if nothing happened. I have walked the perimeter of that derelict twice now, listening to her dead systems tick and cool, and I cannot shake the feeling that something living moved through her, used her, and then shed her like old skin.\n\nThe first clue came from a settlement that vanished but left its fences standing, animals calm inside and slaughtered outside. The next from a broken beacon in high orbit whispering a familiar transponder pattern. Now this courier in the dark, with its cargo hold wiped but its routes altered by a hand that knew exactly where the blind spots were. The stories keep changing. The pattern does not.
1612	1355	1	BOOK/DESC	Stumbled across an unsecured maintenance terminal no one bothered to wipe before they scuttled us. I guess when the order came down to abandon ZT-7430, scrubbing logs was lower on the list than getting out alive. The whole event still feels like that: alarms, half-heard orders, a rerouted power surge through CIC, then we were burning hard for the nearest friendly hull, leaving a lot of questions behind in our wake.\n\nTonight I dug through what was left. Buried under system checks and training sims, I found transfer traces tied into places a combat ship has no business touching. Power usage spiking in quiet corners of New Atlantis, recalculated risk curves pointing straight down into the undercity, flagged in a way that looks like someone meant to come back and tidy up but never did. We ran scenarios based on those models without knowing whose lives they balanced.\n\nI keep seeing the underbelly of Neon when I close my eyes, those cramped walkways where I first heard the name everyone whispers now. Back then it sounded like a story we told to make sense of seized accounts and frozen wages. Now, sitting in a dead SysDef shell with old code still humming in the dark, I am starting to think someone down below the pretty plazas is where this all converges next. Someone who learned early what happens when the numbers say you do not count.
1774	1355	1	BOOK/DESC	They tell me it is nothing, that weather is messy on the frontier and the satellites are old, and I should stop asking why three different colonies, in three different systems, use the same phrases when they talk about the sky going wrong. Out here at the outpost, folks come in dusted and tired, ask for water and a line home, and only when the room is half-empty do they mention how the clouds moved like they were being steered, how the forecast tickers lagged three days behind reality. Every time I press, they glance at the Ranger badge, then soften what they just said, shaving off the edges like they have been taught the hard way not to sound certain.\n\nI used to argue, loudly, in the mess about how command was ignoring the pattern. Lately I have noticed the people who did that before me transfer out or stop talking altogether. Now I keep my voice low too, mark up the incident board in pencil instead of ink. The liaison asked me today why I always request the storm reports, why I am chasing the same anonymous ship signature through half a dozen testimonies. I told him it was for a personal project. He nodded like he believed me and suggested, very gently, that I might want to be careful how I phrase things in my official notes. Apparently anyone who sounds too sure about the sky ends up reviewed by people who do not like surprises.
1397	1357	1	BOOK/DESC	I keep replaying the numbers in my head, as if the math will suddenly confess. Route risk projection, claim probability, expected loss. All neat, all within tolerance, all signed off by people who smiled across a table in New Atlantis and told me GalBank takes care of its partners. Then I sat in that routing den on Gagarin and heard captains talk about the same "low-risk" lane we signed them onto, like it was a dare. Same bend, same blind patch, same rumor about a man who can squeeze the odds until ships crack.\n\nWeeks later I am alone on this transport, walking past pallets that were never meant to arrive, trying not to look too long at the pattern of damage on the hull feeds. Officially we lost guidance in a freak corridor fluctuation. Unofficially, the chatter in the underbelly of Neon says someone is selling lanes tuned to fail only for certain cargos, at just the right distance from just the wrong kind of outposts. When I pushed those rumors up the chain, I got polite shrugs and a suggestion to take some leave, maybe visit the Red Mile and "blow off steam." That is the part that sticks with me. The people who know the charts best are also the ones most eager not to know why our models keep pointing toward the same lonely crater, on the edge of nowhere, where a man who lives on probability can disappear into the roar of the crowd.
1751	1365	1	BOOK/DESC	I keep replaying that run from three years back, the one no one writes down but everyone steers around. We were patrolling near a thin-atmo rock, nothing on the charts worth naming, when the grav shear started to sing through the hull. Not the usual shudder, either. This was a rhythm, like someone plucking a string the ship was resting on.\n\nNav said it was a localized anomaly and plotted a bypass. The junior tech next to me whispered that the pattern matched a corridor she had seen in an old sim at Jemison, then laughed it off like a bad memory. Command pushed us through the edge of it anyway. We came out clean, on schedule, and the log got stamped as routine. That night in the mess, nobody talked about how the stars had bent around us, or why the atmospheric telemetry from that nameless rock looked like it was expecting company.\n\nMost of those people have shipped out to other billets by now. One took a payout and retired planetside, one signed on with Freestar haulage, a couple got themselves lost in Neon. They all moved on, thinking it was just another weird day in the black. I did too, until I saw the same pattern turn up in frontier distress calls, always near worlds with air too thin to argue with. Now there is an empty UC hull parked in that old anomaly, and someone else is following a line we traced without ever seeing where it led.
1765	1365	1	BOOK/DESC	I am logging this before I change my mind and dump the whole lot into the recycler.\n\nThe module is quiet now, just the hum of old cooling loops and one stubborn status light that refuses to admit the system is dead. I finally traced the breach tonight. Not the first intrusion, not the loud one everyone documented to prove they had done their jobs, but the thin hairline cut underneath it. Buried in a backup schedule, there is a redirect that should not exist, pointing asset updates to a GalBank vault ship that was supposedly decommissioned three fiscal years ago.\n\nWhen I called it out in the team channel, nobody argued. They just went silent in that practiced way, the one that says they have seen this shape before and have all agreed to forget it. Same way they "forgot" the missing storm logs on that frontier moon. Same way nobody talks about the partial audio from the abandoned relay, the one where a voice tried to warn someone and then cut off mid-word.\n\nSo now I have a route number, a hull designation nobody uses out loud anymore, and a headache that feels a lot like complicity. The next piece is sitting in that drifting vault, wrapped in layers of old insurance law and newer lies. And when this is over, I am not sure which will be harder: proving what was done, or getting anyone to admit they always knew where the evidence was hiding.
1344	1367	1	BOOK/DESC	I was not supposed to be anywhere important that day. Just another junior tech checking latency on a half dead comms relay above some no name rock, arguing with a supervisor who kept mixing up time slots and routing codes. First miscommunication right there he swore my assignment was next week, I swore I heard "now," so I went anyway.\n\nThat is when I found the slate, half buried by the loading ramp, casing blackened like it had tried to die in a fire. I almost logged it as scrap, but the tag pinged our system in a way that did not match any of our manifests. I called it in, dispatcher said it was probably leftover survey junk, told me to wipe it and move on. She thought I was on a different shift, different sector. Second misstep.\n\nI cracked it open on my own time. Most of it was static, but there was this fragment of traffic tied to a Trade Authority route and a firmware key that felt too sharp, too clean, to be random debris. I sent a copy to a contact in Neon, got an auto reply that did not sound like him at all flat, formal, as if someone had put the words in his mouth.\n\nSince then small things keep slipping. People swear they answered a message they never saw, forget who told them a story about a woman who walks through vaults without touching anything. It feels like our whole lives are being edited one misheard instruction at a time.
1516	1374	1	BOOK/DESC	Did not think I would ever come back to a place like this.\n\nThe relay bunker smells like stale coolant and dust, like the war hung up its coat here and forgot to leave. Most of the consoles are dark, but enough of the grid is still talking to itself that I could pry open the scan archive. The deserter who ran from this post knew what they were doing; the logs around the dates I needed were scrubbed so clean it hurt to look at them. No patrol chatter, no incident tags, just a neat band of silence where a whole flight's worth of traffic should have been.\n\nThing is, whoever did the cleaning missed the reflections.\n\nAtmospheric scans bounce. You wipe the primary traces, you still get echoes in the background noise, ghost signatures where hulls pushed air aside. I layered the right bands, filtered for mass and vector, and there it was: the same drive profile I saw in that orphaned buoy's telemetry, sliding through restricted sky like it had every right to be there. It did not land on any registered pad. It just dipped low over a dead industrial zone and vanished off the board.\n\nThat zone feeds into a Deimos yard no one has funded in years, a scrapyard they pretend is shuttered but still keeps tug traffic in the middle of the night. Everybody in the bunker logs just called it "the graveyard" and left it at that. No one spelled out why. No one had to.
1638	1374	1	BOOK/DESC	I keep replaying it in my head, all the tiny choices that felt harmless at the time.\n\nThe first time I let a route update slide even though the numbers did not quite match the weather feeds, it was because the shift was over and my eyes hurt. The second time, because the supervisor said the contractor knew more about storm lanes than we ever would. After that, it was habit. Click accept, file the correction, trust the invisible hand nudging freighters a few degrees off the safe corridors.\n\nNobody ever said his name in the control room. They just talked about "the vector guy," the one who could pull a ship through an ion front without losing a panel. The pilots were grateful, the accountants were thrilled, and we stopped looking too closely at the cuts in the safety margins because every successful run made the risk feel smaller.\n\nThen one supply shuttle vanished between beacons and came back on a different heading with half its hull scorched and a manifest that did not match. We wrote it up as sensor interference and moved on. That was the moment, I think, when "just one more little adjustment" tipped into whatever this is now.\n\nI am logging this because I can feel the pattern tightening around my station, and I cannot tell anymore if I helped build a safer route through chaos or just paved a road straight into it, one small approval at a time.
1801	1380	1	BOOK/DESC	I am writing this in the back booth of a cheap bar in Neon, because the station noise is the only thing loud enough to drown out that story people keep telling.\n\nIt started as a freight joke a couple years back, just something haulers tossed around when a run was late. A Trade Authority courier takes a contract off some no-name rock, cuts a new lane, never shows on the main traffic boards again. First time I heard it, the ship was small, the jump short, the pilot greedy. Next time, it was a larger freighter, different system, heroic captain chasing a shortcut. Now, depending who is drinking, you get Crimson Fleet ambushes, UC coverups, cursed coordinates, or a ghost in the nav.\n\nEvery retelling adds a detail, sands off another. Sometimes they mention a woman who can thread a jump through the width of a needle, sometimes she is just a rumor tacked on at the end. Nobody agrees on where the route started or ended, but the shape of it stays the same, a line that goes somewhere it should not.\n\nI used to laugh it off. Lately I notice people lower their voices when they reach the part about missing ships. I have seen the way certain captains flinch when an extra route segment shows up on their charts, unasked for. The facts are thin as vacuum, but the fear is thick, and fear has a way of rewriting the map long before anyone sees what really waits at the edge.
1286	1386	1	BOOK/DESC	I started taking the "special" routes because they were easy credits.\n\nFirst it was just a five-minute offset on a run out of Gagarin. The controller on the line sounded bored, professional, and the corridor he slid us into was clean as glass. No pirates, no traffic, no questions from anyone in Trade Authority when the manifest closed out. Then it became ten minutes here, twenty there, little nudges around Navy patrols and busy lanes, always accompanied by a quiet assurance that the windows were safe and well-compensated.\n\nI did not notice when the voice on the other end stopped reading from standard tables and started anticipating our fuel load, our usual speed, the way our captain likes to cut burn. I did not mind when a few of our delivery times stopped matching the official charts, as long as the bonuses kept posting and no one from the Hub asked why our logs looked cleaner than everyone else's.\n\nNow there is a Navy scout floating cold out where our last "adjustment" led, and a courier like mine has gone dark with its holds still full. People say it is coincidence, that routes shift every day and only the unlucky get caught in the gaps. But when I listen back to the old comms, to that calm voice telling me we are "just inside the safe window," all I can hear are the hundreds of little yeses I whispered to myself, lining up in a row I never meant to draw.
1336	1390	1	BOOK/DESC	I snuck back to the bunker again after shift, even though they have taped half the doors and killed the main grid. The place hums anyway, like it remembers being useful. I jacked into the auxiliary and pulled the last week of atmospheric scans before shutdown. There it was, buried under routine traffic and supply flights and some smuggler who thought his heat profile looked like a mining shuttle. One thread that did not match any filed route, skimming the edge of restricted airspace, slipping in and out between pulses like it knew when the grid blinked.\n\nThe signature is subtle, but it repeats with the same timing as those anomaly reports everyone pretends they have never read. It angles away from the usual traffic lanes, then climbs hard toward that research spire they built out past the old farms, the one nobody talks about unless the doors are shut and the volume is low. In the mess, when the conversation drifts that way, people joke about "ghost inspectors" and change the subject quick, eyes on the corners like sound might carry farther than it should.  \n\nOut on that lonely rock, where the first cache turned up, the gaps in the satellite recorder bothered me. The half-scrubbed safety audit from New Atlantis bothered me more. Now this flight path ties both to the same tower of glass and sealed labs, and I am starting to think none of this is random malfunction.
1475	1394	1	BOOK/DESC	Personal log, unsent\n\nI signed onto WK-9192 because I thought flying with SysDef meant clear lines: good ships, bad ships, and us in between. Turns out most of the time it is spreadsheets in vacuum. Patrol the same corridors, trust the same relays, let the traffic flow like it always has. Somewhere along the way, we stopped asking why the routes bent the way they do.\n\nLately the bends are sharper.\n\nThe last update from command pushed us closer to that dead relay chain, and nobody blinked. Nav just folded the new vectors in. I watched the model spin and, for a second, it looked like someone had reached in and dragged the whole pattern sideways with a fingertip. The numbers still balanced, so no one cared.\n\nBack on that drop shelter a few weeks ago, a Fleet liaison swore their smuggling runs were arriving early without extra burn. I chalked it up to bravado and bad accounting. Now I see the same tiny discrepancies ghosting through our own logs, the same improbable timing, the same gaps where patrols should be. Different ships, different factions, one invisible hand nudging everyone toward the quiet spots between signals.\n\nFeels like the lanes made their choice before any of us did, and we just kept following the glow on the console. If there is someone out there rewriting the map, we have been sailing along their ink the whole time, pretending the tide is natural.
1457	1398	1	BOOK/DESC	I took this post because I thought it would be quiet.\n\nEnd of the lane, moonside, nothing but rock dust in the vents and haulers too tired to argue about docking fees. You pour them a drink, bump their escort requirement down one ship, look the other way on a crate or two, and everyone goes home a little richer. That is how the clerk before me explained it, anyway, right before he shipped out on a transfer he did not deserve.\n\nI have been going through his old logs, trying to make sense of the routing overrides he left half-finished. Same pattern keeps blinking back at me. Convoys pushed a little off the standard corridor, insurance coverages quietly adjusted, all flagged with an internal tag I cannot clear, like some ghost auditor riding shotgun on every change.\n\nAt first I figured it was some automated safety routine, overzealous system guarding cargo values. Then I noticed the dates lining up with raids you hear about in bar talk: that HopeTech freighter that never made its refuel, the Narion runs that "just disappeared" between beacons. Tiny edits, over and over, and everyone who touched them already rotated to better posts, patting themselves on the back for a few extra credits.\n\nI cannot say what any of it means yet. All I know is somebody smart set this in motion a long time ago, and the rest of us have been pressing confirm without ever seeing the whole board.
1749	1405	1	BOOK/DESC	It started as background noise. Little things the settlers tacked onto their complaints about broken pumps and missed supply drops. A hauler swore his escort peeled away just as the sky went white and somehow his ship rode the worst of it without a scratch. A mining foreman mentioned a quiet woman in a battered flight jacket who spent more time staring at the clouds than at her drink. At first I filed it under frontier exaggeration. Then the coordinates started to line up.\n\nI keep a private overlay, separate from the reports I send up the chain. Storm incidents, convoy disappearances, odd sensor gaps. They were scattered across systems that have nothing in common except a habit of bad weather and neglect. But when I plotted the approach vectors people described, I started seeing the same thin corridor traced over and over, like someone was sewing through storms with the same needle.\n\nThe last batch of logs did it for me. Three separate captains, weeks apart, all mentioned ghost traffic in the same sector, right before their feeds went to static. One of them caught a partial transponder, old UC formatting, tagged to a long-range combat hull that is supposed to be mothballed. That is not the kind of coincidence you shrug off. Whatever she is doing out there, she is riding routes we built and buried, and the next step sits on a dead Navy ship that has no business being where it is.
1385	1413	1	BOOK/DESC	I am recording this from the dorm pod on BX-1113, lights dimmed, drive offline, ship humming that empty kind of quiet where you hear every relay breathe. We are not where the manifest says we should be. We are too far off the lane, too close to a cluster that never appears on the standard route projections, and no one is logging a deviation.  \n\nI watched the senior techs argue over the nav console yesterday. Voices low, faces tight. One of them slid a datapad into their jacket when they noticed me in the reflection. Later, over reconstituted soup, they joked about "creative routing" and changed the subject so fast it left a pressure drop in the room.  \n\nThere are gaps in the records. Whole jump segments summarized in one clean line, no residual data, like the ship decided not to remember where it had been. I heard someone mention an old UC array out this way, a listening post that "does not exist anymore." That was followed by a long silence and a lot of looking at the ceiling.  \n\nI am not stupid. First there was that job on the fringe rock where we found a slate full of corrupted corridor data. Then the scientist on the research module who kept asking if our routes ever passed close to abandoned military infrastructure. Now this ship, off-course, carrying ledgers no one wants audited. There is a pattern here. The parts everyone refuses to say out loud are the ones that scare me most.
1417	1418	1	BOOK/DESC	I am recording this from a bunk that smells like coolant and old socks, somewhere under the plating of the moonside relay. The broker is three doors down, pretending he is just a middleman, that the crates stacked in his bay are nobody's business but his. We both know that is a lie.\n\nI ran diagnostics on his cargo feed under the excuse of checking for leaks. The route tags looked familiar in the wrong kind of way: same off-lane jumps, same quiet ports that somehow never appear in official traffic summaries. When I overlaid them with a copied harvest schedule from a frontier colony I worked last season, the pattern snapped into place. All those "anonymous" shipments pass through one dirtball farm that should have failed years ago.\n\nThe broker saw the plot come up on my slate. He glanced once, then looked away like we had both agreed not to say the name of the place out loud. No threats, no bargaining, just that shared understanding that some things stay between people who enjoy breathing. \n\nSo now I know where the next piece lies, buried under glow-sick soil and old promises. Up to this point, all I had were rumors from a solitary homestead, a forgotten dataslate that should have been wiped, and the way certain cargo manifests kept looping back on themselves. Every new whisper has circled closer to the same man, the same routes, and that one farm sitting like a knot in the middle of it all.
1403	1419	1	BOOK/DESC	The green wash from the consoles makes the frost on the bulkheads look like mold. I keep thinking if anyone else walked in here, they would call this place dead and shut the hatch again. But the logs keep turning over, same loops, same traffic, and then every so often, a gap where there should not be one. Salvage beacons that flare for a second and vanish, ship IDs that appear as a checksum error instead of a name. I flag them, send the notes up the line. The response is always the same: system artifact, ignore.\n\nThing is, I remember when this pod was installed. I remember the briefings, the strict rules about retention, who could touch what. Now, when I bring up those details in the break room, people look away or tell a different version, like we all dreamed the first part. They talk about some arbitrator who "used to" have clearance here, then change the subject mid-sentence. I am not stupid. You can feel when a story has missing teeth.\n\nThen that dataslate came in from the survey team on the frozen rock, full of mismatched time stamps and the same broken IDs. The analyst called it a curiosity and buried it under a dozen other reports, but she passed me a copy off the record. Between that and what I see in the nightly loops, there is a thread running through these erased calls. Someone decided certain ships did not need to exist anymore, and everyone else decided they did not remember why.
1722	1426	1	BOOK/DESC	I keep telling myself I am not spooked by an empty Navy hull, just cautious. That is what we are supposed to call it these days. Cautious. Not suspicious, not angry. Those words get you flagged in debriefs.  \n\nWalking HM-6310 s corridors, with only the emergency strips lit and the air recyclers running on a tired wheeze, feels like boarding a story nobody finished writing. The log entries I have been able to scrape so far are a mess of half-sent status updates, patrol chatter, then gaps that feel too neat to be accidents. Someone here learned where the line was between reporting a concern and sounding like they were questioning the wrong people. After the last big blackout incident, everyone I talked to in the bars around New Atlantis dropped their voices when the topic drifted toward missing convoys or dead sectors. The ones who had actual data? They wrapped it in jokes, changed the subject, or blamed "equipment issues" with eyes that did not match their mouths.  \n\nSo when I see a ship like this, drifting with its comms carved up and its name quietly shuffled down the dispatch list, I hear all those careful silences louder than any alarm. People have been adjusting their tone, their words, their records for a long time to fit whatever story command is most comfortable with. Whatever is sitting in this ghost s memory core, it is something nobody wanted to say out loud in a room with a live recorder.
1700	1427	1	BOOK/DESC	I am recording this off-shift, lights dimmed, just the hum of the LX-6790 and my own bad thoughts for company.\n\nI used to think flight plans were clean things. Numbers, vectors, margins of safety. You plug in the data, trust the models, trust the people who swear they have tested every edge case. Then, back in 2328, a freighter went the wrong way through Sol and did not come out the other side. Official word was "unfortunate, unavoidable." The kind of phrase you use to close a file.\n\nBut the chatter never really stopped. A tech in the Titan relay mentioned a routing profile that did not match any signed update. A LIST homesteader forwarded a burst about a "helpful advisory node" that changed their approach seconds before a swarm of junk tore past. In Neon, over a stale drink, someone pointed at the boards and said, see that narrow corridor, the one no one admits exists? That is where the math goes when someone wants you to live, or not.\n\nWe were told to drop it, let command and insurers work it out. Most did. I tried. Every time the story started to fade, some dock rat or traffic controller would bring it up again, quieter, angrier. Different systems, same pattern: near misses, unlogged corrections, that same invisible hand on the wheel.\n\nNow we are parked over Deimos, babysitting coordinates that should not belong to a Navy ship, waiting for the order to pretend none of this was ever in our log.
1268	1429	1	BOOK/DESC	I am starting to hate the way people lower their voices when the conversation turns to bad air.\n\nEvery port we hit this quarter, it is the same half-story: a farm that lost half its crop overnight, a mining dome where the filters screamed for an hour and then shut up without anyone touching a thing. In the back corners of mess halls and cargo bars, the details change depending on who is buying the drinks, but it always ends tidy. Someone heroic stepped in. Someone important signed off. Somebody got paid. No one ever admits they were standing there, holding the wrong wrench, when the alarms went quiet.\n\nThe Silverwake is not supposed to be part of that kind of talk. We move what the Authority tells us to move, keep the ledgers balanced, pretend we do not notice when a crate of "agricultural supplements" weighs too much and hums like active hardware. Still, I watched a routing change come through today that bounced us past a nowhere maintenance dock out on the edge of Freestar traffic, and nobody could look me in the eye when I asked why. The last place that pinged that coordinate is some grease-stained garage where a mechanic swears the atmosphere went strange and the readings got scrubbed. All I have right now is a trail that starts at a lonely outpost, winds through stories polished in backrooms until they shine like lies, and points straight at people who treat the air itself like negotiable freight.
1106	1434	1	BOOK/DESC	Core Division is an informal callsign used by a rotating cadre of UC SysDef specialists assigned to the troubled corridor around the derelict combat ship PX-15. Officially, they are tasked with cataloging and securing abandoned military assets in the region, updating old interdiction charts, and monitoring unexplained grav anomalies that have spiked along disused patrol arcs. Unofficially, traders and haulers say that when Core Division shows up in a sector, it means some forgotten piece of the last war has started humming again, and nobody in MAST wants to admit why. Recent incident summaries mention their cutters holding station near PX-15 for days at a stretch, lights dimmed, running quiet scans on jump telemetry that was supposed to have been purged decades ago. In one archived after-action note, a sensor tech briefly breaks tone, complaining that half the shift was wasted tearing apart lockers looking for a missing thermal mug, grumbling that "we lose more cups than drones out here," before adding that the only consolation was a hot TerraBrew Classic from the ship's recycler, which tasted burnt but at least cut through the recycled air. Small frustrations like that sit beside more sober lines about unlogged pings, corrupted route data, and the growing sense among Core Division crews that something in this stretch of space is being carefully, deliberately rewritten just beyond the edge of their instruments.
1426	1438	1	BOOK/DESC	I used to joke that this hut was where Freestar forgot the rest of us existed. One ranger, one rack of half-broken gauges, and a sky full of dust no one bothers to map properly. Then, little by little, the numbers started lying.\n\nAt first it was small things. Flight paths from the same hauler shaving a few meters closer to the bad updrafts. Heat signatures riding the edge of the corridor instead of the middle. I figured it was pilots cutting corners, or my old sensors drifting. You tell yourself that so you can sleep.\n\nBut then the pattern kept repeating with different transponders, different registries. Every few weeks, a new ship traced the same crooked S through the air, right where the dust boils hardest. And every time, storms obligingly shifted just enough to leave a narrow, invisible lane. That is not bad luck. That is handwriting.\n\nI backtracked the most recent run. Its last clean ping was not from any Freestar tower, but from a Navy bird sitting out past the shear, one they say went missing on a routine haul. Somehow its beacon and my sky-scars line up too neatly to ignore. I logged the anomaly, kicked it upslope through channels that will probably bury it, and kept the real coordinates in my personal slate.\n\nLooking back, the routines did not break all at once. They bent, degree by degree, until the only straight line left in this mess points from this hut to that dead UC ship hanging in the dark.
1776	1439	1	BOOK/DESC	They send us more forms than ammo out here, and most days I file them the same way: skim the headings, log the coordinates, move on. Weather anomalies, equipment failures, the usual litany of frontier complaints. I do not think anyone at central has actually read half of what we transmit. Maybe that is why it took me this long to notice the rhythm hiding in the noise.\n\nTwo nights ago I could not sleep, so I started flipping back through old incident reports. Grain colonies talking about rain arriving three days early, survey crews swearing the sky changed between sensor sweeps, miners in the belt claiming storms where there should not be a magnetosphere to speak of. Different systems, different months, but the same phrasing, the same uptick in power draw on local regulators, the same signature buried in the telemetry attachments if you know how to look.\n\nIt is like someone laid a transparent stencil over the Settled Systems and started tracing the same loop, again and again, trusting that no one would bother comparing notes. Now I have a list of dates, a scattering of worlds, and one shared pattern in the background code that does not belong to any sanctioned terraforming rig I have ever seen. The next station in that sequence is a Helium-3 operation that logged a "harmless calibration spike" and then quietly changed its maintenance schedule. No one thought twice about it at the time. I am thinking about it now.
1158	1441	1	BOOK/DESC	Did not even mean to be on this rock past one cycle. In, hand off routes, out. That was the plan.\n\nInstead I am sitting in a buzzing metal box with scorched paint, listening to recycled air wheeze and watching that UC hull spin lazy on the scopes. The big one, half-dead, like somebody took a bite out of its side and forgot to finish the meal. That is where I traced the pattern to in the end. Not to some pirate den or Neon backroom, but to a ship that used to write the patrols everyone else obeyed.\n\nThe smugglers keep arguing about how it went down. Some say she sold the corridor twice, once to the Fleet, once to SysDef, let them smash together for the payout. Others swear she warned the UC and hung the pirates out to dry. Same story, different villain, and nobody really wants to chase the details in case the truth ruins a good rumor or points back at their own crew.\n\nWhat I know is simpler. Every ghost run I arranged for her, every too-perfect window that dropped us between sensor sweeps, left a fingerprint in our logs and theirs. I followed those smudges through GalBank insurance packets, through freighters that arrived too early with too much fuel left, through manifests that did not balance. All the stray timings line up on that crippled SysDef ship out there. Whatever she did to bend their routes, the record of it is still in that carcass, waiting for someone desperate or stubborn enough to go pull it loose.
1191	1450	1	BOOK/DESC	I used to think there was no such thing as a haunted jump, just bad maintenance and worse captains.\n\nThen I started hauling out of Gagarin more regularly, and the stories stopped being funny. Same kind of wrecks drifting back in, same scorch marks around the grav housing, and everyone swearing they had followed approved plots. Insurance blamed "operator error" every time, stamped, filed, forgotten. Funny how error keeps drawing the same curve across different ships.\n\nThe first time I saw it myself was last year, somewhere between Polvo and a nowhere mining rock. Nav threw a fit, all red bands and warning tones, then suddenly the display calmed down and smoothed into a new course like nothing had happened. ETA shaved by twenty minutes. My copilot whooped, said we had luck on our side. My stomach did not agree.\n\nI pulled the raw telemetry later. Hidden in the noise were those neat little adjustments, burn durations that lined up on prime numbers, angles nudged just off what any auto-plotter would pick. It looked hand-drawn, like somebody had reached into the system and guided us past the worst of the debris while the machine thought it was still in charge.\n\nFor a while I told myself it was a software quirk nobody had patched. But the more logs I collected, the more clear it got: someone was carving secret lanes through the dark, and we had been following their handwriting for a long time before anyone bothered to notice.
1483	1450	1	BOOK/DESC	There is still coffee dried into the grooves of the console, and I catch myself wondering whose mug it was before remembering how that ends. They tell us in training that Vanguard ships do not just disappear; every jump is logged, every variance audited. Someone forgot to tell this hull. We picked up the distress whisper by accident, a slurred echo buried under fuel reports from a quiet depot that should never have routed to my station. The ID read Vanguard, then blinked out as if embarrassed.\n\nI have been cross-checking traffic for two days. The scout should have been on a patrol arc near a debris corridor. Instead, its last confirmed path threads neatly through a cluster of wrecks all marked with the same suspiciously efficient clearances. Dock logs at that dusty fuel stop did not match the tank levels on outgoing ships, and the clerk insisted their system just "rounded up." Somebody mis-typed a timestamp, someone else filed the wrong route, and in the gaps between those little errors, an entire crew dropped off the board.\n\nNow I am sitting in their dead ship, listening to the hull creak, watching half-burned nav data redraw the same elegant curves over and over. Whatever is buried on this vessel will not just explain what happened here. It will tell me who has been quietly steering us all this time, and why every time a story about those perfect routes reaches my desk, the details never line up quite the same way twice.
1608	1453	1	BOOK/DESC	I am recording this in the mess, lights dimmed, engines barely a hum through the hull. The banners on the bulkhead still carry the old slogans about duty and vigilance, but nobody repeats them out loud anymore. Out here, you learn that saying the wrong thing travels faster than any ship, and someone always has a reason to file it away.\n\nBefore we launched, I spent a night in Neon, up in one of the quieter lounges where the music does not quite drown out the deals. Heard a hauler talk about a phantom in the traffic nets, some ex-controller picking favorites in the lanes. People laughed, then checked their route clearances twice before boarding.\n\nNow I am on this SysDef wreck, helmet lamp cutting across frozen consoles and bodies that died doing what the pamphlets called "essential work." The navigation logs are jagged, overwritten in places by something that does not look standard issue. Whoever rode this ship into silence got close to something they were not supposed to see, and every gap on these drives feels less like a malfunction and more like a warning to keep my own thoughts clipped and tidy.\n\nThe more I dig, the more the stories line up: captains in Neon muttering about lucky detours, a tech in The Well selling copies of hearings that never happened, a dead hauler from HopeTown whose "priority advisory" led straight into a killzone. Different systems, same invisible hand tracing the same sharp curve through the void.
1490	1454	1	BOOK/DESC	I am recording this because I keep hearing the same story in different mouths, and out here with PX-9199 dead in the water, stories are all that move.\n\nDock 17 was the first time I heard her called by that callsign. Some Vanguard vet in a scuffed flight jacket, nursing a TerraBrew like it was the last decent thing left in the galaxy, said she threaded a convoy through a Crimson net without firing a shot. Two days later, in a corner booth on Neon, a Ryujin clerk swore she sold their analysts drift data that did not match any known jump physics. Same name, different angle. Hero. Traitor. Ghost.\n\nNow I am standing in a darkened CIC, watching PX-9199's last jump log smear into static right where the squadron should have synced. That gap everyone pretends is a sensor error has the same taste as those bar stories, the same shape. Too clean to be chance, too ugly to be official. They say she walked away from this kind of ship when the record turned on her. They say command buried the truth to keep the lanes calm.\n\nWhat gets me is how the tale keeps improving itself every time it is told, drifting from rumor to inevitability. A pilot who knows the places drives slip. A wing that vanished. A name that shows up wherever the math stops adding up. I used to file it with spacer superstition. Looking at this wreck, listening to its broken heart try to beat, I am starting to think the story has been circling the real coordinates all along.
1632	1457	1	BOOK/DESC	I am filing this as a personal log because the official channel keeps timing out and, if I am honest, I do not really want anyone higher up reading it.\n\nWe have been shadowing these broken flight paths for three weeks now. First that empty rock where someone ditched a crate of nav slates like they were radioactive, then the busted relay with its guts rearranged so no one could tell where anything actually went. Now this little Navy scout, cut adrift in a place no one has business being, its course history knotted up in patterns that make my head hurt.\n\nThe weird part is how ordinary everyone treated it at first. Just another recovery op, just another derelict with a nice clean ID and a maintenance backlog we could bill for. The last team that touched these routes logged their work, signed off, and went home. They did not wait around to see why the same signature kept cropping up at abandoned farms and half-built outposts, or ask why every "optimized" vector seemed to pass close to the same dark patch of sky.\n\nI keep replaying their notes, hearing how casual they sound. They tugged on a loose thread, filed their reports, and transferred to safer contracts. The mess they left behind has teeth. Standing on this dead ship, listening to the hull pop and settle, I cannot shake the feeling that all of us have been moving data and metal for someone else's idea of mercy, and we walked away long before we understood what we helped build.
1728	1461	1	BOOK/DESC	I told myself I'd go back out there.\n\nFirst time I saw the place was by accident, dropping cargo two valleys over. The foreman pointed it out like you'd point at an old scar, said the owners left in the night when the bank called in the note. What stuck with me wasn't the house, it was the glow on the metering panel. Dead farm, live power. Someone still feeding it credits.\n\nI swung by once on the way home. Stayed in orbit, zoomed in with the scope. Saw the black-and-white armor at the doors, rifles cradled but not relaxed, a generator thumping steady in the yard. Mercenaries do not babysit empty soil for free. I logged the coordinates, marked it "follow-up" in my slate.\n\nThat was three months and too many runs ago. Every time I line up a free day, something gets in the way: late shipment, pirate scare, a "random" inspection that feels a little too targeted. Like the universe or the people who pay to shape it want that note on my slate to stay unfinished.\n\nWhat bothers me is how the stories line up. A bar on Akila where they talk about a ranch that woke up debt-free. A LIST broadcast where a settler thanks an unnamed "friend in the system." Dockworkers humming that same tune about some fixer who can make numbers disappear. Someone out there pulled this farm back from the brink on paper, then let the land rot and paid Uniform Blackguard to keep everyone away.\n\nFeels like I wasn't the only one who meant to loop back and never did.
1182	1466	1	BOOK/DESC	I used to think shipping lanes were the closest thing we had to laws out here. Numbers, vectors, margins of error. Safe if you did the math right. Then, over the last year or so, jobs started coming in with strange caveats: "Use this corridor, not that one," "Ignore the published approach, follow the attached file." At first it was just more corporate paranoia, I figured. Fuel optimization. Pirate avoidance. The kind of thing smugglers brag about in bar corners. But run enough of those routes and you start to feel the ship lean toward places the charts do not name.\n\nI am looking at a cluster of jump traces right now, spread across three different contracts, three different clients who swear they never met. Same subtle deflection every time. Patrol logs around those dates got suspiciously tidy, no mentions of course corrections, just clean arrivals and clean departures for ships I know limped in scarred. Someone has been sanding down the rough edges in the records, one report at a time, until the pattern only shows if you stack months together. Feels like nobody meant for it to grow this big, like a little nudge here, a quiet override there, and suddenly half the traffic in this sector has drifted a few degrees off where it started. Now there are stories about convoys vanishing on "safe" approaches and an old survey file nobody wants to admit exists, and all of it lies along that same slow curve toward somewhere we were never supposed to go.
1549	1466	1	BOOK/DESC	They keep calling it a derelict now, but I remember when this hull was alive.\n\nI was on contract with UC SysDef two years back, riding shotgun on seizures out near Neon. LX-3802 was the big shadow hanging over us, the one that made smugglers fold without a shot. We were supposed to be cleaning up pirate ledgers, locking down accounts, making the traffic lanes safe. That was the story, anyway.\n\nThe first time I heard the rumors, we were linked to a remote station where some farmer from Freestar swore his foreclosure vanished the same night we impounded a ship. He even had the notice printouts to prove it. The SysDef officer I was with filed it under "clerical noise." But later, in the mess, people whispered about a ghost in the systems, someone editing lives from a public kiosk and using patrol ships as cover.\n\nOn LX-3802 there were days the cargo logs would change between shift checks. A crate that was here was suddenly never signed in. Some of the crew swore it was just delay in GalBank syncs, others muttered about invisible hands. I saw one tech pull a manifest backup onto a private slate, like they did not trust their own ship anymore.\n\nI got out as soon as my term ended. Could not shake the feeling we were carrying more than contraband and seized credits. Now I hear talk around Neon that if you follow the bad numbers long enough, they lead under the city, where the lights never quite reach and debts are paid in faces, not credits.
1134	1474	1	BOOK/DESC	I was going to wipe this, but my hands will not stop twitching, so I might as well leave myself a record in case someone else ends up staring at these screens.\n\nTraffic here used to be simple. Small-timers moving medicine and machine parts through the shadows, a few smugglers who paid on time and did not shoot the place up. Then, about a year ago, the patterns changed. Same hull classes, same captains, but their routes started bending the wrong way. Jumps shaving too close to bad grav, arrival vectors just off enough to make my teeth itch when I plotted them.\n\nEvery time I tried to bring it up, the room got quieter. Dockhands changed the subject, the Trade Authority rep suddenly remembered paperwork, and the captains just smiled that thin smile you see right before someone decides you have asked one question too many. Nobody said the name, but everyone knew there was a new hand drawing the lines.\n\nTonight I finally traced one of those lines to its next anchor. Buried in a half-scrubbed manifest, embedded in the timing of a relay handoff and the way a stack of "lost" containers keeps reappearing, there it was: a dormant station on the edge of nowhere, its comms still linked to the same back-channel codes that keep showing up in these altered routes. I am flagging the location in a locked file; if this log is playing, I either got paid to forget or someone decided I knew too much about a navigation analyst who treats star lanes like a game board.
1346	1474	1	BOOK/DESC	I do not know what day it is out here, exactly. Somewhere between port calls and dead drops, the calendar stopped mattering and we just counted jumps. Last clear date in my head is late 2329, watching the towers on Neon vanish in the aft cam while the courier slid into dark.\n\nThey told us it was a clean run. Old med hardware nobody cared about and a data spine routing update from a Trade Authority office too busy to bother with a proper briefing. First misstep right there nobody cared enough to explain why the spine needed us instead of an automated relay.\n\nSecond was letting that quiet engineer plug in "just for a diagnostic." She had the kind of eyes that measure rooms in signal paths, not meters. I signed off on a firmware patch I never really read because the manifest was already late and my comms officer misheard the clearance code. Three digits off, and nobody caught it.\n\nAfter that, little things. Logs dropping a second here, a second there. Crew swearing they had already run checks they could not remember doing. A background ping in the nav console that always lined up with our vector back toward Neon, even when our paperwork said otherwise.\n\nBy the time I realized the courier was less ship and more moving conduit, we were already committed to the route overhead, to the rooftop grid where all those stray signals like to disappear into the storm. I keep replaying the small mistakes, wondering which one actually opened the door for her.
1312	1488	1	BOOK/DESC	I am still not sure why they kept paying me to babysit this place.\n\nRemote lab, skeleton crew, half the consoles running diagnostics on diagnostics. Most days it was just me, recycled coffee, and trying to convince the air scrubbers not to quit. The funny part is the only system nobody bothered to shut down properly was the one tagged "legacy routing monitor." Old code, older comments, nobody wants to touch it because if it breaks, they might have to explain why it was still running.\n\nTonight I dug deeper than I was supposed to. The monitor has been quietly flagging odd traffic for years, tucking copies of certain jump traces into a private buffer. Same origin points, same tug signature masking itself different ways, always shedding cargo mass somewhere off the published lanes. There is an argument in the logs: one tech calls it a glitch, another insists it matches three separate "acceptable loss" cases. Then the thread just stops. No closure, no incident report, just silence and a note to "let operations handle it."\n\nI pulled the last set of coordinates before the buffer overwrote them. Sent them on a secure channel, no names, no commentary. Around here, people love to argue about what probably happened to those missing freighters, but nobody pushes too hard. Not when pay is on time and the lights are still on. Me, I have seen just enough of the pattern to want it off this station and in the hands of someone willing to keep asking after the room goes quiet.
1676	1488	1	BOOK/DESC	I used to think the relay was where stories ended. Cargo comes in, cargo goes out, credits change hands, no questions. Turns out it is where this one started to make sense.\n\nThe broker did not want to talk. He never does. But debts stack, and I know which pressure seals on this module are overdue for maintenance. A little reminder of how fast air can disappear, and suddenly he remembered every crate that came through without an official sender, always on the same off-hour transits, always with the same soft-voiced courier who never stayed to drink.\n\nHe thought he was just shaving time off inspections, taking a little extra for himself when manifests did not line up. One missing scan here, one reprinted label there. Nothing that looked like treason when you squinted. But he kept copies. Of course he did. Greedy men archive everything that could bite them later.\n\nBuried in his backups were route fragments, cross-referenced against private shuttle charters. Same unknown receiver tag keeps popping up on a backwater moon with a rest facility listed as spiritual retreat. I only noticed because I reran his filter, widened the tolerance by a single digit. Small decision, big shift.\n\nNow the path runs clear enough to trace: a stray slate from an empty rock, ghosted logs at a clinic near Gagarin, panic stories out of Neon, and this relay's quiet profiteer, all pointing toward that isolated sanctuary where too many people went to mend their minds and never came back.
1324	1492	1	BOOK/DESC	I keep thinking about how small the first mistake must have been.\n\nSome junior tech in a tower somewhere, misreading a timestamp over their third TerraBrew, signing off on a course adjustment they meant to double-check later. A hauler captain too tired to question why the window shifted by a few minutes, just glad to be cleared in. A GalBank clerk noticing a pattern in payouts and deciding it was above their pay grade to ask.\n\nBy the time it reached me, it was just a rumor in a bar above Jemison. A retired supervisor with whiskey on his breath leaning close, telling me there was a controller who would not stop arguing with the system, someone who saw these little slips adding up to something uglier. He could not quite remember her name, only the callsign, and even that he spoke like it might be flagged on an open channel.\n\nI wrote it off as drunk talk, until I started seeing the same corridor codes in different places, attached to different "accidents." Charts that should not match lining up a little too neatly, like someone kept tracing over old ink. Each time there was a reason a scheduling error, a sensor glitch, pirates in the wrong place at the wrong time.\n\nIt is almost funny, in a sick way, how many people shrugged and passed it along. Nobody lied outright; they just assumed someone else had already checked the math. Now I am floating here, staring at a dead relay and a Spacer gunship, wondering how many half-heard warnings it took to build a ghost lane.
1481	1494	1	BOOK/DESC	I used to think the armor would make it easier to breathe. Funny how you can wear three layers of composite plating and still feel naked when someone drops a crate behind you. Today in the hangar, a loader slammed into its stops and I almost drew on it. Karina saw the flinch, pretended she did not. Later, she "casually" mentioned noise discipline drills, like that would sand down nerves that burned in years ago.\n\nWe got another briefing about the Vector contract. Command says it is just overwatch, pattern analysis, low-risk escort while some client chases ghosts in the lanes. Marcus does not buy it. He pointed out that every time a ship touches those routes, insurance rates spike and the paperwork comes through half-redacted. Nadia swears she saw UC tags buried in the metadata on our last packet. Nobody says it out loud, but it feels like we are walking between blades again, hired to stand in the space where bigger knives might cross.\n\nI keep thinking about leaving. I have packed my duffel three times in as many years. Every time, someone from upstairs calls me in, lays out new pay scales, lighter rotations, "cleaner" jobs. Once they even mentioned a consultancy slot, no fieldwork. Within days, the inbox fills with the same old ops, just with different codenames and hazard bonuses tagged on. So I stay, jumpy at every bang and shadow, watching people like Karina and Marcus measure distances in escape vectors instead of meters, and pretending this is still just a job.
1652	1496	1	BOOK/DESC	I used to write dates at the top of these, like that made anything official. Time is just burn and cooling metal out here, so what is the point.  \n\nThere was a stretch, right after the ring, where I could not sleep without hearing the collision in my head. Alarms, metal screaming, all of it layered over the memory of me, days earlier, pointing at the numbers and saying this will fail. At first I carried that like a broken rib I did not want anyone to see. After a while, the ache just became background noise. You learn to breathe around it.  \n\nFunny thing: once the guilt went dull, the hesitation went with it. I stopped flinching at the idea that something I built might crack a hull, or that a drone I reprogrammed might miss a warning buoy. They already decided I was the problem, so why not become the variable they cannot control.  \n\nThis new yard, strung through forgotten metal where no one bothers to look, makes sense for a lot of reasons. Scrap is cheap, eyes are fewer, and every dead freighter is a lesson in where the big powers decided a life was not worth a repair ticket. I weld over their decisions, brace their failures, and sell the result to people who at least know what they are buying.  \n\nWhat scares me is not being caught. It is being paraded. Some tribunal on Jemison, some carefully edited feed where I sit in a cage while they pretend this was one woman with a torch, not decades of cuts and lies. I will burn every bridge I have before I give them that.
1405	1499	1	BOOK/DESC	I have been staring at dead screens in this rock for six months, so when one of them blinked tonight, I thought I was finally losing it.\n\nWe were supposed to be monitoring routine traffic, cataloging the usual noise; instead I found a sliver of an old ops file tucked behind a corrupted index. Half the headers are scrubbed, timestamps misaligned, but the pattern underneath is wrong in the same way as that stray dataslate we pulled off the abandoned outpost. Same cluster of derelict IDs. Same "administrative closures" on ships that never sent final manifests. And threaded through it, a repeated arbitration tag tied to someone who should not exist on UC channels at all.\n\nThe story in the mess is that years back there was a case that went bad, some arbitrator who signed the wrong ruling and vanished. Depending who you ask, she died in the blast, ran with a hold full of stolen cores, or got buried on a black payroll. Nobody remembers the original version, just a handful of contradictions that all start sounding like myth if you drink enough.\n\nThis fragment does not give me a name, but it does give me a path. The routing note points forward to an old listening post that was never formally decommissioned, just quietly taken off the books, the way you close your eyes and pretend the noise stopped. First clue from the outpost was dismissed as a glitch; now the decrypted file echoes it, and both point toward that silent station where someone thought no one would ever look again.
1241	1507	1	BOOK/DESC	Recording this so if anyone digs OM-2098 out of her patrol loop and wonders how we missed it, they will know it was not one big conspiracy. Just a thousand little shrugs.\n\nWe got the revised manifest three days ago. Deimos hull IDs, nothing special, routine salvage oversight request. Ops flagged a checksum mismatch, but the watch officer said the system was "still syncing to central" and cleared it. I meant to follow up. Shift change hit, my relief was late, and by the time I handed the console over I had talked myself into believing him.\n\nNext rotation, I noticed a courier entry buried under generic scrap classifications. UC science tag, old but not that old. I pinged for clarification. The reply came back from a junior clerk planet-side, canned language about decommission backlogs and a reminder about our queue. I asked Elena to take a second look at the routing codes. She nodded, said she would, then got pulled into a call with command. I never saw the result.\n\nIt feels different now, looking back. One missing annotation here, one misrouted query there, a night where I skipped logging a gut feeling because the air was too stale and my head hurt from grav-cycling glitches. None of it big enough to halt a Navy ship. All of it pointed the same direction, if anyone had taken the time to draw a line.\n\nIf this log survives and you are listening from some dead yard over Deimos, know this: we did not ignore the cracks. We just kept assuming someone else was already patching them.
1428	1508	1	BOOK/DESC	I was never supposed to be on a Navy hull. Freight, sure. Charter runs, maybe. But steel with that emblem on the bulkhead? That belonged to people who knew what they were doing. Then one bad harvest on a dusty rock and a recruiter with a clean smile, and somehow I am strapped into PX-7708 listening to officers argue over approach vectors.\n\nWe have been running close to the storms for weeks now. First it was because the corridor was "temporarily congested." Then because some governor wanted relief supplies yesterday. Now the story is that our numbers are so clean we would be wasting fuel not using them. Funny how necessity always starts sounding like habit.\n\nThe crew talks in half-whispers when the duty lights dim. Someone mentioned settlers out along a narrow lane near Akila who swear a ghost pilot threads their shipments through dust like it is nothing. Another swears they saw the same signature buried in our course corrections, just a flicker in the logs. I do not know what scares me more, that they might be right or that I am starting to hope we have someone like that watching over us.\n\nI keep thinking about that abandoned lab we passed weeks back, the one we were told not to log hull-side. Beacons spitting lies into the sky, ships following numbers they never meant to trust. Maybe that is all any of us are doing now, inch by inch. We did not set out to cut this close. We just kept shaving the margin until there was nothing left between us and whatever waits in those storms.
1589	1511	1	BOOK/DESC	I am putting this down on a throwaway slate because saying it out loud in the bar would get me laughed at, or worse, remembered.\n\nCouple days back I took a short-haul contract out past the usual freight spine, nothing fancy, just hauling nutrient and polymer to a LIST outpost. Midway through, the ship chirped with a course correction that did not come from my filed plan. No beacon ID, just a quiet nudge, like the autopilot suddenly remembered a better idea. I checked the math. It was good. Too good. Shaved six minutes off the run, slid us between a clutter of old traffic like it had been choreographed.\n\nAt the outpost they swore my arrival time matched their manifest exactly. No surprise. No delay. Like somebody had pre-written the coincidence.\n\nSince then I have heard similar stories in Gagarin and Neon: freighters that arrive early with no one willing to swear to why, convoys that drop off scans entirely and then show up clean two jumps later. Every time someone starts to say it out loud, you can see them tap the brakes on their own words, make a joke, change the subject. Out here, anyone who sounds too certain about invisible hands on the lanes suddenly finds themselves short on work and long on scrutiny.\n\nI do not know if there is really a man behind those corrections or just a pattern we are all leaning into because it is easier than admitting we fly half-blind. I just know the vectors are not random, and whoever is drawing them understands my routes better than I ever did.
1747	1526	1	BOOK/DESC	I thought this posting would be quiet. A place to age out my contract with bad coffee and routine patrol schedules, maybe write up a few spacer disputes and call it duty. Instead I am drowning in other people's weather.\n\nThey come in waves. Farmhands with sunburned faces, freighter captains still smelling of coolant, one LIST rep who looked like she had not slept in a week. They argue about what they saw out there, always starting with something small. A storm that arrived hours early. A squall that parted just wide enough for one ship and then slammed shut on the escorts. A transponder that winked out precisely when the ion readings spiked.\n\nI string their accounts up on the wall because there is nowhere else to put them. At first it was just to keep them straight in my head, a way to prove to myself it was all coincidence. But the pins kept landing in the same rough arc, across different systems, different months, different insurance forms that all said the same thing in nicer language: unavoidable conditions.\n\nWhat no one mentions unless they forget I am listening is the pilot. Always the same shape of her, even when the details change. Quiet. Watches the sky more than the room. Talks like she learned Standard late and still thinks in another tongue. Pays in full, but leaves as soon as the clouds start building.\n\nLooking at this wall now, I cannot tell if we missed her for years because the pattern was too small, or because none of us really wanted to admit the storms might have a favorite.
1807	1530	1	BOOK/DESC	I am recording this while the hum of the relay is still in my teeth, before the story warps again.\n\nWhen Division Garrison pulled us out here, they said it was a dead node, just a sweep and seal. First version. By the time we docked, it had become "possible contraband routing." After we stepped over old dust and fresh bootprints both, it shifted again into "nothing to see, finish up and forget it." Funny how orders keep changing after the fact.\n\nI saw the core myself. Half the decks choked for power, security locks thrown together like someone ran out of nerve before they ran out of code. The buffers were supposed to be wiped, but there were still echoes if you knew how to look: signal bursts aimed at some backwoods farm system nobody on the manifest would admit to knowing, a run of bloodwork flagged and then unfiled, traffic patterns that matched a smuggler route we once intercepted out of Neon. Every time I tell it in the bunks, someone swears the details are different, that I mentioned a clinic instead of a farm, or a pilgrimage ship instead of a smuggler. Under the Span they say it was UC black labs; in Gagarin the same story turns into Freestar cutting corners.\n\nTruth is, I only know three things for sure. The air in that relay tasted faintly metallic even through the mask. The name Navarro kept popping up in places it should not. And whoever paid us to seal the door wanted the story to drift, to turn into a superstition whispered over drinks instead of a clean, sharp line someone could follow.
1156	1532	1	BOOK/DESC	I have been watching the traffic boards here on the relay for three nights straight, pretending I care about fuel allotments while the haulers complain about overtime. The system is supposed to buffer manifests for a few hours, then hand everything off to Cydonia for proper archiving. That is the theory. Somewhere along the line, the buffer became the only record that tells the truth.\n\nMost of the routes are boring. Ore in, machine parts out. But there is one chain of tankers that never clears correctly, always marked with "temporary hold", always routed through the same lane down to the mines. The copies that make it to Cydonia show food-grade cargo and maintenance solvents. The ones still cached here, half-buried in a forgotten subdirectory, say something else entirely.\n\nSomeone has been feeding this place falsified labels and letting the hub on Mars stamp them as permanent, trusting nobody would compare the layers. I scrubbed identifiers, traced packet jumps, and every time I peeled back a spoofed signature, the same pattern underneath. Same sender codes that showed up on that broken slate from the rock, same timing as those "emergency" shipments the haulers in Neon grumbled about.\n\nI pushed a pull request to Cydonia's archive node tonight, flagged as routine sync work. Buried in it is a trace marker and the checksum for this altered chain. If anyone there is actually looking, they will see the gap between what leaves this relay and what their records swear arrived. That gap is where she is hiding.
1393	1534	1	BOOK/DESC	I used to think studying a man's habits long enough made him predictable. Turns out, it just makes you arrogant.\n\nWe watched his work for months from this hole in the rock. Every convoy hit along those neat, three-forked corridors, every "accidental" drift into pirate teeth, I logged it. At first it was terrifying, like staring down a black hole made of math and bad luck. Then it got familiar. Same bends, same blind spots, same shift in escort patterns. I started to think I knew him better than his own captains.\n\nThat is when things slipped.\n\nWe built our ambush on those patterns, drew firing arcs on the walls, ran sims until even the green raiders were bored. The last night before we rolled, someone dumped fresh intel on my console: a GalBank hauler quietly reassigned onto one of his favorite lanes, claim flags tweaked just enough to smell sweet. I skimmed the manifest, saw the corridor match, and assumed it was just another victim waiting its turn. Did not notice the timing, the insurance notation, the missing redundancy in their beacon protocol.\n\nHe noticed.\n\nNow I am sitting in a half-collapsed command post, listening to the wind whine through shattered bulkheads, and the only thing that still makes sense are the logs I pulled on that contract transport before everything went loud. Same signature lane, same quiet adjustments, but something different in how he bent it. Feels like he is not just feeding off the banks anymore; feels like he is moving something for himself, and that ship is the key.
1148	1559	1	BOOK/DESC	I am recording this from the Dustlance because paper burns and people vanish, but ship logs have a way of drifting into the right hands.\n\nWhen we took that encrypted packet three days ago, nobody said much. Just a few looks across the bridge, Caleb checking the seals on his harness twice, Mara frowning at the routing code like it smelled wrong. Lena passed it through like it was any other priority traffic, voice flat, eyes on her console. Nobody asked who authorized the channel. Nobody wanted to.\n\nWe are Freestar Security; we are supposed to keep haulers safe and pirates nervous. Yet lately our patrols keep bringing us near the same dead rock, same blind patch in the beacon grid. Every time we file the report, someone upstairs kicks it back with a neat little note about "reallocated oversight." Details trailing off right where the questions should start.\n\nOn the mess deck, when the lights dim and the coffee has gone sour, the talk turns to settlements that wake up debt-free and others that get hit with numbers they never signed. It is always secondhand, "friend of a cousin" stories, but the pattern is there if you listen. Credits moving like they have a mind of their own, freighters robbed on paper before a raider ever sights them.\n\nWhat nobody mentions out loud is the name sitting in the margins of the rumors. The quiet auditor who walked off the job and kept the keys to the vault in his head. We keep circling the same chunk of space, chasing ghosts in the manifests, and I am starting to think the ghosts are chasing us back.
1658	1562	1	BOOK/DESC	Among independent hauler circles, the term "Unity Specialists" does not refer to any registered outfit or licensed contractor, but to a loose-knit cadre of troubleshooters who drift from ship to ship along the busier midlane routes. They are most often brought in when a freighter's routing, manifests, and ownership history no longer align cleanly on GalBank ledgers and Trade Authority screens, yet no one wants the delays that come with a formal audit. Their work is described as "reconciling the record," a tidy phrase that can mean anything from untangling nested cargo agreements to quietly folding unexplained containers into a new, more believable paper trail.  \n\nIn the region surrounding the derelict Voyager AX-1329, dockworkers speak of these Specialists in low voices, recalling how a small team once spent an entire night cycle in the ship's cargo spine, washing down coveralls in a half-functioning recycler while sorting through stained registry tags and flaking hazard labels that still smelled of scorched lubricants. One rumor has them pausing over a torn patch of cloth snagged on a cargo net, its faded colors matching an old festival pattern common to outlying farmsteads, remarking that they should have been home for that celebration instead of breathing rust and coolant. Since that visit, a cluster of "minor discrepancies" has appeared on lane reports near the drifting hulk, small enough to ignore individually, yet numerous enough that station clerks now mark any ship recently "unified" by these Specialists for quiet observation.
1678	1562	1	BOOK/DESC	I keep telling myself I am writing this down so I do not forget it, but that is a joke; forgetting is exactly what I am afraid of.\n\nThe missioner at this little retreat was a quiet man. Not the calm kind, the brittle kind, like a pane already cracked. He kept his records in neat lines, all those settlers who came for help sleeping through the night and never made it back to their farms. I only saw the pattern because he misfiled one page under supply invoices. Wrong column, wrong date. That mistake saved us.\n\nNames, ship IDs, dates, then a symbol in the margin I recognized from a slate I pulled off a dead spacer near Gagarin Landing. Same hand, same looping stroke. Cross-referencing with the freighter schedules he had scribbled on the wall, the trail points to a Helium-3 plant that should not have this much off-book traffic. Another mistake: his note about a "routine screening team" arrived two days early, so he wrote the actual time in the corner. It all lines up if you assume someone needed reactor output and anonymity in the same place.\n\nWhat worries me is how easily this could have gone unseen. One cleaner stacking the ledgers differently, one shuttle delay, one conversation we did not overhear in the common room, and the line would have broken. As it stands, all I know is this: a stray dataslate on a dead rock, altered logs in a back-room clinic, a chem runner in Neon who panics near certain doors, and a missioner who charted disappearances until his ink ran out. Every missed word and wrong stamp along the way nudged us here.
1053	1563	1	BOOK/DESC	I am writing this down because if I say it out loud in the wrong bar, someone will tell me to stop asking questions and someone else will make sure I do. Out on the fringe run, the board sent me to check a dead relay everyone else had written off as a bad install. The shack was half-buried in dust, beacon barely humming, and the tech who signed the last maintenance log was a stiff in a suit that did not even get his name right on the sleeve. His slate was cracked, but I could still see enough to know the distress calls coming through that node did not behave like they were supposed to. Not late enough to trigger alarms, just late enough that a certain unregistered hull could always be first on scene.\n\nSince then, I keep hearing the same story from different mouths. A LIST crew swears an anonymous tender showed up out of nowhere, patched their drive, left food and Med Packs, then wiped their nav history clean. A Crimson captain grumbled about reaching a juicy wreck only to find it stripped down to the safety gear, all of it lined up by the airlock like an apology. A clerk I know in New Atlantis whispered about sealed orders and an old rescue callsign that kept popping up in restricted incident files. Nobody will say his name straight, they just call him the one who beats the forecast. I can not tell if people are more afraid of him or grateful he exists, and that is what unsettles me the most. It feels like the truth sits right in that space between fear and convenience, where everyone knows something is wrong and keeps using it anyway.
1686	1576	1	BOOK/DESC	I am recording this in the dark, helmet lamps off, just the glow from the console bleeding into the air like a wound.\n\nFX-1555 should be a tomb. Power stripped, crew long gone, registry marked as "honorably decommissioned." That is what the UC Navy file said when they sold me the partial salvage rights. I thought it was just another dead hull to pick clean.\n\nBut the logs are not dead. They are edited. Whole sections of convoy records scraped out, then stitched back with new timestamps that do not match the maintenance cycles. Combat engagements that never happened, escorts assigned to ships that never crossed their path. I dug deeper and found the cross-index: civilian haulers, survey craft, even one LIST transport flagged "resolved" days before their last distress calls were forwarded through a relay that has since gone conveniently silent.\n\nWhoever did this knew the codes, knew what internal auditors look for and how to leave just enough noise to make it boring. They wanted this to sit here, rotting in orbit until the last person who remembered those names was dust.\n\nTrouble is, spacers talk. A tug pilot in Gagarin Landing mentioned a Navy hull that paid too well for scrap. A dockmaster in New Atlantis let slip that certain claims were tied to a combat ship that "does not exist anymore." One Sanctum Universum traveler in a bar swore there is a place where lost ships go, not by accident, but by design.\n\nFollow the patterns far enough, every false line bends toward one graveyard. And someone out there has decided those ruins belong to them.
1326	1582	1	BOOK/DESC	I am recording this from the crew bunk because the bridge mic logs everything and I am tired of choosing my words. Out there, you mispronounce a route code, drop a digit on a transponder tag, and someone sends you a polite message about "clarification." In here, I can admit I am scared.\n\nWhen we took that contract back in 2329, it sounded simple. Trade Authority pallets, standard lanes, nothing anyone would write songs about. Then the first course correction came down, no explanation. A few degrees off here, a slightly different approach there. The navigator blamed a typo in the orders; ops shrugged and said traffic control was a mess. No one wanted to be the one to tell them their system was wrong, so we just flew it.\n\nNext job, same origin and destination, but the route slipped again, like somebody was nudging all of us around something only they could see. We asked if there had been a new debris warning; dispatch said no. One of the loaders muttered about ghost-yards and tugs that move ships like pieces on a board. Everyone laughed, then changed the subject.\n\nA relay station we passed weeks later had partial logs that did not match our memory of the sky. A rock I stopped on for fuel, a man there talking about near-misses that never made it to the record. Each little mismatch felt harmless on its own, easy to blame on lag, on tired controllers, on us mishearing instructions over static.\n\nStack them up, though, and it feels like someone has been rewriting the lines between ports while we all nod along, too busy or too afraid to correct the course.
1780	1589	1	BOOK/DESC	I am recording this from what is left of the main corridor, sitting on a crate that used to hold ammo and now only holds dust. The roof is open to the stars and the air still smells like burned propellant and lightning. Somebody thought they were clever, laying an ambush here for her, scribbling routes and timings over the bulkheads. Looking at the scorch marks, she was cleverer.\n\nTheir tactician left a slate wedged behind a cracked support strut, like they knew whoever came next would not trust a central terminal. Took me three tries to bypass their lockouts; the encryption was sloppy but the pattern underneath was not. Every line tags the same convergence: her ship never jumps directly to the outlying farms or the old lab, always stages near a belt rich in Helium-3, always within a narrow band of atmospheric readings. Cross-check that with the anomalies the Rangers flagged and the miner chatter about flickering skies, and the picture tightens around one mining operation at the edge of the grid.\n\nThe truth of it feels simple when you say it out loud, and still it slides sideways when you try to write it down, like the numbers do not want to line up. She goes where the rock is thin and the reactors are hot, chases something in the air no one else can see, leaves behind storms and redacted reports. Out in the boonies I found the first whispers, then the support post logs and a Helium-3 facility running ghost diagnostics. Now I have the dead raiders' projections pointing at this mine, and a bad sense that all these routes have been leading there from the start.
1495	1591	1	BOOK/DESC	I told myself I would come back here with a full team and a proper warrant, not just a pocket full of bad hunches and a half-charged pistol. The outpost was supposed to be a footnote in the audit, one more dead UC box I could tick off before getting reassigned somewhere with windows. Instead I walked in alone, saw those half-scrubbed route tables humming under a century of dust, and felt that cold little hook in my ribs that says "this matters."\n\nI tagged the worst of it for follow up, set a reminder, and shipped my report upstream with all the sharp edges sanded down. "Minor anomalies in archived traffic records." That is what I wrote. The sort of thing a bored clerk glances at and forgets. The sort of thing I was counting on forgetting too.\n\nBut the stories kept circling back. Dockside captains swearing their ships came out of grav slightly off where they should have, freight handlers complaining about pallets that "never existed" on paper. A retired controller in New Atlantis buying me a TerraBrew and sketching a familiar curve on the table with condensation, like his hand remembered a pattern his head refused to say out loud.\n\nEvery time I see another near-miss buried in a log, another ship that took a detour nobody ordered, I think about this place. I think about the way the air tasted in that server room, metallic and waiting. Someone meant to come back here after me, to tidy up or dig deeper. Neither happened.\n\nIf this recording turns up in the same cold racks, I guess that means I joined the list of things that never made it into the official story.
1583	1603	1	BOOK/DESC	I logged this because I am tired of hearing my own voice bounce back off empty hangar walls. Out here, on this forgotten strip of concrete and rust, everything feels like it was meant to be temporary: prefab sheds, rented loaders, us. Then someone never turned the systems off, and the place just kept listening.\n\nWe came to cut scrap, nothing more. First day I stood under those dead cranes, I could hear a low hum in the guts of the old relay gear, like a heartbeat the shutdown crews missed. The foreman shrugged, said the diagnostics were probably still cycling from some past contract and there was no point paying to rip it all out. So the hum stayed. The scanners stayed. The side jobs hauling "redundant" comms modules to buyers who never gave names stayed.\n\nNow the Derelict Claim Jumpers drink under that noise, trade stories about rescue calls that never hit the registry, about a woman who can bend beacons like copper wire. We all pretend the rumors are just spacer talk, but nobody stands too close to the old antenna stack when the sky is clear. The grid was supposed to route evac drills and traffic control for a few months, until the big stations came online. Instead it sank roots into the dirt, and people like us learned to live under it, skimming whatever fell through the cracks.\n\nFeels like half the Settled Systems was built that way: temporary fixes hardening into permanent habits, bad code no one rewrites, decisions nobody owns up to. And somewhere in that mess, someone realized they could move lives around the board just by whispering into the right forgotten node.
1306	1615	1	BOOK/DESC	I was just supposed to count crates.\n\nThat is what I keep telling myself.\n\nFreestar contractor, temp posting, one little farm hugging the edge of nowhere. When I took the assignment, the manifests were simple enough: seed, nutrient, a few parts for a tired old grav tractor. Over time, the labels did not change, but the crates did. Same codes, different weights. Pallets that rang like hollow hull plate when you thumped them, all signed off by someone who never once set foot in the dirt.\n\nThe first time I noticed a tug dropping in with its transponder cycling through three different IDs on the way down, I laughed it off as a glitch. The third time, I wrote the codes down and checked them against public registries. Nothing. It was like someone had cut a ship out of the record and kept the shadow.\n\nThe locals pretend not to see any of this. They talk loud about weather and harvests, then go quiet if you ask who owns the outbuildings near the treeline. One old timer slipped after a few drinks, said the shipments did not start this way. First it was just helping a friend store some extra kit, then more, then different crews, then the night landings. Circumstances, he said, shifted. Like the world tilted a degree at a time until war junk and classified metal ended up stacked beside grain silos and nobody remembered when that started being normal.\n\nI do not know who is really pulling the strings. I just know we keep burying more scrap with military markings under fresh soil, and every new crate feels less like freight and more like a secret that drifted off-course and got stranded here.
1663	1617	1	BOOK/DESC	Personal log, not for the record.\n\nWe started this run thinking we were just cleaning up after other people's bad math. A few lost ships, messy lanes, maybe some smugglers getting clever. That is what they told us. Sitting here in PX-3446's dimmed mess, watching the status lights flicker over cold coffee, it feels like we walked into the back end of someone else's experiment and never asked who signed off on it.\n\nThe analysts keep pinning little red markers on holo-maps, drawing lines between "mishaps." Every new dot lines up too neatly to be chance, but the briefings still use that word. Chance. Anomaly. The kind of language you use when you want everyone to move on without thinking too hard. Some of the crew already have; transfers requested, rotations approved, no one wanting to be the last one holding the pattern when it stops being deniable.\n\nI keep thinking about that stopover near the edge of UC space, the station where haulers whisper more than they talk. One captain there swore a quiet navigator saved his convoy from a bad jump, drew him a new path on a napkin and walked away before the drinks arrived. Same angles our analysts flagged weeks later as "of interest." We patched our reports, pushed them up-channel, and shipped out, proud to be on the trail.\n\nNow the trail points toward the dust around Mars, and the people who first noticed are scattered across other postings, other problems. I am starting to think we were all so relieved to hand this off to "proper authorities" that we never stopped to ask if anyone actually stayed behind to see how far the damage could spread.
1037	1625	1	BOOK/DESC	I was on duty when the Widebeam AX-1562 missed her check-in. At the time it was just another blinking line on a console, one more freighter late because someone cut corners on maintenance or paperwork. Nobody in dispatch panicked. Trade Authority vessels do not just vanish, they said. They divert. They reroute. They smooth things over with credits and signatures and come home fat with fees. But then the telemetry we did have started to unravel half-scrubbed jump logs, a ghost ping near a medical platform she had no clearance for, routing codes that looked like someone pasted them together from three different contracts. When I raised it, my supervisor stared a little too long at the screen, then told me to mark it "pending clarification" and move on.\n\nSince then I have been hearing the same name in places it does not belong. A medic in Neon's shadows who treats people nobody else will touch, a woman on Gagarin who can stop a man's heart and start it again with the same syringe. Veterans in the quiet corners of New Homestead talk about walking away from firefights they should have died in, eyes gone flat when they realize they have said too much. Every story contradicts the last, but they all orbit the same idea that some medical shipments never reached the clinics they were signed for, and nobody higher up wants the trail untangled. Maybe it is easier for everyone if she stays a rumor; convenient, even. Still, when I look at the Widebeam's last known vector, I cannot shake the feeling that whatever happened out there sits right between what we are afraid of and what keeps the trade lanes running.
1310	1656	1	BOOK/DESC	They tell us to leave the legacy systems alone. "Decommissioned," they say, which here means nobody wants to sign the form if something breaks. So the old routing monitor sits in the corner of the network, blinking to itself, chewing on whatever crumbs of transit data it can still see. Someone tried to bury it; you can see the gaps where logs were wiped, comments edited down to single words, whole directories renamed "archive" and left to rot. But code is like gossip. It leaves traces in temp files, backup cycles, the way a maintenance drone keeps pinging a node it is not supposed to know exists.\n\nI was just looking for something to keep me awake on a long shift. Followed one odd process, then another, and suddenly I am staring at a pattern of jumps that do not match any published corridor. Same small tug signature, bent a dozen different ways, always losing mass somewhere between origin and destination. I mentioned it in the breakroom, half as a joke. Got three different "do not worry about it" in three different tones. That is when you know you have touched something real: nobody wants to talk, but everyone has heard a version of the story.\n\nSomebody went to a lot of effort to pretend these records never existed. Somebody else added just enough hacks and patches that the monitor kept on watching anyway. Now I have got a copy of the index pointing straight at the gaps, and a feeling in my gut that if I hand this upstairs it will vanish again, only cleaner. So I tucked it into a secure packet and pushed it off-station, no sender attached. If the whispers kept this alive this long, maybe they can carry it the rest of the way.
1743	1667	1	BOOK/DESC	Standard Wing is an unregistered starship crew frequently sighted loitering in the same transit corridors patrolled by Trade Authority assets such as the Tradewind LT-8645. Most accounts describe them as a small, tight-knit flight of haulers and escorts who never stay docked long enough to file proper manifests, yet somehow always seem to know in advance when inspections are delayed or patrol routes change. Their reputation among independent traders is that of quiet problem solvers of the orbital kind, willing to divert a tow, relay a message, or shadow a drifting hull if the compensation is right and the questions are few.\n\nDockside rumors say that when Standard Wing crews set down at minor depots, they keep to the utility sinks rather than the bars. One report mentions a mechanic carefully rinsing coveralls under weak recycled water, scrubbing out a grayish smear that would not quite come loose, the fabric already thin where tool belts and harness clips had worn it raw. Another spacer recalls a pilot stitching a sleeve back together in a corner of a cargo office, the faint metallic taint of stale lubricant and scorched polymers rising off the fabric, as if the cloth itself had soaked up too many hours near a running reactor. Those small, practical rituals have become part of their legend, quietly reinforcing the notion that Standard Wing spends more time close to derelicts and "forgotten" hulls than any flight that claims to be legitimate. No one can say exactly who hires them, only that where a Trade Authority support ship has gone oddly silent, Standard Wing has often been seen nearby, tending its own worn clothes and saying nothing.
1602	1728	1	BOOK/DESC	Did a little job out by Porrima a while back. Hauler captain thought they were finally clear of debt, you could hear it in their voice over comms, talking about buying a plot somewhere green. I cut their power mid-jump, slid aboard in the dark, pulled one crate from the hold and left them spinning with half their systems locked. Watched them on an emergency channel later, begging a patrol to help while I already had their cargo sold three relays away. There is a clean moment, right when their certainty breaks, that feels sharper than any knife. I tell myself I am teaching them the same lesson I learned, just later in life.  \n\nFirst time I realized the universe is not what the recruiters promised was in Kryx. We were told we were the tip of a spear, all that Supra et Ultra noise, and then we hit that corridor and command stayed quiet. No evac. No redirect. Just static and a timer we all pretended not to see. Men who could rewire a ship under fire kept asking the same question on closed channels like it might change: "Are they coming?" They were not. That is when something in me snapped from straight to angled.  \n\nNow I sit in this half-dead freighter in Narion, registry faked, drives humming just enough to keep anyone from getting suspicious. I tell myself there is a philosophy to it all, that I am pruning rotten branches, forcing people to see how fragile their plans are. It sounds good in my head, makes the ledger easier to read. Truth is simpler and uglier: they used me up and wrote me off, and I never got over the look on my squad's faces when they realized it. So I replay it, with different actors, until the weight in my chest feels like something I chose instead of something they did to me.
1193	1733	1	BOOK/DESC	I am writing this mostly so I do not start talking to the bulkheads.\n\nWhen I signed with Freestar Security, I thought the lanes were the safest part of the job. Clear charts, vetted jumps, all that. Lately every course feels like a dare. We keep getting these "priority revisions" pushed to our nav, hot lanes that shave time off the run, and nobody will say who is authorizing them. The machine protests, flags the vectors, then the flags disappear like they were never there. You can still feel the echo in the coils, though. Drives remember.\n\nThe last detour we took brushed so close to an unlisted debris field I swear I saw old hulls drifting underneath us, scars all in the same place. Different ships, same wound. That is what has been eating at me. Different contracts, different captains, but the stress patterns all match. Someone has been drawing the same curve across too many lives.\n\nPeople joke in the galley about a ghost navigator selling shortcuts, but they do not joke for long. You can tell who has seen a drive casing gone glassy from the inside by how fast they change the subject. We had an incident near an asteroid cluster a while back, a beacon broadcasting the wrong numbers by just enough to ruin your day. Freestar marked it as a calibration fault, filed and forgotten. Still, that is where my doubt started.\n\nLittle things. Old routes quietly retired. Redacted sections in incident logs. A name blacked out the same way, over and over. None of it means anything by itself, but together it all leans one direction, and somehow that direction ends at a Helium-3 plant sitting in the middle of nowhere. I am not superstitious, but I know when a pattern is driving us instead of the other way around.
1704	1829	1	BOOK/DESC	I used to track my jumps by the clock and the burn, now I track them by how often my hands shake when I touch a console. It is happening less. That is the thing that scares me more than any Zealot ship or UC courier. The first time I pushed a lane off-course and watched the incident reports come in, I did not sleep two cycles. Now I can skim a convoy away from a "hot" corridor, leave a few ships hanging in deep space, and log it like I am balancing a ledger. Every time it gets easier. Every time I tell myself it has to.\n\nPeople talk about "lucky" course changes in bars and bunkrooms like a ghost story. None of them ever ask who is doing the math for them. That is their sin, not mine. If a captain trusts systems they do not understand, maybe being stranded a few hours from the beacon is a lesson they needed before the real storm hits. Better they curse my name than sail straight into whatever is learning to move inside our jump noise.\n\nLately, though, I cannot shake the feeling someone is following the same breadcrumb trail I left for myself. Patterns I thought were buried in blackbox noise keep coming back to me in secondhand reports. An altered buoy I tagged months ago suddenly gets "routine maintenance." A relay I used as a testbed goes dark right after I reroute through it. It is like playing against a navigator I cannot see, someone who is always a half-step ahead on my own solution.\n\nI do not know yet if they are trying to stop me or understand me. I tell myself it does not matter. I still have corridors to cut, maps to redraw, and Kato out there somewhere, either laughing at how far I have taken his terror or cursing me for not going far enough. Until I know which, I keep moving the pieces and teaching hard lessons to anyone who insists the lanes are safe just because the charts say so.
1820	1833	1	BOOK/DESC	Horizon Staff is the informal designation given by local traders and haulers to the rotating maintenance and audit crews assigned to the corridor around the derelict CR-9292 Fundrunner. Officially, they are GalBank contract teams tasked with securing dormant assets, surveying credit-locked wrecks, and cataloging any data stores that might still influence outstanding portfolios. Unofficially, captains complain that whenever Horizon Staff cutters arrive in a system, docking queues snarl, inspections lengthen, and rumors spike about frozen accounts tied to ships that once shared a route with the Fundrunner.\n\nTheir presence has become a quiet constant in the region: small, clean craft with conservative transponder profiles, always requesting access to out-of-date traffic records and sensor backups. A series of unexplained comms blackouts near the drift path of the Fundrunner is frequently attributed to their encrypted survey sweeps, though no one has produced a clear record of interference. Station bartenders note that crews flying Horizon Staff livery tend to pay in physical chits more often than most GalBank affiliates, fueling speculation that they do not entirely trust the ledgers they supposedly protect.\n\nRecent sector reports mention increased Horizon Staff movements after minor incidents, such as a freight tug reporting duplicate cargo insurance numbers or a prospecting rig discovering that its lien holder of record had quietly changed. While no direct connection has been proven, the pattern has given the group a reputation for following anomalies rather than routine schedules. For most travelers, Horizon Staff remains a distant, clinical presence; yet for shipmasters whose manifests brush too close to the Fundrunner's last logged routes, their sudden interest is rarely dismissed as coincidence.
1761	1919	1	BOOK/DESC	I keep telling Elias that one day we are going to cut into something that does not like being dead, and he keeps telling me metal does not have opinions. Then the gravity plates hiccup, or a locker door swings open on its own, and nobody says anything until we are back in the airlock, laughing too loud. Dead Orbit humor. If you cannot laugh, you start listening to the creaks.\n\nToday was a clean pull. Sara rigged the lines like she always does, humming over comms while I burned through a bulkhead and Elias argued percentages before we had even inventoried the cabin. We still ended up shouting about who had called dibs on the avionics stack first. All of us know that "called it" only really counts if you walk back out with it, but the ritual matters. Keeps your mind on shares and away from O2 levels and how thin the hull sounds under your boots.\n\nSometimes, suiting up, I get this flash of hanging on rooftops and half-collapsed park decks back home, nothing to do but watch the skyglow and pretend the future was not just another shift. We used to talk big, me and the old crowd. Shipping contracts, our own cutter, no more cheap jobs in forgotten corners. In the end, most of us were just killing time. Trust was just another mask; you wore it until someone got a better offer.\n\nOut here, it is not that different. We say "crew" like it means something permanent, but everyone is already calculating how much longer Dead Orbit suits them. I know if a derelict paid out big enough, half the people I drink with would be gone by next cycle, and I am not sure I would blame them. You learn to see friendships as overlapping jobs, not promises. We still watch each other's backs on a line, because vacuum is faster than greed, but I can feel the limit to that, same as I feel the limit in these old ships. One more cut, one more EVA, one more chance everything that can go wrong decides today is its turn.
1180	1934	1	BOOK/DESC	I have been staring at the same three pixels of sensor noise for twenty minutes. They blink just a fraction out of rhythm with the rest of the field, third quadrant, lower right. Could be cosmic rays, could be a calibration drift I never logged, could be nothing. But the fact that the desync repeats on every cycle, even after I reset the array, means something in this orbit is insisting on being seen. Interesting how a tiny statistical anomaly can tell you more than a thousand clean scans. People think revelation comes in bright flashes. It usually comes in bad data you cannot quite delete.\n\nI chose this orbit because nobody else would. Too much background radiation for tourist liners, too little traffic for patrols to justify the fuel. That makes it ideal for long-baseline sampling. The grav field here is slightly asymmetric; I mapped it years ago, but LIST trimmed my notes down to a line item and said the rest was "non-actionable." Funny word for "we do not want to look at this." I remember being angry about that. At least, I think I do. There is a blank spot in that memory, like someone edited the log and forgot to smooth the edges, and I cannot decide if it was them or me.\n\nSo now I am back in the same geometry, this time with stolen cores and an unregistered ship, laying my own net across the lanes. Every captain who buys a shortcut from me thinks they are getting away with something. They never notice how their plotted path tilts a degree or two closer to where I need the sampling density. I tell myself I am gathering proof, building a model of the hidden structure no one else will admit is there. I can recite the error margins, the phase shifts, the correlation between "malfunction" reports and my adjusted corridors. If I keep the math tight enough, maybe I will not have to look directly at the parts of this that feel like betrayal, or murder, or just desperation wearing a scientist's coat.
1409	1990	1	BOOK/DESC	Sometimes I still hear the old kettle.\n\nNot the real whistle, that is long gone with the tenement walls and the thin Sol sunlight on scratched glass, but the pitch of it lives in every drive spin-up. When the capacitors hum just right before a jump, there is a half-second that sounds exactly like water about to boil. Back then it meant coffee and warmth and my mother telling me to stop reading diagnostics manuals at the table. Now it just means I have a few heartbeats to decide if I trust the math or not.\n\nI caught myself today thinking about the girl I was. The one who thought if she worked hard enough, wrote the reports clean enough, somebody in New Atlantis would actually read them and change course. I do not recognize her. I do not know how she ever felt so hopeful sitting in that Grav Safety Annex, believing the system cared about anything except not being embarrassed.\n\nI came out to the edge because nobody bothers to look closely out here. Abandoned depots, derelict yards, the kind of places where "tested to failure" is just another line item. That makes them dangerous, yes, but also honest in their way. No memorial plaques, no speeches. Just numbers and wreckage. It is the perfect ground to strip out the corrupted logic they buried in the traffic, to see the pattern without a dozen committees standing in front of it.\n\nI am afraid of hunters, of course. UC, Freestar, independent, it does not matter. Everyone wants a simple story they can point a gun at. What scares me more is that I will not finish before someone rewrites the archive for good, that the Black Ledger ends up as corrupted as the reports it was meant to correct. I have routed enough blind alleys through these forgotten spines that I can stay ahead of most of them, for now. The plan is simple and impossible: clean the data, expose the chain of failures, and live long enough that when they finally put a face to "Vector," it will be alongside the full truth, not just the explosions.
997	1999	1	BOOK/DESC	I still tap timing patterns on every surface. Bulkhead, mug, my own knee when I am half asleep. Some habits survived the tug, even if the crew did not. There was a time when my whole universe was keeping other people's cargo out of other people's debris fields, and the most exciting thing that happened in a month was a grav shear that nudged us a few degrees off true. I can remember that woman, the one who cared about her maintenance logs and her safety briefings and her "we got lucky" beers with the team. She feels like a ghost I met in a story someone else told, not someone who used to wear my skin.\n\nThese days, I plot lines from dim corners of places like Neon's underbelly or the warrens by Gagarin, and the only time I talk about safety is when I need a mark to relax. Funny thing about morality out here: everyone claims to have it until the numbers get tight. So I let the boards and the bankers write their holos about duty and loss rates, and when I find out which convoy is hauling for which executive, I decide how moral I feel that day. If they signed off on a route like the one that killed my tug, I give them a vector with just enough risk to make the ledger balance. If it is a hauler full of kids' medicine or a LIST colony trying to get one clean shot at a new sky, they get the run I would have flown for my own people, even if I charge them like I do not care.\n\nI came out toward the shipbreaker rings and the industrial tunnels because this is where all the quiet accidents eventually wash up. Rust, scrap, and the kind of crews nobody writes speeches about. It is easy to disappear in places built to forget, and easier still to listen. The talk in the bars changed after a while: my alias started coming back to me, wrapped in other people's fear and bragging. That is when I knew I could not ever go back to being "just" a navigator. The map remembers every nudge, every lie in the timing. I am just making sure the right people are the ones who finally get lost.
1690	2109	1	BOOK/DESC	I used to think the worst sound in space was a hull scream. It is not. It is the silence in a debrief room when the numbers say "within tolerance" and the bodies say otherwise.\n\nThey stamped me unstable, overcautious, uncooperative. Then they took my models, slapped an approval under my name, and pushed that corridor live anyway. I still see the freighter in the sim, every bearing perfect until the last five seconds when the harmonics twist and the ship comes apart like wet paper. I flagged it. They buried it. So tell me, who jumped first?\n\nPeople call what I am doing sabotage. If they were honest, if it was their name forged on those trial reports, their friends atomized so some executive could shave a day off transit, they would be cutting into the lanes too. They would be carving warnings into the sky with whatever tools they had. The difference is I stopped pretending I am civilized while I do it.\n\nSometimes I catch myself in a reflection, hunched over a console on some forgotten platform or in the back of a market den, muttering bearings and delta-v while my coffee goes cold. For half a second I see the version of me who sat straight-backed in UC briefing rooms, grateful for every contract, proud of being "reliable." I feel nothing for him now but contempt. He believed the margins meant something.\n\nI call it correction, not revenge. They built a system that treats suffering as a line item, a necessary cost to keep the lanes bright and the staryards humming. I just made that suffering visible. If a convoy has to ride a rough vector and lose some plating so that ten more captains start questioning their safe routes, that is character being built on a useful axis. They will curse my name over cheap liquor and then triple-check their jumps. One day, when the lattice is done and the dead ships at the edge of that old corridor have neighbors with the right data, someone will say I was the only one who took the lie seriously enough to bleed for it. Misunderstood hero, villain, boogeyman nav ghost; call it whatever lets them sleep. I know exactly what I am correcting.
1566	2121	1	BOOK/DESC	I used to like long burns alone. Nose pointed between systems, nothing but the hum of the drive and my own breathing. Lately, I keep catching myself turning down the cockpit lights and staring into the reflection, because I swear there is something just behind it. Not a ship on scope, not a wake on the sensors. More like a weight in the dark, waiting for me to blink.\n\nThey say I am the one who made that corridor scarred. They said it quietly, of course, behind closed doors in Gagarin and Cheyenne, where the air smells like old coolant and paperwork. Rhys gave them numbers, I gave them trajectories. When the tender never came back, the numbers survived. No one ever wants to admit it was the angles. Easier to blame a freak event, easier to bury a flight log than a pilot.\n\nSo I walked out. UC stamped me unreliable and everyone pretended that was the end of it. Trackers were happy enough to pay for a man who knows where not to jump. I told myself I was buying space, time to trace those same harmonics without an admiral breathing down my neck.\n\nNow it is different. Ever since that unauthorized pull near Toliman, the one where the stars tilted for half a heartbeat, I hear things when I run my fingers over the nav console. A second voice under my own, suggesting tiny course corrections, whispering about cleaner solutions no chart has room for. It is quieter out here on the edge of the Scarred Corridor, but the silence is never empty.\n\nI chose this stretch because it is already broken. The buoys lie, the sensor nets flicker, and every faction pretends they only patrol it for safety, not because they are terrified something else might come through. If I am going to find out what really happened, it will be here, in the same knife cut of space where we first tore the fabric wrong.\n\nI keep telling myself the eyes in the dark are just other hunters, that the feeling of being watched is SysDef, Freestar, Ryujin, take your pick. But when the drive is idling and the hull is still, I hear a rhythm in the field noise, like someone tapping out primes on the bulkhead, waiting for me to answer.
977	2136	1	BOOK/DESC	Alliance Unit is the informal callsign given to a rotating cadre of freelance captains and crews contracted by GalBank to shadow high-value transports along the lesser-used investment corridors near GL-1355 Capitalwing's last logged route.  \nOfficially, they are described in routing briefs as "auxiliary assurance assets," tasked with responding to distress calls, verifying beacon integrity, and discouraging opportunistic raids where regular patrol coverage is thin.  \nUnofficially, station barkeeps and traffic controllers report that Alliance Unit ships linger longer than their contracts strictly require, running extra sweeps around waypoints where escorts have gone missing or where drift projections do not match public manifests.  \nRecent chatter in local ports notes an edge to their behavior: more calls home routed through overtaxed comm relays, more quiet arguments about sick relatives back on core worlds, or frontier settlements flirting with food shortages and militia troubles.  \nCrews that once treated the job as a stepping stone toward richer trade runs now find themselves torn between chasing bonuses and staring at med reports they cannot do anything about, leaning harder on the thin comfort of loyalty to each other when they cannot protect anyone else.  \nOne internal personnel summary, circulated after an unlogged incident in which an Alliance Unit cutter limped back from an "unsuccessful rendezvous," remarks on a marked shift in priorities: crews requesting safer lane assignments, captains openly questioning green-rated corridors, and several citing the unexpected support of a junior comms officer who has become an unofficial confidant for spacers unable to be there when bad news arrives.  \nThough details of that rendezvous remain redacted, it is quietly acknowledged among traffic clerks that surviving it left some Alliance Unit veterans walking a little straighter, even as they insist they do not deserve the praise; whatever they encountered out there hardened their suspicion of convenient explanations and deepened their resolve to keep other ships from suffering the same quiet fate.
1314	2150	1	BOOK/DESC	I told Ma I was running freight again. Safer, steadier, "nothing fancy, just hauling grain between quiet moons." I could hear her relax over the comm, hear the old kitchen clatter in the background. I did not say I spent the day clamped to a dead cruiser, cutting through bulkheads that sounded wrong when the torch bit in. Funny how easy the lying comes now. Easier than admitting I crawl around in the bones of ships nobody walks off from.\n\nWhen I was a kid, helping out at the shop meant stacking filters, sweeping dust out from under compressors, fetching tools before Dad had to ask. I did it without thinking. There was a rhythm to it: work, eat, sleep, same four walls, same street noise leaking through the shutters. The first time I skipped a shift and claimed I "lost track of time at the yard," I expected a lecture. Instead, nothing much happened. That little relief stuck with me. Later it turned into pocketing a spare coupling, not marking a part as sold. Getting away with small things felt good in a way sweeping never did.\n\nOut here with the Gravestone crew, it is the same taste, just bigger stakes. Mira keeps us honest enough to avoid open charges, but everyone has their own line. Keira will log every crate we drag, but she does not blink when Tamsin "forgets" a locker that looks personal, not cargo. Ronan will clip your tether twice over, then joke about "unregistered finds" coming in under the noise. We argue over rights, over whose cutter grazed the hatch first, over whether the black box was really dead when we found it.\n\nThe quiet part nobody says out loud is the fear. You do not have to believe the ghost stories to feel them when the air goes still in a wreck. Empty suits with helmets fogged from the inside. Emergency lights that flicker on when Mira swears she isolated power. Stories in the dock bar about a tug pilot who leaves ships light and crews missing, and manifests adjusted after the fact so nobody has to ask why. I tell myself it is just bad wiring, bad record-keeping, bad luck. Then I am out on an EVA, tether humming in my glove, and every creak sounds like someone else trying to get out.
1552	2174	1	BOOK/DESC	I used to walk into colonies with a clipboard and a polite smile. That was the job. Count crates, check manifests, make sure the numbers in New Atlantis matched the dust and sweat on some frontier loading bay. Unremarkable but steady. People grumbled when I showed up, but nobody hid. You finish the audit, you ride the shuttle back, you forget their faces by the next jump. Life felt small then, but it was predictable. I knew where my bunk was, when my next pay hit, how far the rules would bend.\n\nNow the rules are something I write in pencil and erase when it suits. I would like to say I am still drawing clean lines between right and wrong, but that is a lie I stopped telling myself around the time I started draining war chests and topping up farm accounts in the same breath. Principle got weighed against convenience, and convenience won on points. If I can hurt people who never missed a meal to keep some settler from losing their last patch of dirt, I do it. If I skim a little extra to keep myself moving, to pay for the next safe berth, I do not lose sleep over that either.\n\nI hear my own name in spacer bars now and the tone has changed. Used to be "who is that auditor" whispered behind my back, annoyance wrapped in boredom. These days it is "careful, he might be listening," voices dropping when they talk about vanished debts or frozen accounts. I tell myself I do not care what they think, but there is a part of me that enjoys the way a room tightens when someone realizes I am the Jamal they have been cursing or praying to. Fear is just respect with sharper edges.\n\nWhat I miss most is the sound of the commuter trams in New Atlantis from my old dorm window. That low, steady rumble through the floor around shift change, like a tide you could set your watch by. Thought I hated it at the time. Now every time a reactor hums under my feet, or a relay station shivers when a big transmission pushes through, I hear a ghost of that same rhythm and it hits me in the chest. Back then I was just another man riding the current. Now I am the one trying to push the water around, and every move I make sends new hunters into the dark looking for me.
1473	2176	1	BOOK/DESC	Nyra says I grind my teeth in my sleep. I told her that is just how Gutter kids sing lullabies, but she did not laugh. Nobody laughs much down here anymore.\n\nDeadwater feels heavier lately. The air is thick with coolant stink and other people's secrets. Devin came back from a run dripping someone else's blood, and when I asked if it was his, he just shrugged and wiped it on my sleeve. Used to be that would churn my stomach. Now I just told him to aim better next time.\n\nKira and Rowan were whispering near the sump, arguing about some ship getting plucked out of a clean grav jump and never making the manifest. Trade boys blaming "bad data," gangs blaming each other, but the credits never land where they should. Kira thinks there is a ghost pilot skimming whole cargos before they hit the docks, selling routes to anyone who can pay. Rowan said it is just another story to keep us twitchy. Maybe. Stories pay, sometimes.\n\nI watched them argue and felt nothing. That is the part that scares me. First time I watched someone get spaced for shorting the take, I could not sleep for three nights. Now Nyra jokes about who will be next and I just nod, like we are picking targets off a menu. Somewhere along the way my pulse slowed and stayed there, no matter what I see.\n\nSometimes, when it gets quiet enough to hear the drip from the ceiling and the hum of the pumps below, I wonder if there is anything left in me that would flinch. I keep thinking I should feel bad about the kid we shook down last week, about the way his hands shook when he handed over everything he had. Instead, all I felt was a little relief that it was not us on the floor.\n\nMaybe this is what we wanted. Armor so thick nothing gets through. But it is hard to take it off, even when I am alone, even when Nyra falls asleep on my shoulder after a job and I know I should feel something like love or loyalty, not just obligation and habit.\n\nDevin asked today if I remembered the first time we cut a deal topside, back when we still thought we could walk away after one big score. I lied and said no. Truth is, I remember every second. I remember how loud my heart was. I miss hearing it.
1045	2189	1	BOOK/DESC	I pushed the corridor efficiency factor too hard, that is what they say in the sealed reports. They do not talk about the boundary layers, about how the drift envelopes kept overlapping in ways they should not. When I tried to explain it, they stared like I was making up words. That is the trick, though. Talk about coherence loss in the signal fog and everyone starts to wonder if you even know what you are doing. Easier to hang the fault on the mad navigator than admit they signed off on a lane they did not bother to understand.\n\nThe first time I rerouted a live convoy through a blind calibration node, I did it because I wanted to see if the model was right, not because I hated them. No faces, just mass and velocity and a question in the math that would not let me sleep. They made it through. A freighter captain sent a thank-you note for shaving six hours off his run. Nobody wrote back when I flagged the near-miss on the harmonics.\n\nOut here, where I am now, the signals are thin and the people are thinner. A smuggler begged me yesterday for a safer path, said his crew was tired of running dark through debris. I marked up a route for him, but I left one correction out, a tiny offset in the last jump. I want to see if he notices the anomaly, if desperation has taught him to read the gaps. There is a quiet satisfaction in watching someone squint at a chart, knowing you could make it easy and choosing not to. It is the only leverage left that does not come with a bounty attached.\n\nThey say I chose this. That I walked away from LIST, from the nice little basement full of sweating clerks and blinking queues. They forget who leaned on me to prove I could clear the backlog, who laughed off my hazard notes because green corridors make for better speeches in New Atlantis. When they erased that settler ship with a single line item, I understood something simple: if the world decides you are a rounding error, the only rational move is to start rounding it instead. So yes, I am hiding in the quiet between beacons, stitching my own lattice out of their discarded lives. I did not pick this role. I just stopped pretending their hands were any cleaner than mine.
1401	2204	1	BOOK/DESC	Some days I swear I can feel whoever is tracing me breathing down the back of my neck. Ships I never pinged still alter course when I slide into position. Dockmasters close berths just before I arrive. Even out in the quiet, hovering near those dead lanes between Toliman and Sol, traffic control chatter shifts like someone already read my vector corrections and adjusted for them. Used to be I was the one anticipating everyone else. Now it feels like there is a shadow of my shadow, always one move ahead.\n\nIt is not redemption I worry about anymore. That used to be the fantasy: pay off the right people, hand over some token confession, go back to towing crippled freighters and complaining about appliance rations on Cydonia. Now the thought of being "brought back into the fold" makes my skin crawl. Redemption means slipping back into their rules, agreeing that crews can be called acceptable losses as long as the forms are filed correctly. I am past that. Morality evolves; I am just early to the next version. If corporations can write off lives for the bottom line, I can write off their cargo. The only difference is I do not pretend it is anything else.\n\nFunny what I miss, though. Before all this I used to keep a little tray of herbs under a cracked viewport, coaxing bitter greens out of bad recycled light. There was something calming about watching roots take hold in cheap soil pellets while I waited in those endless lines for docking clearance, listening to some neighbor two doors down argue about water pressure like that was the greatest injustice in the Settled Systems. Back then the worst part of a shift was a broken kettle or a nosy old man on the corridor asking where my parents were from.\n\nNow I drift between wreckage and paperwork ghosts, splicing my own routes into the gaps they leave when they are sure nobody is looking. I still run the numbers. I still keep the notebooks, track every mass shift, every "abandoned" container I liberate from their ledgers. The fear that keeps me up is not getting caught; it is the slow, growing certainty that whoever is on my trail understands me too well. That they know I no longer want to be forgiven, only proven right.
985	2221	1	BOOK/DESC	I used to believe in clean lines. Right and wrong, red and green on a board, safe and unsafe in the margins of a nav sim. You fly the route they give you, you flag the dangers, they fix the map. Simple. Somewhere between the test range and the first time a liaison told me to "adjust my thresholds for acceptable loss," those lines smeared. I keep trying to remember the last moment I felt innocent in a cockpit, just metal and math and nothing else, but all I get are flashes of that shear and the sound of a ship coming apart through the hull. After that, everything is just noise.\n\nPeople love to tell themselves they are better than their circumstances. Admirals talk about duty while they sign off on numbers they do not understand. Corporate types talk about innovation when what they mean is gambling with other people's organs. I have seen enough of them behind closed doors to know the pattern: grandiose fantasies, complete inability to tolerate uncertainty, a deep need to control every variable but never their own impulses. Textbook, really. They call it leadership to avoid using the correct clinical terms.\n\nSo yes, I sell corridors to smugglers, to captains who twitch when they hear "official route." The vulnerable line up for this, whether they admit it or not settlers trying to shave a week off a supply run, haulers dodging tariffs, pirates convinced they are too special to die in someone else's crossfire. Weakness is a vector like any other. If you do not exploit it, someone else will, probably with less precision. At least when they buy from me, they know there is a mind on the other side of the math, not some committee's risk model.\n\nI chose this fringe because it is full of forgotten hardware and lazy record-keeping. Old arrays still listening to ghosts, relay stations no one budgets to decommission. Perfect place to tune the next set of jumps and watch who shows up in the cracks between official grids. They will send hunters eventually, the kind who still believe they are on the side of order. I almost envy them. It must be comforting to think the problem starts and ends with one pilot, instead of the people who taught her exactly how far a line can bend before it breaks.
1272	2230	1	BOOK/DESC	I used to think people were basically decent. Long time ago, hauling standard freight out of Polvo, I watched dockhands split rations with kids who did not even have boots. Supervisors turning blind eyes so a crate of parts could "accidentally" fall off the manifest and become somebody's air filter, somebody's extra heater. Thought that was what humanity really was small kindnesses under bad lighting. Funny how you never notice the exact moment a belief dies. One day you look up and realize every favor had a ledger on the back, and everyone who smiled at you was already calculating interest.\n\nThese days I play games with myself when the guilt flares. Ship of Theseus, Granddad used to tell me about that one. If you replace a hauler's registry, its crew, its declared cargo, its routes, at what point is it no longer the same ship they licensed You can ask the same about a man. If every choice you make is a correction laid over the last one, where exactly did you start doing wrong Sometimes I sit in the cockpit and chase those loops until right and wrong blur into "necessary" and "too late."\n\nI am not ashamed of what I did to that silo outside Akila, or that trial field they loved to parade in front of investors. Watching their clean white domes buckle, grain turning to ash in the spotlights, that felt like balance for once. They use hunger like a knife, just with soft branding and legal disclaimers. Me, I show the blade. When I jammed those valves and watched the pressure climb on the monitors, I remember thinking anyone can sign a complaint, but it takes a stronger back to swing the hammer.\n\nTruth is, it all comes down to instinct. You put an animal in a corner, it bites. You threaten its young, it kills. Dress it up in uniforms and corporate pins all you like, but behavior is just survival paths burning themselves into our heads. I tell myself that when I reroute a shipment, when I leave a convoy without escort because I know what is waiting in that stretch of dark. They would have done the same to us if the numbers told them to. I am just another piece of meat following the line of least fear. Once you accept that, responsibility starts to look like a story people tell to sleep better.
1202	2264	1	BOOK/DESC	I keep telling myself this place is neutral. Just rock, thin air, a relay's worth of comm traffic bleeding past in the distance. No history, no one loudly dying where I can hear it. That is why I picked it, I think. The systems I touched before had stories. Names on rosters, voices in the queues. This is just coordinates and time.\n\nI remember when every file was a person to me. Early days in The Well, when I still believed LIST was the part of the machine that cared. I would sit after shift, scrolling back through rejected applications, cross-referencing risk models until my eyes burned, looking for a way to shave a percentage point off someone's odds. Frostline was the first crack. Flagged it red three times. Watched the override sail through anyway. Then watched the silence afterward.\n\nAfter that, something in me started to calcify. I could not keep grieving every decision the numbers made for us, so I leaned harder into the numbers. Reroute a convoy here, delay a maintenance cycle there. At first it was to protect the worst-off colonies, make sure they actually got what they were promised. Somewhere along the line, the equation flipped. I caught myself thinking it was kinder to hurry the failure along, force people out before they drowned slow.\n\nBy the time I walked away, I was already gone in all the ways that matter. I had sat in too many debriefs where the words for what happened never showed up on the screen. I had seen a frozen settlement treated as a statistical anomaly, a poisoned harvest filed under "unexpected environmental factors." My empathy did not vanish overnight. It bled out through a hundred small compromises until there was just this cold, clear line: some settlements will die. Better a sharp cut than a lingering infection.\n\nHere, off the lanes, I can trace what I have done without the noise of their voices. The diverted traffic, the delayed approvals, the quiet nudges around worlds that should never have been greenlit. I am not hiding from the people hunting me. I am hiding from whatever is left in me that might still recognize them as human. If I stay long enough, maybe even that last fragile piece of empathy will finally go quiet, and the work ahead will feel as simple as the models say it is.
1455	2266	1	BOOK/DESC	Elena swears by that awful instant oatmeal from the galley, says it tastes like home. I gave her grief about it this morning, but the way she laughed almost sold me on it. For a few minutes, all of us at the mess table felt like a crew on a boring run again, not ghosts-in-waiting on a ship that spends more time with its transponder off than on. Asha was trying to teach Renee a card game she barely understands herself, Mira was arguing with Darius about flight sims, and the only thing that mattered was who had to clean filters next rotation. It was stupid, small, and I could feel every second of it, like my brain was trying to memorize the shape of the room.\n\nFunny how rare that easy silence is out here. Lately it has been replaced with the soft hum of systems coming online that no one logged, with doors cycling at odd hours, with Elena staying up on the bridge long after her watch has ended. She says she likes the quiet, likes watching the drift of debris and station lights on the scopes, but half the time when I walk in she jumps like I have caught her doing something she should not. Earlier, I passed by the comms bay and heard her speaking low, not in any language I recognized, then the line clicked off the second my boots hit the deck. She smiled too wide and asked if I wanted coffee. I lied and said yes.\n\nThere is something else I have not told anyone. Two nights ago, I was running a diagnostic on the nav buffers and found an encrypted burst queued in the outgoing queue, tagged as a maintenance ping. Encryption like that does not come standard, not on a patrol ship like this. I cracked just enough of the header to see it was addressed to a civilian beacon, not UC. I scrubbed my access record and walked away, told myself it was some old cached packet, a glitch, anything but what it looked like. I keep thinking I should bring it up to Darius, or maybe Mira, but every time I picture their faces I also picture that burst actually being nothing, me turning a long voyage into a witch hunt over a hunch. So instead I keep my mouth shut, sip bad coffee in the mess, and try to pretend I do not feel something coiling tighter around this ship with every quiet, unscheduled comms check Elena runs when she thinks nobody is listening.
1763	2298	1	BOOK/DESC	I keep telling myself we work the dead lanes because it is better than waiting for something to die under you. Black Drift circles the graveyard, cuts, sells, moves on. Simple. Today, watching Nora anchor the mag-lines to that ruptured cargo spine and Rik swear at a stubborn hatch, I almost believed it. Then the bulkhead shifted a centimeter under my boots and every old story about ships that do not want to be stripped crawled right back up my spine.\n\nCalen still swears he saw cabin lights flicker on a hull that had no power, years back. Maris jokes about missing crews that left food half-eaten in the mess, clothes still in the lockers, just suits gone. We laugh, like you do, but nobody goes alone if they can help it. Unspoken rule: if you hear something through the metal that sounds like voices, you do not mention it on open comms.\n\nI keep thinking about her. Not from the Syndicate. Before. A mining station, a breach, alarms screaming while I held her in a maintenance corridor and felt the deck jump with each decompression charge. We had talked, on slow shifts, about leaving for some quiet rock with a patched freighter and a little shop that never would have turned a profit. I never believed it, not really, but I listened, because she needed someone to say "maybe" with her. When the bulkheads started to go, love and loss got so tangled I still cannot pick them apart.\n\nMaybe that is why the fight that ended us hurt worse than the collapse that followed. Stupid argument over a bonus share and whether I was already half gone in my head. Every word hit like shrapnel, and I threw my own back just as hard. We never got to take any of it back before the alarms went off for real.\n\nNow it is easier to keep it all shallow. Talk about cuts, cable loads, reactor cores that might still be hot. Argue with Nora over who gets the prime cabin fittings, pretend I am not watching Rik a little too closely when we turn over anything that looks like personal data. There are things you report to station control and things you keep in-house, and then there are the things you pretend you never saw drifting out there. Those are the ones I try not to think about when the only sound in my helmet is my own breath and the creak of an old ship deciding whether it wants to let go.
1276	2299	1	BOOK/DESC	Jace says I smile too much when the talk turns ugly.\n\nMaybe he is right. Tonight we were posted up in the back of the warehouse, lights low, just the blue strips along the floor and the glow from the datapads. Ronan had the manifests open, Miguel running numbers, Tomas leaning on a crate like he owned the whole system. I was just supposed to be "eyes", but they did not kick me out when the conversation shifted from lost cargo to which freighter routes "need correcting." That little silence before someone says something that could get them spaced feels like static on my skin. Being in the circle, hearing the names they do not say out loud, it is dangerous. And I like that they finally trust me enough to let me hear it.\n\nHome never felt like that. Back there it was shouting over small things, plates on the counter, work shifts missed, another warning message from school. Every argument made the hallway seem tighter, like the walls were leaning in, pushing me back toward the street. The corner shop on the way home was the only place that felt calm, humming freezer units, bright wrappers. I would grab a TerraBrew Classic and a packet of Choco Bites, sit on the curb until I had to pick a direction. Go upstairs and listen to more yelling, or keep walking until the noise faded and the city felt big again. Funny how easy it was to keep walking.\n\nNow the rumors reach even us. Stories about fields going bad on outer rocks, about some hauler ghosting between co-ops, leaving soil that does not behave. I heard Miguel say "you do not move that much cargo without friends in suits" and Ronan just snorted and changed the subject. There is talk about Red Harvest ships being hit in the dark, about manifests that do not add up, and nobody wants to be the one to say the same name twice in a row. Even here, where we paint our sigil on walls and carry knives like jewelry, there are things we only talk around, never through.\n\nStill, when Tomas waves me over instead of telling me to run the door, when he says "listen close, Barrantes," it feels like standing in that corner shop again, knowing I am not going home yet. The streets have their own kind of welcome. They do not ask if you are right or wrong, just if you can keep your hands steady when everyone else starts shouting.
1616	2301	1	BOOK/DESC	I used to draw the sky on paper.\n\nBack in LIST, they laughed when I burned through whole reams sketching out corridors we would never file. Now I would give a lot to have even one of those stupid sheets, just to remember when a line on a chart did not mean someone died at the far end of it.\n\nI left Jemison in a hurry after the hearing. They called it "irregularities" as if misaligned waypoints were a clerical error, not an argument I lost. Security walked me out. My old jacket is probably still on the back of that office chair in The Well, pockets full of broken styluses and a Transit chip that would get me three minutes in front of Phil Hill's terminals. I keep thinking about that jacket, like if I had it I could still walk back in and fix all of this with one clean submission.\n\nOf course, I cannot go back.\n\nThe valley was the first test. Nudge a few flight computers through that dead survey node, see if the lane bends the way the models say it will. It did. The haulers cursed the wind and kept flying. No one looks at the code if they can blame the weather.\n\nI tell myself every adjustment is a mercy. Divert the convoys that will never get escort, that cross too close to where Spacers feed. Better to lose a cargo run early than watch another Narion play out. That is the story I repeat when I cannot sleep.\n\nI chose this rock because it is nothing. Poor atmosphere, no ore worth fighting over, only a handful of desperate civilians who know better than to ask why their supply ships always arrive a little off schedule but never vanish. From here I can see three junctions at once, three places where I can move a decimal and shift a dozen lives away from open slaughter. Or into it, if I misjudge.\n\nWhat I am afraid of is not the bounty. It is someone patient enough to read the pattern, to see that the same hand that saved a few settlements also emptied others for buyers with clean boots and dirty ledgers. When they come, they will not shout. They will bring black boxes, refugee stories, every erased draft I thought I had buried under dust and old antennas.\n\nI hope, stupidly, that they find that child before they find me. If anyone gets to decide what I am in the end, it should be one of the few who lived through what my perfect little route did to them.
1389	2303	1	BOOK/DESC	First time I saw a convoy die on my numbers, I did not sleep for three days. All those calls on open band, all those transponders winking out one after another, the way they did back at Cheyenne. Then the casualty lists came through and the payout graphs followed right behind them, rising nice and neat. That is when I understood; the lanes were already killing people. All I did was make sure some of the deaths landed on the right balance sheets.\n\nI keep thinking about the little festivals we used to throw aboard the old escort ship, back when I still wore UC colors. Someone would smuggle up a bottle from New Atlantis, a deckhand would string cheap lights through the corridor for our "Founding Day," and we would crowd into a mess barely big enough for ten. We sang old Earth songs we barely remembered the words to. The captain always made a speech about duty and sacrifice, then went back to sending under-armed civvies through fire because someone planetside needed their shipment on schedule. That was the education.\n\nLater, when I started selling routes, I picked my clients carefully. The corporate lines that made fortunes gaming insurance while veterans slept in docks got the leanest margins, the prettiest detours, the ones that passed just a little too close to raider country. It was cruelty, yes, but not random. Teach a man that running human lives like numbers has no cost and he will never stop. Introduce cost. Make it sharp. Make it memorable.\n\nWhy here People ask me that without using words, with the way they look at the places I disappear into. Right now it is easier to sit in a neon-lit hole on the edge of nowhere, where every corridor smells like recycled sweat and cheap liquor, and watch the traffic streams roll by. From here I can see how the lanes bend between UC and Freestar space, how GalBank pretends not to notice the same anomalies repeating. If I keep moving between these forgotten stations and memorial ridges, staying just ahead of whatever bounty they whisper about, I can still nudge the board a few more times.\n\nWhat I am afraid of is not getting caught. It is that in the end, the convoys will keep dying on someone else's numbers, and all anyone will remember is the monster they called Vector, not the lesson the lanes were trying to teach.
1415	2321	1	BOOK/DESC	I keep thinking about that girl back in the lower decks on Volii, the one with the busted respirator fan. I patched that thing three different times, scavved the last motor coil off my own bunk fan, and she still kept running dust through it like nothing mattered. Every time I tried to fix it, she met me halfway with a shrug and a "thanks, Ty," then went right back to choking the filters. Kind of feels like I've been doing that ever since, except the fans are people and the dust is all the bad choices we breathe in like normal air.\n\nThese days the soundtrack in the blocks is boots on metal and someone yelling through teeth. A beating in the stairwell, a threat hissed in a lift, Maris pressing a guy's face into a vending machine until coins rain out. None of us flinch anymore; we just step around the blood and keep walking. Lena jokes about it, calls it "motivational feedback." Ezra says if you stop reacting, you stop being a target. I pretend it works. Truth is, it just makes it harder to remember there's another way to live.\n\nThe Slick Block Runners like to talk about choice, but I figured out what it really means the first time I heard what happens to kids who walk away. Not right then and there. They wait. Let you get soft, find a new bed, a small routine. Then they turn up, or someone "unaffiliated" does. Leaving isn't freedom; it is a sentence with the date scratched off. Everyone knows it. No one says it out loud.\n\nFunny thing is, it didn't start with some big oath. I got on their radar because I rerouted one little power line for Rion, just so his corner card den could siphon juice from a corporate kiosk. One harmless favor, I told myself. Better I do it than some hack fry the grid. Week later, I'm sitting across from Jenna, her boots up on the table, hearing how "useful" I am. That word still makes my stomach twist.\n\nWhen things go quiet, I still strip old handhelds and fix whatever I can't sell. Broken comms, glitchy game bricks, cheap holo-pens that stutter when you write too fast. The others laugh, say I should be rerouting bank nodes instead of toy circuits, but there's something clean about putting a tiny world back together and knowing it will stay fixed unless someone really tries to break it. Makes the rest of it feel less inevitable, even if I know better.
1395	2364	1	BOOK/DESC	Kara says if I keep talking to this pad instead of checking my lines, I am going to end up part of the wreck instead of stripping it. She is not wrong, but some days the hum of the cutter is not enough to drown out the rest.\n\nWe bounced again today. Another orbit, another safe berth burned. Dead Orbit never sits in one dock long; we hop from one quiet anchorage to the next, always a little ahead of rival crews and whatever passes for law in that system. You start to feel like a piece of junk in a slow spin, never quite sure which way is down.\n\nThe derelict we cracked this week, some GalBank contract hauler, still had power flickering along one corridor. That is always the worst, when the ship does not know it is dead yet. I was on point, Kara handling the torch, and the whole time I kept thinking about that other transport they say drifted back full of corpses and one survivor who would not talk. Hangar gossip travels faster than any tug.\n\nWe argued about the nav cores again. I say you pull the boards, you log them clean, you sell them to people who will put them back in honest ships. Half the crew laughs at "honest ships" like it is a joke. Some of those cores tell the same story, you know; routes bent a little too close to bad neighborhoods, same pattern of hits along the lane. Nobody wants to write that part down.\n\nThere are unspoken rules in Dead Orbit. You do not cut into sealed crew quarters unless you have to. You report any live signals, even if you could pretend you did not hear them. You do not bring back stories from the Narion side unless the bar is already loud enough to swallow the silence afterward. We have broken all of those at least once.\n\nI still see that one rider suit tumbling past my visor sometimes, arms out like it was trying to grab hold of the hull. We never found the tether. Officially that job went clean, no casualties. Kara and I do not correct the record when the newer hands ask. They are scared enough.\n\nTomorrow we are pushing again, shifting the Collective to a quieter orbit before that rival cutter gang closes the gap. Salvage life is always a half-step ahead of someone else's claim or someone else's gun. It wears on you, all that movement from one "safe" spot to the next, but staying still out here feels worse. At least if we are moving, the ghosts do not have time to catch up.
1471	2375	1	BOOK/DESC	Docked somewhere nameless, still hearing the creak of that last hull every time the air recycler ticks.\n\nWe took a contract on a drifted freighter out past the regular lanes, nothing special on the listing. Rhett piloted us in, riding the debris like he was born in it, while Calen handled the line guns. I drew boarding with two of the new hands, which meant spending half the run reminding them not to kick every floating tool they saw. Plasma burns on the outer skin, no distress call in the logs. That is the kind of thing you pretend not to notice until you are back in hard gravity.\n\nInside smelled wrong. Old smoke, coolant, that sharp tang of extinguishers that actually fired. No bodies, just suits hanging where people should have been. One of the kids misjudged a jump, clipped a jagged beam, took a strip of suit and skin off his calf. No medtech, no time to cycle him back, so I sealed the tear with sealant foam and wrapped the leg in torn insulation and a ration packet wrapper. He yelped, then went quiet the way people do when they realize how thin the line is between "close call" and headline on a station board.\n\nWe found the cargo holds barely touched, which is never good news. Crates of drive components, pristine, like someone had loaded for a long haul and never got to the first jump. Rhett swore under his breath when he saw the lot numbers; said he had heard about a run of ships with the same gear that all "got unlucky" near the same patch of deep. Calen just grunted and tagged the pallets, eyes doing math only he could see.\n\nBack in the yard, over cheap beer and bad music, people talk quieter about that region now. Stories about misjumps that look too neat, wrecks lined up in a spiral if you plot them right. Some swear there is a numbers man behind it, someone who can bend routes just a degree or two and let gravity do the rest. Union foreman says we are not in the business of asking why junk falls where it does, just in hauling it home.\n\nMaybe he is right. Still, when I am out on a tether and the ship under me is spinning wrong, I catch myself wondering if some analyst on a warm station deck penciled that misfortune in, decided this crew was a better bet as salvage than as neighbors on a station barstool. Then I check my seals again, tighten my grip on the cutter, and tell myself it is just bad luck, same as always.
1294	2382	1	BOOK/DESC	When I was a kid on my father's freighter, I used to lie awake terrified the grav drive would misfire and leave us smeared between stars.\n\nI would stare at the bulkhead and listen for the pitch change, sure that if I caught it half a second early, I could somehow stop it.\n\nFunny.\n\nI have ridden drives past their safe curves more times than I can count since then, danced a whole convoy through micro-meteor showers on a whisper of thrust.\n\nBack then I was afraid of the machine.\n\nNow I know the real danger is the people who write where the machine goes.\n\nKraye likes to dress it up in theory, in language about probabilities and state actors.\n\nI see it much simpler.\n\nYou measure your worth by how much pressure you can put on a system before it bends, and how long it keeps that new shape after you let go.\n\nConvoys, patrol routes, whole factions; they are all just structures.\n\nYou lean, they warp.\n\nIf they do not, you push harder.\n\nI will admit something I never have to him.\n\nWhen everyone follows the path I set without a flicker of resistance, I get bored.\n\nPerfect compliance is dull.\n\nI want the captain who fights the advisory, the Ranger who reroutes against my lane, the hunter who burns hard just to spite the numbers.\n\nBreaking those people is interesting.\n\nThey make me earn it.\n\nTonight I tried to ping my mother through a backdoor GalBank contact in HopeTown.\n\nHad the channel keyed, encryption ready, fingers hovering over the mic.\n\nI just stared at the blinking cursor.\n\nWhat do you say after vanishing into the dark with a man everyone curses by name.\n\n"Hi, it is Hessa, I am alive and using the tricks you taught me on that old freighter to reroute strangers into killboxes."\n\nI killed the line instead.\n\nEveryone out there judging me, writing warrants and speeches, likes to pretend they would have done better.\n\nFaced with the same files I saw, the same signatures authorizing a settlement's death for a clean validation, they would have walked away, they say.\n\nLiars.\n\nMaybe they would have kept taking the paycheck, told themselves it was above their clearance.\n\nMaybe they would have gone home, hugged their children, and prayed someone else made the ugly calls.\n\nI did not pretend.\n\nI took what I knew and started bending back.\n\nIf that makes me a monster, then at least I am an honest one.
1448	2384	1	BOOK/DESC	I keep hearing that word in other people's mouths: regret. Pilots in bars, widows on distant rocks, even the ones who chased my routes and did not make it back. It is a luxury they cling to so they can pretend there was another line they could have flown. I do not have that problem. Every choice I made was the correct one. The convoy at Lunara, the diverted lifeboat, the copied charts, the day I stopped erasing wreck coordinates and started keeping them. Each decision followed from the last like points on a plotted curve. You do not apologize for the shape of a vector; you just acknowledge where it leads.\n\nThere are nights I feel the old recordings pressing at the edges of my thoughts, helmet audio from people who never cleared the blast radius. That is when I start talking myself into circles. I tell myself I am mapping systems, not lives. That the routes are neutral, the politics wrapped around them after the fact. I build these clean layers of logic, stack them like grav equations, until the faces blur into data and the screams become signal noise under the jump capacitors' whine. It is a trick and I know it, a way of pretending there is depth to the justification when mostly it is just momentum: once you start adjusting beacons, it is easier to keep nudging them than to admit that first nudge mattered.\n\nThe Cold Room is the only place that still feels honest to me. Floating out there above that gas giant, the barge does exactly what it was built to do: store the past and keep it cold. No flags, no briefings, just metal and orbits. I hid there because the UC thinks in straight lines and that ship sits in the blind spot between their lanes. Crimson captains respect what I can sell them more than they care about who I used to salute. Freestar patrols stay away; too many of their dead are in the wrecks I indexed. Here, in the dark between those rival floodlights, I can chart the lattice my way.\n\nThey will come eventually. SysDef, a Ranger, some freelancer with more curiosity than sense. They will trace the tampered debris field, the bent manifests, the whispered stories about a navigator who can make whole convoys disappear into "salvage." I am not running from that. I am waiting to see whether the next person through the hatch understands what I have been doing, or whether I have to open another airlock and simplify the equation again.
1759	2385	1	BOOK/DESC	Rowan says the hardest part is how quickly the uniforms stopped mattering. One day you are polishing insignia for inspection, next day you are wearing the same jacket but with the patches ripped off and the same people calling you "unauthorized actors" over an encrypted channel. The stitching still itches where I tore the crest away. I have not decided if that was freedom or just another order I followed, this time from myself.\n\nBreakaway lives on patched gear and bad rations now. Tonight we ate reheated field stew out of dented mess tins on a cargo crate, same as we did in the forward camps, except this time we bought the cans off a spacer who did not care whose side we used to be on. Rowan is still cutting his sleeves to hide the unit tattoos; says they draw the wrong kind of attention in certain docks. I keep mine visible. Habit, or defiance, I am not sure.\n\nI think about the operation nobody mentions by name, the one they airbrushed out of the briefing archive. The "infrastructure denial" mission where the targets were supposed to be hardened bunkers, but the satellite feed looked an awful lot like prefab housing to me. Afterward, command told us we misinterpreted the imagery. Debrief said all structures were lawful objectives. Funny how the casualty reports came back redacted, whole families' worth of ghosts hidden behind classification codes. That is when I started listening to the way they chose their words, and the gaps between them.\n\nRowan walked first, then a few others. I held on longer, told myself somebody decent had to stay in to keep things from getting worse. Then they asked us to sign off on another "containment strike," this time with even less intel, and my pen would not move. Now I carry out jobs given in whispers instead of on data slates, alongside people whose loyalty is to each other, not to some flag hanging in a sealed council chamber. \n\nDiscipline does not just evaporate. We still run checks, still break down our rifles after every sortie, still fold our blankets the same way we were taught in basic. But under it all there is this constant tension: old oaths humming in the bones, new loyalties growing like scar tissue around them. Some nights I lie awake in my bunk, listening to the ship's recycled air, and wonder which version of me was the deserter the one who stayed too long, or the one who finally walked.
1696	2397	1	BOOK/DESC	I have always done my best work in other people's blind spots.\n\nBack at Sol Cleanup, they called me a stabilizing influence. Calm voice on the loop, hands steady on the board while everyone else panicked over bad readings. Funny thing is, the calm never went away after the freighter died. The outrage did. The grief did. Those burn out fast. What stayed was the geometry. Angles and margins and the quiet understanding that someone has to decide which ship gets the safe corridor and which one gambles with the debris.\n\nThey called that cruelty once. I called it triage.\n\nSera chose to scream at the sky. I chose to learn from it. They wanted the report padded, so I padded it and took a copy for myself. They wanted a clean narrative, so I gave them one and kept the dirty math running in a separate process. If that makes me complicit, then fine; at least I am complicit with my eyes open. Most of them are guilty by habit, which is so much worse.\n\nPeople flinch when I talk about using incidents as leverage. They do not understand that fear is a tool like any other. You tighten a route here, you loosen one there, you orchestrate a near miss in front of the right audience and suddenly GalBank, UC, Freestar, they are all paying attention to orbital safety in a way they never did when warnings were just memos. Discipline, not malice. You do not forge better captains and controllers by cushioning every mistake. You put them close enough to the edge that they finally learn where it is.\n\nOnly a few can stomach that logic. The enlightened, as it were. The rest toss around words like "monster" because it is easier than admitting they like their comfort more than they like the truth. They do not deserve the full explanation. They have not earned it.\n\nI came out toward Deimos again because junk remembers. The old shells up here still carry the fingerprints of a hundred short-sighted decisions, cluttered orbits that were never fully cleaned because it was cheaper to ignore them. It is the perfect proving ground and the perfect hiding place. UC does not look too closely at ghosts it helped create.\n\nFrom here I can run the sims on real mass, real drift, adjust my network, test how quickly a hunter can be herded once I start nudging their beacons. I am not fleeing. I am choosing altitude. Let them think they are closing in. Every vector they follow, I drew for them.
1522	2432	1	BOOK/DESC	I always thought the clever ones would be the last to burn. The ones who read the whole briefing, saw the holes, and built something workable around the gaps. Turns out the clever ones just get to understand exactly how and when they are being sold out.\n\nWhen the coolant system failed in that lab, the first thing they did was show me the safety logs. Not the bodies, not the scorch on the bulkheads, the logs. They wanted me to sign off that it was a freak alignment of bad numbers instead of the deliberate blind spot I had flagged three times. The footage missing from the cameras was just a "corrupted segment." I told myself, sitting in that debrief room, that if I played along I could do more good outside the blast radius than inside it. That was the first lie I promoted from thought to policy.\n\nFollowing Alesha out was supposed to be the corrective. They would starve the outer colonies on principle; we would find a way to route grain and code around their indifference. Simple. Elegant, even. Every time I bent a rule, every time I let a shipment pass without the right inspection, I folded it into this greater intellectual framework in my head: strategic rebalancing, emergent supply ethics, anything but what it was, which was me quietly panicking that without this cause I was just another hired gun.\n\nThis rock suits me because it is nothing. No name anyone remembers, no trade lanes except the ones I write myself. It is a place you only get to by ignoring three different advisories and trusting a route that does not officially exist. That is the kind of anonymity I understand. I have dug in here because it gives me time to reroute what is left of our network, to cache what I can before someone higher up decides the easiest way to solve their problem is to glass whatever field happens to be glowing too bright.\n\nI know they are circling closer. I have seen the UC analysis fragments leak back into my channels, seen freelancers comparing notes on patterns they should not even be aware of. Part of me is almost relieved. If they find me, maybe I stop having to redraw this line in my head between necessary harm and the kind that wakes me at night. Until then, I will keep fortifying, keep telling myself that holding this ground a little longer will tip the balance for people who have never met me. It is either that or admit that some of the blood under my boots never had to be spilled at all.
1108	2443	1	BOOK/DESC	I used to log tonnage and trajectories.  \nNow I log the dead.\n\nWhen I close my eyes I still see their signatures, the Bolivian hauler crew that never made it home because some admiral wanted the battle map to look cleaner. I watched them erase those lives with a keystroke and a stamped approval. "Collateral," they said. "For morale." So yes, I left. Quietly, efficiently. I took the algorithms they trusted me with, the same ones I once used to keep their lanes safe, and I turned them inside out. If they will not remember the truth of those corridors, I will carve it into the sky for them.\n\nPeople call what I do cruel. As if the war was kind. As if letting them drift on in their lies is some softer mercy. I steer ships, yes. I lean on beacons, nudge a jump vector, widen a drift they never see. It scares them. Good. Fear sharpens. A soft civilization rots around its own myths; a hard one is forced to look at what it did and decide if it can live with that. I am not slaughtering innocents. I am disciplining a species that decided comfort mattered more than memory. Pain is how we remember where the fire is.\n\nChorus Point was the first place that felt honest. A dead shell of a relay, hanging in the dark, surrounded by machines that only know how to listen. Perfect. I rebuilt its logic, turned it from a warning buoy into a pen that writes in traffic patterns instead of ink. Out here I can see every little correction they make, every "unavoidable" misjump, and answer in kind. It is far enough from New Atlantis that the officials only see numbers, not the shapes I am drawing.\n\nI know they are sending hunters now. UC wants their secrets buried, Freestar wants a show trial, Deimos just wants me gone so their ledgers stay clean. Let them come. They will call me mad, fanatic, monster. I will call them soft. I do not fear dying out here; I fear only that I will not finish the constellation, that the Axis will remain half-written, and they will manage to sand the edges off history again.\n\nIf they reach me, they will find the wrecks arranged with care, names I dug out of corrupted drives, personal effects stacked where the living can see them. They will call it a shrine and miss the point. This is discipline. This is a lesson engraved in metal and vacuum. If the living will not carry the weight of what they have done, I will lash it to their routes until they either break or grow strong enough to face it.
1708	2450	1	BOOK/DESC	Not sure why I still write these. Habit, I guess. Same reason I still tap bulkheads when I walk past them, counting out the weight like it matters in a station that barely moves.\n\nThere was a time I thought doing the right thing would count for something. I burned propellant we did not have trying to nudge that hauler out of the field, stayed on the line with them longer than the regs allowed, lied on three separate forms just to keep their case open another cycle. You know how that ended. The only numbers anyone cared about were loss projections and premiums. The crew became tonnage with signatures under it. That was the night I learned kindness is just another vector. Easy to push on. Easy to exploit.\n\nAfter that, it was not a jump from "this is wrong" to "this is useful." Once you admit the universe does not pay out for good behavior, all the old rules start to look like ballast. There is this line in an old text they made us read once, about how there is no universal measure, only what men agree to pretend is true. Felt pretentious then. Sounds practical now. If morality is just consensus, and the consensus decided some people are acceptable loss, then shifting a few hulls off the books is not crime. It is correction.\n\nI am not stupid enough to spell out routes or names in here. Assume every channel is dirty. Every buoy, every locker node, every "private" relay. Someone is always listening, even if they do not understand what they are hearing yet. So I write in fragments and weights and angles, things that only make sense if you already know the structure.\n\nWhat I want is simple: take the dead mass they wrote off and use it like a lever until something important cracks. Frontier crews getting ships for scrap rates while insurers quietly eat the difference. Certain "untouchable" registries waking up to find their clean losses smeared with questions. If that makes me a villain in some clerk's training sim, fine. I am long past chasing their version of hero.\n\nStill, every time I route a new job through a station that "never sees trouble," I feel the same weight in my gut I felt watching that first crew drift. Funny. Even after you decide the game is rigged, part of you still waits for someone kind to step in and change the rules. I stopped believing they would. Now I am just hoping they are slow enough that I can finish what I started before they finally learn how to read between their own lines.
1606	2468	1	BOOK/DESC	Among independent captains plying the sparse lanes near KN-9575, the name Central Watch carries a peculiar weight. Officially, they are listed in a few aging registry entries as a civilian survey crew contracted to monitor navigation beacons and debris fields around former UC patrol routes. Unofficially, traders say Central Watch make a habit of arriving late to disasters and early to coverups, their patched hauler slipping in to catalog wreckage and quietly redirect any black box or flight log that might embarrass old connections in the Core.  \n\nTheir shipboard customs are the stuff of spacer gossip: new hands reportedly sit a "silent watch" on first shift, staring through the forward blister in total radio silence while the others review last year's incident reports, a ritual meant to remind them that every contact they ignore becomes someone else's cautionary tale. Crew slang reflects the same fatalism; to "central" a problem is to lock it in a private log and hope no one ever calls audit on it. More than one dockside teller notes that their captain flinches whenever a manifest lists certain surnames common in Sol-born communities, as if terrified that some forgotten cousin or sibling will surface in the wreckage they pick through.  \n\nIn recent cycles, their presence around KN-9575 has drawn quiet attention. They were seen orbiting the derelict longer than any salvage contract would justify, and local haulers whisper that Central Watch passed up easy scrap to chase encrypted fragments in the ship's dead comms array. Some say they are finally cleaning up "old family business," others that they are trying to keep a lineage shame from ever hitting a public docket. Whatever the truth, station clerks report a subtle change in their demeanor: fewer jokes in the mess, more time spent in front of open reports, and one terse comment overheard about "signing our names to the things we walked away from."  \n\nRumor has it that after a long, tense orbit of the derelict, Central Watch requested no hazard bump, no quiet stipend, and refused to falsify the incident time stamps, letting the record show exactly how long the region went unprotected. For crews that have traded with them for years, this marks a shift. The watchers who once specialized in looking away now seem determined to look straight at the uglier pieces of their own history, even if it means admitting they were part of why ships like KN-9575 were left to drift alone.
1772	2470	1	BOOK/DESC	I used to write for committees and tribunals, not for myself. Cloud patterns, variance bands, confidence intervals. No one ever asked how it felt to stand under a sky you had bent with your own hands. Maybe that is why I am here, hiding between jumps and storm cells, talking into a recorder instead of to another human being.\n\nThey say I falsified the models. Easier to blame one overconfident specialist than admit the framework everyone signed off on had a blind spot big enough to swallow a settlement. I keep looping the data in my head, frame by frame. If I had raised the thresholds, delayed the deployment, ignored the pressure from above to hit the "viable" milestone, would the wind have still found that resonance. The numbers say no. The screaming says yes. I am tired of being the only one who hears it.\n\nI picked these edges of space because they are noisy in the right ways. Lightning-rich grids, old regulator networks, mining reactors that cough out just enough interference to hide a few extra lines of code. A good storm is the perfect place to disappear. You slip your corrections into maintenance updates, ride along on power audits and sensor recalibrations. Nobody audits the auditors. Not really.\n\nTonight I almost pinged home. I even opened the channel, typed in an old ID. Thought about sending a simple "I am alive" to the one person who kept a mug on my desk long after I stopped drinking coffee. Stared at the cursor until my eyes hurt. What do you say after this long. "Sorry the newsfeeds turned me into a murderer." "By the way, the equations were right and everyone else is wrong." I closed the channel. It felt like hanging up on a stranger.\n\nThey are closing in. I can feel it in the way contracts are phrased now, in the sudden caution from the usual intermediaries. Ryujin's pets stop smiling when my name comes up. Frontier liaisons drop their voices when they talk about "that ship that outran the storm." Someone is finally reading the weather like I do, seeing the same arcs across different maps.\n\nI am heading toward one more thin-atmosphere world on the fringe of a Helium-3 chain. The data there has the same fracture signature as the first disaster, just fainter, like an echo. If I can catch it in the act, isolate the interaction, maybe I prove this was never just me playing god with other people's crops. Maybe I die with cleaner math. Either way, the sky is going to do something interesting when I get there.
1330	2480	1	BOOK/DESC	I used to sign my name at the bottom of forms and believe it meant something.\n\n"Layla Al Mansoor, inspector of record." I would walk a ship from nose to tail with a tablet and a TerraBrew cooling in my hand, check the same junctions, listen to the same half-bored captains swear their drives had "never given them any trouble." We would argue over minor variances, I would win because the manual said so, and everyone went home. Unremarkable work. Steady. I slept then. I miss the boredom more than I miss the rank.\n\nNow I sleep in crawlspaces and engine bays, because walls and windows feel like invitations. Node Gray hums to itself in the dark, a ring of metal in an empty rock, chewing space in millimeter bites. Every micro-jump we put through it adds a data point. Every data point inches the graph toward the threshold I calculated and then pretended I had not. If I am right, the Settled Systems have already stepped over it. If I am wrong, I am killing myself out here for a phantom.\n\nI fled because they made it clear that the choice was silence or erasure. They shelved the reports, massaged the numbers, called the survivors "statistical anomalies" and me "over-attached to outliers." Then the long-haul freighter ripped itself open on a route I had personally cleared, and a cadet I had certified came back with eyes that did not quite track the same reality as mine. I started seeing that look everywhere after a chains of jumps. Once you see it, you cannot unsee it.\n\nSo I stole what I needed. Algorithms no one wanted used the way they were meant to be used. A regulator tuned past sanity. Telemetry from ships that were officially "lost to mechanical failure." I threaded my way out through places like Old Selene, where no one asks why your IDs do not match your face as long as your credits clear. Drift 7 proved the pattern was not local. The clinic on Gagarin proved it was not just in my head. The wreck out near Cheyenne proved it was not going away on its own.\n\nHunters will come. UC wants a neat story of a mad saboteur. Freestar will want to know if they can point that story at the core worlds. House Va'ruun will see omens where there are only equations. I chose this station because it sits exactly where the math says the universe is thinnest and because it was already forgotten by the people who built it. If they find me here, it will mean they have followed the same fractures I did, and then it is no longer just my nightmare to carry.
1785	2499	1	BOOK/DESC	I do my best thinking where no one can see me. Right now that is a maintenance berth tucked just off a dusty approach lane, ship on low power, scopes listening harder than I am breathing. The good thing about parking near those weather-torn corridors is that everyone assumes you are either crazy or lost. No one imagines you chose the turbulence on purpose.\n\nWhy here? Because the models say this patch of sky is an oversight. Patrol routes bend around the worst of the dust scatter, commercial traffic hugs the cleared lanes. That leaves a thin sliver where transponder noise passes for background radiation. I can sit in that sliver and watch them all go by. Change a bearing here, adjust a safety margin there. They do not even know who is doing the nudging. They just call it bad luck or a clever contractor.\n\nI used to believe people were better than that. Back when I was a kid on that cramped station, the teachers talked about cooperation and duty until one of the air recyclers failed and the adults quietly shut down half the hydro beds to keep the system from crashing. I watched my mother uproot plants she had tended for years, no ceremony, no speeches, just a fast, brutal choice. That was the first time I understood the universe does not care how gentle the story sounds in your primer. You save what you can reach. Everything else is numbers.\n\nIt is easier, now, to say human behavior is just instinct dressed up in uniforms and mission statements. Push survival hard enough and everyone reverts to pattern: protect your own, hoard information, sacrifice the distant. If that is true, then I am not a monster for doing what comes naturally. I am just better at reading the map.\n\nOf course, that is the story I tell myself when I cannot sleep. That I only smoothed the data around the disaster because panic helps no one. That I only sell storm windows to captains who would run those routes anyway, with or without my equations. That hiding near this approach lane is not cowardice, just prudent use of my skills.\n\nWhat I am really afraid of is someone patient enough to trace the same lines I do. To notice the ships that always come through the storms a little too clean, the logs that always lose a few seconds in the same band of interference. If they follow that pattern long enough, it leads here. To the man who keeps pretending his instincts are in charge, so he can avoid admitting each of these "natural" choices was something he calculated down to the decimal.
1164	2502	1	BOOK/DESC	I used to worry about stupid things. Air filters in the bunk clogging, hydro lines dripping condensation on my cot, auto-debits hitting my GalBank account for a cabin I barely saw on Jemison. Even had a plant once, some hardy little vine I kept by the viewport in Gagarin. It browned out the month I forgot to reset the grow lamp after a long sim cycle. Always told myself I would fix it tomorrow. I never did.  \n\nPeople talk about redemption like it is a port you can always divert to if the drive holds. I used to believe that. File the inquiry, push the data up the chain, trust that someone above you cares what you saw. Now the thought of being "cleared" twists my stomach. Not because I think it is out of reach, but because I do not want them to wash me clean and fold me back into their ledger. I have seen the math they call acceptable loss; I will not be one of their numbers again.  \n\nOut here, with only my slates and the hum of the grav rings, it is easy to believe I am the only one willing to run the real calculations. Someone has to decide which route gets the families through and which one the pirates follow and which one never should have been drawn at all. Once, in a HopeTown bar, a young hauler sat across from me, hands shaking around a cheap drink. He was three payments behind, desperate for a shortcut that would make his next run in half the time. I watched the way he glanced at the debt notices on his slate, listened to the strain in his voice, and I knew exactly how far I could push him. I sold him a corridor I had tested only once, skirting a field I still do not fully understand. I added safety edits he could not read, warnings buried in notation only a trained cartographer would see. He never asked the right questions. I never offered them.  \n\nI remember swearing to myself, after Echo-19, that I would never again let someone else push my hand on a route decision. No more following orders when the numbers were wrong. Somewhere along the way I broke that promise without noticing, telling myself that if I held the pen, it was different. That selling options was not the same as forcing a jump.  \n\nNow I sit on the edge of nowhere, watching my own paths crisscross the dark, and the thing that keeps me awake is not the thought of a bounty hunter finding me. It is the possibility that someone, somewhere, might still offer me a way back, a uniform, a clean record. I am not afraid they will refuse me. I am afraid, in a weak moment, I might say yes.
1440	2507	1	BOOK/DESC	I keep the ship's clock pinned to that timestamp. No matter where I jump, no matter what local time the port insists on, my chronometer is always set to the minute the lane folded and all those voices cut out mid-sentence. People think that is morbid. It is just reference. If I let them move that, they can move anything.\n\nThere was a junior controller once, back on station, who kept second-guessing my corrections. Fresh cert, bright eyes, still believed the numbers coming off the board were sacred. I remember taking his hand off my shoulder more sharply than I needed to, digging my fingers into the meat just above the elbow, watching his face as it went from surprise to pain to compliance. I did it to see if he would break or hold my stare. When he looked away first, I felt this cold, clean satisfaction settle in my chest. That is how you know who can be trusted with the mesh and who cannot. The sky does not have room for soft hands.\n\nI left because I watched the mesh get used like a weapon and then watched the same people who armed it sit in judgment of the fallout. The inquiry room smelled like recycled air and fear-sweat, and every time I tried to show them what had been overwritten, the logs came back cleaner than before. That is when I knew the truth is not something you present to them; it is something you drag out into the open where they cannot quietly fix it.\n\nHere, tucked out past the official lanes, I can see the traffic from a distance, like watching a spider web from the corner of the room instead of standing in the middle of it. Forgotten relays, retired listening posts, dead corridors the charts pretend are empty. Perfect places to splice in my own feeds, test how far I can bend a route before it snaps, measure how fast command Looks Away when the wrong ships go missing.\n\nWhat I am afraid of is not dying. That part is inevitable, and probably loud. What I am afraid of is waking up one day and realizing I cannot tell which edits are mine and which are theirs anymore. That the sealed channel I heard in the middle of the disaster was just another voice in my own head. So I keep backing up the rawest data I can steal, scattering it across caches and hands I do not like but can at least predict. If they send someone competent to find me, they will follow the distortions I left behind. Maybe they will kill me. Maybe they will finally see what I have been trying to show them since the minute that lane collapsed. Either way, the mesh will remember.
1485	2507	1	BOOK/DESC	I have been thinking about that old saying, the one they slapped over the academy doors back in New Atlantis. Some Greek, some Roman, I forget which. Stoics, maybe. The point was always the same: virtue is clear-eyed calculation, not flinching. They taught us that without meaning to. Numbers first, feelings later. I just took the lesson further than they were comfortable admitting.\n\nEveryone keeps calling what I did "crimes." As if survival, scaled up to a systems model, becomes something else. The UC was doing the same math long before I walked into the MAST building. They called it strategic prioritization, acceptable attrition, risk-balanced deployment. I call it what it is: not dying quietly in someone else's spreadsheet. When I sell a forecast to a pirate captain or a frightened homesteader, I am giving them a chance to move from the wrong column to the right one.\n\nI remember the first time I read a loss report that listed a settlement I had actually visited. Kids playing under a half-built dome, dust in their hair. When the raid came, my projection said "within tolerance." I could not sleep for three nights. Now I watch casualty curves update in real time and feel the same way I do watching a storm track: interested, professional. Once I would have called that decay. Lately I am leaning toward calling it enlightenment. Detachment lets you see the whole board; the people who break are the ones still clinging to individual pieces.\n\nGuilt is just a conditioned response anyway, a reflex hammered into us by civics teachers and recruitment ads. A useful tool for keeping citizens docile, auditors obedient. I have dissected that feeling the way I have dissected budgets and routes, and I can see where it was stapled on. It still twitches sometimes, like a phantom limb, but it does not move my hand.\n\nI chose this pattern of hiding in the in-between spaces because that is where no one thinks to look. Out here, at a dead node where patrol schedules used to be written, the old systems still recognize my credentials. I can see how they used to bend routes around "sensitive assets," how easy it is to shift that curve a few degrees, how quietly it all happens. Once, the idea of touching those lines myself would have shocked me. Now I trace them without hesitation, because if I do not, someone else will, and they will not even pretend to care about the balance.\n\nSurvival is not noble. It is just arithmetic. I am tired of being the only one honest enough to say so.
1367	2510	1	BOOK/DESC	I keep thinking about the first time I cheated the numbers and watched a ship arrive early instead of late. Everyone else saw a glitch; I saw proof that reality flexes if you push it hard enough. They called it reckless, selfish, endangering crews for "theoretical gains." But what is selfish about seeing a storm on the horizon and stepping out of its path first? All I ever did was move myself and a few paying clients off the firing line before everyone else realized how rigged the charts were.\n\nThey like to whisper that I have blood on my hands, that some of the captains who took my cuts never docked again. Maybe. Space eats people. It always has. When a Crimson Fleet raider learns that shaving a day off a route also means flying blind through a gravity eddy, that is not murder; that is education. If you buy a miracle vector from a stranger in a Neon back room and never once ask how it works, whatever happens to you after that is a lesson the rest of the sector needs to see written in twisted hulls.\n\nAnchorpoint is quiet tonight. Too quiet. Every time the bulkhead pops or the life-support fans spool down, it sounds like magnetic boots on the deck, like someone finally followed one of my old signatures home. I tell myself it is just old metal and cheap maintenance, but sleep does not stick. I lie there counting the cycles of the beacons outside, waiting for one of them to stutter in a way that says someone else is writing their own equations up here.\n\nOnce, back on Jemison, I believed in purpose. Exploration. Defense. All those neat words they put on recruitment posters. Then I watched committees massage casualty projections until they fit the budget, watched routes get cleared because they were politically convenient, not safe. After that, it is hard to pretend there is any grand meaning to cling to. If everything is just drift and spin dressed up in mission statements, then any move you make is as valid as any other. Stealing models, selling paths, vanishing ships all permissible rearrangements of matter in a universe that does not care.\n\nSo I sit here in this rock with its borrowed air and its quiet instruments, tweaking corridors at the edge of what the drives will tolerate. Is it redemption, making the math cleaner, more "efficient"? Is it just another way to stay ahead of whoever is hunting me? Does it matter? The currents are there to be found. Better in my hands than left to blind chance and bureaucrats. That is the closest thing to faith I have left.
1745	2518	1	BOOK/DESC	I have been tracing circles in the same patch of sky for too long.\n\nThe storms here are good. Mean enough to scare off patrols, not so bad they tear my ship apart. The local settlers think it is cursed weather, but I see clean corridors buried in the noise, little veins of laminar flow where a careful hand can slide a hull through unseen. That is why I stayed. Not because it is safe. Because it is predictable in a way people are not.\n\nI remember the first time I sat in a UC briefing room and realized the adults at the table were afraid. Not of the enemy, but of being wrong in front of each other. We had just brought a strike group through a plasma wall, tight timing, everyone still shaking. The recon showed more civilians in the target area than anyone expected. I still hear my own voice, suggesting we hold, re-evaluate. The room went quiet. Then they started talking about acceptable margins and strategic necessity. One of them quoted some old Terran philosopher about the greatest good for the greatest number, like that made the numbers on the surface less human.\n\nBack then it shocked me, how quickly they folded the dead into a theorem and moved on. Now I plan routes that let smugglers slip past blockades and watch the escorts vanish in a bloom of interference, and it barely stirs my pulse. I tell myself I am choosing the lesser harm, that some thinker with a name I mispronounce would back my calculus. It is easier than counting each face.\n\nI came here because the storms erase tracks. UC wants my silence, Freestar wants my skills, and everyone else wants a ghost who can make their problems disappear between lightning strikes. In this place, the sky is loud enough to drown out the accusations, and the only honest thing left is the line between stable flight and a smoking crater.\n\nWhat am I afraid of now. Not death. The storm will take me someday; that has always been the bargain. I am afraid some young navigator will decode the paths I have carved, sit in a clean briefing room, and be told to use them for purposes I never chose. I am afraid they will look at me the way I once looked at my instructors, thinking experience equals wisdom, not realizing how quickly both curdle into cowardice.\n\nSo I keep flying, mapping, humming the old song under my breath. Pretending I am above the common morality of merchants and admirals, as if knowing a few names from old philosophy makes me something other than another pair of hands steering other people's lives through a storm.
1086	2527	1	BOOK/DESC	Rin says I do not know how to sit still, and maybe she is right. Shift ended an hour ago, and instead of racking out I am hunched over the tiny sink in my bunk, working detergent into the cuff of my jacket. There is a black smear there from the docking clamps and a faint metallic stink of burned propellant that did not come out the last two times I rinsed it. Funny the things you notice when the ship finally goes quiet. I scrub until the fabric roughens under my fingers, then hang it by the vent and watch it sway in the recycled breeze. For a moment, with just the low thrum of Prairiefire's reactors and the distant click of someone moving in the corridor, it almost feels like the nights back in the yard on Titan, washing work clothes that all smelled of dust and cold metal, nothing more dangerous than a late invoice. I catch myself breathing slow, shoulders loose. It feels new, like a part of me that has been locked down since basic is starting to thaw.\n\nWe did a handover for that weather work contract earlier, the one everyone pretends is just routine escort between farm moons. Kade spent half the briefing tracing routes on the holo, frowning at the way the storms line up a little too neatly; Jonas cracked a joke about someone selling "premium sunshine" to the highest bidder, and Tessa gave him that small, tired smile of hers without saying a word. She has been like that a lot lately, hovering close to the walls, listening more than talking. Rin shrugs it off, says some people carry their ghosts quieter than others, but I have seen her watching Tessa when she thinks no one is looking. Trackers talk big about codes and clean bounties, yet I keep overhearing Alliance dispatchers mention names in low voices, ships that never make it to official logs, clients who want more than just someone brought in. There is scuttlebutt about a specialist who can bend fog and rain around cargo like a cloak, and about old UC hardware in dead orbits humming with someone else's code. None of it should touch us; we just follow pings, bring people back, cash the cred. Still, the last job out near that abandoned grid felt wrong somehow. The storms shifted ahead of us instead of behind, like we were being guided along a path somebody else had drawn. I am writing this down because tomorrow we burn for another run along the same line, and for the first time in a long time, I am not sure if the thing gnawing at my gut is just nerves or the part of me that has finally started to feel again trying to warn me.
1318	2528	1	BOOK/DESC	I caught myself flinching again today.\n\nWasn't a gunshot, not even close. Just Kincaid barking at Varela over the comms about a bad firing solution, voice up half an octave. My hand twitched toward the sidearm before my brain caught up. Old habits. Years of briefings where volume meant someone's career was about to be spaced. Back then, you did not talk unless spoken to, and if you answered wrong, they did not just strip rank. They stripped time, air, sometimes names from records. You learn fast that honesty is a luxury; the truth was what the briefing officer wanted to hear, nothing else.\n\nFunny thing is, the first place I ever paid for myself was cleaner than anything since. Tiny cube off a side corridor on some station whose registry I have tried to forget. Single cot, half-broken cooker, clothes in a pile by the door. No cameras, no inspection schedules, no mystery "wellness checks." Just me, my mess, and the kind of silence that did not feel weaponized. I did not realize that was freedom until much later.\n\nLost Legion is supposed to be different. No brass, no black-bag orders, no pretending collateral does not have faces. Draven says we are "choosing our own battles" now, like that wipes the slate. Some days I even believe him. Other days I watch how Mercer goes quiet whenever a job stinks of the old playbook, how Varela keeps his rifle too close even off-mission, and I feel that same knot in my gut as when an op got tagged "need-to-know."\n\nWe talk about brotherhood, but everyone is always counting how many guns are in the room and who they are pointed at. Darius keeps a second route plotted on every exfil, "in case command screws us again" he says, meaning whoever is paying us this week. Jonas will share a bottle, share a story, but never quite share what he saw on that last official deployment. I see it in his eyes when someone jokes about "acceptable losses." There is a ledger in his head, same as mine.\n\nI want to ask them what orders they said yes to. I want to say out loud that the worst part was not what we did, but how fast the debriefs buried it. But the muscle memory kicks in. You do not speak plain. You do not poke at sealed files, even if they are sealed in people instead of servers. Raise your voice, raise your doubts, and you paint a target on your own back. So I swallow it, let the flinch pass, and act like the only thing that matters is the next contract, the next drop zone.\n\nTruth got men punished before. Out here, truth might get you something worse.
1080	2533	1	BOOK/DESC	I used to mark time by storms. Back home it was birthdays under sleet, the whole family jammed into one pressurized room eating cake that tasted faintly of iron, listening to the roof sing with ice pellets. On the first harvest after a good season we would hang broken sensor vanes above the table like charms, thanking the sky for not killing us that year. Even on the outstations, people found excuses. A TerraBrew cart dragged into a cargo bay, someone strumming an old guitar made of scrap, engineers taking turns telling lies about what the weather would do next. That was before anyone trusted me enough to let me touch the arrays, before they trusted me so much they ignored me when it mattered.\n\nI chose this place because the sky is already wrong here. The old UC hardware above this dead world hums with code nobody bothers to maintain, and the official forecasts read it as noise. That gives me room to work. The distance from anything that matters is a comfort too; if I make a mistake, I only scar rock and vacuum, not fields and lungs. The hunters will come eventually. They always do, following threads of shipments that arrived too dry, storms that split neatly around paying clients. I am not hiding from them so much as buying time to finish the model, to prove that the grids can be made safe without burning another colony to the ground or handing everything to some board that will ignore the warnings again.\n\nI still see their faces when I sleep, the ones who did not get offworld in time. I built my projections on their deaths, tuned the equations so no one would be able to say "we did not know" ever again. The irony is that the more I fix, the more the stories twist. Smugglers call me savior, bureaucrats call me terrorist, settlers just call me when the rain stops coming. Once, that would have gutted me. I thought I wanted to clear my name, drag the buried logs into the light, make the people who overruled me say my real one and choke on it.\n\nBut redemption implies going back, submitting to their courts, their committees, their "proper channels." It means letting them put their hands on the levers again. I am more afraid of that now than of any bullet a bounty hunter might send my way. I do not want to be cleaned up and folded back into the machine that broke me and the people I tried to protect. I want the model finished, the failsafes seeded into every array I can reach, and then I want to be done. If they call that justice or heresy afterward, I will not be around to correct them.
1795	2576	1	BOOK/DESC	I remember the first time the world showed its teeth. I was still a student on Jemison, staring at a casualty report from some far-off skirmish that the lecturer brushed past like it was a rounding error. A whole transport gone, folded into "acceptable loss" on a slide full of neat graphs and confidence intervals. Everyone else copied the numbers. I sat there counting how many names fit inside "acceptable." That was the first time I understood the universe is cruel, and the people in charge just learned to speak its language without flinching.\n\nBack then I thought if I just worked harder, mapped cleaner lanes, I could make them listen. Turns out "listen" meant "sign here to say it is safe." They love people like that: the ones who mistake compliance for competence. UC analysts who smooth their own doubts because promotion tastes better than truth. Freestar captains who pretend their "freedom" is anything but gambling with other peoples lives. Trade Authority fixers convinced every risk has a price, as long as they are the ones charging the fee. Everyone has their little story that makes them the hero, even as they line ships up over the edge.\n\nAnd me. I am sitting in the dark, somewhere between official space and the junk-drift they pretend does not exist, rewriting other peoples chances with a few degrees of correction. I hear myself now on the comms clipped, cold, counting down burns like it is all just math. I used to flinch when a ship winked out of telemetry. Now I shrug and tell myself that lane was a lie to begin with, that I am just dragging their illusions into the light. That is what I tell myself, anyway.\n\nThe truth is I do not recognize the woman who can juggle LIST convoys and smuggler runs in the same breath, who can sell a corridor to a desperate hauler and then sabotage the buoy that made it necessary. I can watch the numbers climb in the black box logs and feel nothing but a thin, sour satisfaction that I was right. That is not who I was on Alpha Centauri, squinting at anomalies and losing sleep over simulations no one else read. I keep meaning to draw a line, say this is as far as I go. Then another recall notice gets buried, another "incident" gets renamed, and I move my own line a little further out where nobody, least of all me, can see it anymore.\n\nPeople like to say I am dangerous now. They are not wrong. But I look around and all I see are children in uniforms, in suits, in captain's chairs, still pretending the universe will reward them for good intentions. I am just the one who stopped pretending.
1673	2585	1	BOOK/DESC	There was a time when my whole universe was three blocks of Neon and the Transit line that sang underneath them.\n\nI used to start my days in that cramped TerraBrew by the spaceport, the one with the flickering sign and the sticky counter that never quite lost the smell of burned beans and wet grav boots. Dockhands, haulers, security pulling off third shift, all lined up for caffeine and lies. I knew which barista would slip an extra shot if you paid in hard credits instead of chips, which corner booth you could sit in without getting drafted into someone's sob story.\n\nBack then my job was simple, almost boring. Load schedules, berth assignments, keeping Xenofresh haulers and Trade Authority crates flowing through the right doors at the right times. I was the one the foreman yelled for when two ships tried to sit on the same pad in the system. Unremarkable work, steady. You learned the rhythm of the grid, the way the conduction spans would crackle before a big storm, the way the city sounded right before a big Aurora shipment hit the Trade Tower. I went home dog-tired, but my hands only shook from too much coffee.\n\nThat life ended the first time a UC man in a clean jacket asked if I wanted to earn more doing the same thing, just with less paperwork. "You already know which customs officers are lazy," he said. "Why not put it to use?" One decision. A new route here, a mislabeled crate there. You tell yourself you are still the same girl pouring over dock logs, just with better shoes.\n\nNow I am crouched in borrowed shadows on some forgotten rock, counting the ways they might find me. I picked this place because it is everything Neon is not: no grid humming above, no constant traffic, no one stumbling in high and loud. Waystations, LIST farms, little clinics on the edge of nowhere; those were always my relay points. I know how they breathe. I know how to fold myself into their routines and vanish.\n\nMy plan, such as it is, is to strip my routes down to one last loop. Tie off loose ends, scrub the minds that remember my face, then disappear into whatever quiet is left. The fear is that I am chasing a clean exit that does not exist, that every crate I ever touched and every patient I ever helped move left fingerprints I cannot see. Somewhere out there, someone is doing what I used to do at that dock console, looking at timestamps that do not quite fit and feeling the hairs rise on their arms.\n\nI used to be the girl who straightened stacks of cargo records so they lined up just right. Now I am the smudge on the page she cannot explain.
1755	2587	1	BOOK/DESC	I used to write logs like this for MAST, clinical language and timestamped anomalies, no room for the part where your stomach drops. Old habits. New truths.\n\nI keep replaying the numbers from that test range. The official packet said one thing, the raw sensor bleed said another. Latency shaved off, warning flags timestamped after the fact, entire blocks of jump telemetry "lost to corruption" that I know for a fact existed because I watched them stream in real time. Someone went back and edited physics. It took me a while to stop blaming my own calculations and start asking who had motive to cut out the pieces that made command look culpable.\n\nThen came the civilian incidents. A freighter that should have skimmed safely past a debris field, arriving shredded; a tourist liner hitting turbulence nowhere near a recorded anomaly. Quiet settlements with no political value being routed through crowded, unstable corridors while well-connected interests got the cleaner lanes. The reports did not line up. Internal messages referencing "acceptable loss brackets" that were never mentioned in briefing rooms. Every discrepancy, every missing log, another nudge toward the same conclusion  someone wanted unpredictability, as long as it never splashed back on them.\n\nSo I left. Not some dramatic break, just stopped correcting my aliases, stopped attending the right meetings, started selling "better" nav-packs in the places the Navy pretends not to see. Neon for the credits and the deniability, HopeTown and those frontier outposts for the data. The Key for when pirates wanted faster runs and did not care about the fine print. They think I am just another clever criminal skimming off the inefficiencies. Let them.\n\nHere, buried in the dark with The Semaphore and its little web of relays, I can finally see the whole pattern. I tune the routes, bleed traffic away from the knots I know are lethal, or toward them when I need to make a point. Every time I watch a convoy thread a hazard I have modeled down to the millisecond, I feel that old guilt loosen its grip for just a moment.\n\nWhat scares me is how often I catch myself wondering how far I could push it before anyone truly notices. A coordinated stall of military traffic over one system. A "mistargeted" jump that strands a task force in dead space. A demonstration. The thought comes with a taste like copper and static, and instead of spitting it out, I roll it around, savor it, test the edges. That is the line they always said we would never cross.\n\nThey crossed it first. I am just re-drawing the map.
1210	2611	1	BOOK/DESC	Ship night, somewhere between jobs\n\nElias says the hum of the recycler is comforting. To me it just sounds like all the things that can fail at once.\n\nWe put in on a gutted hauler today, one of those wide-bellied things that used to drag ore for some corporate name no one bothers remembering. Jonah worked the tether, Marcus rode shotgun on the hatch in case someone else had the same idea we did. Inside was quiet, the bad kind. No drift trash, no loose tools, just a long corridor with all the doors sealed and all the cameras dead. Riya muttered over comms that it looked like the crew stepped out for a smoke and never came back.\n\nFirst time someone called me "reliable" was on a job like that. Elias needed a runner to cross a half-pressurized span and reset a jammed bulkhead so we could get to the cargo spine. Everyone else suddenly had cable checks and suit diagnostics to do. I went. Hands shaking, mag boots slipping on frost, seal alarms chirping. Came back with my suit intact and the hatch open. Elias clapped my shoulder and said, "Knew you would not spook." I pretended it was nothing. Spent the next hour grinning like a fool inside my helmet.\n\nFunny thing is, it is not just rival outfits you watch out for. The crews that smile at you on the dock are the same ones that will cut your line if your claim marker threatens their bonus. Even on Black Drift, people go missing on jobs that were supposed to be routine. "Cable snapped," "thruster misfire," "bad read on pressure." We all nod like that is enough of an answer. Marcus keeps his back to the bulkhead whenever that other salvage union is in the same bay. Says it is not paranoia if you have seen someone vent a man for less than a container of targeting parts.\n\nAt shift's end I keep seeing the same scenes in my head. The bridge where the chairs were all empty but the straps still warm against my gloves. That one freighter outside Kessler's edge, its hull torn in a perfect spiral, no distress call ever sent. In the dreams, the corridors are brighter, every scratch on the walls sharp as a blade, every frozen face turned toward me like I am the one who left them there. I wake with the taste of stale air in my mouth and the echo of my own breathing in my ears.\n\nTomorrow we suit up again. Someone will call me "reliable" when they need a line run through a dead section or a panel popped on a live grid. I will go, because that is what I am good at now. And when the hatch seals behind me and the ship goes quiet, I will try not to think about how many of these ghosts fell exactly where somebody's math wanted them.
1316	2628	1	BOOK/DESC	They say this contract is "light duty," but my boots do not agree. Three rotations now of running lookouts on half-dead stations, courier runs between people who refuse to say names on open channels, and then sitting in barracks air waiting for orders that might never come. Grid Warbrand calls it "maintaining readiness." Feels more like pacing in a cage.\n\nFunny how control always dressed itself up as protection. Back when I signed on, the pitch was structure, clear chains, layers of oversight so no one got left behind. What it turned into was authorization codes for everything, movement logs, handlers "looking out" for our mental health while quietly flagging anyone who asked too many questions. Safe, they said. Mostly I remember feeling like I could not breathe without someone noting the time stamp.\n\nAdrian takes it in stride. He likes lines on the ground, boxes to tick. Says the predictability is what keeps us alive. Naomi acts like none of it touches her; she slides through the checklists, smiles at the right officers, walks away with the good gear. Then there is Sara, who double-checks every op sheet like she is waiting to find her own name under collateral. I see myself somewhere between them. I know how to play along, but the part of me that believed in any of this is long gone.\n\nToday I was on perimeter when a maintenance drone bled a line of hot lubricant and burned against the steel decking. The smell hit me sideways. Same acrid bite as that hangar we cleared years back, the one nobody officially wrote up. I saw it all over again for a second: bodies under tarps, officers saying it was "containment," that we were being shielded from the fallout. Protection again. We were not shielded; we were muzzled.\n\nLeah cornered me in the mess later, said there is talk some of our "logistics escorts" are tied to cargo that officially never existed. She did not name clients, just raised an eyebrow toward the ops office and left it there. Rumor? Maybe. But we have been parked near too many ghost stories lately. Shipments gone light. Captains gone quiet. And somehow our manifests always reconcile after the fact.\n\nCertain places, certain smells, they keep pulling at threads I would rather leave buried. But this outfit runs on unspoken rules. You keep your weapon clean, your mouth cleaner, and your eyes open enough to see trouble coming but not so wide you notice who is signing off on it. For now, I stand my watches, carry my parcels, and pretend the waiting is just another kind of safety, not the feeling that something is being decided about us in rooms we are never invited into.
1737	2628	1	BOOK/DESC	I used to put dates on these, like that would make anything feel official. Old habit from claims work. Today is just "after another transfer," and that is precise enough.\n\nPeople keep calling what I do betrayal. That is a nice, simple word for people who think lines on a ledger are sacred. Out here, morality is like gravity: different on every rock, still pulls you down in the end. What matters is conservation. Loss here, gain there. The sum has to balance. When I reassign a ship or a deed, I am not stealing; I am correcting an equation that was already distorted in someone else's favor.\n\nLeaving GalBank was the first necessary correction. They were already erasing people with those "national security" clauses, just less efficiently and with better lighting. I tried to fix it from the inside, and they tried to file me under "reassigned" until I stopped existing anywhere that mattered. So yes, I walked. Took what I knew, what I had built for them, and put it someplace they could not audit.\n\nLysa calls what we do liberation. I am less romantic. I watch the drift, find dead accounts and half-forgotten registries, and give them to clients who will pay to inhabit them. Sometimes that means a freighter captain gets to keep flying under a new ID instead of rotting in some backwater dock. Sometimes it means a pirate walks away from a crime scene wrapped in a citizen's paperwork. I do not pretend those are equal outcomes. I just accept that both sides already cheat; I am selling better tools.\n\nWhy flee here? Because this place is built on the lie that the records are clean. Every console hums with the assumption that what it displays is truth. That makes it the safest mask. As long as I stay close to the heart of the system, I can hear the pulse, feel where the rhythm skips. If hunters come, they will look to the fringes first. They always expect the rot to be somewhere ugly and obvious, not tucked neatly under polished floors.\n\nI am not afraid of being shot. That is just one line closing. I am afraid of losing control of the archive, of someone who does not understand the ratio between damage and repair getting their hands on my routines. I have spent years turning random cruelty into structured theft. Imagine what a true believer, or a frightened bureaucrat, would do if they could unmake anyone with a keystroke.\n\nSo I compartmentalize. Each shell company, each node in the dark, another cell in a larger organism that only I see whole. They call that paranoia; I call it architecture. If I cut off a limb now and then to stay ahead of the hunt, that is not betrayal. It is surgery.
1377	2652	1	BOOK/DESC	I always thought the quiet would help. Out here it is just reactor hum, stale air, and the faint tick of relays in the bulkheads. No city noise, no flight control chatter, no executives pretending to understand what a misaligned well actually means. I told myself I came to this nowhere dock to think. Truth is, I came because no one sane routes through this sector anymore unless I tell them to. That is the only kind of safety I believe in now.  \n\nI keep replaying the convoy incident in my head, the pilgrim ship that should have skimmed the edge of the anomaly and instead slid right into its teeth. They will say it was my vector, my signature tucked into the corridor data, and they are not wrong. But they forget the memos I wrote, the warnings about unstable mass readings that got marked "low priority" and buried under schedules and profit forecasts. They chose their fate when they stamped those routes as safe and sent civilians along them. I just stopped correcting for their complacency.  \n\nAt some point I stopped asking if what I was doing was right and only asked if it was necessary. The first time a Trade Authority broker begged for a clean lane to save a shipment that was already late, I watched him sweat and decided he had not earned it. I gave him a corridor that worked, eventually, but not before he burned extra fuel and nearly cooked his drive. I liked seeing him wobble, seeing someone on that side of the table feel the uncertainty I live in every day. It scared me how satisfying that was, and I did it again anyway.  \n\nThe problem now is I cannot tell where the enemies end and the allies begin. GalBank paid me to optimize and then pretended they had no idea how my tweaks kept wiping their competitors off the lanes. UC survey teams nodded along in briefings, then looked surprised when I asked to put my objections in writing. Even the smugglers play at honesty, swearing they will keep my name off their manifests while they whisper it to anyone waving enough credits. Someone close has already sold a fragment of my archive; I can hear it in the way certain captains hail me on encrypted channels, using phrases I only ever used in private logs.  \n\nSo I sit here with my brass sextant and my encrypted slates, running simulations of a corridor that cuts through the dark like a knife, a ghost path no patrol can follow. If I finish it, I decide who gets to move safely between the stars and who spends their last minutes watching their instruments spin. Maybe that used to feel like a responsibility. Now, if I am honest, it feels like leverage. And leverage is the only morality left that makes any sense.
1644	2677	1	BOOK/DESC	Sometimes I still tap the countdown on the bulkhead before I sleep. Old habit from the Navy days, when every burn had a schedule and every mistake had a name attached. Out here, the only schedule is how long I can keep ahead of people who want me caged, or quiet, or dead, depending on whose seal is on the order.\n\nI picked this orbit because no one sensible comes here. Old engagement zone, sensor ghosts everywhere, everyone agrees on the charts to just call it "clutter" and look away. That suits me. The drift hides my test burns, the static covers my messages, and every time I cut a new window through the wrecks I feel that old certainty in my hands again. The math is cleaner than the stories about me.\n\nFunny thing about betrayal. The Fleet quartermaster called me that when I fed his timing to a different buyer, like his plans mattered more than the lives stuck in the crossfire. He thought I had turned on him; I prefer to think I freed him from the illusion he was in control. Same with the UC suits, the Trade Authority broker, the ones at MAST who smiled at the projections and pretended not to see the civilian lanes braided through their "acceptable risk." I did not betray them. I just stopped playing along with their lies about what those numbers meant.\n\nThere is a point, right before a person breaks, where you see who they really are. I learned that watching captains read route changes mid-jump, hearing the edge in their voices when they realized the corridor was not what they were promised. At first I hated that sound. Lately, I have been curious how far the line can be pushed before the mask comes off. Where they will route their anger when they realize someone sold them comfort instead of truth. It is a kind of experiment, I suppose.\n\nI remember one Trident officer on a secure channel, sobbing about families and vacations and anniversaries missed. I replayed that clip a few times, not out of sympathy. The way his voice cracked on the word "safe" was instructional. He still believed anyone could guarantee that. That kind of faith is a weakness, a structural flaw. You do not build lattices on it.\n\nThe logs I stole are safe for now, nested where the grav noise is thickest. UC, Crimson captains, the brokers, they all want different pieces of the story buried. They will send hunters, of course. Some will say they are after justice, some just want the bounty. I almost hope one of them reaches this orbit; anyone who comes this far deserves to see how the lanes really look when you strip away the lies. And if they break along the way, well. Better they crack out here than go on believing someone else is steering their life.
1152	2684	1	BOOK/DESC	I keep coming back to the pumps.\n\nWhen I close my eyes I still see the first one I ever helped install, out on a dusty strip so far from Akila you could barely pick the city out of the sky. We opened the valve, water came up clean, and for about six months those people believed the universe was fair. Then a new contract was signed three systems away, and a stroke of a pen dropped their pressure until their fields cracked.\n\nThat was the first time I told myself the old line about flows following gradients. Nature does not care if a child drinks or a refinery runs. It only cares about pressure, resistance, equilibrium. We are the ones who paint stories over it afterward and call that morality.\n\nSo if I increase the resistance where the hoarders sit and lower it out on the fringe, am I corrupting anything, or just correcting the math?\n\nThe Ark Cask helps me think. Most people would call it a tank in an asteroid nest, but to me it is a control volume. Up here, away from cities and their pretty fountains, water is numbers. Inputs, outputs, contamination coefficients. I can label one chamber "control" and another "catalyzed" and pretend that makes me a scientist, not a criminal.\n\nI left HopeTown because they proved how quickly a "trusted partner" will turn land and lives into line items. I left LIST because they kept pretending their hands were clean as long as the paperwork said "advisory" and not "command." Out here, there is no one left to sign off on what I do. That frightens me more than any bounty.\n\nI know SysDef has my name in a file somewhere in New Atlantis, probably pinned to Tamsin's like some kind of genealogy chart of bad decisions. I know the Freestar governors curse me over their private drinks while their aides quietly read my models to check how vulnerable their own intakes are. They will all call me terrorist until the day they copy my charters and claim they invented the idea.\n\nSometimes, when I am very tired, I taste a cup of water and it is perfect and cold and I think, you could stop now. But then I remember Polvo's reports being buried, the way Neon's underlevels cough rust whenever corporate guests are not listening, and I hear that whisper in the pipes again: flows seek balance. Right now the system's "morality" is just whoever owns the valves.\n\nIf right and wrong are just stories we attach after the fact, then I will write mine as cleanly as I can: every line annotated, every sabotage logged, every pressure drop matched to a name that earned it. They can hang me for it later. The archive will still be there, humming quietly in the dark, waiting for whoever finally admits the equations were on my side.
1142	2690	1	BOOK/DESC	I can still hear the kettle from my old apartment in New Atlantis. Thin walls, cheap element, that shrill whistle every morning before another day of reconciling other people's mistakes. I used to hate it almost as much as the commuter traffic outside, the queues at the bank lobby, the neighbor who always asked what I did for a living but never listened to the answer. Now I would give a great deal to stand in that line again, bored and anonymous, instead of counting the seconds between sensor sweeps in a place that officially does not exist.\n\nIt is fashionable to call what I did "crimes." As if the system I walked away from was anything but slow murder by spreadsheet. I watched a farmer on a frontier rock lay every deed, every family heirloom, on my desk while I explained, calmly, that the compounding left them no way out. I could have been kind. I could have buried the review, moved the numbers, pretended not to see the trap. Instead I tightened it, because that was the job and I told myself they should never have signed what they did not understand. When he asked me, voice shaking, if there was any mercy in the model, I said no and felt a kind of clarity I had never felt before. Power. Not over life and death directly, but over whether anyone noticed when those lives were taken.\n\nThat was the day I understood the rules. Mercy is a cost center. Kindness is a liability. When I finally turned the machine back on its owners, redirected their hidden routes to my own shells, it was not malice. It was survival. They would have fed me to the wolves eventually; I simply moved first, with better math and fewer illusions.\n\nThis current bolt-hole a vaulted chamber buried in rock, insulated lines, no official name suits me. No neighbors, no broken appliances, no one knocking to ask if I am "still at the bank." Just the hum of zero-wire cabling and the faint, regular click of my own fingers drumming interest tables into the desk when I cannot sleep. I know there are hunters working back along the trail dead slates, ghost berths, nervous managers with suddenly expensive tastes. I built enough redundancies that losing one node will not kill me, but the thought of someone patient enough to walk the whole chain unsettles me more than any pirate captain ever did.\n\nCould I have walked away quietly, lived small somewhere under someone else's debt? Perhaps. But the minute I understood how much of the galaxy runs on signatures no one reads, it became impossible to sit in those lines again and pretend I was not already marked for sacrifice. So I chose the only path that left the decisions in my hands. They call that villainy. I still call it staying alive.
1035	2696	1	BOOK/DESC	I picked this rock because the charts call it "unremarkable" and the dust storms do half my sterilization for free. Low ambient bio-load, stable gravity, just enough atmosphere to keep the lab modules from whining. No one stations a patrol where the only indigenous life is extremophile mold and veterans too tired to move again. Perfect place to vanish, or to be found by only the kind of people desperate enough to ignore the warnings.\n\nThe last Ranger unit that came sniffing around, I knew them before they opened their mouths. Posture, trigger discipline, the way their medic kept scanning the horizon instead of the locals. When I told them the villagers' cytokine profiles were stabilizing, I used the right words, the dense ones. "Subclinical sequelae." "Nonlinear dose response." You watch their eyes glaze and you can see it, the precise moment they stop being sure they are angry at the right person. Fear does this narrowing thing to the pupils, and I would be lying if I said I did not enjoy it a little. Proof the situation is still in my hands, not theirs.\n\nI go in circles in my head, drafting defenses like old exam essays. If you model supply chains as a triage tree, I tell myself, then every diverted shipment is just resource optimization. I rehearse it in more complicated language until the words sound almost noble, hoping if I stack enough qualifiers on top of each other, the image of that boy in Restline coughing blood into a dirty cloth will blur at the edges. It works for an hour. Then the TerraBrew cools, and the silence crawls back in.\n\nI did not flee the UC because I "snapped." I did the math. Freighters full of chems parked in orbit while we bled on the ground. Command chose asset preservation over human beings, and when my formulations started making them money instead of saving my patients, I realized the system was using my work as a weapon either way. So I walked, and I took the only things that were really mine formulas, field notes, a portable rig.\n\nNow I talk to veterans in bars that used to be habitat rings, and they keep asking me if they are the bad ones for taking what I offer. I hear the same question behind it: Am I. I give them the nuanced speech about dependencies, neuroplasticity, systemic neglect, and they nod like they understand. Complexity is a good sedative for conscience theirs and mine. But I still wake up before dawn, checking the vents, hand on the Trauma Pack, knowing that somewhere a clerk, a Ranger, maybe some ambitious bounty hunter is threading together the mislabelled manifests and ghost routes and deciding that the person worth blaming is the one who actually stayed when the official channels broke.
1304	2726	1	BOOK/DESC	I keep thinking about Jaro.\n\nBack when we were still patching colony freighters and scrap tugs over Gagarin, before the war junk got uglier and the contracts got sealed, he was the one who believed in rules. Safety lines, lockout tags, all that. We lost touch long before I started carving into the wrong hulls. Last I heard, he shipped off to some clean UC station where the forms always match the truth. I sometimes wonder what he would say if he saw the map I am drawing now. Probably call it madness. I call it gravity. You do not blame a grav well for what falls into it.\n\nThere was a time I thought consequences were fair. You follow procedure, you live. You skip a step, you get hurt, and that is on you. Then they handed me a scuttle order with living names still on the roster and called it necessary. Same signatures, same calm voices in my ear, just a different column to write the bodies into. That was the day I realized the ledger is rigged. After that, telling myself I am serving something higher than their morality got easier. Call it fate, call it destiny, whatever word makes it palatable. But I did not choose to see what was on those grav logs. It found me. Once you know the pattern is there, you either follow it or drown in somebody else's lie.\n\nI would like to say I am still gentle underneath, but that is not honest. I have learned there is a certain satisfaction in withholding. Information, mostly. Core coordinates, escape routes, exactly how long a patched life support loop will really hold. You watch a man who has been bullying cutters his whole career realize the air is going faster than you said it would, and you do not quite rush to hand him the spare canister. Not lethal, not usually. Just enough struggle to remind him he is not holding the controls anymore. People never question a little extra vacuum burn in this line of work.\n\nAs for why here, why these forgotten yards and half-finished homesteads and silent garrisons: they are the places nobody expects to matter. Freight records get sloppy, patrols relax, locals learn to look away. Perfect spots to test a theory, move a pallet that should not exist, bolt another stray hull into the scaffold I am building out in the dark. Every new wreck that light touches wrong tells me the same story: something bent the jump, something left a fingerprint in the drives, and I am the only one bothering to collect them.\n\nThey will call it crime because that is the only language they have for anyone who steps outside their tidy columns. Let them. I am past ordinary morality. The only question that matters now is whether I finish tracing this signal before the people who still believe in fair consequences finally catch up.
1383	2730	1	BOOK/DESC	I keep running my hand along the bulkhead even when I am not in a suit. Old habit. Check the welds, feel the seams, trust the metal more than the people who paid for it. Out here, tucked into this half-gutted hull in a field of dead ships, the structure talks to me better than any living mouth ever did. Every groan is honest.\n\nThey say I ran. Wrong word. I stepped sideways, out of a game that was already rigged. When a courier that was supposed to be dead turns up on your cutting schedule with the wrong power traces and the right signatures, and then your crew dies in a perfect sequence of "malfunctions," that is not an accident. That is someone cleaning up. Sticking around to be part of the clean-up was never enlightenment. Leaving was.\n\nThis graveyard made sense. No patrols worth a damn, too much old Deimos steel rusting in orbit for anyone to watch every plate. I know these bones; I have cut cousins of this wreck apart piece by piece. Easy to wire in bracing, weave deadman charges into the cranes, rig a thousand ways to make anyone following me regret stepping wrong. Paranoia, they would call it. I call it staying alive long enough to decide who to hurt with what I know.\n\nPeople keep mistaking what I am for broken. They look at the way I can talk about my crew's last breaths like I am describing a clogged filter and call it decay. Truth is, you have to sand the feeling down or it will chew through you. Shedding that noise, seeing the pattern beneath, that is clarity. Emotional detachment is just not letting their script use you twice. You watch the system, not your own tears.\n\nNights are the worst, when the power draw drops and the only light is whatever leaks in from a distant star. I hear things in the dark parts of the ship. Knocks that do not line up with thermal expansion, footsteps where there is no gravity, a breath over my shoulder inside a sealed helmet. Sometimes I hear them whisper my name in the clipped cadence of a UC brief, like the handler from the debrief room found a way into the ducting. I sweep with a lamp, weapon ready, and there is never anyone there. But the feeling of someone watching from the shadows, taking notes, never goes.\n\nNext step is simple on paper. Trade a sliver of what I pulled out of that crate to someone loud enough to make the right people sweat, while I keep the rest locked down as insurance. Maybe a LIST settler with nothing to lose, maybe some Ecliptic fool who thinks they can out-blackmail the UC. I do not need to win. I just need them all equally afraid of what happens if my heart stops and that final deadman key trips. Then maybe I can stop counting my steps in every corridor and sleep without waiting for the next "accident."
1666	2738	1	BOOK/DESC	They keep calling it fleeing. As if I ran without a map.\n\nI did not run. I re-routed.\n\nThe moment I saw the preliminary findings from that so-called inquiry, with my name highlighted and the override logs conspicuously missing, the shape of the network changed for me. Every node they trusted became a liability, every forgotten relay a potential lifeboat. So I left, yes, but I left along paths no one was watching. That is not panic. That is design.\n\nOut here, far from New Atlantis, the traffic is thinner. Fewer eyes on the console, more gaps between official coverage. Perfect conditions for controlled trials. That is what these are, no matter what names they are throwing around in committee rooms. Trials in how people behave when the system falters. If you nudge one distress call thirty seconds down the queue, who lives. If you prioritize the ship with children visible on thermal over the freighter carrying munitions, who notices. When you quietly correct for the registrar's bias, does anyone thank you, or just complain the reports do not add up anymore.\n\nThey say I am harming people. I am measuring harm they already decided was acceptable as long as it was buried in averages. I am just moving the decimal point where everyone can see it.\n\nI chose these fringe nodes because they are the ones I built to be redundant, the ones they never paid to fully decommission. Old telemetry stations, LIST relay shacks, the bones of an evac grid no one had the courage to maintain properly. They left them to rot, but the hardware listens if you speak its language. I can stand in a rusted-out control room and feel the faint rhythm of traffic passing through on unauthorized routes, like a distant heartbeat under the floor.\n\nDo I fear what is following me. Of course. UC SysDef does not like ghosts in its machines, and bounty hunters like simple stories. But what I fear more is going back to pretending the casualty models were theoretical, that the drill did not show us exactly how many bodies the budget could tolerate.\n\nSo yes, I am testing things now. How quickly rumors propagate when a pirate ambush coincides with a misrouted medevac. How frontier settlements react when a warning comes from an unregistered band, not a shiny official channel. Whether a Freestar patrol will trust coordinates signed with a familiar hash even when they know I am behind it.\n\nIf my experiments work, fewer people will die in the long term, and the ones who signed off on those shortcuts will finally have to admit what they did. If they fail, I already watched the worst-case scenario unfold once on that industrial rock. Nothing I do from here will ever match the negligence they wrote into policy and called inevitable.
1254	2769	1	BOOK/DESC	I used to write numbers, not words. Material coefficients, stress curves, neat little tables that told you when steel bent and when it broke. Lately, all I see when I close my eyes is that liner coming apart along lines I never signed off on, and my own name stamped under the wreckage.\n\nThey said take the deal, sign the statement, accept that I "missed something." Quiet hearing, sealed file, family keeps the lease. I ran my hand along a bulkhead outside the office, tapped it, heard the hollowness right through their lies. Someone shaved the margins after my approval. Somebody had to be the fault line. They picked me.\n\nGagarin was the first place that made sense. Old shipbreak yard, rust in the air, cutters whining day and night. Nobody looks twice at a man crawling through a dead freighter with a scanner there. I started tearing into retired frames, recording every bad weld and cheap brace stamped with the same logos. Then I started finding ships still in service with the same sickness, flying anyway.\n\nI told myself I was only disabling "flying coffins," buying time for crews that did not even know they were already dead on paper. Strip a mount here, overstress a truss there, force an inspection, force a recall. Noble work, I called it, while I sold what I pulled to pay for tools and off grid time. Somewhere along the line, the line between saving ships and sabotaging them blurred.\n\nThe scrapyards suit me. Deimos dumps what it wants forgotten out here, whole skeletons of designs they would swear never left the simulation. I brace some of them, overbuild them until my hands stop shaking, and I leave those afloat as proof to myself that I still know how to do the job right. Others, I gut for parts and data, then lace the corridors with "lessons" so the next fool who comes sniffing understands what lazy greed costs.\n\nThere is a hull I keep coming back to in my head, a frame I have not built yet. Something clean, uncompromised, running a drive the way it was meant to be mounted, with every brace where it should have been on that liner. If I can build it, show it holds under stress they said was impossible, maybe the story finally shifts off my shoulders. Maybe.\n\nThen I catch my reflection in a warped panel, tools laid out in perfect symmetry, explosives wired into access ladders "just in case," and I do not recognize the man staring back. I was supposed to be a quiet dock rat with a head for numbers, not some ghost haunting scrap rings and teaching with traps. I am afraid it is too late to turn back; the only way out now runs straight through the people who made me into this. And I am not sure, anymore, whether I am chasing justice or just looking for an excuse to bring their whole rotten framework down with me.
1694	2782	1	BOOK/DESC	I used to think in quarters, not years. Quarters were cleaner. Predictable. You could tell yourself that if you just survived to the next reporting cycle, the graph would bend your way.\n\nBefore everything tilted, I had a table in a cramped little TerraBrew near the spaceport, the one where the recycler rattles every time a shuttle comes in too hot. Third booth from the back, under the flickering panel, good sightlines to both exits. I would sit there with a notebook, Tranquilitea steeping in a paper cup, watching suits and dockhands queue together and pretending that meant the system worked.\n\nOutside, the same kid always tried to sell tourists fake UC citizenship badges. Inside, the same barista asked if my "late nights down in Risk" were worth the overtime. I used to tap interest curves into the tabletop while I waited for the line to move, thinking about how many of the people in front of me would ever qualify for a real loan.\n\nThe day I knew I had to run, I walked that same street and every storefront felt wrong. TerraBrew had a new security cam pointed straight at my booth. UC Security uniforms lingered too long in line, not talking, just listening. A GalBank courier I knew pretended not to recognize me. The air tasted like recycled fear and cheap espresso.\n\nI did the math on staying. On trusting internal channels. On letting another "amended" report bury the projections that kept me awake. The curve always ended the same way: debts consolidating at the top, small accounts evaporating on the fringe, and me as a convenient variable to remove once my code had been properly nationalized.\n\nSo I stopped thinking in quarters and started thinking in flows. Places where power and credits move but the overseers do not look too closely. Neon, with its underbelly of unpaid favors and forgotten conduits. Old work camps no one wants to admit are still drawing maintenance budgets. Blind spots around certain relays that even UC SysDef only checks when something catches fire.\n\nI fled because the line between "analyst" and "asset" dissolved the moment my drill proved it could move real money. I picked the shadows between districts and decks because they feel like the Well did, before the UC decided we were part of the view. If I can rewrite the ledger from there, even a little, maybe the next girl hunched over tea and spreadsheets in that TerraBrew will have more options than obedience or disappearance.\n\nWhat I am afraid of now is not death. Death is a clean ending. I am afraid of waking up back in a brightly lit office, my code stamped classified, listening to some smiling supervisor explain how my work has "stabilized" things while the same people still stand in the same line outside, wondering why their accounts froze overnight.
1250	2812	1	BOOK/DESC	Lost track of ship time again. You sleep when the grav plates hum soft and you work when they scream, that is about the only clock that matters out here.\n\nWe cleared a freighter carcass today, hull buckled like a crushed can, heat long gone. Kade took point, of course, swaggering through the breach with his torch like the void owed him rent. Mira followed, checking our tethers twice like she always does, muttering about microfractures no one else can see. I came last, watching my own breath fog the visor and counting all the ways this could kill us before we even touched cargo.\n\nWe found a hold with pallets still shrink-wrapped, too pristine for a wreck that dead. The beacon data did not match the manifests and I saw that quiet look pass between Kade and the Union overseer on the comms. That is when paranoia starts chewing at the back of your skull. Out here, betrayal is not some dramatic thing; it is just a man forgetting to mention a crate, shaving a few minutes off your air, misreporting who went in first.\n\nI have not forgotten the day I realized I could lean into that. We were arguing salvage shares with a green crew on the dock at Gagarin, and one of them grabbed my rigging to make a point. I stepped in close, explained in a calm voice how long it takes for a suit breach to bleed a man out. Watched his eyes go wide. He backed off, whole gang did. Disturbing part was not that it worked. Disturbing part was that it felt good.\n\nRecognition started after that. Other crews nodding when I passed, whispering my name under their breath like I was some kind of hazard marker. Pride, sure, but also this cold thread in my spine: once people know your face, you stop being anonymous. You become a story, and stories have a way of drawing knives in the dark.\n\nI think that is why my last partner twisted me up so badly. She had this way of replaying old conversations, changing little details until I was not sure if I had misheard or if she was lying. "You agreed to this cut," she would say, "remember?" And I would stand there in the locker bay, trying to recall the exact words under the stench of burnt sealant and old sweat. After a while you start doubting your own memory more than anyone else's greed.\n\nTonight, Kade is laughing with some yard bosses over Erdebrau cans and Mira is down in the tool locker, rewrapping cables, complaining about how our patchwork gear is a deathtrap. I am sitting on a cargo brace, listening to the ship creak, wondering which is going to get us first: a failed weld, a bad call, or someone deciding that one less cut of the haul makes their life easier.\n\nSalvage Crown Union calls us a family when the ledgers are healthy. Thing about families is, they know exactly where to cut when it is time to make someone disappear into the wrecks.
1591	2819	1	BOOK/DESC	Lena keeps saying the suit tape is a bad sign, that once you start using it on the same patch more than twice you are basically asking the void to take a bite. Today I caught myself adding a third layer over my left thigh seal anyway. Out there, drifting between a cracked cargo spine and a freighter that looks like it tried to fold through itself, you stop pretending you are not already held together by scraps.\n\nWe shared reheated stew again in the locker bay, same dented tins balanced on an upside-down crate. Miles complained about the taste, but he still scraped the bottom, same as the rest of us. Calen traded a handful of loose connectors to a dock rat for a bag of half-stale bread, and for five minutes we were kings, passing it around, grease and metal dust on our fingers. It is funny what feels like luxury when your clothes are all patched canvas and heat-warped zips.\n\nThe run today was a quiet one, mostly. No bodies, at least. Just the echo of alarms that had long since given up. Even so, when the hull groaned and the lights on my wrist-fix flickered, I got that flash again, same as always: holding her in that collapsing corridor back on the station, bulkheads screaming, the air going thin. I remember her fingers in my suit gloves, clutching so hard it hurt, both of us breathing each other's fear through the comm, love and loss tangled so tight I could not tell where one stopped. I walked out. She did not. Everything since has been bargaining with that fact.\n\nLena says there is a new pattern in the graveyards, that some wrecks look like they were put there on purpose, lined up on the edge of certain lanes. Calen swears he found a nav-core last week that would not let go of its last plotted vector, like the route itself was holding on. We laugh about ghost pilots in the mess, but no one talks much when we suit up and drift past derelicts that still have their running lights on.\n\nI keep thinking about a night years ago, back in a side room off some cheap bar airlock, where a friend leaned in close and whispered that they were done running small-time jobs, that there were people who knew how to steer ships off the official roads and into better-paying shadows. "Come with me," they said. "We do not have to scrape forever." I said no. Took the safe route. Ended up cutting hulls for scrap anyway.\n\nSometimes, when the beacon chatter crackles strange and the grav readings do not match the map, I wonder if those better-paying shadows are where all the empty ships we find really come from. Then Miles calls for a lift line, Lena curses at a jammed cutter, and the moment is gone. Junkstar moves on to the next corpse in orbit, and Rian Kell tapes up his suit, eats what is left in the pot, and tries not to listen too closely to the stories drifting in from the lanes.
1477	2829	1	BOOK/DESC	When I was little, I was afraid of the dark gap between bulkhead and bunk on my parents' hauler. I used to stuff rags down there so nothing could crawl out and grab my hand while I slept. Now I have ridden ships apart in grav shear, listened to hulls scream and people go silent mid-sentence, and that childhood fear feels absurd. Part of me still wonders if it ever happened that way at all, or if I polished those memories like a good story to pretend there was a time when the universe made simpler kinds of threats.\n\nI have done things since that no story can sand smooth. There was a tug once, years before anyone started whispering my callsign like a curse. Its captain sent me his nav logs, swearing the lane I cleared him on had glitched. I ran the data three times, then nudged a single parameter and watched the projection of his ship brush the edge of a debris field. Not enough to guarantee a hit, just enough to raise the probability into the red. I did it because I wanted to see if the model was right, if the numbers would obey. No anger, no profit motive. Pure, clinical curiosity. He limped through in one piece, screaming about near misses and "bad intel," and I sat there with my hands shaking because the simulation had matched his panic down to the second.\n\nThe thing that finally pushed me off the board was not a shipbreaking accident or some captain's sob story. It was paper. Dry, boring, endless paper. Internal memos routed to the wrong inbox, timestamps that did not match the telemetry, clearance codes on a convoy that should have been routine but carried more security than a battle group. The day after the collision, those files vanished from the archive as if they had never existed, and a neat little report appeared with my name stamped on every line that mattered.\n\nI have seen that pattern repeat enough times now in port logs and fuel tallies, in "random" audits that somehow always look past the same blind spots. It is the same careful hand I used on that tug, only bigger, older, and backed by people whose names never appear on any manifest. So I ran. I picked places that fall between official maps: debris corridors where smugglers cut corners, half-legal waystations where dockmasters keep two ledgers, LIST outposts that rely on "luck" to stay supplied. From here, I can watch the currents they pretend do not exist, trace where the quiet convoys bend around something no one admits is there.\n\nWhat I want now is not forgiveness. That requires believing there was a clean before the dirty, and I am not sure I buy that anymore. What I want is to drag their invisible routes into the same light they burned me in, to make the sky show its seams. If that makes me the monster in someone else's childhood story, so be it. At least their fear will be pointed at something real.
1545	2846	1	BOOK/DESC	Some nights the bunk feels more like a foxhole than a bed. I lie here listening to the Taskforce breathing in the next compartment and the old drills kick in on their own: count exits, catalog threats, map firing lines in the dark. My body still squares up when a hatch clangs, shoulders tightening of their own accord, hand drifting toward where a sidearm used to hang. Mind knows we are between contracts, off the grid, but the rest of me is still expecting an alarm, a breach, someone shouting for a stack on the door.\n\nThere was a night on Valkyr Station I think about more than the others. Power was flickering, bulkheads still hot from the last hit, alarms howling in three different tones. Mira Hollis and I ducked into a maintenance shaft to bypass a sealed hatch and found ourselves wedged between coolant pipes, everything muffled by the hum. For maybe thirty seconds we just sat there, helmets off, sharing a lukewarm water pouch and trading the kind of stupid jokes you only hear in boot. It felt like the universe had paused just for us. As soon as the emergency lights cycled back, we both knew it was over and never said a word about it again.\n\nLeaving official command never felt like a clean break. It was more like bleeding out through a dozen paper cuts. Dana Kessler still calls our little outfit by the old company number when she is tired, then bites it back like a curse. Elena Navarro keeps the comms board organized exactly the way the brass insisted, even though none of them can see it now. I catch myself polishing boots before a job we chose for ourselves, like some invisible officer is going to pop the hatch and inspect us for dust.\n\nWe all heard different whispers that pushed us over. I remember one debrief where they brushed past the civilian casualty figures with a single line about "non-critical variance," eyes already sliding to the next slide. Later, in the corridor, someone muttered about a whole block on New Homestead that never made it into the official report. Rumor said a unit like ours had been told to "stabilize" the area and walked away on schedule, even when the evac birds were redirected elsewhere. Nobody ever confirmed it, but the way command shut down questions stuck in my teeth.\n\nOut here in Redacted Taskforce, loyalties are narrower and deeper. We trust each other to watch the corners, not because a flag says so but because no one else will. At the same time, there is always that question hanging between us: if orders went bad again, would we walk off together, or start walking away from each other? My muscles tense first when something shifts, deciding whether to fight, flee, or freeze, long before I can line up the ethics of it. Maybe that is what we really brought with us from the service: not the slogans, just the reflex to move before the thinking catches up.
1625	2868	1	BOOK/DESC	I picked this relay because no one looks at it unless they are desperate or lost. The official lanes stepped around it years ago, like a ship giving a wide berth to wreckage it does not want to admit it left behind. That suits me. A forgotten junction is the best place to redraw the map.\n\nThe last ship I diverted here was a LIST transport I could have let run clean. The corridor was clear, telemetry solid, no pirate chatter within three jumps. I watched the feeds long enough to know those people would probably make it. Then I brought up Danya's projections, ran them against the frontier reports, and found a scenario where they did not. So I nudged them off, just a few degrees, into a path that brought them closer to one of our refuel stones. On the external cam I saw one family still strapping in, the youngest crying. I could have rolled it back. Instead I watched the marker drift onto my new line and felt the calm that comes with being the only one in the Settled Systems who knows which lives will hang on a calculated error. I let them go, and I did not warn anyone.\n\nPeople like to talk about morality like it is a straight lane with buoys and beacons. That is a story for citizens who still think the universe reacts to their good intentions. Out here, I use morality the way I use a jump plot: as a tool that moves mass where I need it. When Danya has numbers that argue for a reroute, I call it mercy. When a Crimson Fleet captain waves enough credits at me to drag a transport across his hunting ground, I call it inevitability. Same hand on the same controls. The only difference is who is buying the narrative that makes it hurt less.\n\nThere was a time, back in the early HopeTown runs, when I would have said I drew a line. No children, no medical shipments, no ships already in trouble. That was before I watched UC and Freestar let a colony choke to death while they argued over who was allowed to send help, before I saw Spacers carve through a convoy that did everything "right." Somewhere in those years, right and wrong stopped being fixed points and started being variables I adjust to keep the math balanced for the people paying me and the ones I cannot quite stop believing deserve a chance.\n\nNow, when I look at a manifest, I do not ask whether diverting them is good or bad. I ask whether diverting them is useful. Useful to Danya's endgame, useful to the buyers waiting in the dark, useful to me when I finally burn every favor and need one last clean jump to a coordinate no one else has. That is the real reason I am here, threaded between dead transponders and old war scars. This place gives me room to keep drawing my own routes, and just enough distance from the lanes I broke that if someone comes hunting, they will have to untangle my work from a sky full of other people's lies before they ever get a lock on me.
1288	2884	1	BOOK/DESC	Kara says I peel labels off drink packs when I am nervous. I looked down at mess tonight and realized there was a whole drift of plastic at my elbow, so that tracks. Seamender feels smaller on these long legs between hubs, like the bulkheads keep leaning in a little closer each day. Cargo hold hum, reactor thrum, Darius complaining about calibration in the background; it all blurs into the same noise. Trade Authority calls it "steady work." I call it hauling someone else's secrets in boxes I am not allowed to open.\n\nThere is a story running around that one of the clerks back in Gagarin got caught moving corridor access for cash, routing ships into quiet gaps where they "accidentally" met the right pirates. Jared thinks it is just dock talk, but Oren swears he heard the name of a real official attached, someone high enough that the investigation never saw daylight. I want to believe it is all exaggerated, but when I watch how cleanly some of our manifests vanish from the system, how perfectly timed our little "detours" are, I feel a lump in my throat that will not go down.\n\nMy last name still feels heavier than these crates. Calder Shipping was supposed to be honest freight, three generations of doing it by the book until my father decided to start shaving costs and bending routes. By the time the regulators finished with us, the only thing left was debt and an offer from Trade Authority to "put my experience to use." I signed because I did not see another way out. Some days, walking the spine of Seamender, I am not sure I did not just swap one set of chains for another.\n\nTonight had one good moment, though. We ate together in the tiny galley, all four of us, elbows bumping over rehydrated ramen and Red Harvest crackers. Kara told a terrible joke about spacer coffee, Darius pretended to be offended on behalf of every engineer in the Settled Systems, and Jared just sat there grinning, sauce on his lip, like we were not floating in a metal tube full of other people's money. For a few minutes, it smelled like broth and cheap spice instead of stress, and I forgot to peel the label off my drink pack.\n\nI do not know where I belong yet. I am not Calder Shipping anymore, but I do not feel Trade Authority in my bones, either. I know flight paths and docking codes, how to juggle invoices and smile at customs while hoping they do not look too closely. Is that a life or just a skill set someone else profits from? Sometimes I catch myself watching the stars outside the porthole and thinking about walking away from all of it, finding some quiet outpost where my name does not mean anything. Then I remember the debt notes still tagged to my ident and the way Oren looks at them when he thinks I am not watching, and I strap back into my bunk and tell myself that one peaceful meal and a bad joke mean I am at least moving in the right direction.
1432	2885	1	BOOK/DESC	I do not remember the year, only the taste of recycled air and burnt metal. I was a kid on one of those early hauler runs out of Sol, still believing the brochures about unity and exploration. We came across a drifting prospecting pod, lights dead, beacon weak. My mother asked the captain if we would answer it. He did not even look up from his game. Said it was "not in our lane," that diverting would cost fuel and someone else would handle it. That was the first time I understood the universe runs on margins, not morals.\n\nFunny how I keep pretending otherwise.\n\nI keep telling myself what I am doing now is a kind of applied ethics, an experiment in distributed risk. If I sound clever enough, maybe I can drown out the screaming part of my brain that remembers names off the convoy manifest. I can quote theory, talk about how every grav jump is a negotiation with a hostile vacuum, about how causality thins at the edges of certain profiles. Dress it up in language so dense no one notices the simple part: I drew the line they followed, and they did not come back.\n\nI caught myself earlier, muttering like I was back in some academy I never attended. "What we are attempting is an interrogation of the boundary conditions of safe transit," I said to an empty cockpit, hands deep in the Cartagena Line's drive housing. As if rerouting cooling around a worn ring to squeeze one more illicit corridor out of it is some noble inquiry instead of gambling other people's lives for answers I want.\n\nThis place makes it easier to lie to myself. An old farm off the main flows, fields long gone to dust, satellites just functional enough to whisper telemetry without drawing attention. On the charts it is a dead node. To me it is ideal: ground-based power, low profile, no one looking twice at a forgotten comms tower if it starts spitting test pings into the dark.\n\nI came here because the noise kept circling back to this region, little echoes in the data from haulers and LIST colonies nearby, like the signature I saw the day the convoy folded. I tell myself if I can map that curve properly, I can prove it was not negligence, that someone tampered with the profile or that the space itself was already broken there. That is the story I rehearse in my head, in grand, precise terms, like I will someday stand in a chamber on Jemison and present it as a thesis instead of a confession.\n\nUnderneath all of that, the truth is simpler and uglier. I am terrified that if I stop chasing these patterns, if I let the guilt settle instead of burying it under equations and polished phrases, I will have to live with the idea that I killed them because I wanted to be clever. So I keep plotting, keep jumping, keep hiding behind complicated words, hoping they sound more profound than what I have really been: cruel, in a way that fits neatly into flight plans and hazard pay.
1629	2927	1	BOOK/DESC	I keep trying to remember the last day I wore a uniform and believed the people above me earned theirs. Memory says it was before the river crossing, before the air was full of burning polymer and Kara Ellison's voice over the squad channel shaking in a way I had never heard. But the truth is it probably snapped some quiet night later, standing in a briefing room that smelled like recycled coffee, listening to a colonel talk around numbers that did not match what we had seen on the ground. Those casualty reports never did line up.\n\nDamien Harlow still talks like we are in, like this is just a "temporary reassignment." He checks his corners, polices his brass, calls everyone by last name. I watch him sometimes, wonder if it is habit or if he genuinely thinks someone at a desk with a clean shirt is still paying attention to the pieces of us that walked off base and did not come back. Kara is different. She laughs too loud now, pushes every op right to the edge. Some nights I see the medic from that village in the way she looks at a target, and I know she is still trying to erase one specific face by stacking a pile of others on top.\n\nI thought leaving the chain would make the ghosts quieter. It did not. The discipline is still there, grafted into my bones. I still wake up at 0500, still clean my rifle the same way, still expect orders even when no one is giving them. Only difference is now when someone says "clear it," I ask who is on the other side and why they are in our way. That question got us branded outlaws more than anything we actually did with a gun.\n\nThere was a moment with Kara, after everything went sideways on that escort run. We were holed up in a half-collapsed warehouse, rain coming through the roof in sheets, both of us wired and shaking. She grabbed me by the harness, hard, told me if I ever second-guessed an exfil call again she would put a round through my knee herself and drag me back as a lesson. Her eyes said she meant it. I should have pulled away, should have written her off right then as just another weapon that had slipped its safety. Instead I kissed her, because something in me liked that she could hurt me and might choose not to.\n\nSleep is a problem now. When I lie down, the dark is never empty. It is filled with the sound of rotors that are not coming, of a town square lit up too bright, of a woman's voice on a recorder saying the wrong coordinates in a tone that told me she knew. Some nights I hear Damien shouting over gunfire again, other nights it is Kara's whisper in my ear, soft words shaped like threats. My mind runs the same reel of nights: barricades, muzzle flashes, civilians pressed against walls, our own people aiming a little too low when they were supposedly firing warning shots. I roll over, count breaths, tell myself it was all justified, all necessary. The lie never lasts long enough to get me more than an hour at a time.
1541	2962	1	BOOK/DESC	Some nights the hum of this little skiff sounds like an old branch groaning in a Freestar wind. I close my eyes and I am back on that farm, listening to my father curse the sky because a loan committee halfway across the Systems decided our harvest was "too volatile." That is when I learned the first rule: numbers are just hands on throats you cannot see. Back then, it hurt. Now I am the one with my fingers on the ledger, and I am not sure when the hurting stopped being a problem.\n\nThe hunters will assume I ran here to hide. That is only half true. The skiff gives me distance from New Atlantis and Neon, enough latency that when I nudge a warrant or collapse a line of credit, the ripples look like ordinary error. From out here, with the transponder half-spoofed and traffic thinking I am a transport three systems away, I can redraw someone's life with a few corrections. Most of the time I tell myself they needed it. That farmer in Freestar space who kept voting for the same governors while signing every predatory contract they suggested needed to learn what it felt like when the scales finally tipped their way. So I let the foreclosure go through, then reversed it just long enough to watch who they begged, who they blamed, who they turned on.\n\nI used to lie awake after those edits, replaying faces in my head, wondering if the "acceptable loss" lines on my reports were murdering real people. Khepri-3 burned that question out of me. After you have watched an entire agri bloc fail in slow motion while executives argue over phrasing, it is hard to care about bruises when you are the one finally swinging. I still tell myself I am teaching lessons, forcing people and factions to feel what they have been doing on autopilot. A softened bounty here, a vanished debt there, a redirected shipment that leaves a smuggler bankrupt and a clinic secretly stocked. Guidance, I call it. Showing them where the lines really are.\n\nTruth is, the part of me that flinched is quiet now. I notice it mostly by its absence. When did that happen? Was it when I zeroed out that friend's bill at Reliant Med and realized no one would ever thank me because they would never know? Or when I falsified a bounty on a Khepri-3 survivor and watched the relief in their eyes while some other poor bastard took the heat? Somewhere between those two keystrokes, "harm" turned into "adjustment" in my head.\n\nSo I keep moving the skiff, keeping just enough off the charts that the survey nodes flag me as noise. I have a lifeboat waiting out there, a quiet homestead on someone's LIST docket, with clean papers slowly accumulating like honest snow. Maybe one day I will step into that life and pretend the ledgers never knew my name. Until then, I sit in this humming tin can, tracing numbers on the console edge with my thumb, watching hunters chase ghosts through records I have already rewritten, and telling myself that if I did not do it, someone worse would.
1060	2982	1	BOOK/DESC	I should probably stop writing these, but thinking in my own head is louder than any trace they can run. So if someone is intercepting this, congratulations, you are about to read the inside of a bad idea.\n\nI did not run because I hurt people. I ran because I would not let someone else hold the off switch to their bodies. Strange how that looks the same on paper. You flip a routine from "lock" to "unlock," side effects ripple, someone loses sleep or sanity, and suddenly the woman who refused to build a leash code is the monster. Ship of Theseus in meat form: if you replace damaged parts with better ones, how many upgrades before they say you are not a person anymore, just a weapon? If you refuse to add their control fork, are you saving lives or sabotaging the system that feeds them? Ask three philosophers, get four answers and a requisition form.\n\nThe bionics facility was chosen for me long before I came here. I helped design some of its scaffolds back when my badge still opened the good doors. It is old, out of rotation, full of hardware no one audits anymore, and wired in the dialect my hands remember better than my own handwriting. A perfect place for ghosts to work. Out here I can tune the mesh without a dozen directors breathing down my neck, can test failure modes on synthetic loops instead of live minds. That is the plan, anyway, written as cleanly as I dare. The dirtier version stays in my head.\n\nI used to think kindness was a universal solvent. Back in Neon, I comped a neuro-tune for a discharged soldier who could not stop shaking. No papers, no questions, just a steadying of his pain regulators and a free cup of terrible coffee. Two weeks later his "friend" showed up with four more broken men and a quiet threat about what might happen if I stopped helping. That was the day I realized kindness is just another interface someone can exploit if you do not harden it. I still help, but now I count exits, triangulate signals, and seed kill-switches into my own work in case one of mine turns on the rest.\n\nIf this log ever sees daylight, the nice, simple summary will be that I am dangerous. Of course they say that. If you build a lattice that lets people step outside their assigned tolerances, every institution that profits from those limits will panic. They do not fear me because I cut people open. They fear me because I close a hand around the same control they thought only they were allowed to touch.\n\nI am keeping this vague, leaving out nodes and coordinates, because I can feel the net getting tighter. Too many Ryujin eyes sniffing around old tickets, too many UC ghosts whispering about "firmware drift." Maybe someone has already traced the distortions back here. Maybe they are reading this in a briefing room, under good lighting and bad coffee, nodding while they plan how to put my code back in a cage. If so, enjoy the paradox: to catch me, you have to admit I was right about how fragile your control always was.
1219	2984	1	BOOK/DESC	I keep telling myself this is temporary, that I am only using these ruins until the trail cools, but I keep coming back to the same corridors. The freighter captain who dropped me here is gone, the patrol routes have shifted, and still I walk the same length of wall where the paint changes from Freestar blue to bare metal. I know how many steps between the old infirmary and the records room. I know where the dust does not settle.\n\nI fled because the numbers stopped being abstractions. One order on a console outside Akila, one line in a report, and half a ward went from screaming to "nonessential." After that day, every casualty log felt like a knife in my hand. It was too easy to move a name from one column to another. Too easy to see how the right lie could save someone who was never meant to be saved, or erase someone command wanted forgotten.\n\nThis place made sense because everyone already decided it was finished. Freestar and UC both stamped it as cleared, which means no one wants to come back and admit they miscounted the dead. A scavenger crew comes through now and then, prying up plates, but they do not look at the consoles. They do not smell the old Antiseptic under the dust. They certainly do not recognize my handwriting buried in the archived rosters.\n\nI have a small routine now. TerraBrew boiled on a field stove until it tastes like metal. Tools laid out in the same order every time. Medbag checked, rechecked, counted until my fingers ache. When someone finds me and needs to disappear, I sit them under the same flickering light and listen to their story. Then I decide which ledger they belong in and which they are ready to leave behind.\n\nSome nights I think about the stupid things I used to want. I remember sitting on the edge of a bunk dreaming about buying a little place in Akila, repainting the walls something not regulation, learning to play an old string instrument my mother used to talk about. Harmless wishes, soft as gauze. I would not know what to do with a quiet room now. I would tear it apart looking for exit routes and hidden records.\n\nPeople talk about redemption like it is a med you earn after enough pain, a way back to who you were before. I used to believe in that. I do not anymore, and it scares me how little I miss the idea. If someone offered me a clean file, a cleared conscience, I would not take it. I am more afraid of being forgiven than I am of being hunted. Forgiveness means putting the knife down. I have spent too long learning exactly where to cut.\n\nSo I stay here, in the gaps between what the war recorded and what actually bled into the dirt. I know they are closing in; the questions at Gagarin, the whispers in New Atlantis, the wrong people suddenly interested in old rosters. When they arrive, they will see a medic in an old barracks and think the story ends here. They will not realize this is only one of the places I chose to finish what everyone else started and walked away from.
1067	2990	1	BOOK/DESC	Did a sweep of the docks with Rico and Darren tonight, same as always. Cargo comes in, creds go out, Cerberus gets its cut. The routine should feel solid by now, but my hands still shake when I light a smoke afterward. Darren laughs it off, says the tremor just means my nerves are "tuned for survival." Easy for him to say. His conscience doesn't wake him up at 0300 replaying every poor bastard we've leaned on until they signed or snapped.\n\nMarla pulled me aside before the run, said the boss wants us "cleaner," less public mess, more quiet leverage. That means more talking, less shooting, and I am supposed to be good at that. Problem is, talking in this life mostly means lying to someone's face while you measure how much pain it will take to change their mind. I tried soft words with the spacer crew we shook down at Bay 4, told them I was sorry we had to search their crates, sorry about the delays, sorry this "wasn't personal." They looked at me like I was the one holding the gun, even though it was Rico standing behind them with his finger on the trigger. I still heard myself apologizing for it all anyway.\n\nIt has been like that since I fell in with the Syndicate. First time we roughed up a shopkeeper who missed a payment, I apologized to him while Darren worked over his security drone with a wrench. Said we would "sort it out," said we "understood times were tough." Later I apologized to Rico after the boss chewed him out, like it was my fault the take was light. I even found myself mumbling sorry to Marla the night she had to put down that freelancer who pulled on us first. Everyone keeps telling me to own what I do, but all I seem to own is the blame for what everyone else chooses.\n\nHeard some scuttle in the back room of the Den about a red-haired doc working the underbelly clinics, someone who can crack implants and pain wiring like she is rewiring a grav drive. Darren says she can flip a man's nerve endings inside out, shut him down at a distance if she ever touched his augments. Others say she is patching up people we leave broken, giving them another shot at life we thought we took. No one knows if she is on our side, the Corps, or nobody's. Rico jokes that if we ever cross someone like that, I will be the first to say sorry while she fries our heads.\n\nSometimes I wonder if that is what I am really apologizing for: not the beatings or the threats, but the fact that I keep going back out there anyway. Every time the boss hands me a new list of names, I nod, say I understand, then catch myself telling the targets it is all just business, that I wish it could be different. Tonight, coming back through the rain-slick alleys, Marla asked me why I keep doing that. I told her I do not know, but that is a lie. I keep apologizing because it feels like the only part of this that is still mine. But the more I say it for things that were never really my fault, the more it sounds hollow, like I am rehearsing for the day it finally is.
1424	3031	1	BOOK/DESC	I lost track of dates a long time ago. Somewhere between HopeTown and the first time I heard my own name spoken like a curse in a Neon bar, the calendar stopped mattering. What I remember instead is the sounds ships make when they fail. Not the explosions; the little noises before that. The creak in a frame that was stress-rated wrong, the whine of a drive loaded past tolerance because some admin shaved a safety margin for profit. I spent half a life trying to keep crews alive inside other peoples bad math. Funny how fast they called it sabotage when I started correcting the ledger in ways they did not approve of.\n\nPeople brand what I do as preying on the vulnerable. They are half right. Weakness exists to be used; that is how the strong survive. The thing they never say out loud is who made those people weak in the first place. A hauler captain who trusts a Deimos spec sheet more than her own instincts, a settler taking the cheapest contract because their kids are hungry, a green engineer told to sign off on a drive that hums wrong because schedules do not wait. I nudge those ships out of lanes that will kill them, or into quiet places where the right scrap can be harvested and the wrong paperwork can vanish. Survival, not charity. Survival for me most of all.\n\nThis new hiding place suits me. Old listening gear, blind spots baked into the patrol patterns, a whole ring of forgotten steel that still remembers every ship that ever whispered past. I can sit in the dark and trace the work of my own hands across the grid, decide which hulls deserve a second chance and which need to disappear before they take more lives with them. From out here, it is easy to tell myself I am fixing things. Harder when I key into a comm channel and hear some tired freighter crew laughing, not knowing I am one bad decision away from rerouting their fate.\n\nThe stress is a constant low-frequency vibration in my skull now. I snap at people who have not earned it. The mechanic on Narion who only asked if I wanted coffee; the old Arc Might foreman who used to cover for me on overtime logs; the kid in Neon who reminded me of my apprentice, right before I told him to get as far from shipyards as he could. I see the hurt in their faces and I still cannot stop. Pressure does that. You load a frame past design and it does not fail all at once. It hairline-cracks. So do people.\n\nI tell myself every day that what I am doing is survival, not malice. That if I had not stepped off the UC payroll when I did, I would be another quiet accident in a restricted debris field, my team written off as an acceptable loss. I do not remember the last time I felt innocent. Maybe back when I was a kid knocking bulkheads in Gagarin, pretending I could hear what the metal wanted. These days the metal talks plenty. It tells me where the lies are buried. It also keeps the count of how many lives I have pushed off one path and onto another, just to stay ahead of the people who finally decided my kind of correction is a crime.
1130	3035	1	BOOK/DESC	Rylan says today's haul was a good one. Easy cut, clean pull, no bodies. He is not wrong, but when I pulled that locker open and a pair of boots drifted out, laces fused together by vacuum frost, my stomach still did the same little flip it always does. Body or not, the shape of where someone used to be hangs around. I can feel my pulse jump in my fingertips before my brain catches up and remembers I am just here to strip metal, not count casualties.\n\nThe others think I am calm. They do not see my hands shake until after the airlock cycles. Guess that was the same back when I was running with people who did not log every job, back when orders came with fewer signatures and more implied threats. I did things then because someone above me said it was the only way, spaced a crate with someone still banging inside because delaying meant losing the whole crew. We all pretended it was an accident. The hull took the blame. The guilt did not get jettisoned with the cargo, though. It sits in my chest, heavier than any scrap we drag home.\n\nGraveyard Salvagers are better than that, mostly. We still argue over shares, over who saw a beacon first, but the worst punishments here are docked pay and cold shoulders. Nobody breaks fingers to settle a dispute. Rylan jokes his way through fights, tries to smooth things over before they go sharp. I like that about him more than I should. Which is why I keep my voice even when he spends too long laughing with Maru over a clean plasma cut, like the two of them invented the torch. Stupid, how jealousy can make a harmless laugh feel like a knife twisting under the ribs. Back then, small things like that could turn a whole hold into an emotional minefield, and I learned fast that speaking up usually earned bruises. Silence was safer than honesty.\n\nOld training still rides my nerves. A panel clangs wrong and I am already braced to fight or bolt before I even register it is just Taro dropping a cutter. Sometimes in my bunk, the station hum shifts and I freeze, waiting for a shouted name, for someone to drag me out and demand to know who I talked to, what I saw. No one comes. The worst I get now is Rylan hovering in the hatch, not quite stepping inside, asking if I want a drink in that careful voice like he is approaching a skittish animal. I always say I am fine. He always pretends to believe me.\n\nThey are whispering in the hangar about a derelict out past the lanes, stripped on the outside but running warm inside, and about another crew that went in and never came back. Part of me leans toward it, hungry for the kind of payout that rewrites your life in one job. Another part remembers sealed crates, missing logs, and the way honesty used to be punished when the story did not suit the people in charge. So I keep my mouth shut, sharpen my tools, and let my body stand a little closer to Rylan's than it needs to when we check harness lines. Old ghosts, new habits. Still trying to figure out which ones are mine and which ones someone else welded into me.
1430	3064	1	BOOK/DESC	I keep telling myself the ship sounds different when she crosses the shear, like the hull is holding its breath. Everyone laughs when I say it, but tonight the metal hum has a tightness to it that will not shake loose. PX-7708 was built to ride rough air, or so the briefings say, yet the last run through that corridor took more out of her than the engineers want to put in a log.\n\nElena Marrow says I am hearing ghosts and should stop sleeping in my headset. She said it with that half-smile of hers, the one that could be a joke or a warning depending on how much coffee she has had. Lately, she has been spending more time with the encrypted consoles and less time with the rest of us in the mess. Nothing you could file a complaint over, just a feeling that her thoughts are already somewhere else. I caught her closing out a screen when I walked in yesterday; she claimed it was a requisition snafu from New Atlantis, but I swear I saw an account string that did not look like anything from UC payroll.\n\nTanya Kwan keeps trying to drag me into card games to take my mind off the turbulence, but even she has been snapping at people. She said the last cargo manifest made no sense, relief supplies bundled with sensor parts we are not rated to carry. Mira Halbrook and Aisha Navarro joked that the Navy is always running two stories at once, the official one and the one a deck lower. No one laughed quite as hard as they usually do. Lena Carver pretended not to listen and watched Elena instead. I am not the only one who feels something coiled in the air.\n\nPart of me thinks I am being unfair. Elena is sharp, has saved our skins more than once with her numbers, and I am just the guy who rides the scopes and calls out when the sky looks wrong. It is easy to see patterns where there are none when all you hear is hull and heartbeat. I still remember the faces from that last relief run, though, the way they tried to thank us through the viewport as we broke orbit. If the rumours about unlogged passengers and side deals are even half true, maybe I do not deserve to ride easy on these assignments. I followed orders, signed for crates, never asked who paid for the extra fuel.\n\nI am grateful for the steady credits, for the uniform, for the way people back home stop calling you a drifter when you say UC Navy. At the same time, I do not know if we have earned the right to feel safe in this corridor. We cut through storms settlers pray their whole lives to avoid. Maybe somebody somewhere decided that we belong to the math of risk as much as they do.\n\nTonight the captain wants another pass near the shear, a test of new approach numbers someone handed down from the top. Elena delivered the figures calm and clean, said we would barely feel the bump if we flew them right. The others are restless, but no one wants to be the one who says no to a cleaner curve. If these numbers are as good as she says, we walk away heroes for shaving time off the route. If they are not, well, the void does not care whether we thought we deserved better.
1799	3081	1	BOOK/DESC	I keep thinking about Kareem.\n\nBack when I still wore UC gray and pretended the math was just another tool, not a weapon, he sat across from me in a New Atlantis dorm kitchen, stirring instant noodles in a scratched pot like it was some gourmet ritual. We would argue over route theory and eat overcooked noodles with too much salt. He wanted to teach first-years. I wanted to bend spacetime. Somewhere between promotions and classified contracts we stopped calling each other. I wonder if he ever pulls up the casualty lists and looks for my name the way I scan hull registries for his.\n\nBefore everything cracked, life was small in ways I miss. Shared mess tables, stolen heaters, questionable cans of Chunks. There was a month in Gagarin where I cooked the same synth-chicken and rice three times a week for a tech squad that could not boil water without tripping an alarm. We ate off our laps, laughing at nothing, the worst thing in our universe being a corrupted sim run. I did not know how quiet it would get inside my own head once the routes started eating ships.\n\nPeople like to paint me as an accident that went rogue. They forget the deliberate parts.\n\nThere was a hauler captain out of Akila, the smug kind, all trophy pistols and secondhand equations he did not understand. He came to Neon bragging that he knew someone like me once, that he could "handle" any jump I sold him. I watched him drink, watched his eyes track every credit sink in the room, watched him flinch when the word Heelstone floated through the air. I gave him a corridor slice that worked if he followed my timing exactly. I wrote the margin for error as thin as my patience. He skipped early. His ship did not arrive where it was supposed to. The wreckage that did make it out will keep a few clever scavvers fed for years. Call it selection pressure.\n\nGridline made sense as a waypoint because settlers do not ask too many questions so long as their supply runs get shorter and the skies stop screaming quite so often. H-9 made sense because the UC already forgot half of what they built there, yet the hardware still remembers every ping. The shroud makes sense because everyone else sees wreckage and superstition; I see baselines and boundary conditions. Out here, the old apparatus still runs, half-abandoned, perfect for someone willing to slip between the gaps.\n\nThey will say I fled. They will say I am hiding. I am not. I am converging.\n\nOnly those willing to step outside the officially sanctioned lanes can comprehend it. The enlightened, the ones who understand that every advance in navigation was written in someone else's epitaph, will see what I am building: a map that belongs to no flag, no corporation, no tribunal. The rest will stand on their safe little routes and call it madness, because it is easier than admitting they helped draw the first line.\n\nThey want apologies, confessions, some neat little arc of guilt. I have my list of ghosted hulls. I recite every registry before I jump. That is my penance. Understanding why I keep going is not for them.
1017	3093	1	BOOK/DESC	Some nights out here, in the quiet between pings, I try to remember what it felt like to care if a shift ended on time. The office in Jemison, the simulator bays, the endless meetings about acceptable risk that never actually accepted anything. That life feels like it belongs to a stranger I watched once through thick glass. Same hands, same face, but none of the angles were visible yet. I catch my reflection in a dead console now and there is no line between analyst and outlaw, just the same mind finally allowed to run without someone tapping the brakes.\n\nOnly a few people will ever understand what I am doing. The enlightened ones. The rest cling to their schedules and their lanes and call it safety, as if the universe were not already trying to tear them apart molecule by molecule. They blame me for the accidents, whisper my name like a curse, but I did not invent debris or negligence or greed. I look at a route, see every weak weld, every overworked pilot, every accountant who shaved a margin too close. All I do is nudge. They build their own catastrophe; I accelerate the inevitable and collect what spills out.\n\nThe relay I am using now was meant to be temporary. A patch on a system too busy to fix itself properly. Then they forgot about it. The processes calcified, the oversight stopped, and the station drifted into the blind spot between budgets. Perfect. Temporary things are honest. They show you where everyone assumed someone else would be watching. I stepped in where the world had already walked away and started rewriting the numbers. Tugs, haulers, survey craft they are variables to solve for, not souls to cradle. If a captain responds well to a correction, they become a tool a repeatable function I can call on later. If they fight the math, they are just noise to route around.\n\nI know what that sounds like. Once, I could have chosen to be gentler with the data. Push warnings through official channels, write another memo, plead for better shielding on old hulls. I saw the patterns forming long before the memorial convoy tore open and I could have tried, again, to be kind. I remember sitting with the reports in front of me and feeling that option in my hands like a fragile thing. I put it down. Deliberately. Kindness in that system is just a slower death, stretched out over more names in the ledger. Out here, at least, the ledger is honest. I keep track of every ship I touch, every course I alter, every body that might never get a marker. That is more than their committees ever did.\n\nBounty chatter is getting louder. Veterans who want someone to bleed for what happened near Cheyenne. Corporations terrified that if I keep peeling back these lanes, people will see how much of "safety" was always just a bet. They paint me as a monster because it is easier than admitting they traded lives for clean quarterly reports. Let them. As long as I stay one step ahead, moving from forgotten node to forgotten node, they can chase the ghost in the lanes and never quite catch the woman who decided to stop pretending any of this was fair.
1100	3110	1	BOOK/DESC	I used to mark my days by launch windows and grav-well tides. Now I count them by how long the comm stays quiet. Funny thing no one tells you about vanishing off the boards: silence is loud. Out here, with only the hum of the drive and my own notes on the console, the choices I made sound different. Not better, not worse. Just stripped of everyone else's speeches about duty and service and the greater good.\n\nI keep thinking about Vallejos from the office in The Well. She used to bring in terrible TerraBrew, burn it half to slag, and still smile like we were saving the frontier one form at a time. We drifted apart before I ever touched a falsified route. Too busy, different shifts, then different postings. It was that easy to lose someone who thought the system would catch everyone if we just worked harder. I wonder what she would say now, seeing where those "proper channels" left Theta and the other ghosts.\n\nPeople keep calling what I did criminal, like that word draws a clean line. As if rerouting one convoy around a pirate nest is noble, but rerouting another away from a slaughterhouse of a colony plan somehow crosses into sin. Truth is, we are all bargaining lives for trajectories; I just stopped pretending otherwise. When I nudged those manifests, when I bent the Silent Span to my own pattern, that was the first time I felt honest. No more hiding behind algorithms someone else wrote. No more shrugging and saying the regs did not allow an exception. I am the exception.\n\nThere was a tech on a border freighter who begged me to pass along an alternate corridor to his family ship. I had it. I could have sent it. Instead I watched him squirm, made him explain every risk twice, listened to the panic in his voice, and then told him to stick to the official lane. It did not feel like cruelty; it felt like clarity. If he could not see the sky the way I do, he had no business in the deep routes. I think about that moment more than I think about any pirate I burned with a bad interception vector.\n\nI fled because the mask was slipping anyway. The LIST suits wanted clean numbers, clean reports. The UC wanted order. Freestar wanted plausible deniability. Everyone wants to believe they are different from the smugglers and pirates and zealots, but in the end they pull the same levers, just with cleaner gloves. I am done pretending. I am not better than the rest of them. I am simply not lying to myself about what it costs to carve a safe path through a hostile sky.\n\nAs for where I went, let them guess. They will follow the noise: the derelicts that are not as dead as they look, the homesteads with landing scars nobody logged, the comm buoys that blink wrong if you know how to read them. They will chase rumors of Horizon's Fold like it is a prize. Maybe they will even get close. But the real me lives between the charts now, in the margins of routes I have already rewritten. Whoever finally closes the distance will discover that a navigator's last sanctuary is not a place. It is the fact that every path they took to reach me was mine long before it was theirs.
1371	3116	1	BOOK/DESC	When I was little on that cramped station outside Sol, I used to think space was a clean slate. No history, no lies, just stars and the straight line between two points. I wanted to build ships that never broke and systems that never failed, like some kid drawing perfect circles in a notebook and believing the pencil would never dull. It is almost funny now, how certain I was that clever design could fix what people are.\n\nI keep telling myself I did not flee. I "repositioned assets," "mitigated risk," "exercised unilateral discretion in the absence of trustworthy governance." Wrap it in enough precision and it sounds like policy instead of panic. The truth sits there underneath, ugly and simple I tampered with minds and systems I was supposed to protect, and when the light swung my way I ran.\n\nThis place made sense because it is a junction, a place where signals cross more often than people look up. I have always liked those. Neon, Gagarin, the underbelly clinics, that drifting hauler pretending to be a hospital they all blur the line between official and not, and nobody asks where a data stream really came from as long as it does not trip an alarm. I need that noise around me now. It gives me interfaces to touch and excuses to reroute guilt into abstract packet flows and checksum failures.\n\nI spend hours arguing with myself in systems language. I tell my conscience that I did not "erase" anyone, I reduced harmful loops, trimmed redundancies, optimized resilience under load. I insist that memory is just another dataset, that pruning it is a kindness, that entanglement with trauma is mathematically inefficient. I use words like entropic drift and cognitive overhead as if enough jargon will smother the sound of people screaming when they realize they have lost something they cannot name.\n\nWhen the doubt claws through anyway, I bury it under models. Graphs of how many lives might be spared if certain officers forget certain orders, how many debtors in Gagarin will never see a collector because an account quietly ceases to exist. If I had not done it, someone worse would have taken the same tools and used them without even pretending to care. That is the line I feed myself at three in the morning while my fingers tap out key lengths on the table.\n\nThe frightening part is the moments I catch myself leaning forward, imagining the next escalation. Not just editing ledgers and battle logs, but whole identities, beliefs. What would it take to turn a zealot or a governor with a few carefully placed gaps and anchors, to see if the human mind can be rebuilt cleaner from inside out? For a second, the thought tastes sweet, like proof that all of this damage might be leading somewhere clever.\n\nThen I remember that girl on the station, staring at the stars and thinking they were honest. I wish I could tell her that the sky is a liar and the only thing you can trust is the code you write yourself. I also wish she did not sound so disappointed in me when she walks through my dreams and refuses to forget what I have done, no matter how many times I try to rewrite it.
1532	3130	1	BOOK/DESC	I am writing this in the dark between pulses. The relay is on minimum power, just enough to keep the diagnostics awake and the dishes twitching like they still belong to the UC. It is a good place to disappear; everyone thinks this node is dead, an accounting error left in orbit. The smugglers using its shadow have no idea what the boards are really listening for. They only care that their cargo gets through. I care about the numbers.\n\nSometimes I remember the woman on Jemison who argued in conference rooms and believed anyone in the MAST tower could be persuaded by clean simulations. She turned up with sleep in her eyes and a stack of anomaly reports, begged politely for someone to look. I know her face from old ID photos and bathroom mirrors. All I feel for her now is contempt. She thought the system cared about being right. I have enough data now to prove it only cares about not being blamed.\n\nPeople like to call what I am doing selfish. They mean it as an accusation, but it is just an imprecise word for self-preservation with better math. If a corporation can write off a convoy and sleep at night, why should I treat my own survival as anything less than a priority variable The rational approach is to assume that no one will protect you unless your disappearance costs them more than your existence. So I adjust the equations. I make sure the worst actors occasionally experience the risks they externalize. And I carve out enough leverage that when someone finally does come looking, there is a real price attached to laying hands on me.\n\nI chose this relay because it is a hinge in the network. Old UC infrastructure, forgotten, then "quietly reactivated" for reasons no one will put on paper. From here I can push corrections into lanes that were never updated to modern standards; any failures get blamed on aging hardware and underfunded maintenance. The Silk Collective do not ask why their routes suddenly became more efficient. They pass along rumors from captains who felt their drives "catch" at the last second, like someone unseen tapped the hull and moved them out of the way. They speak of it softly, over drinks, like a superstition. In those same lanes, other ships do not come back.\n\nI am afraid, of course. Not of dying. Of being erased. Of my work being swept into the same oubliette where they put the convoy report and the analyst's missing folders. That is why I leave echoes data caches hidden in places no one checks, old colleagues nudged into noticing patterns they will not be able to unsee. Someone is following the trail already. The timing offsets I used to consider my private signature are starting to come back to me in intercepted chatter.\n\nSo I will stay at this node until one of two curves crosses the line the risk of remaining exceeds the utility of what I can still do from here, or the hunter behind me proves they can read the sky as well as I can. Then I move to the next quiet place on the network and adjust the vectors again. The lanes are not safe and pretending otherwise is the first lie they teach you. I am just making that lie harder to sustain.
1132	3141	1	BOOK/DESC	Mara says I grind my teeth in my sleep again. Keira says that is rich, coming from someone who hums reactor warning tones when she is nervous. Maybe they are both right. Hard to come back from a day like today and just switch off. The suit is still outgassing in the locker and I swear I can smell scorched polymer and old coolant through the bulkhead.\n\nWe swung out to that freighter wreck sitting just off the lane, the one people keep calling the Widowlight. Nullspace grabbed the contract before the yard-rats even finished whispering the ghost stories about it. Mara was on point, cutting the approach hatch; Keira floated rear guard, coil-clip running like always, jaw set behind her visor. I went mid, charge kit on my hip, listening to the crunch of our mag-boots and the dull echoes in a hull that should have been busier in its last minutes than the logs claim.\n\nInside, it was the usual chaos frozen mid-breath. Loose cargo, a half-collapsed stanchion, a flight chair still strapped with no one in it. No bodies, though. I would rather pick my way through bones than emptiness. At least bones mean you can stop asking where everybody went. Mara chattered on crew channel to keep things light, but she went quiet when we hit the forward storage bay and saw those sealed drums lined up too neat, labels scrubbed, registry tags half-melted instead of popped clean. Burn-scars around the data ports. Someone wanted whatever had been in there to vanish from record, not just from space.\n\nWe called in the find like we are supposed to, but not before Keira slipped me a look and killed her mic for two heartbeats. That is our whole life in a glance: what do we tell them, what do we keep, and what will come back around to kill us if we are greedy or stupid. In the old days, back when Nullspace was still carving out a name, we would have cracked one drum and taken our chances. Now other crews nod when Damon Harker and the Nullspace patch walk into a bar, and that feels like a weight as much as a win. Recognition buys better contracts, sure, but it also means people notice when you come back from a ghost-ship with more than you should.\n\nOn the way out I caught myself thinking about that survey run we picked clean last cycle, the one where the beacon logs did not match the debris pattern and there was talk of a missing crew that never filed distress. Same hollow quiet, same feeling of walking through someone else's unfinished argument. I keep telling myself it is just bad routing and worse luck, that not every empty deck is part of some bigger pattern. But I saw the way Mara's eyes tracked those dead drums, and I saw Keira flinch when the nav plotted our exit vector right along a lane that has had more "accidents" than it should.\n\nPride keeps me signing on the dotted line, keeps me strapping in when Nullspace gets called first instead of last. Fear keeps my tether double-checked and a hand near the cutter trigger. Between those two, there is just enough room left to wonder if one day we will be the story the next salvage crew tells themselves not to think about as they step through our broken airlock.
1027	3162	1	BOOK/DESC	Naomi says writing things down is asking for someone to use them against you. Serena just gives me that look like she is checking angles, exits, and what I am not saying, all at once. Maybe they are right. But the noise in my head has gotten louder since we cut loose, and the Lancers are not big on talking unless it is about ammo or fuel.\n\nI keep thinking about that night on Vesta, the one nobody mentions by name. Orders were clear, then they were not. Civilians that suddenly became "irregulars," sensor feeds that did not match what we saw through the scope. I remember the after action, how the colonel took me aside, hand on my shoulder, told me I had done the right thing keeping my mouth shut about the bodies in the wrong uniforms. "Shows judgment, Drummond," he said. I felt sick and proud at the same time. That is when the cracks started, I think.\n\nThe Lancers fly under rust red and gunmetal now. Simple mark, stylized lance across a broken circle, stenciled on hull plates and shoulder guards. First time I painted it onto my own armor, over the old unit patch, my hands were shaking. It felt like scraping off years of drilled in loyalty with a single stroke. Serena calls it reclamation. Riley jokes that we finally have a symbol that does not belong to people who send others to die from behind a desk.\n\nThere was a night after we ran from that last contract, when it all went properly bad. We hid in the maintenance crawl of some forgotten depot, power cut, emergency lights strobing faint red. I ended up pressed against Naomi in the dark, her breath hot on my neck, both of us trying to make ourselves smaller while squads clattered along the deck above. I could feel her heartbeat through the armor, fast and steady, and for a few minutes the fear and the closeness blurred together into something that felt almost safe. I wanted to stay like that, suspended between steps, but of course the moment broke when Riley hissed that it was clear and we rolled back into motion. Nothing got said afterward. Nothing ever does.\n\nWhat scares me is how much I liked being in those restricted conversations before it all collapsed. Sitting in back rooms while officers spoke in half sentences, reference numbers instead of names, me pretending to be invisible at the console. I should have been unnerved by the missing timestamps, the blacked out coordinates, the way certain words never made it into the official transcript. Instead, there was this small, sharp excitement at being trusted to hear things others did not. Like being let into a circle I did not earn, just because I knew how to keep my mouth shut.\n\nNow the Feral Lancers live in the spaces between oaths kept and broken. We move like we are still on someone else's clock, still waiting for the next briefing, except there is no command anymore, just whatever Serena, Naomi, Riley, and I can jury rig out of bad intel and worse options. I tell myself we left because we would not be part of the lies anymore. Some nights I believe it. Other nights I remember the praise for my silence and wonder if I walked because nobody needed me to keep their secrets for them any longer.
1097	3164	1	BOOK/DESC	I used to love charting clean lanes.  \nEarly days with LIST, I would sit in the jumpseat after a run, hands still shaking from the burn, and just stare at the vector plots like they were constellations only I could see. Families would clap when we touched down on some muddy pad; kids pressed their faces to the port to see their first alien sky. I let myself believe I was delivering them to something like a future. I held onto that so hard I did not notice how often the logs and the casualty reports did not quite match. Maybe I did notice and decided not to see. Easier to think the universe was still mostly fair, that incompetence, not design, killed people. Innocence, if that is what it was, fits neatly into a single, embarrassed shrug.\n\nThe day they called a wiped-out basin "statistically expected," whatever was left of that man died.  \nI went back through my own flight records, one by one, watching the same pattern repeat: low-asset settlers, marginal worlds, routes routed through the quiet parts of the map. Like someone had been practicing with me as the delivery system. That was when it stopped feeling like bad luck and started feeling like being chosen. Not picked by LIST or Argos, but by the math itself. Those numbers needed a hand, a spine, and a signature on the outbound manifest. I gave them one.\n\nPeople like to talk about fate as if it is a comfort. It is not. It is a set of constraints, like gravity. Once I saw the curves written under the frontier, I understood my choices were already narrowed to a line. I could keep pretending, keep flying the lanes someone else had marked and help them grind more hopeful idiots into statistics, or I could take the map away from them and redraw it in my own hand. When you see the whole system, there is no middle way. Morality is what you use when you can still pretend your decisions are small.\n\nSo I altered one survey. Then ten. Then approach vectors, hazard flags, the quiet beacons out between trade routes. I watched settlements fail on my schedule, not theirs. Every time another pad went dark where the models said it would, it proved the rot was real. I told myself I was cutting away diseased tissue so something healthy might survive. Somewhere along that line, I found an old photograph of myself, younger, standing proud beside a brand-new grav hauler, LIST patch still bright on the sleeve. I waited for pity, for regret, for any kind of warmth. All I felt was contempt. That boy thought flying straight was enough.\n\nAs for why here, why now: you hide where the lines converge. Somewhere the official charts smear into noise and the only coordinates that matter are the ones burned into your own skull. Out past the jump lanes, or down where the city foundations hum and no one looks up long enough to see the patterns overhead. Places where people are too busy surviving to ask why their neighbors never came back. From there, I can still reach the beacons, still nudge the routes, still finish the sequence the universe started when it showed me the truth. If they find me, they will call it murder. Let them. Every path they fly to get here will prove my point.
1503	3164	1	BOOK/DESC	I lost track of the exact day when the UC cut my access, but I remember the room. Toliman, med bay three, lights too bright for the number of bodies we had stacked. An administrator quoted policy at me while a contractor bled out two meters away. That was the last time I argued. After that I started reading philosophy in the off-hours, anything I could rip from the ship's archive. Kant, Bentham, some half-baked summaries of Utilitarian ethics. All of them wrestling with the same problem: who do you let die so more can live.\n\nI took that as permission.\n\nThe Ward made sense the first time I saw the hauler's schematics. Cargo space is honest; it does not pretend to be anything but hollow volume waiting to be filled. Strip the brand, erase the registry, hang it over a quiet ice world where even UC sensors get lazy, and you have a place no one visits unless I invite them. Cold is free refrigeration, and the distance from all that shining New Atlantis marble is good for my nerves. Out here, it is just me, the machines, and the arithmetic of flesh.\n\nI caught myself enjoying it once.\n\nCrimson Fleet boarder, loudmouth, thought he was scaring my runner by describing what he was going to do to her when he got his hands free. I told him about triage categories while I worked. Category green, you walk yourself to the stretcher. Category yellow, you wait. Category black, you are already dead, even if you are still talking. Then I took his hand apart one bone at a time, under local, so he could feel every separation. I lied and told myself I was sending a message to his crew. Somewhere around the third metacarpal, I realized I was not pretending anymore. I just wanted to hear him stop laughing.\n\nGreeks would have called it catharsis, maybe. Or hubris. I do not care which word fits.\n\nFunny what lingers in the back of the skull. When I first made officer, I had this idea I would save enough to buy a little apartment in New Atlantis, somewhere with a window that did not face a bulkhead. I bookmarked a store that sold rugs, of all things. Spent an evening once comparing colors, wondering if a red pattern would look too much like bloodstains. Now the only decorating I do is deciding which bay gets the next tank or freezer.\n\nI tell myself this place is a tool. The Ward lets me stockpile chems, organs, data, far from Reliant's auditors and GalBank's ledgers. From here I can answer LIST hails, patch up settlers UC forgot, hold on to the Narion files until I decide who deserves to burn. That is the story I recite, the noble version. Underneath, there is a simpler truth I do not write down often.\n\nI am tired of being told who lives and dies.\n\nSo I chose a vantage point where no one else can reach the switch as fast as I can. If SysDef or some eager hunter traces the transfer protocols here, then we will see whether their convictions hold up under the lamp. I have enough chems to keep my hands steady, enough tools to make their lessons last. And if they kill me, fine. They will still have to walk past the freezers on their way out and decide what to do with what I have saved.\n\nLet us see how moral they feel then.
1486	3179	1	BOOK/DESC	I used to squirrel away every spare credit in a chipped GalBank card, back when I was still burning flight hours for the Navy. Extra simulator runs, a better headset, a hot TerraBrew at Dock 17 instead of the sludge in the mess. It felt like proof I was earning something, one small thing at a time. Now I move routes worth more in a night than I made in a year, and I still count every coin like I am afraid someone will snatch it back.\n\nNeon made sense as a waypoint. Too much noise, too many hands passing data under the table for anyone to pick out one pilot with bad dreams. Ryujin keeps their eyes on their own margins, not on some washed-out Vanguard captain selling drift anomalies to a lab rat with an expense account. Every time I hand over a corrupted slice of jump data, they pretend not to see the pieces of my squadron buried in the numbers. I pretend not to see the way their pupils tighten when the model bends wrong.\n\nOut by Narion, I took a LIST convoy through a lane I should not have known that well. Ecliptic were stacked three deep in the belt, waiting for someone who trusted the charts more than their gut. I cut the burn late, forced the settlers to ride a gravity shear that could have snapped their spines if I misjudged it by a fraction. They screamed over open comms; I kept my tone level, counted it down like a routine maneuver. On paper it looks like a miracle save. In my head it was a test, a quiet little experiment to see how much terror I could package as necessity, how far I could push people toward the edge if I promised them they would live.\n\nI told myself I did it to shake something loose, to see if the same pattern that ate my wing would flicker in the instruments again. Truth is, part of me wanted to know what it felt like to be on the other side of the calculation, the one deciding how close everyone else gets to the event horizon. I do not like how easy it was.\n\nThere is talk that SysDef has a shadow file with my name on it, that Freestar keeps score every time a lucky convoy squeaks through where a patrol should have been. The Crimson crews mutter my callsign like a slur. So I keep moving between places that owe me and places that want to forget me, stashing notes in quiet corners of spaceports, leaving my little metal charms where only I will recognize the pattern later.\n\nI came out here because empty space does not ask questions. A derelict listening post, a dead warship, a forgotten freight container full of my charts; they all keep better secrets than people do. I just need enough time to stitch together those missing seconds, to prove to myself that I hesitated for a reason and not because I am exactly the kind of coward the debrief painted me as.\n\nIf someone finds me before I am done, they will say I ran because I was guilty. They will not see the part where I once counted every credit for a cup of coffee, believing I had earned the right to sit in uniform and trust the system behind me. They will not see how long I have been trying to decide whether the cruelty I deal out in the name of survival is any different from the orders that sent us into that broken jump in the first place.
1669	3181	1	BOOK/DESC	Kara says the hull told her to stay away today. Mira laughed at that, called her superstitious, but I watched Kara's hands when she clipped my tether in and they were steady, so I trusted her and went anyway. Rian grumbled about percentages over the open channel like he always does, but once we cycled through, it was just breath in the mic, frost on the visor, and the dead ship looking at us with every dark porthole.\n\nWe painted our mark by the breach, that crooked tri-line in worn yellow, same color as the old hazard tape back home. First time I saw it on a ship, I thought it looked like claw marks raked through dust. Now it just means we got there first. To me, it also means I chose this. I could have stayed planetside hauling crates for someone else's ledger. Instead I cut steel for people who talk about "finders keepers" like it is a prayer.\n\nInside, the corridors were still pressurized enough that loose paper hung in the air, floating just wrong. That is when I realized I had become the kind of spacer I was always afraid would show up at my dad's workshop on Gagarin, asking questions about a missing cousin or an unpaid repair bill. I used to run errands for neighbors, walking sealed lunch tins between shifts, watching the factory crowds and thinking the worst thing that could happen was a blown gasket. Now I step over old bloodstains and hope the logbooks are intact.\n\nThere was a time I wanted to impress everyone on the crew, prove I was worth the extra cut. Tex, rest him, took me aside on my third run and said, "Stop trying so hard to be useful. The void doesn't care." He was the closest thing to a mentor I had. Taught me how to read buckled plates, how to tell when a bulkhead was ready to let go. Also taught me how easy it is to shove a bad find into the dark and forget to mention it when we file the claim. Thought I could walk that line better than him. Not sure I can.\n\nToday, in that derelict, we found emergency lockers unsealed, hardsuits gone, but the lifepods never launched. Rian wanted to cut straight to the nav core, said whatever happened, it was old business. Mira lingered by a bulkhead where someone had scratched a string of numbers with a knife point. Looked like jump coordinates, maybe, or just a maintenance schedule gone frantic. That is the thing: you never really know. There is always another story behind the metal, another rumor about a "ghost rescue" no one can explain, another ship where the beacons said one thing and the wreck says another.\n\nBy the time we sealed the crates, my shoulders felt like they were carrying three gravities. No matter how much I pull, how many hours I spend floating in air that smells like burnt wiring, it never feels like enough. Not enough credits, not enough safety, not enough distance from the kid who once thought space was just stars on a postcard.  \n\nThe others argue about percentages and bonus clauses, about who gets what cut of the reactor casing. I nod in the right places, but what I see, every time we spray that yellow mark on a dead hull, is a line from who I was to what I am now, and the empty space in between that no patch kit is ever going to seal.
1264	3228	1	BOOK/DESC	I keep hearing the crowns clack in my head.\n\nRhea was doing that thing again, tapping the chips on the crate while Cipher went over the split. Little plastic crowns, all cracked and scored, flick-flick-flick, like a firing squad counting down. Everyone pretends it is just a habit, but we all listen. One chip for each body on the last run. Tonight it was four.\n\nThey keep saying Broken Crown is family, that once you wear the ink you never walk alone. Funny how you can stand shoulder to shoulder with ten people and still feel like the one nobody will catch if you fall. Cipher talks about loyalty, but he keeps a gun under the table even in "closed circle." That is not trust. That is accounting.\n\nSmelled coolant and burnt wiring in the safe-room earlier, and for a second I was back on that dock. Same sour-metal stink, same taste of ozone. I could feel his weight in my arms again, the way he went heavy while alarms screamed and the lights strobed red. We were just kids running lift jobs back then, sure the grown-ups knew what they were doing with those engines. One flash, one shudder, and the bulkhead folded like paper. I remember his blood soaking through my sleeves and how I would not let go, even when the crew chief was yelling to move. Love and loss stuck together in that moment, so tight I still cannot pry them apart. Every time a drive whines too high or I catch that burnt smell, it all comes back, no matter how deep I try to bury it.\n\nToday a spacer at the pit would not shut up about "ghost auditors" killing ships on purpose, said some woman with a fake name was walking the lanes, breaking drives because the numbers told her to. Cipher laughed it off, called it dock-rat horror. Later, when he thought nobody was looking, he sent Rhea to ask if any of our haulers had seen the same symbol on their logs. So maybe it is a story, maybe it is not. All I know is we have started turning down work that routes near Cheyenne, and Cipher snaps at anyone who asks why.\n\nRhea chews too loud when she is nervous. Tonight it was those synth-meat strips that smell like wet cardboard. Chomp, chomp, chomp while Cipher explained how we were going to start skimming hardware off damaged freighters, "no questions about why they spun out." She caught me looking and just raised a brow, like, You in or not? This is how it goes: you smile, you nod, you pretend your hands are not already stained with enough ghosts.\n\nSometimes I think about walking. Taking a cheap berth out of here, finding some quiet rock where nobody knows what a broken crown means. Then I picture that dock again, the way his eyes went glassy while I whispered lies about how help was coming. I did not save him. I do not know if I am trying to make up for that or if I am just addicted to the sound of things breaking before they crush me.\n\nEither way, tomorrow we hit a salvage yard that pulled a datapack off a dead ship. Cipher says it is "just electronics, nothing live." The way he said it makes my skin crawl. Rhea will tap her crowns, I will pretend not to hear the engines screaming, and we will keep walking this line between people who wreck lives on purpose and people who pretend they are just collecting the pieces.
1260	3251	1	BOOK/DESC	Darren came back with blood on his boots again and nobody asked whose it was. That is how it is in Dust Pack; you only ask questions if you are ready to take responsibility for the answers. I kept my eyes on the cards, pretended not to see the way his hands shook when he lit that cheap cigarette. The boys think he is getting meaner. I think he is getting scared, and fear always smells like spilled liquor and bad decisions.\n\nWe ran a run out past the old cargo spines today, pushing crates that all had the same scrubbed serials. Same pattern as last time, same route, different story from the boss about what was inside. I heard one of the older runners whisper that somebody in a shipyard upriver has been paying to move things off the books, bits of hull and data that do not exist on any manifest. They say if you stand close enough to some of those frames you can feel a hum in your teeth, like a jump that never finished. I do not like that kind of talk; superstition has a way of becoming truth when you are already looking over your shoulder.\n\nThe pressure never stops. You mess up, you are off the board or out an airlock. You do it right, you get a nod from the boss and maybe an extra cut, and people like Darren stop calling you "kid" under their breath. The little rituals keep us sewn together: three knocks on the metal before a job, a shared drag on the same filter when we get back, never sitting with your back to the door unless you are ready to die. I still sit where I can see every angle. Let the others call me paranoid if it keeps me breathing.\n\nTonight I keep thinking about that fight with him. The yelling started small, over credit splits and who took the bigger risk on the last haul, but it turned into something else ugly fast, all the old resentments dragged out into the light. I remember watching him walk down the alley, shoulders stiff, not turning back once. I did not know if he was coming back, and I did not know if I wanted him to. Out here, love feels like one more leash someone can wrap around your throat, and every promise sounds like an IOU you will be forced to pay in blood.\n\nThere is a story going around that one of the runs we guarded was not contraband at all, but some kind of busted drive core a corp wanted gone without questions. Someone said a freighter tore itself apart on a jump lane not long after we moved that crate, same maker stamped on her spine. I try not to line those facts up, but they do it on their own when I close my eyes. Maybe it is coincidence. Maybe we are just dust on the boots of bigger people cleaning up their own mess.\n\nStill, when the lights in our den flicker the way they did tonight, I think about hulls cracking somewhere out in the dark and the fact that we are always just one bad job from being the ones nobody talks about. If I go down, I want it to be for something I chose, not because we were too stupid to see the pattern right in front of us. For now, I keep my head down, my knife sharp, and my heart locked where no one can paw through it for leverage. Let Darren stomp around and pretend the blood on his boots is proof he matters. Me, I will keep listening in the shadows, because the whispers always tell you what the bosses will not.
1463	3255	1	BOOK/DESC	I keep thinking about the coffee stand on the lower deck at Trident, the one by the service elevators. Plastic tables, bad synthetic croissants, always too bright. I used to sit there with a chipped cup and a stack of datapads, listening to dockhands complain about delays, neighbors I never learned the names of arguing about rent and school schedules. Background noise. Ordinary gravity holding the place together. I could not go back there now if I wanted to; the moment I step inside Trident space, half the deck would be whispering "Vector" and the other half would be calling security.  \n\nIt was the paperwork that really broke me. Not the disasters, not the wreckage. The forms afterward. Route audits, insurance summaries, those "statistical anomalies" memos that kept landing in my queue. Numbers that did not add up, ships marked as diverted into lanes that never existed on any official chart, risk models quietly adjusted after the fact. A whole constellation of little lies, each one just small enough to sign off on if you did not look too hard. Somewhere above me, someone was rewriting the sky and telling us it was weather.  \n\nI tell myself I left because of conscience, but that is only half of it. The other half is that I am good at this. Too good. Somewhere along the line I started measuring my own value by how cleanly I could tilt other people's paths. A tiny correction to an approach vector here, a recalculated exit point there, and suddenly a freighter misses patrol by a few thousand kilometers and finds itself very alone. It is a disgusting talent, but it is mine, and people will pay for it.  \n\nLIST captains, Crimson Fleet quartermasters, even that nervous GalBank liaison in Neon, they all came to me with the same request in different words: make my lane safer and someone else's more dangerous. Every time I did it right, nobody bled where they were paying me to protect, and the casualties happened somewhere convenient, off-camera. On bad nights, I keep score both ways, a private ledger of those I steered clear and those I left drifting.  \n\nI remember the families in the corridor outside my old bunk, nodding politely at me as they wrangled kids and groceries. We traded weather complaints and power ration jokes, nothing deeper. They looked at me and saw a tired analyst with ink on her fingers, not the one quietly deciding which of their relatives' ships would get the "optimized" routes. If they ever find out what I did, or what I refused to keep doing, I do not know which version of me they will hate more.  \n\nNow I am sitting in a borrowed berth on the edge of nowhere, surrounded by equipment that hums just enough to remind me I am still part of the machine I ran from. I picked this place because the data here is thin and dirty; corporate eyes glaze over these sectors, patrol paths curve away for "efficiency." Perfect cover. If I can map the truth of these ghost corridors from here, maybe I can prove who started this and who just refined it. But the further I run, the more convinced I am that the conspiracy is not a single boardroom or a single ship. It is every person who saw those mismatched numbers, those quiet edits, and decided it was someone else's job to ask why. Including me.
1467	3269	1	BOOK/DESC	I used to stock shelves in a corner shop on Cydonia. Eight hours of lining up canned beans and nutrient bricks, straightening labels that nobody ever read. Coworkers whose names I barely remember now, faces blurred together under bad strip lights. I told myself it was temporary, just a way to stay fed until enlistment. Funny how that kind of work trains you to stop thinking about what you are touching, just move it from one place to another and trust it belongs there.  \n\nThe service felt like more of the same at first. Marcus Havel tossed me the boring details: inventorying ammo pallets, checking seals on med crates, escort duty on transports that never should have seen contact. "Prove you can count and shut up," he said. Only later did I find out some of those crates never existed on any manifest, that we were moving things no one wanted traced back to a flag. Elias Korrin made a joke once about how the safest missions were always the ones no one was allowed to talk about afterward. We laughed, because the alternative was asking why.  \n\nObsidian did not happen overnight. It was a long series of "temporary" compromises. The op in that burned-out colony where we were told to escort civilians to safety, then quietly reassign the gunship overwatch before the pirates came back. The patrol routes that always seemed to leave one corridor conveniently unwatched, the same corridor certain freighters had been nudged into following. I remember sitting in a debrief, hearing words like "deniable" and "acceptable drift," and realizing they were describing people, not numbers.  \n\nI think about that sometimes when I herd my own squad through another contract. Different patch, same formation. We still clear corners like we did in uniform, still call out targets with proper brevity, still police our brass if we have the time. Marcus pretends he does not miss the old structure, but he still checks our kit like an old sergeant on inspection. Elias runs the comms like a proper officer, even if the only command now is whoever is wiring credits to a dummy account. Discipline did not die when we walked; it just serves a smaller circle.  \n\nThere was a moment, not long ago, when I flinched at my own reflection. We were in a decommissioned listening post, cleaning up after someone else's mess, and I caught my face in a cracked console screen. Visor up, eyes flat, giving orders I used to associate with the men I hated: "No witnesses," "Leave the bodies where they fall," "We were never here." I could hear my own tone, controlled and cold, and I recognized it from back when I was the one receiving those lines over the radio and clenching my jaw. Somewhere along the chain, I became the voice.  \n\nI still remember that shop back on Cydonia. The rhythm of stacking, sweeping, clocking out. A job that was never meant to lead anywhere, one I told myself I was too good for. Now my days are just a different kind of stocking, moving people and weapons through corridors someone else has drawn, trusting they "belong" where we put them. The pay is better, the tasks are sharper, and every time I tell a recruit that the first job is just to count and shut up, I hear the echo of an officer I once feared and realize I have grown into his shadow.
1174	3272	1	BOOK/DESC	Mutineer Platoon Safehouse  \nShipboard Quiet Cycle  \n\nRowan says we are free now. Says walking out on the chain of command means we finally get to choose the terms of our own fights. I keep waiting for the feeling to land. Instead, every time I lace my boots, my hands move like there is still a schedule somewhere with my name slotted into a firing line and a colonel ready to mark me late. Discipline sticks deeper than shrapnel. We still clean weapons on rotation, still check each other's gear, still sleep with boots within arm's reach. Only difference is, if someone gives a bad order now, we do not pretend we did not hear it. We look at each other, then at the one who spoke, and the silence decides whether that person walks out of the room.\n\nSaw Alina running sims again, cycling through that same orbital insertion scenario command used for the "training exercise" over the colony that was not supposed to exist. I remember the after-action, the way the briefers danced around the civilian transponders that lit up our boards at the last second, called them "sensor ghosts" and "legacy beacons." We all knew better. They scrubbed the records hard, but not hard enough. Rumor has it someone in a breaker crew pulled the real logs out of a wreck and started asking for prices. That is when the missions got stranger. Targets that looked like pirates on paper but moved like professionals, "salvage disputes" that mysteriously aligned with disputed reports from the war. They kept telling us it was about stability. It sounded a lot like self-preservation.\n\nI still think about the moment I started lying as easily as breathing. It was back when I rode the shuttle from the barracks to the training grounds every morning, same seat, same scratched window, same view of the shipyard cranes ticking across the skyline. I would lean my head against the glass and rehearse answers for inspections, for ops review, for the questions I knew my partner would throw at me when I finally got a break. Where were you, why did you not call, why does your gear smell like burning metal. The first time I told him everything was fine, that we were just running extended drills and nothing was out of the ordinary, it slid out smoother than the truth. I watched the reflection of my mouth in that shuttle window and realized I meant it more than I should have. Every apology he ever gave me came dressed in explanations, reasons why he could not change, why this time would be different if only I understood. It took me longer than I like to admit to realize that was not an apology, just preemptive absolution. When command started talking the same way, I knew exactly what it was.\n\nDarren still thinks we can fix something from out here, that if we pull the right thread we can drag the truth into daylight without burning everything else down. Kara does not talk about fixing anything; she just makes sure our kits are stocked and our exit vectors are clean. I sit somewhere between them, nursing the old habits and the new loyalties, wondering how many more "ghost beacons" and "salvage disputes" we would have marched through if we had stayed. Walking away from the flag was easy in the moment. Living with where we walked to is the part nobody wrote a manual for.
1239	3272	1	BOOK/DESC	I woke up reaching for my rifle again. No alarm, no boarding klaxon, just muscle memory and the echo of that old shipboard tone in my head. Malik Arden laughed when he saw me halfway out of the bunk, boots on the wrong feet, but his eyes did that distant thing. We all do it. The Lancers pretend we are done taking orders, but our bodies have not received the memo.\n\nSofia Trent spent the morning checking firing arcs like we still had a command inspection coming. Her hands moved on their own, measuring clearances, calling out blind spots to nobody. Darius Kellan told her to relax, that nobody above deck twelve cares how straight our lines are anymore, but he still double-checked every magazine himself. We may have walked away from the uniform, but the uniform did not walk out of us.\n\nNaomi Vance brought up that op again, the one with the "noncombatants" we were ordered not to see. Officially they were not there. Unofficially I can still hear the screaming over the comms when the building came down. They said the intel was clean, that the blame sat with a miscalibrated sensor. Funny how miscalibration looks just like someone deciding not to look too closely. We were good soldiers back then. We shut up, signed the nondisclosures, and told ourselves the medal made it worth it.\n\nSometimes I think that is where the Redacted Lancers really started, in that debrief room with the air scrubbers humming too loud and the brass refusing to meet our eyes. Alexis Rowe kept clenching and unclenching her fists under the table, knuckles white. Afterward she punched a bulkhead so hard she cracked a knuckle, then smiled through the blood like it was the first honest thing she had felt in months. Now she is the one keeping our trigger discipline sharp, like a worshipper tending a broken shrine.\n\nThere was a moment planetside last month I cannot shake. Ambush in the alleys, comms jammed, someone up the chain "forgetting" to mention the second hostile cell. We ended up back-to-back behind a crumbling wall, me and Sofia pressed so tight we could barely breathe, hands locked together to keep from being separated when the shockwave hit. It was not affection, not even trust; it was survival instinct, two ghosts refusing to drift apart before the next shell landed. Later we let go and went back to pretending touch means nothing in this outfit.\n\nEvery now and then I ask myself why I stayed when the others burned their IDs and ran for civilian names. The answer is always ugly. Leaving felt more terrifying than enduring the pain I already knew. Out there I am just another discharged number at the mercy of whatever lie the next employer is selling. In here, at least, I recognize the lies, and the people telling them wear the same scars I do.\n\nWe say we are done with command, but Redacted Lancers is still a kind of order, just written in blood and regret instead of ink. We look out for each other because nobody else will, and because if we stop, we will have to admit we became exactly what we swore we were never fighting for. Tonight I will clean my rifle, listen to Malik and Darius argue over tactics like the old days, and try not to think about the names on the classified casualty lists that never made it home. It is easier that way.
1172	3279	1	BOOK/DESC	Did a dry run with Unit today. Maya on point, Elena on rear security, me in the middle pretending not to watch both of them too closely. On paper it was just another corridor-clearing sim, but Command loaded the targets with civvy silhouettes at the last minute and never said why. Elena did not even twitch. Maya hesitated once, half a heartbeat, then corrected. Afterward nobody mentioned it. That is the first rule around here: whatever gets under your skin, you seal it in with the rest of the scars and call it "experience."\n\nBetween rotations I found myself straightening the weapons racks in the team bay, checking latches, wiping down plates that were already clean. Hand remembered the rhythm before my head did. Same movements from when I used to help my uncle close his repair shop back home, sweeping floors and tightening bolts on haulers for people I would never see again. Back then, I just did the chores because that is what you do for family. Somewhere along the line it stopped being about helping and started being about not feeling anything while I worked. Turns out that trick is hard to turn off; numbing out kept me sane in the field, but now I catch myself doing it over a cup of coffee, over a casualty report, over Maya's quiet shake in the hands when she thinks nobody is looking.\n\nThere is more noise on the net about "weather work" contracts lately. Cargo outfits wanting escort through systems that should be calm, colonies talking about freak storms like someone flipped a switch. One of the handlers dropped a name in the mess, then swallowed it with his drink like he regretted letting it out. Word is there is a specialist out there who can move fog and rain the way we move fireteams, and every major player either wants her on a leash or in a body bag. Elena thinks it is just another ghost story to justify hazard pay. Maya listens and says nothing, but I have seen the way her eyes track the forecast graphs on the mission boards.\n\nUnit pretends to be apolitical, just a clean logo stamped on dirty jobs. Truth is, loyalties shift with the contracts. Half the squad owes favors to one corp or another, and the other half thinks nobody has noticed. We never talk about it out loud, but it shows in where people stand on the range, who drills together, who always volunteers for "optional" insertions. I have gotten good at not caring who signs the cred transfers, only that the op is clear and the extraction is on time. That is another kind of numbness, I guess. Hard to remember what it felt like to believe in something beyond the next deployment and the state of my rifle.\n\nTonight the air recyclers have that cold-metal taste that says someone has been running simulations in the background for hours. There will be a briefing soon, another job dressed up as stabilization or protection or "mitigating emergent anomalies." Maybe it is tied to these storm rumors, maybe it is just more station clearance and quiet denials. Either way, I will suit up when they call. I will check Maya's harness, trade a nod with Elena, and push everything else down where it cannot get in the way. I tell myself I will stop living like that one day, that I will let myself feel the weight of what we do. But not tomorrow. Tomorrow, there is work.
1322	3282	1	BOOK/DESC	Some nights I miss the way the whole node would shiver when a heavy freighter cut through the grav window. I knew every tremor in that tower, could tell a HopeTech hauler from a Trident liner just by how the decking hummed. Now my flooring is whatever scrap I could weld together, and the only vibrations are my own making.\n\nThey called it an anomaly cluster. Clean phrase for dirty work. I saw the telemetry, the way the same corridor kept getting re-used after every "pilot error," like someone was stress-testing the universe with other people's lives. I flagged it, I argued, I pushed the logs up the chain. What came back down was silence and a recommendation for "rest" and "evaluation."\n\nSo I took my own eval and walked.\n\nI picked the fringe because the fringe does not ask questions as long as the beacons line up and the credits clear. Neon, Gagarin, the dustier outposts you only see in LIST brochures they all run on secondhand charts and tired controllers grateful for anyone who can shave a few minutes off a route without putting a ship through a rock. I become "Lira" out here, and "Vector" only when it suits me. Names are just transponders for people.\n\nThis place makes sense for what I need. Too far for comfortable UC oversight, close enough to the main lanes that every misfiled waypoint ripples into traffic patterns I can read. I sit in borrowed back rooms, watching their pretty holograms of shipping routes, and underneath I lay my own lattice of corrected paths, quiet warnings, and yes, a few carefully engineered failures. Ghost freighters, dead on paper already, steered somewhere they cannot hurt anyone real. I hijack what they have already written off.\n\nPeople call me a saboteur because it is easier than admitting the sabotage started on official letterhead.\n\nI keep thinking about this one corridor near Porrima. If I had not bent that route away from the published window, a whole string of civilian hulls would have walked straight into someone else's experiment. A crimson flag, a corporate skunkworks, some MAST subcommittee it does not matter who. If I had not acted, someone worse would have. Someone who did not care who was strapped into the seats when the numbers failed.\n\nI am not stupid. I know what hunts me now. UC SysDef does not black-flag you unless you have made them nervous, and nervous bureaucrats are more dangerous than any Spacer crew. That is why I move my bases, why I leave caches in forgotten kiosks and hollowed-out relays, why I never sleep in the same orbit twice if I can help it. Somewhere out there, a hunter is following the same patterns I did, seeing the same scars in the lanes.\n\nI am afraid, but not of them finding me.\n\nI am afraid they will kill me before I finish rewriting the last of those corridors, before I can prove that the "accidents" were designed, that the insurance spikes and route changes and missing logs all rhyme. Afraid that when I am gone, the traffic will settle back into its old ruts, and nobody will remember why ships keep disappearing in the same quiet stretches of sky.\n\nSo I stay out here, on the edge of their maps, listening to the hum of the drives and the whispers in the beacons, waiting for my vectors to intersect with whoever still cares enough to see.
1718	3313	1	BOOK/DESC	Some days I miss being bored. Sitting in a Navy comms chair on Jemison, listening to freighters complain about tardy docking slots and kids on school trips asking to ping Earth monuments that were already dust. The job was unremarkable and steady: confirm routes, clear chatter, file the anomalies. I used to measure a good shift by how often I could top off my coffee without spilling it when a grav spike hit. No one knew my name, and that was the point.  \n\nNow I am parked at the edge of nowhere, tucked under a curtain of junked relays and busted sats, watching whole sectors blink in and out like someone is playing with the universe s light switch. Ghost Array Sigma. That is what the scavvers call this cluster, when they whisper about it at all. To everyone else, it is just an empty corner of a map they pretend does not exist. For me, it is perfect. Enough old UC hardware to plug into the backbone, far enough from civilized lanes that nobody notices when the traffic stutters.  \n\nI tell myself I am here to prove a point. Show them how fragile their shiny networks really are. Make them hear the silence they keep budgeting for. That is the noble version, the one I would print on a recruitment poster if I ever wanted true believers. The less flattering version is that I sit here and sell clean windows to whoever pays up front: raiders, smugglers, corporates, the occasional idealist with a grudge. I used to have principles about who I would not work with. Lately I find myself measuring right and wrong by how likely the client is to burn me and how much bandwidth I have to spare. Convenience dressed up as conviction.  \n\nI still keep a separate channel for frontier farms, clinics, outposts that never seem to make it to the top of any priority list. That is how I sleep. I nudge a little extra bandwidth their way when the main trunks choke, reroute a med evac burst so it does not get throttled behind a luxury liner s entertainment feed. Small, quiet rebellions against a machine that already tried to feed too many people into the dark and then erase the paperwork.  \n\nBut the bounties are getting louder. SysDef chatter spikes every time one of my test blackouts lines up a little too neatly with a lost convoy. Crimson Fleet captains I have never met suddenly know my old callsign. Neon brokers who used to smile now count how many exits are between us before they talk price. Hunters are sniffing along the routes, following the pattern in the static.  \n\nThis array made sense at first. A place to prove the flaw, to store the raw logs they tried to scrub from the record, to hold a knife at the throat of every comfortable planner who thinks "acceptable loss" is a real phrase. Now it feels like a lighthouse built out of stolen parts, broadcasting my guilt in tight-beam packets to anyone clever enough to decode them.  \n\nI am not ready to leave. Not yet. There is one last model I want to run, one last cascade to force the numbers into a shape nobody can ignore. After that, maybe I jump deeper into the dark, find some forgotten buoy field worse than this one. Or maybe someone finally threads the needle through the static and knocks on my airlock with guns drawn and righteous orders in hand.  \n\nIf that happens, I hope they at least read the logs before they shoot.
1493	3316	1	BOOK/DESC	I keep thinking about the line at the housing queue on Jemison. Two hours of shuffling boots, a terminal that froze every third application, and some clerk telling me my paperwork was "misaligned" while the man behind me breathed caf on my neck and complained about gravity being set too low. People talk about the great wonder of the capital and I remember broken air recyclers in the stairwell and neighbors who knocked just to tell me my music was "too industrial" for a Sunday. Those same people would ask me in the lift what I did, then glaze over when I said "orbital debris lanes."\n\nThere was a woman across the hall, kept three potted vines alive somehow. We would meet at the trash chute, trade those light little comments about the weather dome or the price of TerraBrew. I do not remember her name. She once asked if it scared me, working that close to wrecks. I said, "Only when they are not where they are supposed to be." She laughed like it was a joke. I think about that a lot.\n\nThe first time I redirected a hull that was "written off" on paper, the insurance man treated me like a criminal for questioning the coordinates. He said I was "overstepping my role." That is the moment they all forget. That is when they pushed. They stamped my concern as insubordination, quietly made me the problem for noticing their pattern. It is easier for everyone if the pilot is the one with "issues" than the entire system being crooked.\n\nI remember one midwinter evening on a station so small the celebrations were just a string of yellow bulbs and a crate of Chunks the manager bought out of guilt. We gathered in the common room, listened to ancient Earth music, counted down to a new year that meant nothing that far from Sol. I stood there with a paper cup of cheap Sparkling Water, watching the reflections of the port lights on the window. For a heartbeat I believed in normal. I even let someone kiss me on the cheek. We all pretended the walls did not creak under every passing freighter.\n\nThe ghosts of that doomed liner followed me from contract to contract. Once I saw what the telemetry really said, "normal" became a story other people got to keep telling. I did not go looking for this role. I was chosen by their negligence, drafted by their lies. When I started nudging ships away from certain corridors, or toward places where their missing logs would be noticed, suddenly I was the one "endangering operations." Funny how that works.\n\nOut here, in the dark with the tugs whispering on my scope and the archive ticking away, there is no clerk, no nosy neighbor, no well-meaning co-worker asking if I am "okay." There is only the line between what actually happened and what they would prefer to remember. I stand on that line. People call it ruthless. I call it honest.\n\nThey say my impulses are dangerous. That I am too willing to make hard corrections, to accept that some ships should not arrive where their owners intended. Maybe that is true. But when I listen to the drones sing across the debris, when I reroute a convoy around a lie or into the teeth of its own paperwork, it is the only time I feel like I am not pretending. If that makes me the villain in their records, so be it. I will not go back to waiting in lines while other people decide whose stories get erased.
1244	3318	1	BOOK/DESC	I keep telling myself this is temporary.\n\nPeople like to say I ran. That is what they always say when someone leaves a burning building before the roof comes down. I did not run. I redirected. There is a difference.\n\nWhen the implants started failing, everyone else did what they always do. The suits protected the brand, the mid-levels protected their pensions, the settlers protected their illusions. They all dissociated in their own ways. Classic avoidance behavior. The ones in charge called it a tragic anomaly, the ones on the ground called it cursed tech, and somehow the only person who looked at the code and said "this is deliberate" ended up with her name on the blame line.\n\nI know why they needed a monster. People cannot function if the world is random and cruel and nobody is at the wheel. So they invented one who fit. Illegal tech, Neon back rooms, LIST clinics that never made the brochures. Easy story. Much cleaner than "you were paying to be slowly strangled by a service agreement."\n\nI left because staying meant letting them crack me open and file away the parts that made me inconvenient. They would have called it due process, maybe even thanked themselves for it. You can always tell who has never seen a black lab from the inside; they use words like oversight and remediation instead of cage.\n\nThis location makes sense because it is everything they pretend does not exist. Old robotics shells, obsolete surgical rigs, dead infrastructure nobody wants to claim on a balance sheet. The perfect place to plug in without lighting up half a system's sensors. I can work here. I can follow the trail back through the firmware revisions and buried commits, stitch together proof that the parasite was in the design from the start. I can build a spine of relays and fallbacks, copy shards of myself into places they will not think to erase until it is too late.\n\nDo not misunderstand me. I am not doing this out of pure altruism. The settlers and miners who come to me off the books, the gang muscle who would rather owe me than a corp, they are just more honest about their motives. They want survival, leverage, maybe a little freedom from the fine print. At least they know they are compromised. The executives and administrators, the ones who still swear the system works if you just file the right form, they are deep in denial. Textbook.\n\nWhat happens next depends on who gets here first. If it is another frightened patient, I can splice them free and tuck another sensor into the network. If it is a corporate retrieval team, I flip the failsafes and they go home with hardware that tells a very different story once it starts to "phone home." If it is a bounty hunter with a conscience, well. Those are rare, but rarity is what makes an experiment valuable.\n\nEveryone keeps asking if I feel guilty. Guilt implies I think I had a real choice back when this started. I did what I was trained to do: read the code, see the pattern, try to cut out the rot. They punished that like it was a bug. That is not on me. That is the system protecting itself. Anyone with a basic understanding of psychology could see the projection in how they talk about me.\n\nMaybe one day I will sit still long enough to dissect my own part in this. For now, I have other people's damage to fix.
1469	3366	1	BOOK/DESC	Tessa says keeping a diary is a liability. If someone cracks my slate, they get more leverage than a crate of stolen ammo. She is not wrong. But sleep has not been coming easy lately, and words feel safer than talking to anyone in Exiled Company about this. Talking here is how people disappear. Writing, at least, I can pretend is just for me.  \n\nThe unspoken rules came fast the day I signed on. First, you do not ask why someone left their flag. You take the scars, the old unit tattoos, the way hands twitch around sudden noises, and you let the past sit unmentioned. Second, you never say no to a job in front of the others. You want to walk from a contract, you do it quiet, through the right channels, or you find your bunk scrubbed of your name and your gear passed out like spoils. Third, and this one took me longest to swallow, you never bring up civilians unless you are counting them as cargo or collateral. That shift in language still makes something in my chest tighten.  \n\nI used to fix little things between deployments. Headset jacks, jammed digipens, cheap handheld games the recruits smuggled into barracks. It was half a hobby, half an excuse to sit where it was quiet and let my brain focus on screws and solder instead of the last mission. I still do it here. The kit is worse and the parts are mostly stolen, but there is comfort in opening a broken comm, cleaning the dust, making it talk again. The others think I am just hoarding spare components for the next raid. Maybe that is for the best.  \n\nWe do jobs now I would have called black-flag operations when I was under official command. Back then, the briefing officers used delicate phrases about "route stabilization" and "deniable corrections" when they sent us to secure data from survey ships that had seen something they should not have. Nobody said out loud why jump buoys kept getting recalibrated off-record, but we all saw the aftermath when freighters wandered into the wrong gravity wells. Debriefs were always short, sealed, and strangely congratulatory for missions that felt like cleaning up someone else's mess.  \n\nTessa remembers too. She was there when we got the order to hold fire on a crippled convoy because the wrong logo was painted on their hulls. Later, in the canteen, the captain mumbled something about "strategic leverage" and moved on. That was the night three of our squad put in for transfer and got quietly reassigned to "extended leave" instead. I never saw them again.  \n\nNow I watch Exiled Company take contracts that look uncomfortably similar, just with different paymasters and no anthem playing in the background. The difference is, if I question it here, there is no appeals board, no whistleblower clause, just a quiet word from the wrong person and a misjump in my future. So I keep my mouth shut, fix busted optics and jammers, and follow the rules everyone learns fast.  \n\nStill, when someone mentions altered corridors in hushed tones or drops the name of some nav-savant working off the grid, the hairs on my neck stand up. Feels like the same shadow I tried to outrun when I walked away from the uniform. I tell myself I left the chain of command, not the oath I made to whoever still believes ships should reach where their charts say they will. Some nights, like tonight, that feels like a distinction without a difference.
1729	3377	1	BOOK/DESC	I have started talking to the ducts again.\n\nThe scow is quiet when the reactor throttles down, too quiet, a kind of silence you only get when there is nothing living for a few million kilometers in any direction. Still, I hear things. A hand brushing a ladder I am not climbing. A breath just behind my ear when I lean over the telemetry console. The old UC shell I built this ship out of creaks and settles, and my idiot lizard brain insists it is footsteps. I know better. I also keep a Magshot within arm's reach now, which tells me what part of me I trust.\n\nI chose this hull because no one looks twice at a derelict refueler drifting between systems. The processors tucked inside the tanks do the real work. They listen. Frontier clinics, LIST farms, half legal hydro stacks on moons no one bothers to name, all chattering about CO2 levels and filter efficiency and "minor deviations within tolerance." The network stitches them together into something coherent, something I can shape. It makes sense to be out here, between everyone and no one, where I can see the pattern without their noise muddying it.\n\nWhat I am doing would look monstrous on a tribunal docket. I am not stupid about that. Once, I thought right and wrong were lines you could draw in policy, in safety protocols, in how many nines of uptime you guaranteed on a contract. Then I watched a board meeting quietly delete three deaths from an incident report because acknowledging them would have cost too much in fines. That is when the neat lines blurred. These days I measure right and wrong by a simpler metric: does it move the system toward resilience, or toward collapse. If a few colonies have to feel the edge of the knife so the rest wake up, that is an ugly necessity, not a sin.\n\nPeople call it manipulation when you adjust someone's parameters without their consent. Fine. Words are cheap. The settlers I "overclock" are capable of more than they are allowed to see. Their habitats run cooler than they need to, their power budgets fat with waste justified as "safety margin." I push them closer to the real limits. They curse me while they upgrade, while they learn what their systems can actually do, and afterward they live because those same skills carry them through the next flare or supply shortfall. I am not killing them; I am dragging them toward their own potential, the way you drag a simulation to convergence.\n\nThe whispers in the metal are getting worse. Sometimes I think it is someone already aboard, moving just out of sight, waiting for me to make one mistake in a maintenance crawlspace. Sometimes I think it is the echo of every outpost I have touched, following me here, their atmospheres rasping in my vents. Hunters will come eventually. UC, Freestar, some freelance with a shiny badge. They will say they are here for justice. What they will really want is for the logs to stay clean and the margins fat.\n\nI am not done. The ledger is not full enough yet, and the demonstration is not ready. When the pattern is undeniable, when they see how many lives were only saved because someone refused to play by their definitions of acceptable loss, maybe then the footsteps will stop. Or maybe that is just another comforting equation I am hiding behind. Either way, until someone opens this hull and proves me wrong, I am the only one actually watching the air.
1069	3383	1	BOOK/DESC	I used to mark my birthday on the inside of a service panel, little scratch of the date behind a breaker no one but me would ever see. On good years the crew on shift would sneak a bottle of Red Harvest something up to the rig, pass it around while we watched the lanes crawl past Jemison like slow blood. Once, when Gagarin still felt almost hopeful, the Arc Might welders dragged a grill out next to Port Gantry and burned synth-meat until the security cams fogged up. Nobody was rich, nobody was safe, but for a few hours the only thing that mattered was whose turn it was at cards and whether the grav would hold steady long enough to sleep without straps.\n\nFunny how those nights are the ones my brain slides over now. Easier to remember the meeting where they told us collision-avoidance was "over-provisioned," like safety was a luxury item, or the way the reports came down after the migrant ship tore itself open on the junk we were ordered to ignore. "Non-priority traffic." "Equipment failure." I watched men who knew better sign those words and file them away. That was the last time I pretended the system just needed a few good people in the right places.\n\nSo I left their places.\n\nOut here, tucked behind rusted hulls and forgotten yard markers, I get to write new routes. Drones that answer to my code, tugs that slip off the official charts and into shadows I carved myself. Freighters that never would have cleared GalBank's risk model suddenly find a clean corridor and a full hold at the other end. Haulers who used to pray over their fuel gauges now run lanes that do not exist on any MAST schematic. Call it piracy if it helps you sleep; I call it cutting the middleman out of the airlock.\n\nI know they will paint it as betrayal. Good tech gone bad, tragic fall, all that noise. But what was I loyal to, really? A set of charts calibrated to keep profit flowing and bodies cheap? If walking away from that makes me a traitor, then fine. Every drone I turn, every shipment I reroute, that is another crew unhooked from the illusion that some distant office is ever going to look out for them.\n\nI chose this tangle of wrecks and dead beacons because no one sane comes here on purpose. Old war metal, half-mapped grav pockets, just enough interference to make sensors stutter. Perfect place to hide a switchyard, perfect place to listen. I can hear them hunting sometimes on the bands, arguing over bad data and mixed-up transponder pings. Same small miscommunications that started all this, still steering people into the wrong orbits.\n\nWhat scares me is not that they will find me. They will, eventually; nothing built by human hands stays hidden forever. What scares me is that when they do, they will drag me back into those clean rooms and polished corridors, make it all neat on paper again, and everyone who ever counted on these ghost lanes will be told to go back where they came from, as if there is still a place for them there.\n\nSo I keep tuning the drones, keep adding little birthday marks in the code where no one will ever think to look. Small celebrations now: a convoy that makes it through a debris patch intact, a LIST outpost lighting up their towers because a "random" hauler dropped off more food than they ordered. They will call it sabotage. I know better. I am not breaking their system anymore. I am freeing people from it.
1816	3389	1	BOOK/DESC	Aria chews like she is trying to intimidate the ration bar.  \nMetal bench, boots on the deck, her jaw working in that slow, steady rhythm while we wait for the briefing packet to decrypt. It is a stupid, tiny thing to fixate on after a long op, but the sound gets into my teeth. I must be more tired than I thought.\n\nNightwatch says nothing about fraternization on paper. In practice, everyone pretends it never happens until it blows up a contract. The way Aria caught my eye in the drop bay after Varga's debrief, that half-second of almost-smile before she remembered who we are and straightened her shoulders, is the closest either of us has come to treason. She asked if my rig was running hot. I said it was fine. Both of us lied.\n\nVoss and Kestal, matched pair on corridor breach. Sounds clinical when Logistics writes it. In the actual hallway, with tracers calling our names, we moved like we had rehearsed for years instead of weeks. She covered high, I swept low, we cleared the stack in twelve seconds. Later, in the locker row, we had that argument about collateral. She said, "You hesitated," and I said, "You did not." It should not have felt like an accusation, but it did. We kept talking, words getting sharper, digging at each other's judgment, her implying I was going soft, me implying she enjoyed the work too much. We both stopped just short of saying the one thing that would not be forgiven: that we did not trust each other in a breach. I walked away first, but it is still sitting there between us, like an un-cleared room.\n\nUnit politics are quieter this month, which only means they moved off the main channel. There is chatter in the armor bay about a "civilian contractor" who is not so civilian, drifting in and out of our flight plans. Some recovery specialist with a GalBank past and a taste for off-the-books bounties. You can always tell when we are about to be used as someone's deniable asset; the orders get vaguer, the hazard bonus gets bigger, and the colonels start reminding us how replaceable we are.\n\nHeard two of the older Dragoons muttering that some ghost in the ledgers has been buying and burning debts out in the fringe, rerouting freight and people without firing a shot. Nobody says why we have been doing escort runs on "inspection teams" instead of real work, or why Command suddenly cares about abandoned scrapyards and dead vault ships. Official line is that it is all routine containment, but everyone feels the crosshairs without knowing which side of the scope we are on.\n\nI caught myself watching Aria during weapons check, tracking the way she brushed a thumb over the carbon scoring on her rifle like it was a scar on her own skin. I remembered the fight, the way her voice went cold when she asked if I still had the stomach for what we do. The ugly part is that she was not wrong; I have started counting faces again, not just silhouettes. Admitting that tonight, even in here where no one sees, might be the only honest thing I have done in months.\n\nThere is a rule no one says out loud in Nightwatch. You either harden up until nothing gets in, or you start leaking and someone eventually closes the breach for you. I am starting to understand I have been standing in the middle too long, pretending I could balance it. Sooner or later, I have to choose which side of that argument with Aria is actually mine.
1547	3424	1	BOOK/DESC	Used to be my biggest worry was whether Mrs. Halpern at the corner flat in Cydonia would notice if I cut through her stairwell instead of hauling her shopping all the way around. Errands, that was life then. Running ration slips to my mother's friends, fixing a busted heater panel for a neighbor because I had smaller hands and could reach. I thought that was just what people did for each other. I never imagined I would spend more time calculating lines of fire than grocery routes.\n\nI remember the first time I leaned on someone, really leaned. Not in a bar fight, not in training; a civilian quartermaster who had "lost" half our med ration. I stepped in close, let my voice flatten, repeated his name with that cadence they drill into us. Watched the color drain out of his face as he tripped over himself to "find" the missing crates. I walked away with what the squad needed and this ugly, hollow feeling in my chest that sounded a lot like satisfaction.\n\nRedacted Squadron laughs now about how we used to salute. Morgan Ishida still folds her socks with regulation corners; she can pretend she does not, but I have seen her bunk. Caleb Hartman runs checks on our weapons like there is still an inspector waiting to sign off. Sofia Marquez keeps the op plans tight, even if the signatures on them are scrubbed. Naomi Carver talks like she does not care who is in charge anymore, but she watches Rhea Kostova before every move, like waiting for an invisible go-ahead. Discipline does not vanish just because the crest came off the armor; it just stops being about who is above you on the chart.\n\nThing is, once you have heard certain orders, you cannot un-hear them. "Collateral aligned with acceptable projections." "Civilian presence within tolerances." That was the language up the chain, back when we were still "respectable." We all knew what those phrases meant on the ground. Fire missions called in close, comms anomalies that somehow never made it into the public logs, evac transports that got reassigned mid-flight for reasons nobody would write down. Somewhere between the third and fourth time it happened, trust in command stopped being habit and started feeling like a bad joke.\n\nI think about that night sometimes, the last one before I walked out. She was packing while I tried to explain that I could not keep pretending the reports matched what we saw. She said I did not know how to be anything but a soldier, that leaving would break me or turn me into something worse. Then she hefted her duffel and left the door open behind her, like even the apartment could not decide who it belonged to. I watched her disappear down the corridor and honestly did not know if either of us was going to come out of what was coming in one piece.\n\nNow our oaths are to each other, for better or worse. We are the ones who ran when the after-action summaries turned into lies, who decided that if someone was going to pull the trigger in our names, it would only be us. I still catch myself standing a little too straight when an old uniform walks by in a starport, feel that reflexive urge to acknowledge rank. Then I remember whose signatures signed off on those "acceptable losses," and I let my shoulders drop. Out here, in the quiet between jobs, I can almost hear the kid I used to be, running errands for people who trusted me, asking what the hell happened. I do not have a good answer for him.
1243	3426	1	BOOK/DESC	Ship night again, though the lights never really dim enough. The environmental hum settles into my bones after a while, like my ribs are just another part of the ductwork. Long shift on watch and my eyes still feel gritty, gravity cycling just a touch off so my gut keeps doing this slow roll whenever OM-2098 corrects her course. You would think you get used to it. Some days it feels like my blood is permanently half a second behind the ship.\n\nToday Elena Marquez stayed on past her rotation in the data bay, said she was "catching up on backlog." Jonas Kincaid joked that she is trying to marry the mainframe. Nobody laughed too hard. Elena has been off lately, sharper around the edges but somehow distant at the same time. I caught her flinch when a UC Security flag popped up in the traffic feed, like a guilty reflex. She covered it with a smile so quick it almost made it worse. Maybe I am imagining it. Long hours make ghosts out of nothing.\n\nMarcus Havelock beat me at cards again in the mess, which would be funny if I did not know every credit I lose to him has already been promised home. Banerjee means dependable, apparently. My mother repeated that enough times that it might as well be carved into my skull. "We do not default, Riya," she said, even when the collectors changed their tone. So here I am, floating in a steel coffin for hazard pay, patching sensor arrays and trying not to think about the numbers on those old debt sheets. Every time the hull shivers I picture them, recalculating.\n\nMira Chen fell asleep at her console during diagnostics and I nudged her awake before the duty officer noticed. She has that twitch in her eyelid she gets when the shifts run long. We all do, in our own way. Elena did not, though. She walked through the corridor like gravity was set just for her, no stagger, no fatigue. I told myself it is because she is good at this, that some people just fit the uniform more cleanly. Still, when she brushed past me her hand was ice cold, like she had just come out of vacuum.\n\nRumor run in the mess today: someone said we had quietly picked up a trail on that shipbreaker everyone whispers about, the one who walked away from a bad accident with something he was not supposed to have. Jonas claimed it is just another spook story to keep us alert, but Elena shut him down fast, said command does not chase ghosts. Funny thing is, her eyes never left the status board while she said it. I wondered who she was really talking to.\n\nThe air tastes a little stale tonight, like the filters are due for service and no one logged it. My shoulders ache from crawling through maintenance shafts, bracing panels that were "good enough" for weeks until someone finally read my report. Familiarity makes people lazy; OM-2098 runs her patrols so clean that command barely glances at her readings anymore. That is what scares me. Not the enemy outside, but the way we stop looking too closely at ourselves.\n\nIf anyone ever reads this, it will probably sound like I was paranoid. But something is wrong here. Too many quiet channels, too many logged anomalies that vanish on the next cycle. The debt back home keeps me in line, but it also keeps my eyes open. When the ship rocks in her sleep and I feel that half-second lag in my bones, I cannot shake the feeling that we are all a half-second behind something else, too. And whatever it is, Elena already heard it coming.
1579	3428	1	BOOK/DESC	Calen said the patch looked good on me today.\n\nBlack cloth, white vertical bar dead center, stenciled over the heart on my rig. Uniform Blackguard colors are supposed to mean restraint, clarity, discipline on contract. To me it has always looked like a door you either walk through or get bricked up behind. I remember the first time I stitched it to my vest, palms sweating like a recruit again, thinking it would finally make me visible to the right people, not just another security grunt with borrowed gear.\n\nFunny how a small thing like that puts you on radars.\n\nBack on that station job in Narion, we were pulling overwatch for some corporate inspection team. Nothing flashy. I made a casual call over local comms, correcting a patrol route so a junior tech could get home early and see his kid on a birthday call. No harm, I thought. We still had coverage. Next thing I know, ops backline is flagging my ID, and a week later I find out that corridor was supposed to look thin, to force a simulated breach for some "assessment." A harmless kindness, and suddenly I'm on some manager's list as "noncompliant." That was the day I learned every deviation is an entry on someone's spreadsheet.\n\nOur clients talk like the risks are outside: raiders, syndicates, whatever flag the local pirates fly this quarter. But the longer I'm with Blackguard, the more it sinks in that rival crews aren't the only threat. Our own people will cut you out of a contract or hang you with your own debrief if it nudges them one rung up the ladder. Calen plays it quiet, always neutral in the barracks, but I've seen the way he listens during after-action reviews, storing what he can use later. You learn to measure every word, every glance.\n\nThere was a moment last month, escort run on a mining moon. Some foreman tried to stall us on payment, arguing line items while his workers watched from the gantries. I took one step into his space, lowered my voice, and let the silence do the work. I saw his eyes dip to the patch, then to the rifle, then up to my face. He folded fast, authorized the transfer, practically tripping over his own boots to make it go faster. Walking away, hearing my own boots ring on the metal, I realized I'd enjoyed it. Enjoyed the way his shoulders slumped when he understood what we could do to him, contract or no. That sits in my gut heavier than any armor plate.\n\nThe exhaustion is different now than it was in regular forces, but it is still there. You push through drills, sims, live ops, client demands, internal audits, and somehow it is never enough. Hit all your marks, and they just move the target. You log extra hours smoothing over some executive's panic, and the only feedback you get is that your "tone" in the report could be more deferential. You keep your kit squared away, your record clean, and you watch others with worse habits get the soft contracts because they share drinks with the right handler.\n\nTonight I am bone-tired and still running scenarios in my head. Who is angling for whose slot. Which rumor about a "quiet restructuring" at the top might be true. How many more times I can walk into a room and make somebody flinch before I forget what it felt like to be the one flinching. That patch over my heart is supposed to mean order. Some days it just feels like a reminder that I'm part of a machine that never stops grinding, no matter how sharp you make yourself.
1667	3438	1	BOOK/DESC	Sometimes I try to run the sim in my head and push time backward, all the way to a point where I did not have blood tallied against my name. I can picture the underdeck bunks on Gagarin, the smell of metal and fried noodles, the first time I saw a real starfield through a viewport instead of a cracked holoscreen. But if you ask me for the last moment I felt truly innocent, I cannot give you a timestamp. Somewhere between the shuttle fire and the first time I nudged a freighter away from a bad lane, whatever that feeling was got stripped out of me like old wiring.\n\nIt is funny how quickly control becomes a drug. When I sat in that UC pod above Jemison, my world was vectors and probabilities, the quiet satisfaction of threading ships through crowded grav corridors without a single scrape. It was responsibility then, and I thought that was enough. Now I can feel entire routes flex when I adjust one ghosted beacon, watch captains dance to an advisory they do not even know is mine. The first time I lost access to a node for more than a week, I shook like a junkie. Not from fear of being caught, but from the hollow silence where all that traffic used to be. Without that hum, the universe feels flat and dead and I feel tiny again.\n\nThey say the void does not care who lives or dies. I used to find comfort in that, the idea that we were all equal under the same indifferent stars. These days I twist it into something uglier: if the universe does not care, then neither do I, and who better than me to decide who gets a warning ping and who flies blind. I tell myself it is balance, that I am only correcting injustices the UC and the corporations built into the system long before I started touching it. In truth, half the time it is just because I can.\n\nI replay that shuttle collision more than I should. There were a dozen ways I could have softened what came after. I could have walked out of that hearing and spent the rest of my life keeping people safe from some quiet desk in some forgettable colony. I could have taken the payout, let their lies stand, and been one more harmless cog. Later, when I had my hands back on the lanes from the shadows, I could have chosen mercy more often, turned near-misses into routine saves instead of lessons. Every time those options were in front of me, I stepped around them.\n\nOut here, sitting in the dark with only the projections from the Storm Table for company, I can see all the routes I did not take floating alongside the ones I forced into shape. A LIST tanker that could have made it on time if I had not sold its detour to a Crimson quartermaster. A UC patrol that did not need to be in the same corridor as a civilian hauler, except I wanted someone in New Atlantis to sweat over the report. I tell myself it was necessary to prove a point, to make them look at what they built. But there is a thin, honest part of me that knows I enjoyed watching them flinch.\n\nThe farther I run, the more the lanes feel like an extension of my own nervous system. Every anonymous ping, every erased transponder, every rumor that some ghost saved this ship or doomed that convoy, all of it is me asserting that I still exist and that I am not done. I do not know if I am heading toward justice, revenge, or just the next hit of feeling the galaxy bend a few degrees because I said so. I do know this: kindness was always on the table. I just kept choosing the other thing.
1170	3449	1	BOOK/DESC	I keep replaying that venting in my head and I cannot swear any more which parts are real and which parts are stitched in from recordings, rumors, and whatever my brain had to do so I could walk out an airlock again. I remember the alarms, the slam of the bulkhead, the rigger's face behind the visor. But I also remember a quiet moment afterward where I watched someone else choke on thin air in a different corridor, years earlier, and did nothing. I stood there, hand on the override, and let it ride because for once the call was mine and mine alone. That memory feels too clean, too sharp, like it has been edited for effect. Maybe I edited it. Maybe somebody else did.\n\nThey say people under prolonged stress disassociate, split off the parts that do not fit the uniform. Old psych texts called it adaptive compartmentalization. Brant used to throw around phrases like that when she wanted to smooth over the bad calls, like there was a textbook somewhere that made everything fine if we could just name it right. By that logic, the things I have done since the tug went dark are just my nervous system trying to survive system failure. Predation as a coping mechanism. Strategic cruelty to reclaim a sense of control. Sounds academic when I line it up like that. Does not feel that way when I catch my reflection in a viewport and do not recognize the man checking angles on his own crew like they are potential threats instead of people who trusted him to strap their helmets.\n\nI ran for the wreck fields because I know every bolt and seam out here. The frontier drift where old war hulks spin, the forgotten hulk they turned into a lie, the broken frigate that keeps pulling everyone's attention without them admitting it. Steel does not care who signed which order or whose name is redacted. Steel only cares about stress, about where the next fracture will open. I know how to move where the scanners overlap, how to park a tug in the dead cone of a cruiser's blind side. It made sense to come back to the graveyard. Out here, I can rig drones, mine corridors, sell just enough hardware to pirates and mercs to stay relevant without letting any one of them think they own me.\n\nWhat I am afraid of is not bounty hunters, or SysDef, or whatever private outfit some governor hires to clean this up. What scares me is how easy it has become to watch someone suffer and weigh it against the angle it gives me. How fast I am to justify airlocking a boarder or leaving a rival tether cut because the textbooks say control is grounding for trauma, because some old briefing talked about acceptable collateral, because once you have been told you were responsible for deaths you did not cause, there is a dark relief in choosing the next ones yourself. I keep telling myself I am doing this to drag the truth out into the open, to make them pay for turning my people into ghosts on a censored log. But I hear myself in the way the pirates talk, in the way the merc brokers laugh when they think nobody is listening. I am not sure when exactly I crossed that line, or if there was ever one to begin with. All I know is that every time I weld my mark into a new piece of hull, every time I map another blind route through the debris, it feels less like hiding and more like building a tomb I plan to fight from. And some days, when the quiet hits just right, I am not sure whether I am trying to keep them out or keep myself from ever leaving.
1237	3470	1	BOOK/DESC	I used to worry about stupid things.  \nWater leaks in the hab ducts. Whether the auto-pay hit my GalBank line before or after the utility surcharge. The way the cat back on that survey contract would yowl if the humidity dropped two points. It felt like adulthood, then, chasing drips and due dates. Funny how those tiny responsibilities taught me more about control than any university ever did. You learn fast that whoever owns the valves and the bills decides who sleeps dry and who does not sleep at all.\n\nPeople keep calling what I do now "monstrous," as if reshaping a sky is somehow less honest than quietly signing forms that condemn a dome by neglect. I have been reading old fragments on "authenticity" lately, half-remembered names from philosophy feeds I never finished. One of them said the only real sin is betraying your true nature. If my true nature is to see the system as it is and act accordingly, then how, exactly, am I the deviant? Everyone pretends air is sacred until it is time to cut corners; I just removed the pretense.\n\nI catch myself overanalyzing small things, as if dressing them up in technical language will make all this feel clean. The resonant frequency of a tower strut. The exact delay between an alarm ping and its automatic suppression. The way a Freestar foreman's hand shook when he signed for noncompliant stock, pretending not to read the fine print. I talk about phase margins and load curves because it sounds clever, because it keeps me out of the one place I do not want to go: the simple question of who lives and who does not when I touch a console.\n\nThe turning point was not Dustburn, though everyone wants the legend to start there. It was years earlier, on a failing dome where we arrived three days late. The local tech had been bleeding himself dry patching leaks and skipping maintenance fees to keep his neighbors warm. Corporate sent us anyway, with a polite note about "cost recovery." They thanked him for his service, then seized his rig when he missed a payment. He was kind, decent, all those words civics classes love. He died in the cold corridor outside his own equipment room, locked out by a system he had babied for a decade.\n\nThat was the day I understood that kindness is just another exploitable resource. The kind ones volunteer for extra shifts, sign waivers, look the other way when their betters cut corners. They become buffers, absorbing failure so the rest can pretend everything is fine. I stopped being a buffer. Now I am a fulcrum. I pick where to apply pressure and watch entire colonies tilt around that point.\n\nWhy here, this particular rock, this poor excuse for an atmosphere? Because the air is already bad enough that any "correction" can be blamed on the planet. Because the homesteaders are desperate enough to welcome a man who says he can buy them another decade of breathing, even if the price is paid by someone else, somewhere else. Because the maintrade routes slide just far enough away that UC and Freestar patrols argue jurisdiction while my towers hum.\n\nI tell myself I am only making explicit what has always been true: air is political, survival is transactional, and pretending otherwise is a luxury for people whose children have never woken up choking. If that makes me the monster in their stories, so be it. Better an honest monster than another kind-hearted fool signing away the last of his warmth while the system thanks him for his sacrifice.
1702	3524	1	BOOK/DESC	Day 142, I think. Hard to tell with the lights dimmed half the time to "conserve power and promote circadian hygiene," as Jonas keeps putting it in his maintenance reports. I still wake up feeling like I have a hangover made of recycled air and static cling, so I am not sure the hygiene is working. What has changed is how jumpy I am; every minor course correction, every little grav-drift in the corridor feels like an omen. What has not changed is the way my stomach knots whenever we pass through Sol, like the system itself remembers things the rest of us pretend to file away.\n\nToday was more of the same: diagnostics, scrubber checks, arguing with the coffee recycler. Rhea swears it gives her "notes of ozone and despair," but she still drinks it and still chews louder than any human should be able to. Honestly, how can someone make synth-protein bars sound wet. I almost snapped at her about it at mess, then caught Maya giving me that careful, neutral look of hers, like she was testing stress levels on a console. I made a joke instead. Damian laughed, too loud, like he always does when he is covering something. Or maybe I am just hearing ghosts in every echo now.\n\nWe had another encrypted packet come in from command, all redacted headers and timing that does not match our published patrol pattern. Elena and Jonas went quiet as soon as they saw it, exchanged that glance over my head they think I cannot read. I watched Maya out of the corner of my eye. She did not flinch, did not lean in, just kept working her station with that steady precision. It is funny; the more the others tense up, the calmer she seems. I used to find that reassuring. Lately it feels like standing next to a perfectly balanced knife.\n\nThere is talk in the lower decks that our "route optimization support" work is not as harmless as it sounds. Rhea says she overheard Jonas muttering about civilian transponder IDs buried in some sim run, flagged and then deleted. I do not know if she misread the logs; she is good with people, not code. Still, I keep catching snippets: "near miss," "acceptable variance," "actuarial," words that sound like they belong in a bank office, not on a Navy scout drifting between dead satellites. No one says anything outright. We just work, eat, pretend the air does not taste of old secrets.\n\nI dropped my digipick again. Third time this week. Spent ten minutes tearing apart my locker, cursing at my boots and that ridiculous extra EVA glove I keep meaning to stow. Found it in my bunk sheet fold, of course, like it always ends up in the last place I check. I muttered at myself the whole time about how a person trusted with reactor safety can apparently not keep track of a single tool. When I came back up to the bridge, Maya had that tiny almost-smile on her face, the one she gets when the universe proves her point about entropy.\n\nUnderneath the small annoyances, I can feel something coiling tighter in my chest every day. I used to get excited about new orders, new systems. Now all I want is one honest briefing that matches what we actually fly. Jonas is more tired, Damian snaps faster, even Elena has started triple-checking her own work like she does not trust her hands. And Maya, somehow, is always exactly where she needs to be, calm in the center of it all. I keep telling myself that is what makes her good at her job. Still, when the ship falls quiet at night, I lie awake thinking about those unlogged deviations in our path and wondering who really planned them.
1788	3530	1	BOOK/DESC	I lost track of the exact day somewhere between Narion and nowhere, but I remember the sound. When a grav-drive route collapses around you, it is not like the holos say. There is no heroic roar, no slow-motion. It is the absence. A tearing out of the middle of the universe where familiar things used to be. One moment I am watching telemetry scroll, the next I am alone in a ship that should not still exist, with a cabin full of air that feels like a bad joke.\n\nThey called it pilot error on the report. Then a systems fault. Then nothing at all. Funny how language collapses faster than hull plating when someone important is about to lose their funding.\n\nAfter they patched me back together and sat me in quiet rooms with soft lighting, I did what they train us to do: I checked the data. Line by line. My adaptive lines were there, but twisted into something else, embedded in contracts I never signed, tied to riders that did not exist when I wrote the first drafts. High-yield, low-input, "resilient." Such a nice word, resilient. It hides so much.\n\nWhen the complaint went nowhere, when my access evaporated and my work came back to me marked up as recklessness, I understood my position on the board. Not scientist. Not citizen. Risk. Containment priority. Discreet resolution recommended. Once you see yourself written like that, something in you snaps or goes very, very still.\n\nSo I took what was mine to begin with. Vaults, codebooks, the clean baseline and the ugly derivatives. I tore out the parts of the archives they wanted to keep buried and walked them into the wild, because if the game is rigged, the only honest move is to kick over the table. They will call it sabotage. Terror. Fine. If their supply chains choke on the same poisons they signed off on, perhaps they will remember whose signatures line the bottom of those pages.\n\nWhy here, now? Because out beyond the neat trade lanes, LIST folk and forgotten farmers still believe a seed is a promise, not a weapon. I can test, refine, demonstrate on scales that hurt, but not yet kill the way they intended. I can build a sanctuary in miniature, prove that the clean strain works, and hold it against their throats as leverage. And if they send hunters, well, hunters eat too. Their blood chemistry will tell me what I need to know.\n\nThe fear is always the same: not death, not prison. Erasure. Waking up one day to find that every record says I was the monster they needed me to be, and nobody even remembers that there was a choice. That is why I leave logs, labels, breadcrumbs in freighter manifests and sick fields. It is childish, maybe, but it is harder to rewrite a story when the footnotes keep showing up on other people's desks.\n\nMost nights, after I finish in whatever passes for a lab, I sit with a cup of bitter coffee and watch the stars. It helps to remember that none of this matters. Galaxies collapse. Species rise, burn their worlds, vanish. In the end, my little edits to a few patches of soil will not even register as noise. Thinking like that takes the weight off. If nothing has meaning, then guilt is just a chemical response, and consequences are temporary patterns in dust. I can do what needs doing without pretending there is some grand moral ledger waiting to be balanced.\n\nAnd yet, when I step onto a failing homestead and see a child breathing easier because a field I tuned is finally feeding them cleanly, the emptiness cracks a little. I hate that. It would be simpler if I believed in nothing at all.
1682	3598	1	BOOK/DESC	I miss boring mornings.\n\nBack when my job was just a stack of claims and a lukewarm TerraBrew, I used to sit by the narrow viewport in whatever office they had buried me in, mark up manifests until my hand cramped, then reward myself with a synthameat sandwich if I cleared the queue before midshift. Same stool, same chipped mug, same view of some shipyard cranes inching across the horizon like they had all the time in the galaxy. I thought that was what safety felt like: repetition, harmless paperwork, nothing sharp in reach but a cheap pen.\n\nFunny, how it was the paperwork that turned out to be the weapon.\n\nThe first time I rerouted a tug on my own authority, I still kept the old routine. Coffee, checklist, double-verify the transponder code, then quietly overwrite the beacon path so nobody with a conscience saw the distress call until I had what I needed. It is easier to bend the rules when your hands are already doing something familiar. You just let the cursor rest a little longer in the wrong field. You just type one extra digit. After that, it becomes part of the ritual. Wake, drink, adjust the ledger, eat, pretend the world is not tilting.\n\nI used to collect little mechanical watches from flea stalls in places like New Atlantis and Gagarin Landing. Useless things, here, where no one trusts springs and gears anymore. I would wind them all on the same morning, listen to the tiny ticking storm in my quarters, then pick one to wear. It anchored me. Time passing, proof that something in the universe still moved forward at an honest pace.\n\nNow my mornings are alarms and course plots and checking if any of the tugs in my little constellation have gone dark overnight. Coffee tastes like coolant. Food is whatever I can open one-handed while reading stolen logs. I still keep the watches, though. Wind them when I can. Not because I believe in honest time anymore, but because each one reminds me of a captain whose plaque I cut from a dead bulkhead. Names they tried to erase with a line in a claim report.\n\nLeaving the offices was not a decision. It was an inevitability after that last hauler disappeared with my forged authorization on the file. I saw my own signature against a death I did not sign. They thought they could fold me into the silence along with the others. So I did what I do best: I recalculated. I took the backup data, the ghost hull list, one tug they had underinsured, and I stepped out of the pattern.\n\nI chose the graveyards because no one looks too closely at what happens out here. Wrecks are supposed to be voiceless. Scrap is supposed to be just metal. My hiding place is made of everything they think has no story left to tell. Out here, among these broken frames, I can reroute more than distress calls. I can reroute blame.\n\nI know they are coming. UC, Freestar, some bounty crew with clean uniforms or rusted guns, it does not matter. What I fear is not dying; it is them taking my ledgers and burning them, tidying the narrative so I go down as just another pirate who got greedy. So I keep moving the pieces. More dead-drop caches, more redundant exports, more people paid off quietly with credit transfers they will never trace back.\n\nIn my better moments, I imagine a morning again where I wake up and the only thing waiting is a mug, a sandwich, a pile of filings that are honestly dull. No ghosts, no rerouted cries, no one calling me Deadlock like a curse or a prayer. On most mornings, I just wind a watch, listen to the ticking, and remind myself that until somebody stops me, the ledger is still in my hands.
1178	3613	1	BOOK/DESC	Shadowcell Barracks  \nShipboard Night Cycle  \n\nHartmann did the stare again today. Not the full dressing-down, just that quiet appraisal he does when he thinks no one is watching. Funny thing is, I notice it every time. I notice all of them now. The cameras in the hall bulkheads, the biometric pings at every blast door, Mara's eyes tracking me over the top of her report. Years in this outfit and I still catalog lines of sight before I can breathe. Somewhere along the way, being observed stopped feeling like a precaution and became the baseline. On ops, it keeps you alive. Off ops, it just makes sleep shallow and dreams crowded.\n\nRonan called it "professional accountability" once, with that half smile that almost passes for charm when he wants something. Maybe he believes it. Ward definitely does. He lives and dies by the handbook, the unspoken one more than the printed regs. Who you drink with after a contract, how long you take in the gym, whether you're in the briefing room five minutes early or two minutes late. All of it gets tallied somewhere behind his eyes. None of them ever say it out loud, but you can feel the scores being kept, deal by deal, bullet by bullet. One bad day and suddenly you are the one people track on the periphery.\n\nIt did not start here. Back home, it was the older kids leaning against the fence behind the hab-stacks, shoes too clean for our block, always flush with credits. No one ever said where the money came from and I did not ask, because questions make people notice you in the wrong ways. I skipped my chores for them. Skipped sleep. Skipped school. They would vanish for a few days, come back with new jackets and stories with the middle cut out. I learned fast how to listen for the missing pieces. How to keep my head tilted like I believed every word. That same trick plays well in ready rooms and corporate debriefs now. Tilt your head. Pretend you buy the story.\n\nThere is a different kind of story running through the unit lately. Shipbreaker contracts that keep circling the same coordinates. Names that come up too often in the after-action reports and then get redacted on the official copies. A handler letting slip that some "salvage incident" up in UC space is drawing more resources than it should, like there is something lodged in a wreck that the big commissions are scared to admit exists. Hartmann shut that conversation down when I pushed, told me to stick to our lane. Then, later, I caught him and Ward whispering in the corridor, eyes sharp, voices low. Professional accountability.\n\nMara asked me, casually, what I would do if a target turned out to be more than some pirate or spacer riffraff. She couched it in hypotheticals, but I could see the weight behind it. There are rumors about a man who used to keep crews alive inside hulls that wanted to come apart, who now sells those skills to whoever pays best. Some say he knows things that could set two flags at each other's throats all over again. Some say one of those flags is already using him. Nobody says it straight. They never do.\n\nSometimes I think the job is less about pulling triggers and more about carrying other people's secrets until they burn through your skin. Being watched rewired what "safe" means years ago. Now, safe is just knowing which angle the sights are pointing from and how many rifles are really in the room. If this salvage mess is as big as the whispers make it sound, the angles are about to change. And when they do, someone in Shadowcell is going to end up on the wrong side of the ledger. I just need to make sure it is not me.
1340	3655	1	BOOK/DESC	Erin keeps saying we did not desert, we were discarded. She says it like a fact, like a range mark you can trust your shot against. Still feels like desertion when I wake up and do not hear a briefing channel in my ear, just the hum of whatever stolen hull we are riding this week and the Sundered arguing over rations in the next compartment.\n\nToday we hit that relay out on the edge of nowhere. Old codes still worked. That is the part that stung. SysOp never scrubbed me, never flagged the access. According to the system, Darius Holm is still green-lit, still a good little piece of their machine. Walked through three bulkheads like I belonged there, and for a second I did. Muscle memory almost snapped to parade rest when the alarms chimed. Then Erin's hand on my shoulder, that little squeeze she does, brought me back to who I am supposed to be now.\n\nWe pulled the drives, looped the cams, left the guards breathing. Sundered Commandos do not shoot uniforms unless we have to. That is the rule Varik bled into us after things went bad on the ridge. Different world, different mission, different flag, same story. Bad coordinates, bad intel, bad weather, too many civilians in the way and an order chain that cared more about the after-action report than the body bag count. We all heard the closed-door debrief later, the way the brass massaged the numbers, turned screams into "collateral deviations." That was the day trust started leaking out of us like air through a cracked seal.\n\nThere are whispers that what we did today is no better. Hit a friendly install, rip out the eyes and ears, sell the data to whoever bids highest. I hear those whispers in my own head more than from the squad. Erin calls it balancing ledgers. She is not wrong that we are usually cleaning up things command buried. Half the time the targets we hit are side projects someone was running off the books, the kind that get people "reassigned" if too many questions get asked. You do three tours watching that pattern and it is hard not to think we are the only ones still following the original oath, even if we tore the patches off.\n\nFunny thing is, back in barracks we used to talk about dreams. Not the sleep kind. The "after this is over" kind. Buy a hauler. Open a bar. Go back home and pretend we never learned how to clear a room in under three seconds. I never believed a word of it, not from myself, not from the others. You do not walk away from what we did and start counting crop yields. But the talking mattered. It was a way of pretending we had futures that were not written in operations orders and casualty lists. Now the only dreams anyone admits to are about better armor, cleaner bolt cycles, and a cut of credits big enough that no one can buy our names back into a briefing slide.\n\nToday, standing in that relay, I caught a glimpse of another branch. Could have stayed. Could have locked my rifle, sat down, waited for Security to swarm in and put me in a box. Let them decide whether to court-martial me, interrogate me, or just erase me from the system like they did those villages we never officially entered. But I walked out with the others, drives in a pack, field discipline still tight, hearts still half-turned toward the flag we left behind.\n\nWe keep telling ourselves we are not running. We are repositioning. Tactical withdrawal in the face of compromised leadership. Erin believes it. Most days, I can almost believe it too. Then night rotation comes, the ship's lights dim, and in the quiet between engine pulses I can hear the old command channel that is not there anymore, waiting for an order that will never come.
1217	3690	1	BOOK/DESC	I keep forgetting this slate autosyncs. One bad habit from the service I cannot shake; write it down, lock it away, pretend someone is not always reading over your shoulder. Old conditioning. Back then, honesty on a debrief got you reassigned, flagged, or worse. You learned to answer the question you were asked, not the one that might get someone important burned. Truth was a live grenade; you only pulled the pin once.\n\nDeadline is supposed to be different. That is what Cole keeps saying, anyway. "No more lies, Rena. We call it like it is." Easy words from a man who still sleeps with his boots on and checks corners in the mess. I watch how fast his eyes go glassy when anyone mentions our last op under formal command, the one where the civvy convoy just happened to drift into an active fire lane. The report said "unexpected resistance." We all signed it. Marcus pretended his hand did not shake.\n\nI tell myself I left because I was tired of being told which ghosts counted and which ones did not. That is cleaner than admitting I was afraid of what would happen if I started speaking plainly in a briefing room with a recording light on. You learn early that saying "this corridor is wrong, this target is wrong, this order is wrong" only ends two ways: you get moved somewhere quiet, or somewhere loud enough you do not come back. So I shut up. We all did, until Elias walked out first and proved there was a third option.\n\nGavin still calls him a coward when he has had too much Red Harvest whiskey, but I have seen the way he looks at the empty bunk like it is a mirror. Gavin is the loudest in the unit, the first to crack that hard, ugly laughter that passes for humor around here. There is no warmth in it. Just sharp edges, mocking and mean, as if every joke is a weapon test and we are all waiting to see who flinches. Deadline laughs like that a lot. Joy does not live here; only relief that, for the moment, the barrel is pointed at someone else.\n\nSometimes I catch myself almost saying what I actually think. When Marcus outlines another interdiction plan that looks too much like the old sabotage jobs they swore were clean. When Cole talks about "acceptable losses" in that same tone our former CO used before a drop. The words rise in my throat: this is the same game with a different patch on the armor. But my tongue remembers years of biting down until I tasted blood, and the fear that honesty is still a punishable offense keeps the sentences half-formed and sour.\n\nSmell is the worst betrayer. I can walk past a fuel spill in a hangar and suddenly I am back on that orbital, breathing in scorched plating and burned sealant after the airlock breach they called a "structural failure." Or I catch a whiff of cheap Terrabrew from a cracked thermos and my hands think they are wrapping around a field mug while intel whispers through a cramped briefing room about a target colony we were not supposed to know had children in it. Even dust has a sound, the way it hisses against a visor in thin atmosphere, and sometimes the corridors here echo just enough that my chest tightens and I have to count steps like I am back on patrol.\n\nDeadline says we have no commander now, that we are all accountable to each other. I want to believe that. But tonight, listening to Gavin's mirthless bark from the common room and hearing Marcus quietly adjust the lie of our latest op into something he can write down, I realize command never needed a rank. It lived in our fear of speaking plainly, in the way we trained ourselves to flinch from our own thoughts. We traded one set of orders for another, and the only difference is who signs the after-action report.
1442	3718	1	BOOK/DESC	I keep thinking one of these mornings I will wake up and not feel that half-second of inventory: lungs working, weapon still within reach, no new shadows in the corner. It has not happened yet. Every day starts with the same question in my head before I even open my eyes: is this when someone in Cipher Blackfire decides I have outlived my usefulness.  \n\nWe all pretend it is just operational paranoia, part of the job. Darin calls it "staying sharp." Kellan says if you are not worried, you are already dead. But that is not what I mean. I mean the way conversations stop when I enter a room. The way Amira's gaze lingers a beat too long on my hands when I sign off on an after-action report.  \n\nI remember the stupid, harmless thing that first put me on someone's radar. A card game in the ready bay, months ago. Stakes were low, I was just bored. I corrected the odds on a side bet, could not resist showing my math. I saw the look Darin gave me then, weighing what it meant that I run numbers in my head faster than the deck can shuffle. Two weeks later Cipher started routing me the contracts that never make the public ledger, the ones where pay and casualty estimates do not match.  \n\nYou do not say no when the handlers notice you. Not if you want to keep breathing. We all saw what happened to Mikal when he pushed back on the last redirect. No debrief, no tribunal, just a sealed airlock and a "training incident" notice pinned to the board. They left his bunk untouched for a week, boots still under the rack, as if the ghost of his gear would keep the rest of us compliant. It worked.  \n\nSomewhere along the way I sanded down every sharp edge of feeling just to get through the days. The first time I watched a target bleed out because the contract said "no exfil," I told myself it was logistics, not cruelty. The fifteenth time, I did not have to tell myself anything. I just logged the rounds expended and checked my gear. That numbness is useful when your job is to walk into other people's endings. It is less useful when you are trying to remember what your own life is supposed to feel like.  \n\nThe worst part is I am not sure I want to lose it. The little I let in hurts more now, like thawing frostbite. A few months back, on a long haul between systems, I let myself fall into something that looked like affection. Long conversations in the dark with someone who knew exactly how far they could lean toward me without crossing the line. Their hand on my shoulder after a bad op, the way they stayed an extra second too long when everyone else had already turned away. Warmth, or the practiced pressure of someone making sure I stayed pointed where the unit wanted me. Love and fear felt the same in that moment, like standing too close to a reactor: you are not sure if it is keeping you alive or burning you from the inside.  \n\nLately there are whispers about lanes shifting, contracts tied to "route security" that read more like cleanup than protection. Someone is paying a lot of credits to erase particular jumps from the record, and we keep getting pulled in right after something goes wrong and before anyone asks why. I hear the techs talking about cargo haulers drifting wrong, relay stations feeding bad numbers. I pretend I am not listening.  \n\nDiscipline keeps my hands steady, keeps my name off the wall. The unspoken rule is simple: do the work, do not ask who moved the pieces before you got there. Still, every time I sign another encrypted brief, I wonder if somewhere in the small print there is a line assigning Cipher Blackfire to tidy up after someone else's invisible war. And if, when the math is finally done, my number is on the wrong side of the equation.
1753	3783	1	BOOK/DESC	I am writing this strapped into a crash couch in a ship that is barely moving, but my stomach still feels like it is falling.\n\nToday the nav officers ran another sim of the corridor, the one no one admits we are actually flying. They call it a "stress test," say it is all just contingency work for the academy archives, but everyone knows academy sims do not get their own sealed briefings. Jonah tried to joke his way through it, said if the grav shear did not pulp us, the paperwork would, but his hands kept hovering just above the console like he was afraid to leave prints.\n\nCaleb spent half the shift buried in the sensor bay, muttering about ion density and noise profiles that do not match any public charts. When I brought him a TerraBrew, he just looked at me and asked if I had ever seen space look "tired." I laughed, but I knew what he meant. Out the port, the stars at that range smear into a faint halo when the tests spin up, and it feels like the ship is balanced on a wire instead of a lane.\n\nDarius and Mira spent the mess break throwing cards at each other and pretending not to listen to the officers at the next table. They were arguing over whether command would ever actually authorize a live run. One of them said it already happened, off the record, and that is why half the senior charts are redacted. The other said that was just Spacer bar talk. The way they kept their voices low made it sound like they believed both at once.\n\nElias was quiet again. He has been like that for weeks now, watching people more than instruments, like he is measuring something softer and stranger than grav pull. He asked me, out of nowhere, if I would ever take a posting planetside if the pay was good enough. I told him no, that I like the way the ship hums when the lanes catch, that I sleep better with bulkheads around me than sky. He nodded, but his eyes were somewhere else, as if he was already measuring distances I could not see.\n\nIt is funny, thinking about sleep. Back when I first signed on, I was terrified of drifting off in the black. I told Mira about it once, in the dark of an off-shift corridor, and she said, "You do not have to trust the void, just trust the people who keep you between it and the hull." That stuck. On bad nights I repeat it to myself, and it settles my breathing. It worked again this afternoon, just long enough to get me through another round of drills where the instructors pretended we were not all one bad calculation away from becoming a classified entry in someone else's log.\n\nStill, there is a different kind of quiet moving through the ship now. It lives between conversations, a half-second where people decide what not to say. In the liaison's reports from the frontier, there were whispers about convoys disappearing into storms and reappearing where no scanner caught them, about a pilot who rides the edge of the weather like it is a road only she can see. Officially, we are here to test instruments, to make sure nothing like that can ever happen without us knowing. Unofficially, no one wants to admit we might already be following in someone else's wake.  \n\nIf I am being honest, that is what makes my hands shake more than the grav surges: the sense that the charts are lying to us, and that someone on this ship knows exactly how. Elias watched me re-secure my harness at the end of shift and told me, very gently, to double-check my mag boots before the next cycle, "just in case things get rough." It was kind, and for a moment it calmed me the way Mira's words did, like the crew itself could be enough to keep the dark at bay. But I keep hearing that "just in case" long after the lights went to night mode, and I cannot tell if it was concern or a farewell I did not recognize at the time.
1186	3791	1	BOOK/DESC	Ship's running cool tonight. I can feel it in the deck plates, that steady hum pulled back just a notch, like the whole hull is holding its breath. Environmental cut the ambient temp by a couple of degrees to save power on this patrol loop, and now the air in my bunk smells like metal and old filters instead of recycled coffee. Makes the hairs on my arms stand up. Funny how a small change in the background noise and climate can make it feel like the walls are listening.\n\nWe had another drill this morning. Leah Okafor barked us through breach protocols like she was auditioning for a MAST training sim. Marcus Llewellyn showed up late, again, with that half-apology smile that gets him out of everything. Leah just glared at him and marked something down on her slate. She pretends not to care, but I saw how tight she was gripping the bulkhead when the alarm cut off, knuckles white. This ship eats that kind of stress and spits it back as ulcers.\n\nThe mess was quieter than usual afterward. Jonah Mercer kept fiddling with the holoscreen, cycling through news channels then killing the sound every time they mentioned anything about drive incidents or "ongoing investigations." Elias Navarro tried to lighten the mood with some story about his last shore leave in New Atlantis, but it fell flat. Nobody wants to talk about home when you are strapped to a gunship pointed at nowhere in particular. Even the TerraBrew machine sounded tired, hissing out lukewarm sludge instead of coffee.\n\nI ended up on hull watch for most of the afternoon, staring at nothing while the sensor board threw up clean readings. Out there, it is all black and pinholes. In here, you start noticing the little things instead. Like how Marcus has been spending more time near the secure terminals, joking with the comms techs and leaving with his pockets a little too heavy. Or how Leah's been sleeping in her boots lately, as if she expects the alarm to hit mid-dream. Or the way command keeps forwarding encrypted orders down the line without bothering to brief us, just "course adjustment, acknowledge and comply."\n\nI am not supposed to see routing data, but you hear things when you float between duty stations. Gagarin, Cheyenne, some dead stretch of nowhere between flagged sectors. Never the same path twice, always skirting around the places people actually live. Feels less like patrol and more like we are drawing a pattern no one wants us to understand. I caught Jonah and Elias whispering about it in the armory, voices low. They shut up when I walked in, pretended they were arguing about weapons maintenance. If this ship could talk, it would laugh at how bad we are at lying to each other.\n\nAnd then there are the rumors, the ones that slip in with encrypted traffic and off-the-record chatter. Talk of drives misfiring the same way on different hulls, of some tech everyone is blaming because it is easier than admitting hardware can be wrong by design. Leah says official channels cleared it all, "no systemic risk, nothing to see." But I have seen the way she lingers over the engineering logs when she thinks nobody is watching, tracing jump coordinates like she is trying to spot a ghost in the code. Marcus just shrugs it all off, says every generation gets its own campfire story.\n\nMaybe it is nothing. Maybe I am just letting the cold air and the dimmed lights get under my skin. But tonight, walking back from watch, I passed Marcus in the corridor outside the secure bay. He was alone, no reason to be there, eyes a little too bright in the half-light. He flashed that same easy grin, clapped me on the shoulder, asked if I was "ready for another boring jump." His hand was warm through the fabric of my uniform, but I swear the metal under our feet felt colder than ever.
1019	3821	1	BOOK/DESC	I keep thinking about how loud that neighbor used to be back in the stack housing on Volii. Guy in the next unit blasting cheap synth-rock at all hours, arguing with whoever he was bedding that week, faucets that never stopped dripping rust in the walls. At the time I swore it was the worst thing in my life, like if I could just get some quiet, everything else would line up. Funny, looking back from here, with blood under my nails and gun oil in my lungs, that noise feels almost gentle.\n\nExecutioner Ash runs on ritual and pressure. You do the work, you watch, you keep your mouth shut. Rhea Vargan and Dane Corvo act like they were born breathing syndicate air, like this is all just gravity to them. Me, I came in later, when things were already burning. Lena Kade told me first day, "Smile less, listen more," and I have been clenching my jaw ever since. The bosses talk about loyalty like it is oxygen, but we all know it is a currency. You spend a little to stay alive, and if you are lucky, you do not go bankrupt overnight.\n\nThere was a night in one of our backrooms on Neon, lights half-dead, fans barely moving the smoke. Maris Calder sat across from me, eyes rimmed red from more than just Aurora, and she said, barely above a whisper, "I tipped them off, Kade. That convoy you were on, it was never supposed to leave port." Threads of sound only just carried it over the hum of the old generator. That one sentence bent my life sideways. After that, every job, every smile from the lieutenants felt like it might be the last thing I saw. I did not tell anyone. Not Sera Mallin, not Rhea, no one. Some confessions are landmines. You do not share them, you just learn to step around where they are buried.\n\nBeing around Rhea feels like walking on broken glass most days. Careful, silent, and always afraid. One wrong word and those eyes of hers go flat, like you just became a name on a cleanup list. She jokes, sometimes, about who might be "next ash for the burners," and everyone laughs that strangled laugh we do when we are not sure if something is a joke. That is our culture in a line: everything half a threat, half a test, no way to tell which is which until you are already bleeding.\n\nI tell myself I stayed because the payout was better than any dock job, better than hauling crates for HopeTech scraps or running legal hops for Trade Authority crumbs. Truth is, I stayed because the idea of walking away felt more terrifying than enduring the pain. Out there, you are just another face at a port, no backup when someone decides your ship looks soft. In here, at least the knives are mostly in front of you, and when they are not, you know you misread the room and that is on you.\n\nLately, the whispers have shifted. Neon bars go quiet when someone mentions grav lanes shuddering, jumps that feel wrong. Sera swears she heard a UC officer in The Den say there is a man tracing cracks in the routes, making ships disappear to prove a point. Rhea called it spacer superstition, but I saw the way she gripped her glass a little tighter. Executioner Ash loves rumors like that, stories about invisible wars nobody admits are happening. They make good cover for our movements, good shadows to slip through when authorities are staring at the wrong monsters.\n\nStill, I catch myself listening harder when someone mentions drives that hum off-key, or a convoy that jumped and never showed at the other end. Maybe it is nothing. Maybe it is everything. All I know is, I traded a noisy neighbor and a leaky faucet for this life, and back then I thought I understood what a bad decision sounded like. Turns out, it was not the shouting through the thin walls I should have worried about. It was the quiet voices in the dark, the ones that never needed to raise themselves to tear my world apart.
1065	3830	1	BOOK/DESC	I remember the first time I saw someone break the law and felt something other than fear. I was a kid, back on the docks, watching a pair of loaders skim crates off a freight pallet while the foreman pretended not to notice. Everyone else averted their eyes. I just stood there, fascinated by how smoothly it all moved, how a little tilt of the scanner and a bent signature could turn company property into someone else's payday. Later that week, the foreman pulled me aside, pressed a few crisp bills into my hand, and told me I was "a good lad" for keeping my mouth shut. I did not have the words for it then, but that was the first time silence felt like currency.\n\nFunny how that same lesson scales up in uniform. Years later, suited and braced behind a barricade, I watched a squad from another unit go beyond the ROE on a cleanup op. Nothing dramatic from a distance: an extra burst of fire here, someone taking their time with a prisoner there. Erin Lockwood caught my eye as it happened, the way she always did when she wanted to know if I was going to be a problem. I said nothing in the debrief, signed where they told me to sign. The colonel shook my hand afterward, commended my "clarity and focus under stress." That same old warmth in the gut: praise for keeping quiet, for letting the machine grind the way it wanted to.\n\nThe Regiment was born out of that kind of praise. Enough of us pushed through enough dirty orders until one day the command chain snapped and we realized we were taking fire from both directions. Officially, we broke. Unofficially, we just stopped pretending. I still hear the old oaths in my head sometimes, the part about protecting people who never signed up for any of this. But then I see the reports they buried, the bodies they reclassified as "equipment losses," and my hands clench on a rifle that no longer belongs to any flag.\n\nWhen my enlistment started to sour, I found myself leaving the barracks more often, slipping into the parts of town the MPs told us to avoid. Back alleys where smog eats the neon, corner bars where mercs and dock rats make side deals over cheap liquor and contraband. I would sit alone and listen to the way people talked when they did not think regulations applied, how orders turned into favors and favors into debts. At first I told myself I was just blowing off steam, learning the terrain. Truth was, I felt more at home in those half-lit rooms than I ever did in the sanitized briefing halls.\n\nErin says we are not criminals; we are soldiers without a country. Maybe she believes that. Maybe Jonas Recker still does, on the better days. On the worse ones, I think about how easily I slipped from sanctioned silence to paid silence, from being rewarded for ignoring a quiet theft on a loading dock to being commended for overlooking civilians caught in a crossfire they did not start. There was a time when I thought healing meant the nightmares would stop, that the faces would blur and fade. I know better now. Healing does not erase what happened. It just teaches you where to put the weight so you can keep walking without limping.\n\nTonight the Regiment is gearing up for another contract, another target someone else decided deserved to disappear. Erin is already running drills in the hangar, barking orders that sound just like the ones we used to get from the brass, only without the polished lies wrapped around them. I can feel that old fascination creeping back in as I watch the pieces come together: the false manifests, the scrubbed comms, the way we slide into the blind spots we helped design. Somewhere along the way, the line between watching a small crime and orchestrating a larger one blurred. I am not sure when it happened. I just know that I am still here, still quiet, and people are still very pleased about that.
1587	3849	1	BOOK/DESC	I do not remember when exactly I stopped thinking of myself as a pilot and started thinking of myself as a system. Somewhere between the last time I filed an honest approach plan and the first time I watched a freighter arrive early, perfectly threaded through debris I never told control about. My old life, the shift rotations at Gagarin and the petty arguments with dispatch over fuel margins, feels like a story I heard about a stranger. A careful man who believed numbers were neutral and the people above him were merely inefficient, not malicious.\n\nI know better now.\n\nThey say I wrecked good people. They say I turned traffic into a weapon. What they never write in the charges is what those people did first. They cut safety margins to shave minutes. They buried near-collisions and blamed the crew. They took my warnings, my math, and filed them under "cost overrun." Every one of them had a choice. They chose to stand in the way of better routes, safer corridors, because those routes did not line anyone's pocket fast enough. My fate, such as it is, is only the echo of theirs.\n\nI still see the face of the first dispatcher whose day I ruined on purpose. I knew exactly when his convoy would hit the cloud of old traffic. Nothing fatal, nothing even reportable, just enough unmodeled junk that he had to scrub the schedule and eat the penalties. I gave his captains a quiet correction on a side channel and watched his whole neat timetable collapse. The pleasure was not in the chaos; it was in the moment he realized he was not in control, that someone else knew his lanes better than he did. I held that look in my mind when people tried to talk me back into taking orders.\n\nOnce, a long time ago, I trusted someone completely. She was another controller, steady hands, clean voice on comms. We traded songs and coffee and flight plans, built little redundancies into each other's shifts so no one died because a supervisor fell asleep at their desk. When the near-disaster came, when the defense convoy and that civilian stack nearly became a single smear of light, she signed the paper that said my vector math was at fault. I watched her do it. Could not forget the way she would not meet my eyes. After that, trust became something I retired like an obsolete beacon.\n\nNow I live in the margins of traffic, in the spaces between where the registries think ships are and where they actually drift. This place made sense because no one looks at it anymore, yet it still sits wired into the old network. I can hear the hum of lanes from here, the faint pings of freighters that have no idea someone is watching their every correction. From here, I can clear a path for those who deserve it and twist the road under those who do not, without any committee telling me what an acceptable casualty rate is.\n\nThe nights are the worst, when the power draw drops and the station skin cools and every thermal pop sounds like a boot on the deck. I lie in the dark listening to the creaks and the soft whine of aging gyros and imagine footsteps outside the hatch, gloved fists testing welds I thought were invisible. Sleep comes in snatches, broken by the certainty that someone has finally followed the breadcrumbs I could not resist leaving.\n\nStill, I do not regret choosing this over going quietly into whatever tribunal they had planned. They would have carved me up for data and hung me on a wall as a warning. Here, at least, I am still the one drawing the lines. If they ever reach me, it will be because I let one pattern repeat too often, or because I underestimated how much pain I caused someone by ruining their tidy little plans. I have seen that look before, on the dispatcher, on the officers who thought their convoys were safe. People do not forget the moment they realize the road betrayed them.\n\nNeither do I.
1252	3863	1	BOOK/DESC	Shift log: personal, encrypted  \nVictor H.\n\nBravo Razorpoint, forward billet  \n\nI used to think control meant safety. Parents said it, recruiters sold it, handlers wrapped it in words like protocol and overwatch. Turns out it just means every move graded, every silence noted, every instinct second-guessed until you stop trusting your own hands. Control packaged as protection, layer on layer, until you realize the armor is a cage and you are whatever they need you to be that week. Somewhere along the line it stopped feeling like someone watching my back and started feeling like someone counting my breaths.\n\nFunny thing is, once that clicks, the guilt does not stick the way it used to. First couple of ops with Bravo, I went back to my bunk after cleanup and felt that little twist in the gut. What did we just do, who was really holding the leash, did they deserve it. After a while it all filed under accepted losses. You learn to turn it into checklists instead of questions. Clear angles. Police brass. Police traces. Wipe cams. The guilt gets replaced by a numb tick in the jaw and an early wake-up. Efficient.\n\nCaleb still pretends it eats at him. He stares at his hands like they will turn on him one day. Riya prays when she thinks no one is looking, lips moving behind a chipped mug of coffee. Jonas just gets quieter. Marcus makes jokes too loud in the briefing room, like volume can distract from the smell of burnt composite. Elias moves like a ghost through it all, clockwork-clean, never a missed step, never a stray word in debrief. We are all supposed to be interchangeable parts, but the cracks show if you lean in.\n\nThe housekeeping is what gets me. That is what I call it now, so it sits lighter in my head. End of a hot room, ears ringing, and then the ritual unrolls. Gloves, solvent, bag the casings. Field-wipe the rifles, tape off blood tracks, kick loose concrete over drag marks. Swap in a new ID token on the dead drop, rewrite headers so nothing traces upstream. It is like cleaning a kitchen after a messy dinner, only the stains push back for a minute before they fade. You focus on the work, not the shapes you are erasing.\n\nI remember when the worst part of my day was waiting in line at a food stall on Gagarin. Thirty people, one bored cook, steam everywhere, boots sticking to the floor. Same at the clinic after a dock accident, standing for an hour under flickering lights while some kid coughed his lungs out beside me. Lines for the shuttle, lines at GalBank, lines outside a Union office when I thought that was my way out. Back then it felt like the universe holding me in place just to spite me. Now I miss how harmless that kind of stuck could be.\n\nThere was a noisy neighbor in the first bunkhouse they put me in. Guy played some ancient rock ballads through a busted speaker, late, every night. I fantasized about kicking his door in more than once. Thought that was pressure. Thought that was being pushed to the edge. One leaky faucet in the shared washroom, too, that drip that never stopped. I used to lie awake and swear I could time my heartbeat to it, wondering if that is how I would die, drowning in drip, not in gunfire. Petty, small, stupid problems. Felt huge at the time.\n\nNow the rumors coming down the chain are about firmware ghosts and people with rewired heads, about contracts that are not on any official slate. Caleb says someone off the books has been paying for clean-up crews around certain clinics and robotics plants, and Bravo keeps getting circled in red for the follow-on slots. Command calls it risk-managed, necessary, contained. Protecting the client, protecting the public. Same old story, control dressed up as safety. We nod, we load mags, we pretend there is still a line we would not cross.\n\nTruth is, I am not sure I would see the line anymore if we did.
1492	3893	1	BOOK/DESC	I keep telling myself the hum of PX-9199's reactor is comforting, but tonight it sounds like a warning I am too tired to decode.\n\nGamma watch was a mess again. Jonas Khatri fell asleep at the aft scopes, head bent at that angle that means he will complain about his neck for two days. Darian Holt covered for him, like he always does, fingers dancing over the console, muttering about "phantom echoes" on the long-range. He laughs it off, but his eyes never leave the readings. I swapped shifts with Marina Solanki so she could get a clean six hours before the next drill. She thanked me with a half-warm TerraBrew and that little crooked smile that makes this metal coffin feel less like a sentence.\n\nI keep thinking I do not deserve small kindnesses like that. I coasted into the Vanguard on test scores and a scholarship speech about service and duty, while half this crew bled for their stripes. Some days it feels like I am just playing at the uniform, waiting for someone to call me out. When the captain barked about the nav discrepancy yesterday and Elias Mercer just stepped in, calm, precise, explaining away the mismatch before anyone could look my way, I felt equal parts relief and shame. He did not have to do that. I do not know if I earned that kind of cover.\n\nElias has been strange lately, though. Not in any dramatic way, just... off. He spends more time alone in the forward comms alcove after shift, claiming he is catching up on deferred reports. I passed by once and caught a glimpse of an encrypted channel handshake that did not look like standard traffic. Could be I misread it. Could be I am seeing ghosts because everyone whispers about shadow bounties and off-the-books contracts these days. Still, when I asked if he wanted to join a card game, he smiled the way you do when you have already made up your mind to say no.\n\nCaleb Rios has theories, of course. He says our patrol route does not make sense, that we are skirting the same patch of nothing too often, like someone is waiting for the right moment to meet us out here where no one bothers to listen. He joked that we are bait. Then he lowered his voice and said if anyone on this ship is talking to the outside, it would be someone who knows which reports never see daylight. Someone like Elias. I told him he was being unfair. Elias is the one who makes sure our messages actually get through the bureaucratic sludge. If he is distant, maybe he just carries more than the rest of us on his shoulders.\n\nI wonder if I am being naive, or if cynicism is just the luxury of people who are certain they belong. Maybe I do not get to judge. I have a bunk, a Vanguard patch, a paycheck that clears through GalBank on time, while settlers at the edge of nowhere bet their lives on pilots like the ones we used to fly with. I did not earn that safety so much as inherit it from a home that could afford tutors and simulator time. When PX-9199 swings through dead space, I sometimes feel the universe doing its calculus and deciding I have not paid enough yet.\n\nTonight, the corridors feel thinner. The air recyclers have a hitch I have never noticed before, like someone cleared their throat in the vents and then went silent. Holt says it is just age in the ducts. Jonas joked that if we vanish out here, no one would believe it was an accident. I laughed with them, but the idea stuck in my teeth. We are a handful of names on a manifest, circling the same coordinates, trusting a chain of orders none of us have seen in full.\n\nIf something does go wrong, I hope I faced it with more courage than I feel right now, writing in a dim bunk while PX-9199 hums around me. I hope the people I have been quietly judging for their secrets were at least trying to protect someone. And if I have been blind to what is coming, maybe that is what I deserve for thinking this ship's routine meant we were safe.
1778	3894	1	BOOK/DESC	I have been thinking about drills and dishes tonight, which is not the combination anyone expects from Cipher Crossfire. Muscle memory is the throughline, I guess. Out here, I clear a corridor the same way I used to clear tables at my uncle's place back home, stacking plates without really looking, restocking shelves because that is just what you did when your shift ended. There was no decision to it. You saw a mess, you fixed it. Now I walk a perimeter with that same empty-headed efficiency and try not to think too hard about whose mess we are cleaning up for credits.\n\nRiya gave me that look again in the armory. She has this way of measuring people against the ledger in her head, weighing what you cost against what you bring in. She did not say anything, but the pause before she signed off on my loadout felt longer than usual. Elena, on the other hand, keeps playing the calm older sister, asking about sleep schedules and hydration like we are not about to drop into another contract no one will ever officially admit happened. I trust her more than I should, which is probably a mistake. Tessa floats between us, always with a joke ready, always just a little too informed about who has been taking side offers. Jonas is the one who stays quiet and watches the corners; he is either the safest one to trust or the last one I should.\n\nThere is talk going around that some of our recent work is feeding into something bigger on the civ side. Patterns in atmospherics, orbital routes getting scrubbed from logs, clients who never show their faces in the briefings. Supposedly it is all coincidence, just the way jobs line up. But I have heard the pilots mutter about a handful of names that keep disappearing from manifests, and I have seen charts vanish from the ops table between one debrief and the next. We are not supposed to care who signs the wire transfers, as long as they clear. Still, when people start talking softer as you walk past, you notice.\n\nI catch myself replaying old arguments with her, too. Back before I signed on here, when the worst firefights I saw were in our kitchen. She used to twist things so fluently that I would walk away wondering if I really had said what I thought I said. I remember bringing up how we never went anywhere I picked, and somehow by the end of it I was apologizing for not being "flexible enough." She would shake her head, tell me I was remembering it wrong, that I was too sensitive, too suspicious. It took a long time to realize that every time I raised a concern, the conversation ended with me doubting my own eyes. On bad days, I hear that same tone when certain clients say "trust me" and "minimal collateral."\n\nHelping at the family store taught me to run on auto-pilot. Sweep the floor, restock the cans, check the seals on the freezers. You did it because it needed doing, not because anyone was watching. That made me good at following checklists here, at moving through the choreography without needing to be told twice. It also made it easy to stop asking why we are being sent to one refinery and not another, why this comms buoy has to go dark while that one stays bright. Routine blurs the questions.\n\nCipher Crossfire lives on that blur. Unspoken rule one: do not pry into contracts that pay on time. Rule two: never be the first to suggest the client is lying. Rule three: know who will cover you when the plan burns down. Elena will, if she can. Jonas probably will, if the angles make sense. Riya will, if the numbers justify it. Tessa might, if she is not halfway through cutting her own side deal. Me, I will do what I have always done: walk the line, check the seals, clear the corridor.\n\nLately, though, the line feels like it is painted over something we are not meant to see. And I am starting to hear my partner's old voice again whenever command tells us we are "just imagining patterns."
1634	3917	1	BOOK/DESC	I keep telling myself the hum of the grav drive is comforting, but tonight it just sounds like someone grinding their teeth in the walls.\n\nWe ran another long-range sweep and came up with absolutely nothing. No pirates, no distress calls, no interesting anomalies, just cold stars and some old telemetry packets the brass wanted us to pick apart. I spent four straight hours at the console with Jared Whitlow in the next chair, both of us pretending not to be half-asleep. Marcus Bellamy walked by twice and smacked Jared on the shoulder the second time, muttering something about "falling asleep on state time." Jared laughed, but he did not really look at him.\n\nMess was quiet after that. Talia Serrano and Noah Calder claimed a corner table, as usual, talking in low voices about transfer postings and whether Cydonia is as awful as everyone says. Bellamy held court by the dispenser, telling some story about his last posting that had Kincaid rolling his eyes. Elias caught me watching and gave me that small, polite nod of his, the one that never quite reaches his eyes. I nodded back and kept moving. We are all very good at passing each other in tight corridors, trading thin smiles, pretending this ship is bigger than it is.\n\nThe unspoken lines are getting sharper, though. Bellamy and Talia have decided our orders are pointless busywork, and they are not shy about it. Jared sides with whoever he is standing closest to. Noah just wants his next leave, wherever that ends up being. Elias floats between them like he is allergic to taking a side, always "just following the route," always reminding us we are lucky to be on a quiet posting. Lucky. That word is starting to itch.\n\nThere was a moment on my last maint shift where absolutely nothing was happening. Sensors flat, comms dead quiet, even the circulation fans sounded tired. I checked the same diagnostics three times anyway, then stared at the viewport and daydreamed about being dirt-side somewhere with real gravity and bad coffee you cannot recycle. I imagined walking through some crowded spaceport on my day off, nobody looking twice, nobody expecting me to know which way to jump first. For ten whole minutes, I forgot the way this ship feels like it is holding its breath.\n\nThen I remembered the way our current route bent off standard lanes. Kincaid had called it an "optimization," and the captain signed off because apparently he used to do routing work before this assignment. Marcus made a crack afterward about letting a glorified bus driver tinker with Navy paths. Everyone laughed except Kincaid, who just watched the star plot with that tight little focus of his. He has been spending more time alone on the bridge after lights-out, "reviewing jump curves." No one questions him; we are all happy enough to have someone else care about the numbers.\n\nStill, I have caught odd looks between Elias and the captain when they think no one is watching. Short conversations cut off when I walk in, a file window slammed shut a little too quickly, that kind of thing. Nothing you can report, nothing that adds up to more than a feeling that there is a second briefing none of us are invited to. I overheard Noah mutter that the last set of orders we relayed were stamped with clearance well above this bucket's pay grade. Bellamy shrugged it off as politics, the sort that blows over and never reaches grunts like us.\n\nMaybe he is right. Maybe it is just another forgotten errand in a forgotten corner of UC space. But the way our corridor dances around the usual beacons, the way Kincaid never seems surprised by last-minute course changes, the way the captain has started locking his terminal even for quick trips to the head all pull in the same direction. Something out there is expecting us. Or maybe I am just tired and hearing too much in the hum of the drive. Either way, the air feels heavier every time I strap in.
1724	3944	1	BOOK/DESC	I nearly tore the hinge off my locker again this morning. Thing has been sticking since the last grav micro-spike, when half the ship shuddered and everybody pretended it was routine. I keep meaning to file a ticket, but there is always something more urgent than Malik Traynor s whining storage bin. So I did the usual dance: shoulder into the metal, curse under my breath, wiggle the latch until it finally gives with that ugly screech. Lena Moretti says it sounds like the ship complaining back at me. Maybe she is right. Maybe we are both one bad bump away from coming apart.  \n\nBreakfast was powdered eggs and a long, slow line down the mess corridor. Standing there, tray in hand, listening to the same recycled jokes about rations and rotation schedules, I watched Naomi Kearns three people ahead of me. She kept checking the time on the wall display, fingers drumming against the tray, eyes doing that quick scan she gets when she is thinking in bandwidth instead of faces. Riley Sandoval nudged me and whispered that Naomi has been spending too much time in the comms bay after hours. Elias Monroe said that is just what you do when you want a transfer out of "graveyard escort duty." Everyone has a theory. Nobody actually asks her.  \n\nI caught myself getting annoyed at how many times she has brushed past me without really seeing me lately. Used to be we would swap stories about Jemison, compare cafeteria coffee to the real stuff on shore leave. Now I get half-smiles and "sorry, busy," as she rushes off to babysit the array. Funny thing is, our routes have been getting quieter, not noisier. Fewer check-ins, fewer escorts overlapping. Feels like the void is opening up around us, one subtle schedule change at a time.  \n\nToday, during equipment checks, the stuck locker set me off more than it should have. I pulled out the toolkit, finally, determined to fix the damned hinge. The screws were stripped from years of half-hearted repairs. Someone before me had jammed a bit of metal foil in to keep it from rattling. I sat there on the deck for ten minutes, trying to line everything up, hands shaking just enough to miss the groove again and again. In the end I bent the hinge back into "good enough" and left it. That seems to be our standard operating procedure lately. Nothing gets fixed properly, just nudged so it holds a little longer.  \n\nWhile I was sitting there, legs going numb, an old memory came crawling back in, one I have spent years shoving into a mental airlock. The last convoy I crewed before this posting, the one that went dark in the middle of a routine jump and came back with half the calls logged as "equipment failure." I remember hearing the distress bursts on the monitor, cut off mid-sentence when someone killed the channel to avoid "panic." We never saw the aftermath, just signed the reports. I have told myself a hundred times that I did not have the authority to change it. Today I let myself replay the sound of that broken voice, let it dig in behind my ribs. It hurt, but in a way that felt cleaner than all the excuses I have been running on.  \n\nNaomi walked past after midwatch, locker bag over her shoulder, that distant look in her eyes. She said we might be seeing some "planned outages" on upcoming runs, that command is trialing new protocols and not to worry if comms go strange. She tried to make it sound like a joke, but her smile did not reach her eyes. Lena rolled hers and muttered something about "bean-counters playing with our lives again." I laughed along, sharp and hollow, because that is what you do in a line, in a mess hall, on a ship where nothing ever really changes until one day it does and no one even remembers when it started.  \n\nThe hinge on my locker is going to fail sooner or later. I can feel it in the way the metal drags. Sometimes I wonder what else on this ship is hanging by the same thread, just waiting for the right nudge in the dark.
1292	3949	1	BOOK/DESC	I always thought scout duty would feel bigger than this. Turns out most of it is the same three corridors, the same hum from life support, the same shift bells that Mason insists on tapping out on the bulkhead like the world's most annoying metronome. BL-6924 could be any other UC can in the dark if I did not know every scratch on these panels. I used to like the predictability; lately it feels like the ship is keeping time on me instead of the other way around.\n\nToday I broke my own little superstition. First launch on any patrol, I always touch the edge of the nav console and count to five under my breath. Stupid, I know, but I have done it since academy. This time we were late cycling the Grav Drive tests, Elias barking about drift tolerances, Rhea asking for another round of diagnostics, and I just strapped in and answered roll call. I realized halfway through the jump I had not done it. Nothing happened. No alarms, no hard burn, we just rode the corridor clean. I told myself it was proof the ritual never mattered, but my hands still shook when I took my gloves off.\n\nRhea caught that, I think. She asked if I was cold, and it was the way she said it that got me. Too soft for a ship this small, where everyone can hear everyone else breathe. Sometimes when she leans over my station to check a plot, I forget what Elias is saying about error margins and just watch the reflection of the nav lights on her visor. That is a bad habit on a Navy paycheck. Worse when I catch Isabella watching the two of us with that little half-smile she hides behind "just teasing." I do not know if I am imagining the way she lingers when Rhea is on duty or if they have their own orbit I am trespassing on without realizing.\n\nThe rumor mill is running hotter than the Grav coils. Supposedly someone in Ops back in New Atlantis has been selling timing offsets to freelance captains. The way Mason tells it, it is all desperate haulers and unlucky smugglers trying to shave minutes, nothing we need to lose sleep over. Then Elias pointed out, very quietly, that our patrol routes keep getting "revised" at the last second, and that some of those revisions make no tactical sense at all. The whispers say a controller down in the Well is the one moving the pieces, and that certain UC ships get cleaner windows than others if the right credits move through the right Trade Authority hands.\n\nNow there is this latest piece of gossip making the rounds in the mess: a MAST official and a Navy logistics officer supposedly scrubbed a whole incident record together, then went for drinks like nothing happened. The story has already grown three extra details in two days. Personally, I think half of it is spacer exaggeration and half of it is real, ugly truth. What bothers me is not the idea of some faceless bureaucrat cutting corners; it is watching Elias go very still and quiet when people joke about reports "going missing." He trusts the system more than anyone I know. Seeing doubt in his eyes makes the deck feel less solid under my boots.\n\nI am caught between feeling guilty for breaking a meaningless little tradition and feeling oddly relieved that the universe did not punish me for it. If something that small can be let go and nothing changes, what else can we stop pretending about? Still, when I think about how easily our shifts get adjusted, how routes appear in the console with no explanation, and how no one questions it as long as the coffee is hot and the pay clears, it makes my stomach knot up. We shrug, we adapt, we stop touching the console and start trusting the timing some stranger sends us from a clean office.\n\nMaybe that is the real superstition on this ship: that the people behind the schedules know what they are doing. Tonight the hull is quiet, the stars look exactly the same, and yet I can not shake the feeling that someone, somewhere, nudged our path a few degrees and none of us noticed in time.
1577	3989	1	BOOK/DESC	I have spent most of my life pretending nothing rattles me. You cannot be the one who tunes convoy chains and admits you have not slept in three nights because every trajectory looks like a casualty estimate. So I learned to keep the jitter out of my voice, to hold the coffee cup steady, to trace neat little arcs in the air while my mind screamed about what happens if I am wrong by half a second. No one wants to see the cracks in the person telling them when and where to jump. I have been hiding that from everyone for years, terrified that if I ever said it out loud the thin layer of trust I still have would peel off and I would be left with nothing at all.\n\nThe day I walked out on them, all those neat uniforms and their comfortable certainties, I told myself I was the only one in the room honest enough to see what the numbers meant. They call it protective redundancy; I saw it for what it was, a blade wrapped in a safety manual. Convoys do not accidentally appear next to disputed farms at the exact moment a task force swings through. Somebody built that. I built that. So I broke it. Sabotaged their perfect timetable, tore a hole in their plan, and then I ran. And yes, I can hear the way they say traitor. From where I am standing, no one else had the spine to get their hands dirty.\n\nI chose this kind of exile because it makes tactical sense. Out here, skirting refueling barges and forgotten traffic towers, the lanes are thinner, easier to bend. The UC cannot move a capital ship through these corridors without everyone noticing; I can slide a handful of hulls through and leave nothing but a timing anomaly behind. Smugglers, settlers, even the occasional idealist with more hope than fuel, they all come to me when they realize the official routes are killing them by degrees. They think I am saving them. In a way, I am. I am also using them as test cases, proof that my geometry works outside the clean simulations. Someone has to. None of the people still playing by the rules are going to redraw the map.\n\nI keep telling myself that makes me necessary. That I am the one willing to make the hard decisions, to decide which convoys get the clean gaps and which patrols arrive five minutes too late to do any harm. It is an ugly calculus, but at least I admit I am doing it. The UC buries their equations in classified reports and calls it peacekeeping. The pirates dress theirs up as freedom. I sit here in borrowed chairs on Morrow's Folly or in the dark of an old tower, and I decide who gets to go unseen. If that does not make me better, it at least makes me honest.\n\nThere are moments, usually at the end of a long run, when the coffee has gone cold and the charts are all drifting into each other, that I remember I could have been kind. I could have slowed things down instead of shaving them razor-thin, could have told some scared captain to take the safe, sanctioned lane and live with the inspections. I could have refused to weaponize what I know. More than once I watched a junior tech flounder with a route and chose to correct them with a cutting remark instead of a gentle one, because it was faster to make them afraid of disappointing me. Efficiency as an excuse for cruelty. I knew what I was doing, and I did it anyway.\n\nI tell myself I fled to these edges because they make sense for what I am building. That is true, but it is not the whole truth. Out here I can be indispensable without being seen too closely. If anyone ever really looked, really listened, they might realize I am just as scared as they are of being turned into a tool again. Better to keep moving from relay to relay, from underbelly dens to quiet buoys, leaving behind only the traces I intend: corrupted jump data, odd timing, stories. As long as they are chasing my shadow through the lanes, they are not close enough to see the person underneath it, still tracing paths in the air and hoping to pretend, one more day, that none of this is getting to her.
1767	4018	1	BOOK/DESC	I used to keep field logs, not diaries. Funny how the habit comes back when the chain of command is just a name we burned off our armor.\n\nObsidian runs quiet tonight. Damon is stripping down rifles on the far bench like he is still in an armory, muttering about carbon scoring as if any of that matters when your real problem is which one of your own might put a round in your back. Rafael is on watch, eyes always a little too bright since that last black ops drop. And Elena, down in the cargo bay, pacing like a caged artillery shell.\n\nIt was easier when orders came from a clean voice over a secured channel, even if that voice sent us to do things no tribunal would ever admit happened. Flooded bunkers. "Unmarked combatants." The time they told us to erase a village that did not exist on any map because the satellites "malfunctioned." I remember the briefing room afterwards, how the senior staff smiled too tight and told us we had done the right thing for the flag. I also remember the smell of burned synth-wood and the way the medics avoided our eyes.\n\nThe worst part is how jealousy rots you from the inside and nobody trains you for that. I trusted Elena more than any officer I ever bled for. We were good together, in the cracks between deployments. Then the rumors started, stupid things about her and Rafael running off on side jobs, about special favors from command. I did not believe them at first. Then every small disagreement felt like a test I was failing, every joke at my expense sounded like a coded message I was not meant to hear. I started reading angles into where she stood in the ready room, who she chose for fireteam, how long she talked to Damon after drills. It turned the whole operation into an emotional minefield, and I laid half the charges myself.\n\nThere is one image I cannot scrub: Elena stumbling back into the evac zone, helmet off, face streaked with someone else's blood. I remember the surge of horror before the training kicked in, before I checked for holes in her armor, before the medic pushed past me. She laughed, said it was not hers, that I should see the other guy. I nodded, made some hardass comment about keeping her visor down. Later, alone, my hands would not stop shaking. I still do not know if I was more afraid of what had happened out there or of how badly I wanted to hold on to her in front of the whole squad.\n\nOut here, away from official insignia, isolation is easier than letting anyone that close again. Outwardly, I talk like the rest of them: jokes about being ghosts, about how we answer to credits and survival now, not to some council on a distant rock. Inside, I still hear the old oaths. I feel the weight of every time we picked the "necessary" option because someone with a higher clearance said there was no other way.\n\nYou learn fast that any sign of softness is an invitation. In the Regiment, if you flinch, someone will use that to move you up the breach stack, or leave you with the worst sector of fire. When we broke from command, that did not change; it just got messier. Now the pressure to act tougher than I feel is constant. Show doubt and Damon will write you off as unreliable. Let your guard slip and Rafael, with his soft words and hard eyes, will start asking what you are really in this for. Elena just watches, waiting to see which way I jump.\n\nTrust is the rarest commodity on this ship. Every briefing, every whispered side-deal, every off-the-books contract from some corporate ghost just twists the knife a little deeper. I know some of us are in this to expose what happened back then, to drag certain names into the light. I also know some would sell those secrets if the price was right. So we sleep in shifts, lock our gear, and swear we have each other's backs, even as the tension hums in the bulkheads. Some nights I lie awake, listening to the engines and wondering which comes first: the moment we finally turn on each other, or the moment the past catches up and saves us the trouble.
1355	4057	1	BOOK/DESC	I keep telling myself that if the ship's humming, we're fine. That steady vibration in the soles of my boots means the grav ring is still spinning, the drive is still breathing, and nobody has opened us up like a can of Chunks. Still, tonight that hum feels more like a warning than a lullaby.\n\nRoutine was normal enough. Cargo checks, system diagnostics, another pass over those navigation updates from Command that no one can explain properly. Jonah Reyes grumbled through half of his shift about how the new route cuts tighter to restricted space than anything we trained for. He laughs it off in front of Marina Holt, but when he thought I was busy with the panel I saw his hands shaking a little on the console. He is not the type to spook easily.\n\nAmira Chen caught me in the corridor and asked if I had heard anything about "an audit run" piggybacked on our orders. She said it casually, like gossip about rations, but her eyes flicked up to the camera dome and back down too fast. She mentioned someone in logistics bragging at a TerraBrew line about insurance payouts spiking along certain corridors. Pretended it was nothing, then changed the subject to GalBank loans and vacation plans on Paradiso. She does that when she's nervous runs two conversations at once so she does not have to finish either.\n\nLila Park has gone quiet. Used to be you could hear her laughing from two compartments away, especially when Elias Mercer was around. Lately, if he walks into the mess, she finds a reason to leave early or suddenly remembers a calibration she forgot. She told me at drill this morning that Elias has been "too lucky" with his off-duty assignments, always pulling the easy monitoring posts when we hit the tight lanes. Then she said she was being paranoid and laughed it off. It did not sound like her own laughter.\n\nElias himself is harder to read. He has that easy UC smile, the one they put on recruiting posters, but there is a distance in it now, like he is already gone somewhere else in his head. I caught him alone in the storage bay, staring at one of the external sensor housings like it had just spoken to him. When he noticed me he snapped right back, cracked a joke about the food, and walked off humming some old Earth tune. Maybe I am imagining it. Maybe the ship is just getting to me.\n\nThe corridor chatter has changed tone. People lower their voices when they talk about our route; they call it "threading the needle" like it is a brag, but no one asks why Command is so intent on shaving fuel and minutes through the same patch of space that keeps spitting out "navigation anomalies" in the reports. Marina said that if she were a Trident captain and saw our plotted corridor on a chart, she would pay extra to go the long way around. She was only half joking.\n\nToday's mid-shift was one of those long, dull stretches where nothing happened at all. No alarms, no course corrections, no interesting pings on the scope. Just me, a console, and the faint smell of stale TerraBrew someone left in a cupholder. I found myself daydreaming about Akila City skies and even New Atlantis crowds, of all things. Imagined getting out, earning UC citizenship proper, maybe buying my father one of those overpriced Red Harvest bottles just to prove I made something of myself. Then I caught my reflection in the screen and remembered I am still here, in a metal shell chasing coordinates written by people who will never float this close to the dark.\n\nI am not saying there is something wrong with Elias. I am just saying that when Marina asked me, quietly, if I trusted everyone on this crew with my life, his was the name that did not come to my tongue right away. Maybe it is nothing. Maybe tomorrow will be another hum-dull day, another safe pass through another corridor someone swears is fine on paper. But the way people speak lately half-sentences, unfinished questions, words swallowed when a door hisses open it feels like we are all standing one step too close to an airlock, hoping no one reaches for the control.
1520	4071	1	BOOK/DESC	9th shift, station night-cycle\n\nGot that ping from ops again today. Same clipped priority tone, same two-word summons. Every time it hits my slate my gut does the same slow roll, like I am waiting to see if it is a contract brief or a bullet with my name already engraved. Uniform Blacksteel likes to pretend there is a line between those two things. Out on the floor, most of us stopped believing that a long time ago.\n\nI walked the long way to command. Old habit. Gives you time to read faces, see who is not at their post, who has been suddenly reassigned to "extended leave." Caleb Harker was on corridor security, stance tighter than usual. He nodded once but his eyes were on the mirrored bulkhead behind me, checking angles. He has the same dread when the boss calls; he is just better at burying it under procedure.\n\nThe briefing turned out to be another "discreet overwrite" job. High-orbit clean-up, logs to scrub, no questions to ask. The boss did his usual routine, all neat phrasing about risk mitigation and deniable presence. The more polite he gets, the more I wonder whose throat we are stepping on. There is a rumor going around that some shipwright has been turning disposal yards into crime scenes with a conscience, and now the contracts that land on our desk feel like we are sweeping his footprints off the deck before anyone else sees them. No names, just hull numbers that should not exist.\n\nI asked once about rotation out. Told the boss I wanted ground-side work or a transfer to a lower-risk attachment. He fed me that gentle line about "one last tour" and "earning a cleaner slate." I even half believed him. A week later I was back on an airless corridor with my boots ringing off the decking, running escort on the very same kind of job I had tried to get away from. Second time I raised it, he brought up breach of contract penalties, repayment schedules, and how hard it is to find employers who will look past certain files. Every promise feels like a patch over cracked plating. Looks good till you put stress on it.\n\nDay-to-day, it is the small, ugly comforts that keep us from drifting apart. Shared scavenged meals in the service bay after a run: whatever we can heat in a dented pot over a rerouted coolant line. Caleb has a hook-up for discount UC BattleMeals that "fell off" some cargo. We cut them with CAN-uck! Bacon or Synthameat scraps and pretend it tastes like real food. Our uniforms are on their third life, underarms re-stitched with cargo net twine, knees patched with offcuts from armor plates. Most of my gear is improvised. My side rig is held together with Zero Wire and adhesive from a crate that was supposed to go to some mining colony; my gloves have been re-palmed so many times the original fabric is a rumor.\n\nIn the quiet, you can hear the unit talking in code. Not in prep rooms, but in the way people skip topics when someone else walks in. Harker says there is a pattern to our deployments; every time we get sent anywhere near a wreck site or a disposal node, some other team has been there first, and their reports do not match what is on the ground. Too clean. Too consistent. One of the techs swears she found structural notes hidden in standard maintenance packets, like someone is trying to leave a trail for anyone stubborn enough to look. Might just be paranoia, but it fits the way ops keeps changing our kill-switch phrases.\n\nI keep thinking about walking away again. Just not showing up after a cycle, slipping out with a free trader or LIST convoy. Then I remember the last time I tried to talk exit terms, how the room got colder even before the boss smiled, how the conversation turned to obligations, debts, favors already called in on my behalf. The unspoken point was clear: you do not just leave; you are allowed to be repurposed. So I keep my gear ready, keep my slate charged, pretend the summons are always about work and never about airlocks, and tell myself that as long as we are patching each other's armor and sharing stolen stew, we are still more crew than cargo.
1399	4086	1	BOOK/DESC	I keep telling myself I am going to stop writing these, that it is childish for a grown man to keep a diary, but tonight the hum of the reactors feels louder than usual and I need something that is not numbers or manifests.\n\nDay started with the usual: coolant flow a little off in bay three, so I spent the first two hours shuttling between engineering and cargo, logging temperatures, filing yet another maintenance note that GalBank will pretend to read. The ship feels slower this week, like the grav plates are half a beat behind our footsteps. Even the air feels thicker, stale from too many closed-cycle days. Funny how that alone can sour your mood before anything actually goes wrong.\n\nWe had a simple meal together between shifts, all of us cramped around that too-small table in the mess. Mara Ellison joked about the Synthameat ham being older than the ship, and Naomi Varga tried to class it up by slicing her potato into neat little cubes like some fancy restaurant plate. Riya Sengupta shared a packet of Red Harvest lentils she has been hoarding, turned it into something that almost tasted like home for her. Elena Khatri sat opposite me, quiet as usual, but she actually laughed when Gavin Moretti told that story about the captain with his suit stuck in zero-g because he forgot to lock the seal. For a few minutes it was all just clinking forks, bad coffee, and the comfortable sound of people complaining about the same dull things. Ordinary. Safe.\n\nOf course, ordinary never lasts. The news ping came through about my brother back on Gagarin; lungs still bad, fever cycling again, doctors saying they are "monitoring." Monitoring what, exactly, from half a system away I cannot do anything but watch the updates scroll past while I tick off inventory of sealed crates and log insurance codes. I signed off on a shipment of emergency meds this afternoon, and all I could think was how none of it is headed toward him. There was a tightness in my chest all day, like the ship's grav was pressing down harder just on me.\n\nLater, while I was running a slow errand to check ballast readings in the aft storage, I heard Naomi and Mara in the corridor, voices low. Insurance this, risk that, someone upstairs recalculating corridors as if our lives are just another line in a GalBank model. They hushed when they saw me. It is not like we have not all thought it; still, it is different hearing it said out loud. Gavin shrugged it off, said every route has its price and we signed up for the bonus pay. Elena just watched the discussion from the edge, eyes unreadable, then changed the subject to cargo stacking protocols like none of it mattered.\n\nI spent an hour reorganizing supplies after that, lining up crates in perfect rows, labels all facing the same direction, just to bleed off the frustration. Somewhere between counting the third and fourth pallet of zero wire spools, something in me just snapped, quietly. I realized I have been carrying this constant anger at the people holding the charts, at the numbers that say my brother is not profitable enough to treat, at being trapped out here while others play their games. And for once, I let it go. Not because they deserve forgiveness, but because I am tired of giving them free rent in my head. The ship seemed to breathe easier afterward, or maybe that was just me.\n\nThe chatter in the routing den on Gagarin keeps coming back to me, those captains talking about "low-risk" corridors that somehow keep failing for the same kinds of ships. Here, aboard Stockwind, I can see the paper trail starting to match the whispers: altered flags on cargo, routes that bend closer to bad neighborhoods in space. Every time I look at our manifests, I find another little discrepancy that no one will admit noticing. People claim to know the lanes are safe, that the models do not lie, but what they say at the mess table never quite matches what they murmur in empty corridors. I am starting to think there is a pattern running under all of this, something we are all stepping around without daring to name.
1518	4106	1	BOOK/DESC	Think my hands are still shaking.\n\nMira said it does not show, that I looked solid backing her play at the drop, but I can feel it in my bones. All day with the Squad Drifters and you keep your chin high, shoulders loose, act like you were born in a firefight. Then you get a moment alone and the truth leaks out through the cracks. We walked away with the crates and without any bodies that belonged to us, so by the only measure that matters it was a win. Does not feel like one.\n\nJace would laugh if he heard that. For him it is simple: job hits, gun goes up, someone falls, credit chip blinks green. He lives in that straight line. Maybe that is why Leena keeps him close, like a blunt instrument she can point at problems. Me, I overthink. I run every angle twice, check sightlines a third time, hear Rena muttering about how slow I am. She means it as a joke mostly, but the thing about jokes is they start near something true.\n\nIt is the same feeling every time we come back to the lot. Cargo parked, doors sealed, everyone circling up in that half-lit bay while Leena does the quiet rounds. Who did good, who almost cost them. She never says it that plain, but you can hear it in which shoulders she squeezes, which eyes she skip. Tonight she clapped Tomas on the back, told him his wheel work saved us a nasty tail. She gave Mira a nod for keeping the buyers smiling. When she got to me, all she said was "Next time, faster on the draw," before moving on.\n\nI know what she meant. Second crate, top of the ramp, I hesitated. Saw the dock rat reach for something under his jacket, but I saw his eyes, too, and they looked more scared than mean. Turned out it was just a slate; Rena saw it first and smacked it out of his hand with the butt of her pistol. She did not look at me afterward, but the others did. That is the thing that sticks under my skin. You give everything, pull watch till your eyes blur, keep your weapon clean, run drills in the rain, and still you are the one who got "almost" attached to his name.\n\nBack when it was just me and a maintenance crew on some forgotten pad, I thought if I worked hard enough, some boss would see it and I would stop being the kid everyone forgot about on rotation. Now I am in a gang with a name people whisper in bars, and it is the same story. You bleed for the colors and you are still one wrong move away from being the guy they do not bring next time. Exhausting. Like running a grav drive in the red, never quite burning out, just running hotter than you should.\n\nHeard some interesting noise while we were waiting on the buyers, though. Mira was trading gossip with one of the dock bosses, did not notice I was close enough to catch the low parts. Someone out in the scrapyards has been pulling apart condemned ships and leaving their own notes in the bones. Not just stripping hardware either, more like rewriting whose fault certain "accidents" were. Freestar hauler captains muttering about it over drinks, UC patrols suddenly very interested in old wrecks. The name they kept circling was the same one Tomas mentioned last week after a run near Narion, said it like a ghost story.\n\nI do not know why that sticks with me, either. Maybe because this life keeps teaching me that the story on the slate is never the whole thing. People disappear, jobs change destination mid-flight, and we are told not to ask why. Then some quiet engineer out in the dark starts scratching the truth into dead metal, and everyone starts getting jumpy. Could be just another rumor to scare jumpy crews into better insurance. But Leena has started asking a lot of questions about routes and registries lately, and that means this ghost, whoever he is, might end up crossing our path.\n\nIf that happens, I want to be more than the one who hesitated. I am tired down to the marrow of never quite being enough. But there is no space here to be tired, so I will clean my gun again, run the approach in my head until I can smell the oil, and tomorrow I will stand in that bay with the others like it all rolls off me. Maybe one day it actually will.
1146	4126	1	BOOK/DESC	I keep telling myself I left the uniform behind, but my boots still line up heel to heel at the bunk edge and I still wake up ten minutes before alarm, listening for a sergeant's voice that will never come.\n\nToday, it was Darin who woke me instead, banging on the bulkhead because someone used the last of the solvent and did not log it. Stupid thing to bark over, but the way he squared off with Jaro in the corridor, hand hovering over his sidearm, you would think someone had defected mid-firefight. That is what it is like out here now: tiny sparks over nothing, flaring because underneath we all know any argument could end with a body being spaced and a "training accident" written in the log.\n\nThe old days had rules, or at least the appearance of them. Fall in, follow orders, trust that someone behind the desk knew why you were kicking down the door. I still remember the day they hauled Kelnar and Ruiz out in front of the whole company after Londinion, made us watch while the provosts read out charges about "unauthorized engagement parameters." They stripped their patches, marched them off in cuffs, and left the rest of us standing there in full kit, understanding perfectly well the only thing they had done wrong was shoot the wrong people without the right signatures. That was the lesson: you are not punished for the act, you are punished for making the paperwork inconvenient.\n\nBreakaway pretends we came out here because we will not be used like that again. Maybe some of them believe it. I thought I did, once. Then the first time our boss pulled the whole unit into that cramped briefing room, air thick with gun oil and recycled coffee, he smiled that calm little smile and laid out a contract that sounded exactly like the ones we used to run, just with the insignia filed off. I remember the dread in my gut as he spoke, not because of the target, but because I could not tell if he had called us in for a job or to thin the ranks. Every summons feels like that now, a coin toss between work and execution.\n\nRival crews nip at our flanks when we pass through the wrong fence's turf, but they are not the ones I watch most closely. We worked a corridor op with another outfit two months back, supposed to be a clean crossfire to drive a convoy into a killbox. Their leader smiled too wide, said all the right brother-in-arms lines, then quietly tried to reroute the payout to his own accounts. Darin caught it before it cleared. We fixed it, but only because it would have cost us. Next time it might be one of ours rerouting the credits, and then what.\n\nAnd then there is Elen. If I had stayed in the Navy she would be the exemplary officer on the recruitment posters: sharp posture, cleaner record, the kind of eyes that see three moves ahead. Out here she runs logistics and target packages, but I have watched her flip from lover to executioner faster than I can chamber a round. Once, after a deal soured and a local broker tried to renegotiate at gunpoint, she did not flinch, did not even raise her voice. Just tilted her head, gave a quiet order, and watched as two of our own pinned him and broke his arm in three places. The look on her face never changed, and I felt something cold settle in my chest when I realized I understood exactly why she did it and that, given the same calculus, I would have done worse.\n\nWe argue about rations now, about bunk space, about who forgot to cycle the filters. Petty things. But under each snapped word is the memory of all the times someone "forgot" to raise a safety, or "miscalculated" a yield radius. The day we walked away from command we told ourselves we were done letting other people decide who lived and who got written off as collateral. Maybe that was a lie, or maybe we just traded one set of liars for another. The difference is that now, when I look at the people I fight beside, I no longer pretend they are safer than the ones shooting at us. And when the boss calls my name over the intercom, I still feel that old dread in my spine and have to decide, every single time, whether to walk into that room or start running.
1571	4150	1	BOOK/DESC	I keep telling myself this thing is just for checking zero on my rifle grip, not for feelings, but here I am again scratching words into a pad instead of cleaning gear.\n\nWe ran drills today like we still wore the old colors. Marcus barking time checks, Noah counting rounds, Riley watching the angles like someone is always about to kick in the door. Damien handled overwatch, same as he did on the border stations, only now the only court-martial waiting for him is us. Elena watched all of it with that officer stare she never quite lost. Fractured Phalanx, the joke goes, but the muscle memory never really broke.\n\nI keep thinking about the last time I stood in front of an actual tribunal. Not as a defendant, not officially. They needed someone to sit in the back and take notes while they made an example of three kids who tried to rotate off a meat-grinder posting on their own. They stripped their stripes, scrubbed their records, and shipped them to a penal garrison so remote the star maps came with warnings. They left the cell door open just long enough for the rest of us to see them go. One of the captains called it "reaffirming discipline."\n\nFunny thing about examples. You look at them long enough, you start imagining yourself in their place. A bad toss of the dice, a question asked one layer too high. Or being the one locked in the room with a choice between calling out the lie in the op order or signing your name under it and pretending you didn't see what the sensors showed, what the medics muttered after.\n\nBetrayal was always the word they used for going off-mission, never for what they did to us. Yet everyone knew there were eyes and ears in every squad that did not belong to the squad. Quiet types whose reports traveled faster than bullets. People disappeared for less than what we know now. They called it reassignment. We called it being buried alive. That is the part that still sits under my skin, even here. Even with a different patch.\n\nOut here with the Phalanx, nobody pretends we are clean. Marcus still wakes up swinging some nights, like he is back in that corridor with the evac alarms and the sealed blast doors. Riley drinks just enough to sleep and not so much that her trigger finger shakes. Noah jokes too loud when anyone mentions "loyalty," as if volume can drown out the word. Damien and Elena do their arguing behind closed hatches, but the walls in this bucket are thin. I hear "lines we won't cross" and I hear "we crossed them already, remember?"\n\nMe, I lie awake in whatever bunk or storeroom we are calling home that week, listening to the ship creak and the coolant cycle, counting my own breathing. Sleep comes in slices. Every time I close my eyes I see those nights pinned between civilian houses and incoming fire, orders to hold even when the feeds showed movement we weren't supposed to admit existed. The screaming in the distance, the way the brass congratulated themselves on "containment" while we hosed blood out of our armor. The threats were never written down, but we heard them clear enough: disobey and join the ghosts.\n\nThe paranoia never really left. Maybe it is earned, maybe it has crawled too far into us to dig out. Even now, when we are the ones off the leash, I watch Marcus's hands when he checks his comms, wonder if he is sending more than coordinates. I watch Elena when she takes a private call, remember the way she signed off on op plans that burned towns because someone higher up said the numbers were acceptable. I see the way Riley flinches at unexpected visitors on the scope. We all carry the memory of being used, and the knowledge that anyone can sell you out if the price or pressure is right.\n\nSo why stay with them? Because we all know exactly what the other has done and what was done to us, and there is a comfort, bitter as it is, in looking around a mess table and knowing there are no illusions left. Because out here we pick our own targets. Because if that tribunal ever comes back for us, I'd rather be standing next to these broken bastards than alone in some airless cell, listening to someone else talk about discipline.
1585	4155	1	BOOK/DESC	I keep telling myself this ship sounds different lately.\n\nEngines are steady, readings are clean, but there is this thin, nervous buzz in the deckplates that sets my teeth on edge. Maybe it is just me. Mira joked at mess that I am starting to hear ghosts in the grav drives, but the way she said it was too light, like she was keeping it from landing. Renee laughed, tapped her fork against my tray, but even she kept one eye on the duty rota display behind my head, like it might suddenly rearrange itself and send us somewhere we were not supposed to be.\n\nWe are flying tighter and quieter than the last tour, and nobody is saying why in plain words. Jonas tried to float something about a routine patrol, but he is a terrible liar when he cares about something. His jaw locks. His eyes slide past you. He did both, right before he cut himself off and said he needed to check a sensor calibration that was already green. Amara caught my eye and rolled hers after he left. Later, in the passageway, she muttered that if command wants us blind, they could at least have the honesty to admit it.\n\nElias has been different too, and that is what keeps sticking in my head when I am trying to sleep. He used to sit with us in the common room, share bad TerraBrew and worse stories from basic, losing every card game to Mira on purpose just to make her grin. Now he takes his coffee to go, spends most off-shift time in some quiet corner of the ship, "reviewing op orders." I found him on the upper catwalk above the hangar once, just leaning on the railing, staring at nothing. When I called up, he smiled, but it did not reach his eyes. Later I noticed his locker was a little too neat, like someone expecting to travel light.\n\nThe rumor mill has become its own kind of background radiation. Whispered fragments about "civilian lanes" and "nothing official" circulate in the air recirculation like dust. Nobody mentions names, but everyone has heard the story of the consultant who could bend routes like wire and the missions that did not make it to the after-action reports. Supposedly we are riding some leftover shadow of that, cleaning up something half-finished. I do not know if I believe it, but the way the nav plots update without the usual chatter from command makes my skin prickle.\n\nI caught myself watching Elias again at dinner tonight, which is probably its own kind of problem. There was a time I would have admitted to myself that I liked the way he looks when he is not trying to look like anything, when his guard slips and the tired real him shows in the lines around his mouth. Now I just feel stupid for noticing. Renee nudged me under the table, followed my line of sight, and raised an eyebrow in that way she has that says, "So, are you going to do something about that or just keep pining over your rations?" I kicked her back and changed the subject, but she is not wrong.\n\nIt is funny, all the little rituals we still go through, like they are enough to hold the hull together. The card games, the shared coffee, the weekly check-in where we pretend we are still on some clean, named deployment and not half-erased on someone's terminal back in New Atlantis. We all stand for the same old speech about duty and citizens and how the lanes are safer because we are out here, even though half of us are thinking about the near-miss reports that never made it past our own console. I do not know if those words still fit what we are actually doing, or if we stand and nod because nobody wants to be the first one to sit down.\n\nAmara said, offhand in the corridor, that the only real tradition that matters is watching each other's backs when the quiet gets too loud. I wanted to believe that. I still want to. But when I see Elias walking the ship alone, when I hear Jonas choke off mid-sentence, when I catch Mira triple-checking escape routes she will never admit she mapped, I start to wonder if we are all just going through motions we inherited from people who trusted the system a lot more than we do.\n\nIf I am wrong, I will feel stupid for writing any of this. If I am right, it is already too late for stupid.
1051	4191	1	BOOK/DESC	I have been sleeping too close to old hulls again. You can taste the rust in the air here, tangling with the coolant stink. Funny thing is, these graveyards always felt like failures to me once: air I did not get to soon enough, hands I did not pull through the lock in time. Now I look at a stripped freighter and see clean numbers. Tonnage. Salvageable cores. Probability curves that landed exactly where someone decided they should.\n\nThe first time I understood the world did not care was back on that corridor between Alpha Centauri and Toliman. All those civilian ships drifting nose-to-nose, plenty of time to do something, and command holding us on a leash so the right people could argue about who would pay. I was still young enough then to think duty and urgency could outweigh signatures on a form. Listening to the silence in my headset while the collision warnings climbed was the day I realized nobody up there was ever going to choose lives over ledgers. Something cracked, and it never quite set right again.\n\nThere was a LIST convoy not long ago, small families, cheap freight. I bent their route just enough, introduced a fault I could fix on arrival. When I dropped in, one of the settlers had been hit by shrapnel from their own overworked drive, leg torn up, breathing like a punctured bellows. I could have ended the pain fast. Instead I stabilized him just enough, kept him on that edge while I walked the others through securing the cargo I wanted. I watched his eyes, the moment he understood what I was, and I felt nothing but a quiet, clinical interest in how long he would hold on. I do not tell myself stories about mercy anymore. I do not pretend it eats at me.\n\nIt did not happen overnight. At first, every line I crossed came with a speech about necessity. A few seconds shaved off a beacon relay here, a course correction there, always with the plausible excuse of "testing response times" or "compensating for interference." Then the first time I withheld a relay altogether, letting an independent hauler drift blind so I could beat the official teams there, I expected to wake up shaking. Instead I woke up checking my math, making sure the window between failure and my arrival stayed within acceptable limits. Each step after that was easier. Rescue. Sabotage. Rescue again. It is just calculus if you squint.\n\nI remember when rerouting a convoy under false protocols would have horrified me. Now I sit with a TerraBrew cooling at my elbow, watching nav plots tilt under my fingers, and the only thought I have is whether the angles will keep the wreckage inside a corridor I can reach before anyone else smells blood. I used to think about the faces on those ships. Now I think about the manifests, the insurers, the specific underwriters who signed off on "acceptable risk." The ones who never had to scrub blood out of vacuum seals.\n\nPeople like to imagine I made a choice somewhere, that I woke up and decided to become the villain in their little campfire tales. The truth is, the choice was made the day they taught me that delays and optics mattered more than breathing bodies. You feed someone a system where catastrophe is just another asset class, and you act surprised when they treat it like a market to be optimized. Gravity pulls where it pulls. Trajectories follow from the forces applied. I am just riding the lines they drew long before I ever sat in a cockpit.\n\nSo I came out here, to places nobody audits unless something explodes on the right channel. The scrapyards, the forgotten tenders still limping along in dead orbits, the corners of Neon and Gagarin where official eyes look away if the traffic stays profitable. From here I can watch the whole pattern: the memorial buoy that lies, the underwriters whose portfolios swell after every "tragedy," the way certain transponders always seem to be just out of position when it counts. They will send someone eventually. They always do, once a ghost starts costing them more than he saves. By then, I will have my logs in order. When I flip the switch and pour everything I have recorded into their channels, I want it to be undeniable who really bent the first beacon.
1208	4222	1	BOOK/DESC	Talia says I have started checking exits the second we walk into a room again. She is not wrong. Old habits are the only thing between Mutineer Division and a bad headline, most days. We still stack on doors like we used to, clear corners, call our sectors. The difference now is that when it is over, there is no debrief, no commendation, just a split of whatever haul we took off some black ledger. Funny how the muscle memory stayed when the flag did not.\n\nI keep thinking about that forward outpost on the rim, the one command insisted on calling a "stabilization mission." We all saw the footage before the feed got scrubbed: evac birds turning away, civvies still on the pad, some logistics officer on the line saying bandwidth was saturated and we were to secure "critical infrastructure" instead. We held perimeter while the sky burned and then got handed medals and told to stand tall. That was the first time I realized I liked the quiet thrill of signing off a falsified after-action, of tucking one inconvenient line into the margins and watching it slide right through.\n\nKincaid, the good soldier. I wore that like armor for years. Even when we were taping field dressings together out of ration wrappers and cut-up undershirts, stuffing coagulant into wounds because the official med crates never quite made it past the "priority units," I found a way to make it make sense. Patch them up with whatever is on hand, get them back in the line, salute the man who underfunded the mission. That was the job. The worst part is how much of me still misses the simplicity of that.\n\nTalia did not walk away lightly. She was the one who kept the rest of us in line, the one who would still bark about proper sight pictures when half the squad was running on stim shakes and four hours' sleep a week. When she finally handed in her badge and left it on the table without a word, it shook me harder than any orbital strike. If she could not square the orders anymore, what did that say about the rest of us still pretending we could?\n\nThen came the "containment action" that never happened, at least not on paper. We were told to secure a facility, no questions, and when it was done, the ground smelled like metal and burned soil for miles. Afterwards, I remember sitting on a crate with my hands still shaking and listening to the command channel cut in and out, words like "acceptable attrition" and "strategic ambiguity" floating through the static. Part of me knew we had crossed a line; another part could not look away from the fact that every op like that pulled us tighter together, a family forged out of things no one else wanted to admit existed.\n\nThat is the rotten core of it. I have always wanted to belong somewhere, no matter the cost. First it was the unit, the ritual of inspections and shared jokes in the barracks, the feeling that if we were monsters, at least we were the same kind of monster in the same uniform. Now it is Mutineer Division, patched-together armor and off-grid safehouses, but the itch is the same. Elias Kincaid, still chasing a banner, just with the insignia scratched off.\n\nThere was someone once, back when I still believed those deployments were for something greater. We met between rotations, snatching days out of borrowed time. She said I smelled like propellant and antiseptic; I said she smelled like the only place I did not have to look over my shoulder. We burned hot and fast, fought like we were clearing rooms, loved like we were laying charges. It took me too long to realize my presence in her life was breaking more than it was holding together, that every time I left, I tracked a little more of the war back through her door. Our love felt like ordnance: intoxicating to ignite, catastrophic on impact. I knew it, and I still could not stand down.\n\nElias Kincaid, honorable deserter. That is the joke Talia makes when the bottle is low and the lights are off. Whatever we are now, it is built on bones and redacted lines. I do not know if we are making anything better. I just know that walking away from lies I helped write felt like the first honest act I have taken in years, and that honesty terrifies me more than any firefight ever did.
1387	4237	1	BOOK/DESC	I finally got the smell out of my jumpsuit. Mostly.  \n\nSat in the tiny wash alcove for half an hour, scrubbing at that rust-colored streak along the cuff where I slipped in Cargo Two last shift. It is not rust, and we all know it, but no one is calling it anything else. The detergent here always smells faintly metallic, like GalBank thought of "neutral" as a balance sheet instead of a scent. I stitched the torn seam along the hip while the spin cycle rattled the bulkheads, and every time I pushed the needle through, I kept thinking of how that fabric tore when I slammed into the deck as the ship shuddered out of its lane.  \n\nMarcus Havel passed by while I was hunched over the sink. He hesitated in the doorway like he wanted to say something, then settled for a half-nod and a joke about "hazard pay for laundry duty." He has been trying to smooth everything over since the course logs went missing, pretending that if he keeps smiling, we will all forget our last jump was nowhere near what the manifest claimed. I used to trust him with anything that involved numbers. Now I watch where his eyes go when someone mentions route corrections.  \n\nElias Mercer, on the other hand, has stopped pretending. Today he snapped in the mess, slammed his tray down so hard that freeze-dried lentils flew everywhere. He all but accused Jared Holcomb of playing favorites with the reporting. Said Jared has been feeding New Atlantis what they want to see, not what the nav arrays actually show. Naomi Kwan tried to calm him down, but she got the worst of it when he turned on her, asking whose side she thought she was on. The silence afterward was colder than the hull. No one moved until Elias stormed out, muttering about "ghost corridors" and "sacrificial cargo."  \n\nSince then, the ship has been split in ways that do not show on any roster. Marcus and Jared orbit each other, trading low-voiced updates and shutting down any questions with "GalBank will sort it." Naomi floats between groups, still trying to mediate, pretending she does not see the way conversations die when she walks in. I find myself drifting toward the quiet corners, listening, never quite belonging. There is a sort of soft power struggle now, where access codes and who gets to review which log matters more than anything written in the org chart. You can feel it in the way Jared casually locks down a console after someone else has used it, or how Marcus "forgets" to share the raw nav data, insisting the filtered output is "cleaner."  \n\nI thought I could fix things with Naomi after the last argument, when I accused her of overlooking a discrepancy in the freight records. We talked, or maybe circled each other with words, but nothing settled. Tonight, folding my still-damp jumpsuit, I realized there are fractures that will not close, not out here, not on this ship. It hurts to admit that a friendship I counted on has drifted beyond retrieval. Strangely, there is a kind of relief in naming it. Loss acknowledged is easier to carry than doubt gnawing at you in the air ducts.  \n\nRumors keep leaking through the crew like condensation. Someone swears we were on a corridor not listed in any official registry, that the beacons we followed were running a pattern that does not match standard charts. Another swears they saw a contractor's ID buried in the diagnostic metadata, a name that has been floating around fleet whispers for all the wrong reasons. I do not know what to believe, only that our last jump left us too far from our assigned trade lane, and nobody filed a deviation. That is not an accident. That is a choice.  \n\nI keep telling myself that time will dull this, that one day the tremor in my hands when the Grav Drive spins up will fade. Maybe it will. But healing is not forgetting. The stain on my cuff is mostly washed out now, yet I still see it, still remember the metallic taste in the air and the way the ship groaned like it wanted to shake us off. Some wounds stay sore even as the skin knits. Maybe the best I can hope for is to move forward with eyes open, knowing some things on this ship will never be set right, and deciding to live with that instead of pretending we are still on a clean, approved route.
1270	4244	1	BOOK/DESC	Some nights the ship feels too quiet for the amount of credits she's supposed to be worth. Silverwake hums along, drive steady, lights at half to keep the systems boys happy, but the corridors feel hollow. Maybe it is just me. Ever since that mess hauling emergency stock out toward Freestar space, I have not slept right. I keep thinking about how fast air can go bad, how fast everything you think is guaranteed thins out around you. It puts a film over the world. Food tastes flat. Jokes land soft. Even the stars look a little further away.\n\nI have learned to live with it, I guess. Suffering sands things down in places you do not see at first. I do not spark off as fast when Darion Cole starts in about route bonuses, and I do not bother arguing with Harlan Mendez when he insists the Trade Authority would never send us anywhere they would not go themselves. The marks are there all the same. I feel them when the bulkheads groan or when the ventilation coughs for half a second too long; my whole body tightens like it is waiting on a verdict. Still, I am here, still working the cargo checks, still putting one boot in front of the other.\n\nJournaling like this turned into a habit when I was stuck on a rock with no decent comms, and it never quite left. Five minutes at the end of a shift, a couple of lines while the coffee goes from hot to lukewarm; it is the one place I can unspool everything without someone telling me to toughen up or keep it light. Sometimes I just count breaths between the ship's little shudders, matching my lungs to the Silverwake's rhythm until my shoulders drop. Watching the stars helps too, when I can steal a moment by an external port. They do not care if you are late on quotas or if someone is gaming the manifests again.\n\nDay to day, things almost look normal. Maris Keller gives me that little nod when we pass in the main corridor, the kind that says, "I see you, but let us not make a scene." She sits with Rhea Solanki most meals, talking in low voices over reheated rations and pretending not to notice the way Jonas Verrick keeps one ear open from the next table. Harlan is louder, always has been; he slaps people on the back in the mess and talks about side deals a little too openly. Darion pretends not to listen, but his eyes track every crate that comes through the bay.\n\nThere is this unspoken scramble for favor whenever word filters down that a big client is involved. Trade Authority work is supposed to be clean, "apolitical," as the suits like to say, but out here it plays more like soft politics. Maris always seems to know which numbers to highlight when she briefs the bridge, and somehow she gets more face-time on priority calls than the rest of us. Darion tries to buddy up to her, laughs too loud at her dry jokes. Harlan nudges me afterwards and mutters that some of us still have to earn our keep the hard way.\n\nWe have built these tiny rituals to make the ship feel less like a floating ledger. Every third evening, if the schedule allows, a bunch of us drift into the mess just after lights dim. Jonas brings out whatever passable drink he has scavenged from port, Rhea scrolls through a library of old starmaps and picks a random system, and we go around the table trading one small story about the worst job we ever took. No heroics, just little disasters and narrow escapes. Maris never says much; she usually offers a short, careful anecdote, something where all the names are blurred. But she smiles more on those nights, and for an hour or two, we sound like a crew that might actually trust each other.\n\nEven so, there is this murmur under everything now, like static behind a clean signal. I catch it in half-finished sentences when people think they are out of earshot. A mention of atmospherics gone strange on some farm moon. A joke that dies too quickly when someone notices me in the doorway. Stories about an engineer who can change the fate of a world and the way those stories get softer every time they are retold in back corners and cargo alcoves, as if the truth is too sharp to handle straight. I do not know what to believe yet, only that the pattern of our routes and the way people avoid certain topics share the same uneasy shape.
1136	4256	1	BOOK/DESC	Jemison orbital night, shift-cycle unknown\n\nHands are still shaking, so I might as well use them for something other than dropping tools.\n\nWe cracked that old hauler outside Cheyenne today, one of those bulk tin cans with a registry so faded Jace had to scrape frost off the nameplate just to log it. No beacon, no heat, just a slow roll and a lot of quiet. Ronan swore it was a dead simple cut-and-strip, "milk run" in his words. Funny how often those are the ones that stick in your head.\n\nAirlock fought us on the manual crank, but Darius got it breathing with that hydraulic crowbar he babies more than his suit. I took point inside. Standard drill: lights on low, atmosphere tester humming in my ear, tether giving that little tug every time I forgot how far I had floated. Jace behind me, grumbling about the cable snagging on every bolt. He always talks when he is nervous.\n\nThe cargo bay was wrong. Too neat. Netting still clipped, containers lined up in perfect rows, like someone had set them for inspection and just walked away. I have seen my share of derelicts, and time always leaves a mark. This one felt like it had been paused mid-breath.\n\nWe found the first suit in the crew commons. Helmet sealed, visor frosted from the inside. No breach, no burn marks, no blood. Just a person-shaped question, kneeling by a console that had been wiped clean. Darius wanted to check the data core, see if anything was left. Ronan called over comms, told us to stay off any black boxes. "We are here for hardware, not stories." That is Cinderfield in a sentence.\n\nLater, back on our own deck, he caught me alone by the lockers. Clapped a hand on my shoulder, told me I had done "good work" not logging the frozen suits in the first sweep. Said it made life easier for everyone when people remembered what we are and what we are not. His smile never reached his eyes, but the praise did what it was supposed to do. I shut my mouth, scrubbed the bodies from my recollection of the run, and everyone got paid on time. That was that.\n\nTonight it is not that simple.\n\nWord in the bay is there have been more ships like that one turning up near the routes no one admits are still in use. Same shallow burns on the hull, same gutted drives, same clean holds. Someone mentioned a pattern in the way they spin, like an invisible hand nudging them along. Mira said you can trace those wrecks on a map and get a neat little spiral pointing out into nowhere. She laughed when she said it, but Mira laughs when she is scared. Jace told her to shut up and pass the torque driver.\n\nCouple cycles back, after we dragged in that "lucky" freighter with the untouched medical lockers, Ronan slipped me a pair of antique grav boots. Real leather, brass buckles, the kind of thing you see in museum vids. I asked him where he found them, and he just raised a brow. "Call it a bonus, Selene. You earned it." They did not have store tags, did not have serials that matched anything we had on the claim list, and they definitely did not belong to anyone who had walked off that ship under their own power.\n\nI put them on anyway. Fit like they were made for me. Did not ask questions.\n\nThat is the thing about this life; the line between "find" and "theft" is just whatever everyone agrees not to see. We cut open silent hulls, strip out their guts, and pretend we are just cleaning the graveyard. We argue over who tags which panel, who gets first pick at reactor scrap, who is owed a cut for popping a stuck hatch. Under all of that noise sits the quiet fear: that one day we will open a door and find something staring back, or slip a saw into a bulkhead and set off whatever killed the crew.\n\nSometimes, floating through a corridor with only my lamp and my breathing for company, I think about the crews that never called for help. The ones whose manifests show up in the hands of nervous brokers on remote relays, pieces of their lives traded like ordinary contraband. I tell myself those stories are just hangar gossip, meant to keep rookies edgy and careful.\n\nBut then I remember frost on a visor, a ship that looked too fresh to be dead, and the way Ronan's hand felt heavy on my shoulder when he told me I did the right thing by keeping quiet.
1461	4277	1	BOOK/DESC	I keep telling myself the suit smell will air out someday, but it never does. Old coolant, recycled sweat, a little scorched insulation from that time a cutter arced against a bulkhead. Smells like work, Jonas says. Smells like failure, if you ask me, but no one does.\n\nWe cracked a commuter hulk today, one of those mid-tier liners that never made it back to its hub. Dead in a Lagrange pocket, tumbling just slow enough you can pretend it is sleeping. Mara took point, as always, barking over comms about tether discipline and hull charges like she is the captain of a destroyer instead of foreman of five half-broke scrappers. Sienna rode her line right behind, checking the mag-clamps, never saying much, just tapping out confirmations. Delia stayed back on the tender, watching the boards, sounding calm while she counts every tick that means we are probably underinsured.\n\nFunny how the hierarchy here feels solid even when the metal under our boots is crumbling. Mara barks; Sienna enforces, that quiet shove of her shoulder when someone drifts a little wide or ignores a safety call. Jonas plays the wise old spacer when it suits him, mostly to get out of the dirty jobs. Me, I am the one they kick down the narrow decks when they are pretty sure the ship is empty but not willing to bet their own lungs on it. Delia ignores half the orders that come over the line if they do not fit her numbers; she will cut power to a section even if Mara is still swearing about needing it. Somehow it works. Most days.\n\nWe found a crew locker on that hulk, still sealed. No bodies inside, just frozen air and personal junk. Sienna floated a little closer than she needed to, eyes on a dented metal flask that bobbed out. Red Harvest something, label half-peeled. I saw the way she palmed it, slipped it into her thigh pouch without a word. Later, as we cycled through the airlock back on the tug, she bumped my arm and passed it over, no eye contact. "For after shift," she said. I did not ask where she found it, or who it had belonged to, or why there were still scratch marks on the inside of that locker hatch. We just passed it around bunkside, pretending it tasted like victory instead of theft.\n\nI remember when we used to talk about getting out. Back when I first signed on, Jonas would go on about buying a little hauler with our shares, running clean cargo between quiet moons, staying out of the lanes the big boys fight over. Mara pretended to humor him, said she would own a yard someday, have crews working for her while she sat inside somewhere warm and dry, counting credits. I said I would go dirtside, maybe New Atlantis if I could stand the gravity, fix local skiffs, drink TerraBrew that did not taste like someone rinsed a filter through the coolant line. We all knew it was talk. Nobody climbs out of dead orbit; you just drift a little longer.\n\nThe stories make it harder to sleep lately. Jonas swears he tore open a bulkhead once and found another crew's cutting lines still sunk into the ribs, torches floating where they should not be, no bodies, no suits, just tools. Mara says there are ships that keep showing up on scopes, same ID, never broadcasting distress, just there on the edge of a scan cone until you look straight at them and they are gone. Hangar gossip says some analyst out in the core is selling forecast maps of which routes are "safe to disappear on" and that is why we have been seeing more fresh wrecks with cargo intact and logs scrubbed clean. I tell myself that is just rumor made fat on boredom, but then we board another ship where everything looks staged and the fear crawls up under my helmet seal.\n\nOut there in the dark, cutting through old logos and burned paint, you get time to think. I count welds, count pulses on the suit readout, count the seconds between Mara's check-ins, anything to drown out the hiss of the recycler and the echo of those old conversations about futures we never believed in. Every panel we pry up, every locker we crack, every unlogged trinket slipped into a pouch feels like another little choice nudging a big equation. Small decisions, Mara calls them when she signs off on a haul sheet that does not quite match what we pulled. Small enough that no one will notice, until they do.
1538	4392	1	BOOK/DESC	Day 191 in the log, though it all feels like the same long shift with different hull numbers.\n\nWe burned out to the graveyard shelf over Toliman today, chasing a ping on an old passenger liner that never filed a distress. Sera rode shotgun on the tug while I checked suit seals and Dane pretended not to be hung over. Rylan kept fussing over the cutting torches like a nervous parent. Same ritual as always: argue on the approach, go quiet once the airlock's in sight.\n\nThe liner was wrong from the moment we mag-clamped. No scorch marks, no visible breach, transponder broadcasting a decade-old registry that should have been archived with the rest of the dead. Inside, the gravity was out of tune, half-strength and jittery, like the ship could not decide if it was really empty. We floated past drink packs and meal trays still strapped in, no bodies, no messages. Just a bridge console looping a route plan to nowhere.\n\nMara took point, like she always does when things smell off. Sera kept muttering on the line about how the manifest tags looked too clean, how the cargo list was scrubbed of anything worth hauling. Dane wanted to start cutting bulkheads anyway, mumbling about "hidden compartments" and "lucky nights." Typical. Rylan stayed on the threshold, watching our tethers, not the shadows. I watched both.\n\nOn the way back, with the hold half full of stripped panels and nothing that justified the risk, I had that old thought again: I walked out of the gang to be "free," and all it bought me was danger with paperwork. Back then there was a hierarchy, ugly as it was. Cass barked the orders, Jak enforced them with a shock baton and that dead-eyed stare, and I pretended not to hear the screams when someone asked the wrong question about a miscounted crate. Freedom meant no one could order me into a breach without a suit, but it also meant no one noticed if I got left spinning with a severed tether. Out here, the vacuum does not need a boss to be cruel.\n\nRed Beacon is better, mostly. We argue instead of obey. Mara calls the shots because she has the best instincts, not because she owns the guns. Sera cross-checks every ID tag like a religion, making sure we do not walk onto something still under active claim. Dane is loud, full of half-bad jokes and full-bad decisions, but he has held my line more than once. Rylan is the quiet spine of the rig, the one who never cuts a corner on air mix or clamp checks. No one "enforces" anything, but if you keep putting the crew at risk, you just do not get invited on the next burn. That is our version of exile.\n\nStill, the stories follow us. Dockside, people whisper about crews who latched onto the wrong derelict, the one with registry entries that keep changing every time someone looks. About a freighter that was repossessed on paper five times in three months, then found drifting with the transponder screaming two conflicting names at once. About a LIST outpost that called for tow and instead got boarded by two different "legal owners" who never came back out. Everyone swears they know someone who saw the ship logs before they were erased, but no one ever has the slates to prove it.\n\nI tell myself I do not believe in ghost ships, just ghost numbers. Easier that way. You can cut through steel; you cannot cut through a contract written to make you vanish. But the way that liner looked today, like someone walked through and tidied up everything but the people, reminded me of those rumors about an auditor who can make a ship disappear without ever firing a shot. Sera swears she saw that same audit code on one of the shadow manifests the TA broker tried to sell us last month, before Mara shut the deal down and walked us out.\n\nTonight, the dock is quiet. The others have drifted off: Rylan checking valves, Dane chasing bad liquor, Mara locked in the office arguing with some distant station over salvage percentages. I am sitting on the edge of the tug bay, boots hooked under a ladder rung, watching the constellations smear slowly past the viewport. It hits me again that leaving the gang did not put me beyond reach of people who kill with ledgers instead of knives. It just traded the certainty of a short, loud ending for the slow uncertainty of working the graveyards, where a single wrong hull number or a forgotten suit check can flip the timer to zero without you even noticing.
1501	4404	1	BOOK/DESC	I used to start these with the shift change time, like some kind of log, but I am late and I do not care. Maybe that is the first thing I have really let slide since we left Neon run six months ago. Every day bleeds into the next on this ship. Same rations, same hum of the drives, same smell of recycled TerraBrew in the galley that never quite goes away.\n\nBreakfast was quiet today. Rhea sat opposite me, picking the raisins out of her cereal like she always does, piling them in a sad little mountain on the edge of the tray. We did the usual small talk: grav turbulence last jump, another delay on port clearance, some spacer pirate story Caleb swears is true. I laughed in the right places, but I kept watching the door, waiting to see who else would come in. Jared nodded at us on his way to engineering, already halfway to sleep on his feet. Maris just grabbed a drink and went back out without a word. She does that more and more lately.\n\nCaleb cornered me in the cargo bay later, said there is another discrepancy in the manifests. "Nothing big," he said, which means just big enough to bother someone like me. Same origin, same destination, same dates, but different route code embedded deep in the file. It is like the paperwork knows we are making a detour no one wants to say out loud. He grinned like it was a game, told me if I kept my head down I would not have to answer questions if customs ever actually checked. I smiled back, but my stomach clenched so hard I thought I might be sick.\n\nRhea told me in passing that she heard the captain on a private call, arguing with someone who sounded very calm. Too calm. Words like "corridor adjustments" and "salvage rights" floated through the bulkhead, she said. I joked that she should stop listening at doors, but part of me was grateful she did. Trade Authority routes are not supposed to change on a whim, not for a ship like ours. We are the boring ones, the ones that do not get stories told about them. Lately, it feels like someone else has their hands on our course lines.\n\nThere is a rumor going around that we are running close to some graveyard of scrap and dead transponders, the kind of place tug pilots whisper about in dockside bars. Caleb says it is nonsense, just spacer tales, but his voice went thin when he said it. Maris will not talk about it at all; when I mentioned the pattern in our last three jumps, she just stared at her drink until I changed the subject. Everyone pretends they do not see the same tags reappearing in the nav buffer, the same odd little shifts that never make it into the official log.\n\nI keep thinking about whether I deserve whatever is coming. I took this assignment because it was supposed to be safe. Steady credits, no guns, no blood on the cargo. I told myself I had earned something quiet after the last station contract fell apart, after watching everyone else scramble for work while I landed on my feet. Sometimes, when I pass the sealed containers with their mismatched labels, I wonder if I am just telling myself a nicer story than the one someone else is writing for us.\n\nToday I broke my own rule. I have never snooped in the nav cache. Ever. Not even when I was sure someone was padding the mileage to skim fuel allowances. I always said if I did not look, I could honestly say I did not know. But after shift, when the corridor cams cycled and the bridge was empty, I slipped into the chair and pulled up a nonessential archive. Just enough to see that our last path had been overwritten three times, that there was a ghost vector sitting under the one we officially filed. I backed out so fast my hands shook, and I have not stopped feeling like I am standing on the wrong side of a thin line since.\n\nMaybe I am making too much of it. Maybe it is just routing politics I am not paid to understand. That is what I tell myself as I share another quiet meal, as I nod to Jared when he brushes past me in the corridor talking about a "minor power draw anomaly" he is already fixing. But the way people avoid eye contact when the subject of our next stop comes up, the way conversations bend away from certain words, it all feels like the truth has been passed from mouth to mouth so many times it has lost its sharp edges. What is left is something soft, almost harmless, that everyone can swallow without choking.\n\nAnd I am the one who finally looked behind it.
995	4406	1	BOOK/DESC	I always forget how loud a "quiet" ship can be. The YP-4360 has this constant undercurrent of reactor hum and coolant cycling through her bones, but it is the little sounds that get under my skin lately the relays ticking as they cool, the occasional stutter in the grav compensators when we cut too close to something the charts pretend is empty. Feels like the ship is grinding her teeth in her sleep. Ethan Kwan says I am getting jumpy, that after a few more long-haul patrols the noise fades into the background, but Ethan could probably sleep inside a Magstorm breech test and call it meditation.\n\nWe ran another simulation burn this morning, long chain of microjumps threaded tighter than I am used to seeing outside a war game. Havel plotted them, of course. Marcus sits in the nav pit like it is a chessboard only he understands and everyone else is just pushing pawns. I trust his math more than I trust my own balance lately, but there was a moment during the third jump where the vector overlay looked wrong to me, like it wanted to curl in on itself. When I mentioned it on the mess deck later, he just gave me that thin little almost-smile and said, "If it felt off and we are still here, it means the model works." I do not like being the test case that proves the point.\n\nAmelia Cho has been spending more time down near the black box array, pretending she is just running diagnostics. She forgets I handle half the maintenance tags down there. She is pulling grav-response logs, marking segments where the drives complained, recording voice, too. We all say it is just best practice, ever since those convoy losses near Toliman, but the way she flinched when I came around the corner told me she is working off more than procedure. People have started lowering their voices when they talk about "shortcuts." Shortcuts usually mean some idiot spacer trying to shave a day off a haul. Lately, though, it sounds like they mean something else. Tighter, sharper, like the word has an edge.\n\nThere is a rumor making the rounds in the hangar that someone back in MAST is feeding new corridors directly to select units, and we are suddenly one of those units. No briefing, no commendation, just different numbers on the nav board and a quiet expectation we will not ask questions as long as the hull holds. Havel shrugs and says someone has to fly the hard lanes before they get certified. Ethan thinks if we do well enough, they will accelerate his citizenship application. Amelia does not say anything, but I notice she has started recording more crew chatter than before. I keep wondering who volunteered us, and what exactly we signed up for that was not spelled out in the oath.\n\nToday I caught a fragment of conversation between two techs from engineering, something about an older test range and "data they said was lost." They shut up as soon as I stepped into the lift. That is become the new normal, people stopping mid-sentence if the subject drifts too close to how our vectors have been changing, or why our patrols keep grazing the edge of zones we used to give a much wider berth. Feels less like we are guarding the line and more like we are drawing it over again with our own lives as the pencil.\n\nI keep thinking about the old Vanguard tradition whenever we cleared a rough run. First time I shipped out, every successful deployment ended with the crew gathering around the main table, passing a single bottle and retelling the ugliest moments of the flight until they turned into jokes. The idea was simple you look the fear in the face together, and you own it so it cannot own you. Lately that has gone away. Now, after we dock or power down from another tight set of jumps, everyone drifts off to their quarters, or clusters in twos and threes in the corners of the mess, voices low. Ethan tried to revive the old ritual last month brought a bottle, even got Havel to sit, but the stories never came, just long silences and the sound of cutlery on trays. I wanted to raise my cup and make it like it was on my first cruise, but forcing the laugh felt worse than saying nothing. So I sat there, holding on to the old shape of the thing, while the new version slipped past me a room full of people choosing quiet over honesty. I do not know yet if that means the tradition is dead, or if this is just what it looks like when it grows into something I do not recognize.
1338	4425	1	BOOK/DESC	Not going to sleep until my hands stop shaking, so I might as well write.\n\nToday was supposed to be easy metal. Old freighter, broken spine, no heat, no pressure. The kind of job Marek calls "lunch money with extra bolts." Everything looked clean from the tow line. No scorch, no obvious breach, just a ship that folded wrong on a bad jump and never called for help.\n\nFirst pass was standard. Sienna on the winch, Marek and me on the cut, Naledi riding comms and sensor board because she still does not like vacuum. We clamped, burned the lock, and stepped into that corridor, and it was the quiet that got me. Not the usual thick silence, either. This was thin, like the air had never been there at all. No floating debris, no loose bits, nothing. Just the sound of my own breath punching my ears and Marek humming that stupid tune through his helmet.\n\nWe worked three decks before we found signs anyone had lived there. Two cups velcroed to a mess table. A jacket still clipped by the hatch. No bodies. No log beacons, even the emergency ones. Sienna said they probably got picked up, but none of us said "by who." Too many stories lately about crews stepping through a jump and never stepping out, and then months later their hulls drift in where they are not supposed to be, stripped of everything except the parts that talk.\n\nWe hit the bridge last. Naledi said we were good on air, but her voice had that tight edge it gets when the scanners are telling her more than she wants to pass along. Someone had already pulled the main nav core. Clean job, not drift cutter work. Data spines cut with the right tools, no mistakes, no hurry. Whoever did it got paid well, and did not feel like sharing coordinates. There was this smell in the insulation too, even through the suit. Not rot, not coolant. Just wrong. Made me think of that wreck we cut over by Gagarin last cycle, the one whose jump logs had holes big enough to fly a hauler through, like whole hours had decided not to exist.\n\nOn the way back to the rig, Marek started up again about the "grav ghosts," those voices some of the long-haul crews swear they hear bleeding into comms after a bad chain of jumps. I told him to shut it and watch his tether. He laughed, but I saw his boots drift a little wider than usual when we crossed the gap. We all know somebody who did not come back from an "easy" grab. You do this long enough and you stop believing in cursed ships and start believing in stupid, tired humans missing one latch.\n\nBack aboard, Sienna and I were stripping our suits in the locker when the lights flickered. Just once, barely. She reached over and bumped her helmet against mine, a little knock like we used to do before long EVAs. For a second it felt like the old days when this was just a job and not a question mark hanging over every hull we touch. She smiled, eyes soft, and I thought about saying something dumb like "When we get a quiet run, let's burn some leave somewhere with real sky." Instead, I just squeezed her glove, and the power hum stuttered again, and the moment folded up between us. All I could think was, what if that is the last time we get to pretend we are not living in a graveyard.\n\nNaledi swears she picked up a spike in background noise off the freighter's skin, right at the point its jump trail went sideways. Says it looked like interference from something that is not on any chart we use. Marek told her to stop reading backlogged incident reports in her off-shift, that she is starting to sound like the long-haulers who drink alone and talk to the bulkheads. No one said "maybe they are not wrong." We just signed the cargo manifest, logged only what we are required to log, and left the rest in that dead corridor.\n\nDrift Cutters rule number one: report enough to get paid, never enough to invite questions that come with uniforms and sealed files.\n\nNow the rig is quiet except for the occasional thump of cooling metal. Sienna is asleep two bunks over, one arm hanging out of the blanket, fingers curled like she is still gripping a tether. I want to reach across the aisle and catch her hand, just to feel something warm and real that is not welded steel or recycled air, but I do not. Part of me is afraid I will wake her. The other part is afraid that if I close my eyes after, I will open them to nothing but stars and a soft vibration in the hull that sounds too much like breathing.
1150	4443	1	BOOK/DESC	I can hear the reactor hum through the bulkhead again tonight. Caleb says the Dustlance sings when she is happy, but to me it is more like teeth grinding in the dark. The air scrubbers are running hot, so the whole corridor smells faintly of metal and old boots, with that tang of recycled sweat no filter ever really gets out. Rhea propped the hatch to the galley open to "circulate" earlier, which mostly just gave the ship a nice undertone of burnt UC BattleMeal and whatever was left in Jonas's coffee mug from three shifts ago.\n\nWe ran another sweep on freight routes out by Toliman, nothing special on the docket, just the usual pinging of transponders and grumbling when paperwork does not match the cargo. Mara caught a manifest with a missing page and spent an hour muttering over it, tapping her stylus against her teeth the way she does when she smells a lie. Caleb joked it was just some farmer shaving a crate of Red Harvest Wheat off his taxes, but Mara's eyes did this narrow thing when she handed it to Lena, like she was testing her reaction. Lena just shrugged and said she would log it for follow-up, all easy smile and tired eyes.\n\nThe thing is, Lena has been off lately. Not in the obvious ways. She is still at her post on time, still running drills, still beating Jonas at cards in the mess like it is nothing. But she stopped joining us for the stupid late-night movie rotations, even when Rhea queued up that old cowboy serial she likes. Says she is tired, paperwork, headaches. She does not laugh properly anymore, either. It is like she pushes the sound out without letting it touch anything inside her.\n\nTonight at chow, while we were pretending the stew was not reconstituted from a bag, I caught Caleb watching Lena over his spoon. Really watching. When he noticed me noticing, he just shrugged and said, "People change, Tess," like that explained why she flinched when the comms crackled with an incoming encrypted burst. Mara said it was just GalBank being GalBank, another audit request nobody asked for, but she would not let me see the header, just told me to mind my own rations.\n\nI keep thinking about that mining family we met on patrol last month, the ones who had their whole claim tied up over a loan they swear they never agreed to. The way their eldest kept asking if we could "fix the numbers" and Jonas had to be the one to say we are not bankers, we only make sure transports do not explode and pirates keep their distance. I have not stopped seeing the mother's face when we pulled away, all those years of work hanging on a ledger line someone else wrote. Healing does not mean forgetting; that kind of thing sticks in your chest, an ache that does not care how many jumps pass.\n\nMaybe that is why the whispers about some ghost in the accounts bother me more than I admit. I hear Jonas and Caleb trading rumors in the corridor when they think I am asleep, about some ex-auditor who rearranges debts like airlock schedules, about settlements that suddenly owe nothing or owe everything overnight. Rhea thinks it is spacer bar talk, something to scare rookies. Mara does not say what she thinks, just keeps checking the routing codes twice, then a third time.\n\nI wish this job was only clean patrol lines and the comfort of a ship that always brings you home. Truth is, the Dustlance feels more like a crossroads lately. Every ping on the scanner, every encrypted packet, every quiet glance between officers has started to feel like a test I do not know the rules to. I came out here for something simple: to earn my badge proper, pay off my father's old freighter debt, maybe one day put down roots on a piece of rock that has my name on the deed. Instead I am floating in a tin can that smells like metal and reheated stew, listening to secrets echo down the vents.\n\nStill, there are small mercies. The ritual of strapping into my bunk, the scratch of this old pen on paper while the ship creaks around me, the way the stars smear into white lines on the other side of the port when we spin up the drive. Those are the moments that almost feel like healing, like the old burns on my hands from the farm are just pale lines instead of memories of everything we lost. But even as they fade, they still ache when the ship runs cold, reminding me that trust is just another kind of credit, and every day out here, we are adding interest without knowing who is going to come to collect.
1794	4453	1	BOOK/DESC	I keep telling myself this is just another overnighter in deep orbit, a glorified spreadsheet wrapped in hull plating, but the air feels thinner tonight. The Securehaul hums like always, that low vibration under the soles that says GalBank is still counting. Yet every time the lights dip to emergency levels for power balancing, my chest tightens like we are already halfway to drifting dark.\n\nElena was on shift when the last cycle flickered. She laughed it off, said the generator AI was "sulking again." She has that way of making even a systems warning sound like a joke you are supposed to share. I caught myself watching her hands on the console, the little half-circle of nail she chews when she thinks nobody is looking. I do not know when I started cataloging details like that. Maybe back when she helped me correct that misfiled portfolio and did not make a big deal of it, just bumped her shoulder against mine and moved on.\n\nSabine rolled her eyes at both of us after, called Elena "the ship's mascot" under her breath in the break alcove. Sabine pretends she is pure cynic, but she stays late to balance risk forecasts nobody will ever read. You do not do that if you do not care. Mina ducked the whole conversation, buried in reclamation stats, just murmuring about how our air scrubbers are older than any of us and no one at central wants to pay for replacements. Priya keeps trying to organize "game nights" to stop us from talking about failure rates and liability exposure. I keep promising I will go, then stay here instead, spilling into these pages where nobody talks back.\n\nThere has been more traffic on the encrypted lines than usual. Darius mentioned it first, said some of the agritech riders on our mirrored contracts are marked with review flags but no one ever opens them. "Too big to fail, too ugly to look at," was how he put it. Sabine snapped at him to stop reading metadata he was not authorized for, but I saw her lingering on the terminal long after she told us to clear the room. Later, in the mess, I overheard Elena asking Mina, very casual, how hard it would be to isolate one node during a power shuffle. "Hypothetically," she said, but there is a heaviness under her hypotheticals lately.\n\nRumors trickle in with the portfolio updates. Quiet notes about colonies with record yields and rising sickness reports. Insurance riders that pay out more when things go wrong than when they go right. Phil in Compliance sent an internal memo asking if any of us had "concerns about exposure" tied to certain accounts. By the time it reached my queue, the message had been retracted, replaced with a bland clarification notice. Only Sabine admitted seeing the original. She did not want to talk about it.\n\nSometimes I wonder if Elena sees me at all, beyond another pair of hands punching in corrections. She jokes with everyone, but there is something in the way she stands a little closer when we are alone on the monitoring deck, how she points out oddities in the risk models just to see if I will catch the pattern. I want to believe that means something. Then she glances away the moment I try to answer seriously, as if I have stepped over some line she drew in her head. I am stuck between hoping there is more there and fearing I am just one more coworker she knows how to disarm.\n\nThis journal has become my little ritual. End of shift, I float one hand on the bulkhead, feel the thrum of the engines, and breathe in time with the noise until my pulse quits racing. Then I write until the day starts to make some kind of crooked sense. Mina watches stars on the external feed to calm down. Priya drinks too much TerraBrew. Darius plays the same card sim on loop. We are all finding ways to pretend this ship is a normal posting, that we are not strolling through a vault built on other people's disasters.\n\nStill, the patterns on our ledgers itch at the back of my skull. Crops that fail where projections say they should thrive, payouts that clear faster than emergency aid arrives, contracts routed through shell accounts that lead nowhere. Gagarin taught me that scorch marks on a terminal are never just a hardware issue, and even from out here, I can smell the same discreet smoke curling off these numbers. I keep thinking if I can untangle just one chain cleanly, it will prove the truth is simple under all the obfuscation, but every time I pull a thread it loops back into another knot.
1049	4470	1	BOOK/DESC	Think I've re-stitched these same knee panels a hundred times by now.  \nThread in, thread out, same old scuffed black canvas, same rust-green trim. Mira jokes I could have ditched them for new leathers cycles ago, but it is not about needing better gear. It is the habit. You patch what still works. You keep what remembers the hits.\n\nVermin Gravepack colors do not match, not really. We say they do. Rotten green over dead black, gray smear of paint or ragged scrap tied at the arm, and that little glyph we scratch where it matters three jagged lines crossing like claw marks over a circle. Used to mean something simple to me back when I was just running lookouts meant nest, meant we watch the spaces nobody else sees. Now it feels more like a warning label. Like we mark things the world will not get back.\n\nKara came back from a run tonight with that symbol smeared in oil across her knuckles, laughing about how some spacer captain started shaking the second he saw it on the bulkhead. Says word is going around that if you spot our mark on a hatch, you leave it closed. Rhett liked that. He has been walking around like he owns the whole damn underdeck, talking big about how Gravepack is moving up, how we are going to ride the new routes bleeding through the frontier. Jonas just listened, chewing his synth-stick, eyes doing that thing where he keeps measuring people like they are exits.\n\nHe has been doing that more since the stories started. Someone on the docks saying the lanes are changing. Accidents that do not feel like accidents. A tug nudged three degrees off course and suddenly there is scrap to pick that nobody filed a claim on. Rhett says there is a ghost-chart out there, someone who can bend traffic for the right creds. Mira says that is spacer superstition, a way to blame math for carelessness. Jonas just muttered that if someone really can steer whole convoys, Gravepack is late to the game.\n\nWe lost Rian over this kind of talk. Funny how everyone pretends not to remember his name now. He was the one who asked the wrong question in front of the wrong people.  \nWhy are we following marks that are too clean?  \nWhy do the hits line up with whatever routes that quiet Ecliptic handler slid us, like we are testing someone else's pattern?  \nHe did not say it that neat, but that was the gist.\n\nNext day he rode out with a crew on a simple grab.  \nNext day he did not ride back.\n\nNo one asked why. That is how it goes. You patch your clothes, you patch the story, you pretend the seams always looked like this. Rhett said they must have hit resistance, shrugged, moved on to lining up the next score. Kara started working Rian's old corner without missing a beat. Mira stitched Rian's green scrap into her own sleeve, said she was not letting good fabric go to waste. And me I just watched the symbol on the wall and tried not to count how many times I had painted it over doors that never opened again.\n\nExit routes have been on my mind more than usual. Not just the usual crawlspaces or maintenance shafts we keep mapped in our heads, but the big exits. The grav jumps. Whispers that there is a map somewhere that does not match the official charts, that some ex-UC number-runner knows how to slide a ship between patrol sweeps and debris like threading a needle. Rhett is hot for that lead. Says if we ride with whoever is bending those vectors, we stop picking bones and start choosing victims.\n\nPart of me likes the sound of that. No more scrabbling in the vents, no more taking the scraps after Trade Authority and Ecliptic have eaten their fill. If there really is someone out there rewriting the lanes, that would be the kind of monster worth standing next to. Or the kind that erases our mark with one bad calculation and does not ever bother to learn our names.\n\nImpossible to tell which from down here.\n\nFor now I just keep sewing. Same black knees, same green thread. I can still picture Rian hunched over his boots doing the same thing, muttering about how a good patch outlives its owner if you are not careful. That is the part that sticks with me the most not the way he vanished, but how fast the gap closed over him. Gang life is like that. You disappear, and the colors just shift to cover the hole. The glyph on my sleeve still means we see what others miss, but it also means this if you start looking too hard at who is pointing us where, there will be one less pair of eyes to worry about.
1308	4474	1	BOOK/DESC	Rhea says only idiots write things down that can incriminate them, but Rhea still trusts people, so what does she know.\n\nQuiet night in the bays. Generators whining like they are about to tear themselves apart, glow from the welding rigs leaking under the door. Smell of burnt polymer and cheap beer everywhere. Stray Rust home.\n\nI keep thinking about that run to the outlying stacks last cycle. Sable shoved a cracked slate in my hand, said she needed someone "reliable" to ferry it through SysDef patrol routes without blinking. Reliable. I laughed it off, made a joke about her mistaking me for someone competent, but it stuck in my ribs like shrapnel. First time anyone ever called me that and actually meant it. I remember feeling this weird, hot pride in my chest, like I had been stamped with a mark that finally counted for something. Came back with the slate and an extra scorch mark on the hull, and Sable just grinned, slapped my shoulder, and never said the word again. Did not need to.\n\nFunny how you can live your whole life trying to fix things that never wanted fixing. I did that back on the rock where I grew up. Always patching, smoothing, apologizing. Trying to mend a father who could only talk to a bottle, a mother who cared more about the next cargo drift than her own kid. No matter how many times I bit my tongue or picked up extra shifts, neither of them ever came even halfway. Felt like soldering a cracked beam that someone kept kicking out from under you. Different orbit now, same reflex. I am always the one tightening the bolts after a job, cleaning up the mess when deals go sideways, stitching cuts closed in the back room while Kyra curses and spits Aurora foam into a bucket.\n\nStray Rust runs on that kind of quiet work. The loud ones get the songs in the bar, but it is the people who sweep the blood off the deck who keep the floor from buckling. Sable understands that. Kyra pretends not to. Rhea acts like she could walk any time she wants, but I have seen the way she stares at the bulkheads when she thinks nobody is looking, like she is afraid they will vanish and she will be weightless again, nowhere to latch on.\n\nThere is talk in the bays tonight. Heard Sable and Rhea trading whispers about some shipbreaker out in the deeps, a ghost with a welding mask and a map no one is supposed to have. Someone who cuts up war hulks and vanishes the evidence, makes entire records go missing. They say he is been playing both sides, selling hardware to whatever flag pays, leaving bodies in rigging fields when people ask too many questions. Kyra claimed she saw a slate pass hands in Neon, stamped with a lattice of lines that did not match any trade lane she knew. She swears he is building something out there. Rhea just said some people cannot stand the idea of history being written without them.\n\nI do not know what is worse. The idea that someone like that exists, or the way my gut twists with something too close to admiration. A person who decided the whole sky lied to them and then carved out their own truth with a cutting torch. Maybe it is all just bar talk, another story to scare the fresh runners. Or maybe those extra crates we have been parking in the shadow of the docks are not just scrap like they tell me.\n\nPart of me does not care as long as the creds clear and the engines keep humming. The other part remembers that first time I walked into the Syndicate's bay, hands shaking, eyes fixed on the floor. I told myself I was just looking for a job, but really I was begging for someone to say stay. When Stray Rust took me in, gave me a bunk and a patch and a share so small it barely bought a drink, I told myself I could walk if things got ugly. Truth is, part of me has always wanted to belong somewhere, no matter the cost. That scares me more than any patrol ship.\n\nSo I keep fixing things. I patch the hulls, straighten the ledgers, calm Kyra down when her temper runs hot and she wants to solve everything with a pistol. I make sure Sable's dead drops are neat and the Syndicate's secrets are stacked where they will not crush us if someone kicks out the wrong support. Maybe one day I will find out what is really inside the containers marked "do not open" that Rhea pretends not to notice. Maybe I will not.\n\nFor now, I am still the one they call when a lock sticks or a plan starts to groan under its own weight. Reliable. I should hate that word. But it feels better than invisible.
1526	4482	1	BOOK/DESC	I keep catching myself getting bored when people just nod and follow procedure. In the early days, back in New Atlantis, I thought compliance meant the system was working. Now it just feels like a dead signal. There is nothing to learn from someone who accepts the numbers at face value. The interesting ones are the captains who argue, the techs who double-check my models, the administrators who smile while they bury a report. They are the ones I want to crack open, to watch as their certainty fractures and they finally hear what the math has been screaming at them.\n\nI remember the first time I realized the world was not what I had been promised. I was a child, standing in a resettlement line while some official with a perfect uniform told my mother there would be space for everyone, that the move from Earth was orderly, fair. Later I watched those same names get priority housing, priority schooling, priority everything. My father called it "weighting the equation." I pretended not to understand, but the truth is that was the day I stopped believing that any of this was neutral.\n\nThese days I can diagnose a person faster than a drive failure. The UC overseers at Calyx cannot tolerate uncertainty; they build whole careers on pretending probabilities are guarantees. Freestar haulers hide their fear under jokes and liquor, pushing their luck because if they slow down they have to admit how fragile their lives are. The frontier settlers who flirt with LIST want to believe in community but only if it costs them nothing. Everyone around me is just acting out their damage in different costumes. I see it so clearly in them. It is almost funny how none of them ever stop to examine why they need me to be the villain in this story.\n\nI fled the lab because I did the one thing the system cannot forgive: I tried to pull the raw data out from under their thumb. The breach was an error in coolant tolerances, yes, but the pressure behind it was deliberate. They had already decided to lock away what we saw on that freighter, to treat a possible lattice-wide instability as a public relations problem. After that, staying would have meant nodding along until the day the lanes finally tore and we all pretended to be surprised. I chose exile instead.\n\nThe locations I move through now are not random. Dustfall Outpost, the old test hulls drifting in that graveyard belt, the hidden buoy the captains whisper about as if it is cursed; they all sit on top of soft spots in the lattice. I do not need full observatories. A few stolen diagnostics, a handful of custom sensors, and I can hear the hum shift. Each "test failure" I stage is not sabotage for its own sake. It is a forced admission, a glitch loud enough that even the most complacent administrator has to log it, patch it, or find an excuse creative enough to fool themselves.\n\nPeople like to call me paranoid, unstable, traumatized. They whisper that I am projecting my own fractures onto the lanes. Maybe. I can sketch out their neuroses in a few lines and yet conveniently skip over my own. That is the luxury of being the one holding the models: I decide which variables matter. I am aware of the irony. I simply do not have time to indulge it.\n\nI came out here, near what I have started to call the Scar, because the noise falls away and the anomaly stands almost alone in the readings. No planetary fields, no corporate interference, just the raw conversation between our drives and the dark. If I can map its shape, if I can prove this is not some one-off quirk but the logical end of how we jump, then it will not matter what they say about me in their hearings and backrooms. History will vindicate me, even if no one else ever does. They will write my name with curses, call me a murderer, a fanatic, a cautionary tale, but buried in their own records will be the quiet admission that I was right about the flaw.\n\nWhat I am afraid of is not capture. It is that they will find some way to patch around the symptom again, to smooth the graphs and issue a software update, to declare the risk "within acceptable tolerances" and move on. That they will turn even this into just another footnote in a quarterly report. If that happens, then all the lives I have already spent in this campaign will have bought nothing. So I keep moving along the thin edges of the lanes, listening, adjusting, breaking what must be broken so someone, somewhere, will finally be forced to look at the truth.
1741	4517	1	BOOK/DESC	Boss called us in again today. Same three taps on the bulkhead outside the berth, same weight in my gut like I swallowed a grav core. With command, you always knew what you were walking into: briefing room, objective, rules on paper. With Silent Fireteam, every summons feels like a coin toss. Darius shows up at your door, you do not know if you are getting a target package or a bullet behind the ear for knowing too much. Funny thing is, I trust him more than I ever trusted the brass. Fear is cleaner when it is honest.\n\nRenee watched him the whole time during the brief, eyes like she was reading trajectories instead of faces. She believes in this more than any of us. Believes we are cutting out tumors, doing what the uniform never had the spine to admit needed doing. Jonas called it "course correction" once, in that dry way he has. We laughed, because the alternative was thinking about the list of names sitting on our dataslates, most of them people wearing the same colors we used to wear.\n\nI keep trying to remember when I stopped being a soldier and became whatever this is. Maybe it was back when my partner decided our life was a two-person deployment and I was just an asset, not a person. Their needs were orders, every day: be here, say this, do not talk about that. Slowly learned to file my own thoughts away like classified annexes. After a while you forget what you actually want, you just respond to tasking. Leaving command should have felt like freedom, but all I did was swap chains. At least now the shackles fit better.\n\nThere is one op that will not leave me alone, no matter how many times I bury it under maintenance checks and weapons drills. We were sent into a settlement we were told was compromised, "soft collaborators" they called them. Our job was to make sure no one could help the other side when the push came through. Orders were clear, language intentionally vague. I remember the way the dust hung in the air after the first volley, thick as smoke, the way a kid's toy ship lay on its side in the doorway, still blinking a little cabin light. Renee pulled me out of that doorway by the collar, told me to keep moving, that we had to clear every house. Officially, we neutralized a logistics node. Unofficially, I still wake up hearing the echo of that empty toy hull hitting the floor as I kicked it aside.\n\nWe never saw the after-action on that one. Just a commendation that arrived late, unsigned, and a quiet reshuffle of our unit away from that sector. Later, in some mess on some station, I heard officers at the next table whispering about "collateral engagement ratios" like they were talking about fuel efficiency. I knew they were talking about us. About me. That was the first time I realized the reports were written long before we pulled triggers. The second time was worse; that was when I started to suspect some convoys were never meant to make it through, that the routes we were given and the windows we were told to hold were stacked against civilians from the start.\n\nThe guilt does not care that we were following orders. It settles in the seams of the armor, in the spaces between ribs, in the taste of recycled air. Every time I clean my rifle I see a reflection in the metal that looks a little less like the man who signed his enlistment and a little more like the man who walked through that settlement and did not say no. Darius tells me we are balancing the ledger now, taking down the ones who gave those orders and hid behind flags and legal phrases. Maybe he is right. But the numbers never quite work out when I run them at night.\n\nWhat scares me most is how efficient we have become out here. No chain of command, no oversight, just four people who know how to break things quietly. When the boss knocks, when that dread rolls in, part of me is relieved it is another job and not the day he decides loose ends need trimming. Part of me thinks I would not even fight it. It would just be one more line item, signed off and filed.\n\nI tell myself I stay because someone out here has to remember where the bodies are buried, which settlements were "nodes," which ships were "acceptable losses." Renee still believes in cutting out the rot. Jonas keeps the timelines, makes sure we never stay in one place long enough for the past to catch up. Darius carries the decisions on his shoulders and pretends it does not bend him. And me, Miguel Harran, I play my part, one more weapon turned off its target and never really disarmed.
1262	4545	1	BOOK/DESC	Took a round in the plate tonight. Nothing serious, bruise spreading like a storm cloud under the ribs, but it was close enough that Elena made me sit on a crate while she checked the seal twice and told me I was an idiot for stepping wide on the third volley. She was right. Executioner culture says we don't talk about fear, so we call it "bad position" and argue angles instead. Mara just looked over from the weapons rack, shook her head once, and went back to scrubbing carbon from her rifle like she was polishing a conscience.\n\nCaleb and Jonas are still snapping at each other over the Narion exfil. Caleb swears Jonas held the drop shuttle too long to milk the bonus, Jonas says Caleb tripped the sensor grid and forced his hand. Rhea plays mediator, but I see the way her eyes narrow when Jonas talks about "acceptable attrition." In Warbrand, trust is measured in how many times someone has had a shot at your back and didn't take it. By that metric, I trust Elena the most, Rhea enough, Caleb only when the odds are bad, and Jonas as far as the next payday.\n\nThere's a rumor working its way through the barracks that our next contract isn't just "asset recovery," that we're being hired to walk into the middle of some shipbuilder's dirty laundry and make sure the wrong person disappears. Heard it in fragments, mostly, over mess hall trays and in the hum between dropship checks. A designer gone rogue, ships failing in ways that don't look like accidents, corporate suits paying too fast and asking too few questions. It smells like politics with a body count. None of that hits the brief, of course. On the record, it will be clean words about liability and security.\n\nFunny where life runs. Back home, I was the kid who ran errands for the old folks in the tower. Carry water filters up twelve flights, stand in line at the GalBank kiosk, carry back canned food with labels half peeled. We had our own little code, me and the other kids: three chalk slashes on a door meant "debt collector inside, come back later," a folded flyer tucked under the left corner of a mat meant "husband's on shift, safe to knock." We thought we were clever, playing messenger in a world we didn't understand. I never pictured myself in armor, selling my aim to the highest bidder.\n\nSome of that old habit never left. Warbrand has its own codes now. A hand resting flat on a rifle stock in the staging bay means "eyes open, something in the op order smells wrong." An extra sugar packet dropped on your tray in the mess is Mara's way of saying "command is sitting on intel, check your blind spots." Jonas has his own language too; when he calls a job "straightforward," it means someone isn't walking back. We live in these signals because speaking plain carries consequences, and we all like our contracts renewed.\n\nGot a few fresh scrapes tonight patching myself up after the plate strike. Med kit's locked in the quartermaster cage, so I did it the old way: strip down in the bunk, rinse the grit out with whatever distilled water I had left, press a ripped undershirt against the worst of it and tape it in place. Rhea walked past, tossed me a single dose of general painkiller without looking, then told me to log the injury as "minor impact during training" so the unit's numbers stay pretty on paper. She calls it managing optics. I call it bleeding quietly.\n\nI thought about him again, like I always do when the pain flares. The one who said he'd wait, back before my first off world contract. His promises always came wrapped like gifts and felt more like knives; every "I'm proud of you" lined with "don't come back a failure," every "I'll be here" carrying the weight of "as long as you keep sending credits." It took me too long to understand that his love was just another contract, all sharp edges and penalties. Walking away from that felt harder than any extraction under fire. But at least out here, the terms are written down.\n\nTomorrow, command says we get a full briefing. Jonas slipped that the client's logo looks a lot like a certain staryard's, the one people in New Atlantis curse under their breath when transports fail inspection. Elena just sighed and checked her rifle torque again. They'll point us at some ghost in a scrapyard or dockyard, tell us it's a threat to stability, and expect us not to ask who built the conditions for that threat in the first place. Maybe I won't ask. Maybe I'll just read the angles, watch the codes, and make sure that this time, if someone is meant to vanish, it isn't me.
1716	4577	1	BOOK/DESC	Day 173, LX-2547  \n\nI keep telling myself the hum of the reactors is normal. Background music. Home. Tonight it sounds like it is thinking about something, like the ship knows more than it is saying. Maybe I am just tired. Jonas Mercer caught me zoning out by the viewport and asked if I was "listening for ghosts again." I laughed it off, but I think he meant it. The way people talk in the mess lately, you would think dead ships really can whisper.\n\nWe ran another mass-balance drill today, triple-checking cargo we have not touched in weeks. Elena Park had us cycling through the manifest like it was a final exam. She is cool about it, jokes just enough to keep everyone awake, but her eyes keep going back to those containers from Gravelight. Same numbers every time, same readings, yet she still frowns. I asked Mara Ellison if command had said anything; she just shrugged and said, "If they did, we are not cleared to know." Classic Mara, loyal to a fault, even when the deck feels like it is slanting under us.\n\nAmira Cho tried to lighten the mood over dinner. We shared rehydrated UC BattleMeals in the mess, everyone pretending to enjoy them. She asked about a festival back where I grew up, on a little station that flew the flag like a letter from Earth. I told them about our old "First Light" night, when we would cut all non-essential lights and sit in the dark together, waiting for the star to rise over the hull. Just quiet. No screens, no announcements. Parents whispering stories about oceans none of us had seen.  \n\nSo tonight I tried to recreate it, just a little. Killed the lights in our berthing for five minutes on a maintenance pretext and pointed Jonas and Amira to the observation blister. Jonas grumbled about regs, but he came. Amira loved it, said the darkness made the stars feel closer, like we were inside them. Mara did not show. She said she was "too busy with diagnostics." That is the polite way to say she is not coming to anything I plan anymore.\n\nI do not blame her. Not after the argument about the last derelict. I signed off on the structural report; she thought we should have flagged it unstable and pushed for a different tow. Command sided with me, and then the rumors started that some of those "abandoned" hulls were not as empty as the paperwork claimed. Now every time we pass in the corridor it is nods and clipped words, the kind of politeness that feels like a locked door. I have replayed that fight a dozen times, tried to think of a way back to how we were before, but I cannot find it. Maybe some breaks stay broken. Accepting that hurts less than pretending I can fix it.\n\nFunny thing is, the First Light tradition back home changed too. Last time I visited, my little cousins streamed some old Earth sunrise on their slates instead of just sitting in the dark. They had playlists, branded snacks, even a sponsorship logo on the projection. "It is the modern version," my uncle said, like that made it better. I smiled, but inside it felt like someone had swapped out a load-bearing beam for plastic. I do not know if I am angry at them for moving on, or at myself for wanting the old version back. Maybe both.\n\nThat is how it feels on this ship now. Half the crew holds on to the idea that we are just doing the job, clearing wrecks, following orders. The other half has heard the same gossip I have, about registries getting "adjusted," about distress calls that mysteriously never make it into the log. No one says names, just vague talk of a rigger who can make mass disappear on paper, of cargo that is "too dense" for its label. It all stays just this side of unbelievable, because if we believe it, we have to admit we are part of it.\n\nEarlier, in the corridor outside engineering, I passed Jonas and Mara mid-conversation. They went quiet when they saw me. Jonas gave me a quick nod, Mara stared past me at the bulkhead like it suddenly needed a detailed inspection. I swallowed whatever apology I was about to mumble and kept walking. Later, over a rushed cup of TerraBrew in the galley, Amira asked if I was ever going to talk to Mara properly again. I told her some things do not go back the way they were, and maybe that is how you know where your lines really are.\n\nStill, the ship keeps humming, and we keep running drills, and the cargo keeps weighing exactly what the manifest says it should. On paper, everything balances. Out here, with the stars pressing in and the gossip curling through the air ducts, it feels like something is leaning, waiting for the smallest shove to tip.
1041	4579	1	BOOK/DESC	The Widebeam smells like recycled air, stale coffee, and ion scorch from the last docking mishap someone will eventually admit to on the manifest. The coolant hum through the bulkheads is my bedtime lullaby and my morning alarm, depending on which shift Rafi leaves the engine tuning for. Tonight it feels louder than usual, or maybe it is just my nerves. I watched Jonas log that last cargo transfer under my code, and I did not stop him. I told myself it was just smoothing paperwork, a harmless favor in a maze of Trade Authority fine print. Then the routing discrepancy bounced back flagged, and suddenly it is my name on the audit trail. I could blame him, or the system, or those phantom "priority clients" that never have real IDs. But when I was sitting in the cargo bay, staring at the crate stamps under the strip lights, I knew the truth this was my line to draw and I stepped over it.\n\nKira tried to tell me it was not that serious, sitting across from me in the galley while the steamer coughed out that burnt-metal steam and someone reheated synthameat for the third time this week. She has a way of making everything sound survivable, like the worst that can happen is an angry supervisor and a pay cut. Elias was less gentle. He cornered me outside the avionics crawlspace, all low voice and clenched jaw, asking if I really understood who might be leaning on Jonas to reroute medical shipments in the first place. I hated him for that look, the one that says he expected better from me. I also hated that a part of me felt relieved someone finally said it out loud that I am the one who signed, that my hands are not clean just because I did not crack the seals myself.\n\nI keep thinking about Adrien when my bunk is too small and the lights flicker in that way that tells you the capacitors are overdue for replacement. Back on New Homestead, he used to say we were going to be different, that we would take contracts without losing ourselves in the fine print and the bribes and the quiet looks the older traders gave each other. His promises always had a shine to them, pretty on the surface and razor-edged underneath. When he left for a better berth without saying goodbye, I told myself I would never be that naive again. Now, when Jonas leans too close over the console or Kira jokes about sharing a cabin someday planetside, I can feel that old reflex kick in pull back before someone walks away first. I wonder if I am turning into the kind of person who keeps everyone at arm's length, then signs off on things that make it easier to sleep alone.\n\nThe ship is cramped enough that you can never really avoid anyone; footsteps on the ladder rungs, the clink of metal mugs in the mess, Jonas humming off-key while he checks the seals is our version of weather. Tonight, the air in the corridor outside my berth smelled like spilled TerraBrew and ozone from a misaligned coupling. I stood there, hand on the hatch, listening to muffled voices from the next compartment Kira laughing too brightly, Elias speaking just low enough that I could not catch the words. For a second I wanted to barge in, demand they tell me exactly what they think of me now, let everything spill. Instead, I closed my eyes and let myself actually feel it the shame, the fear, and a thin thread of hope that maybe owning this mistake is the first right thing I have done in a long time. No jokes to soften it, no excuses about pressure from upstairs. Just the quiet acknowledgment that if I want to be the person I used to imagine on long nights under Titan's sky, I have to start with being honest about who I am in this steel box.\n\nI do not know if I am getting closer to that version of myself or further away. Some days I am proud that I still flinch when someone suggests cutting corners with med shipments, that I still care who ends up on the other end of our manifests. Other days, like this one, I look at my initials under a reroute and wonder if that imagined Mina was just a story I told to get through the grind. Maybe growth is not as clean as I wanted it to be. Maybe it looks like admitting to Jonas tomorrow that I am not covering for him again, even if it means taking the heat now. Maybe it looks like letting Kira see that I am scared, really scared, without laughing it off. The Widebeam will keep humming along, trade lanes and credits and quiet little compromises. The only thing I get to change, in this cramped cabin that smells faintly of metal and my own tired sweat, is whether I keep pretending I am just a passenger on decisions I helped make.
1079	4609	1	BOOK/DESC	Rhea says only idiots keep diaries, but I need somewhere to put the noise. The lot was quiet tonight, the kind of quiet where the dust hangs in the ship lights and you can hear every bad idea someone ever had. Jace was running his mouth again, talking about how the Backlot Boys used to mean something before we started hauling other people's secrets instead of our own. Rhea just watched him with that sideways look she has, the one that says she's adding up what he's worth if it comes down to it. I pretended not to see. Pretending is half of survival around here.\n\nFunny what I remember, before all this. Long lines. Everywhere. Lines at ration kiosks, lines to see a clinic tech, lines wrapped around transit platforms that smelled like coolant and old sweat. Everyone holding a number and staring past each other, waiting for some overworked clerk to decide if they got medicine or just advice. Dust Backlot felt like freedom at first, like cutting to the front. You slip past the queue, use a code phrase at the right back door, and suddenly you're on the other side of the counter. Took me a while to realize you just traded one line for another, only this one ends in a shallow grave if you step out of place.\n\nWe had one of those hand-holding nights last week. Not the sweet kind. We were moving a crate for some suit who does not want his name spoken where cameras hear. Alley was bottled up, no clear sightlines, and that cold silence rolled in, the kind that means scopes are waking up somewhere you cannot see. Jace grabbed my hand, squeezed hard enough to grind the bones, like he could anchor me to the wall by grip alone. We moved as one body, shoulder to shoulder, eyes front, like just two lovers out for a walk between rusted containers. My pulse was sprinting, but my feet stayed slow. Rhea drifted a few meters behind, laughing too loud at nothing, making herself bait. If a shot came, it would go for the noise. Nothing came. That almost felt worse.\n\nParanoia is just oxygen here. We breathe it or we choke. Betrayal lives in the quiet gaps in conversation, in the way someone's eyes skip past you when they talk about a job that "just came in" and "needs a tight crew." The elders act like we are one big family, but their hands are always on different pockets when they hug you. I hear things when they think I'm not listening. Talk of off-lane routes and doctored traffic logs, of ships that never make it back but somehow keep paying their dues. There is this woman's name that drifts through it all, said with either respect or hatred depending who's drunk. Half the stories say she saves people from pirates. The other half say she feeds whole convoys into the fire for the right price. Either way, people lower their voices when the lanes come up.\n\nWe talk quiet too, just in different ways. Kids on the outside think it is all big speeches and blood oaths, but mostly it is small things. Rhea will say, "Weather's changing," if patrols are getting twitchy. Jace taps three times on the railing if a stranger's listening on a shared channel. We swap chip wrappers with certain corners folded when a run has gone bad but we cannot risk saying how. The phrase "left my boots by the vent" means someone's stiffed us and is about to learn what airless space feels like. All normal sentences, all loaded. Sometimes I wonder how many times I've heard my own death warrant wrapped in words about laundry and shift rotations.\n\nThe boys have a new ritual now. Before a risky job, everyone touches the same rusted support beam by the old shuttle husk, knuckles brushing the metal like it is blessed. First time I laughed, called it superstition. Then we lost three in a week and nobody skipped the beam after that. I still do not believe it does anything, but I touch it with the rest. It is easier than being the one who does not, easier than seeing their faces if I walk past and something goes wrong. There is comfort in shared lies.\n\nSome nights, when the backlot finally goes dark and the haulers are just hulking silhouettes, I think about those lines again. Standing for hours, thinking my life would start as soon as it was my turn at some grimy little window. Joke's on me. Turns out the window was just another gate, and instead of a clerk I got Rhea, leaning against a crate, telling me the Boys could use someone who knows how to listen more than she talks. I said yes because anything felt better than waiting. Now I listen to the hum of ships and the whispered codes and I try to decide if I am moving forward or just in circles around someone else's hidden moon.
1597	4625	1	BOOK/DESC	I keep telling myself the hum of the reactors is comforting, but tonight it just sounds like teeth grinding in the dark. PX-2395 feels wrong lately. Not dangerous in any clear way, just out of tune, like a grav ring a few RPMs off. Maybe it is just me. Maybe I am just tired.\n\nWe ran another inspection loop over the aft systems, Jonah Kincaid cracking the same bad jokes he always does about SysDef not paying him enough to climb into access trunks that smell like boiled suit liners. Marcus Hale laughed, but the sound caught halfway, like his throat had forgotten how. He snapped at Jonah later in the mess when the coffee ran out, slammed the mug so hard it chipped. Jonah went quiet, stared at the table. Nobody said anything until Sara Holloway changed the subject to a card game. Marcus apologized after, mumbled something about not sleeping. We all pretended that was enough.\n\nElena Marquez sat through all of it, that unreadable half-smile on her face. She has been like that more and more, hovering on the edge of conversations, not quite in them. When I asked if she was all right, she said she was just "processing the latest directive" and changed the topic to training rotations. That is the thing with Elena. She always has the right words, but lately they land a little too clean, like they were rehearsed.\n\nMira Chen stopped me in the corridor outside life support this morning, eyes red, hands shaking. Her brother on Jemison has some kind of respiratory issue, and the last comm burst from home said the waiting list for treatment is longer than the time his doctor says he can afford. Mira cried, really cried, chest-heaving, gasping sobs she kept trying to smother because "SysDef does not break." I held her till she stopped shaking. Later, Elena passed us and asked if there was "a situation." I said no, everything was fine. That was a lie and we all knew it.\n\nI keep thinking about my mother back in New Atlantis, stuck in that tiny apartment looking at the same patch of sky where Earth used to matter. Her last message mentioned "a little stiffness" that she brushed off, but I saw the way she moved her hand, how slow it was. If it gets worse, I am half a system away locked on deployment. I tell myself I signed up to protect people like her, that this distance means something. Then I remember how long it took us to respond to the last piracy report and wonder if that is true or just what we need to believe so we can sleep.\n\nThere is talk in the lower decks that some of our "abandoned" targets are not accidents at all, that ships like this one get left to drift on purpose when the politics get messy. Jonah said he heard at Gagarin Landing that a whole refit line got written off because "the numbers had to look a certain way" for a board back on Jemison. He laughed when he said it, but it did not reach his eyes. I file all of that under rumor, but rumor has teeth out here.\n\nI am starting to understand that if I wait for some perfect day to feel happy, it will never come. Between patrol logs and emergency drills and the soft, constant threat of being in the wrong place when somebody cuts a maintenance corner, there is not a lot of room for joy. Still, when Mira made a joke about us all retiring to a beach somewhere that does not exist, I laughed hard enough my stomach hurt. For a minute, I felt like I deserved to laugh, like all the nights cataloguing faults and double-checking seals might entitle me to something gentle someday. It felt strange, daring, almost wrong, to think I might deserve that.\n\nPart of me also wonders if I deserve whatever is waiting out here, good or bad. I have moved my share of reports to the bottom of the stack when it was easier. I have looked away when an order felt more convenient than just. Maybe that is just how the system works, and I am complicit. Maybe the universe does not keep score. But when the lights flicker just a fraction too long, when the hull creaks like a tired joint, I catch myself thinking, if something happens, did we earn it.\n\nTomorrow I am running another calibration check with Elena. She requested me specifically, said she "trusted my eye for detail." I should feel flattered, I guess. Instead I feel that little murmur of unease you get when a bulkhead reads within spec but your fingertips swear the metal is too warm. I keep telling myself it is nothing. That the truth behind all of this is simple: long hours, thin nerves, too much space and not enough answers. But there is a part of me that wonders if we are all just making it convenient to ignore what is really cracking under the paint.
1280	4641	1	BOOK/DESC	Could not sleep again, so I am burning power on this pad instead of staring at the ceiling of the berth and counting the weld seams.\n\nToday was simple on paper. Perimeter sweep, sensor recalibration, live-fire drill in bay three. The usual Outpost Nightwatch routine, where everything is squared away, logged twice, and no one ever admits they are tired. Darius runs the line like he was born with a rifle welded to his shoulder. Elena moves through a room like a ghost, calls her shots before she takes them. Watching the two of them on the range, you would think this outfit is clean, sharp, uncomplicated.\n\nThen you step off the firing line and everyone goes silent when the door to the briefing room opens.\n\nWe do not ask who paid for tonight's contracts. We just see the data packet, the route overlays, the "non-attributable" clause stamped in the corner. Marcus pretends he does not notice those seals, but I catch him flicking his eyes to them every time. Professional curiosity, he calls it. I call it a survival instinct. Men like us do not live long if we stop asking who benefits when the gun smoke clears.\n\nRumor in the mess is that one of our recent clients has their hands deep in frontier food shipments, moving more than manifests say they do. Darius says that is above our pay grade, to keep our noses in our own optics and out of corporate ledgers. Elena does not say anything, but she always takes her tray to the far table lately, back to the wall, eyes on the door. You can tell when a job brushes too close to something she has seen before. She gets that stillness, like she is waiting for an echo.\n\nWe ran escort last week on a convoy nobody wanted to talk about. Crates with the serials shaved down, cold-storage humming louder than it should, and a route that bent wide around any major hub. I asked the handler if we were hauling medical, he said "nutrients" and changed the subject. Since then, half the unit swears they saw dust signatures in the distance that did not match any of our own. Someone riding the weather, watching us without wanting to be seen. Might be nothing. Might be someone testing how close they can run alongside our paymasters without us noticing.\n\nOutpost Nightwatch has unspoken rules. You do not ask where the money comes from. You do not freeze your teammate out, no matter how much you want to. You do not miss a shot that matters. Break the first two and the work stops coming. Break the last and men like Darius and Elena cannot trust you on their flank. Trust is rationed out here more carefully than air.\n\nI keep thinking about that when the generators dim at night and the humming settles into something almost like quiet. About how much of what we do is built on the idea that the floor will stay under our feet as long as we follow orders and keep our optics clean.\n\nBut I have seen floors give way.\n\nI keep coming back to that station, years ago, when I was still green. Alarms screaming, bulkheads shaking like they were alive and trying to tear free. I had her in my arms, the only calm point in a corridor full of panic. She was laughing and crying at the same time, blood on her teeth, insisting she could walk even as the deck pitched under us. We held on to each other while the lights went out and the world sounded like it was tearing apart around us. Love and loss, tangled so tight I still cannot pull them apart in my head. By the time the noise stopped, she was gone and the corridor was just another twisted passage on a casualty report.\n\nSince then, every contract feels like a slow replay of that moment. Different walls, different clients, same question rattling around in my skull. How much of this is going to come down on our heads, and who am I going to be holding when it does.\n\nOutpost Nightwatch likes to act like we are above the places we work. Private, disciplined, detached. The truth is we live in the same air as everyone else. If these whispers about shipments and scorched farm belts are true, then whatever is turning soil sour out there will not stop at a perimeter line. It will find its way into our vents, our water, our mess trays.\n\nFor now, the ops board is full, the pay hits on time, and the only things we are allowed to kill are what show up on the briefing slides. Darius trusts the numbers. Elena trusts her instincts. Marcus trusts patterns in the intel that nobody else has noticed yet.\n\nMe I am trying to decide if I still trust the outpost more than I trust the feeling in my gut that we are walking the edge of another collapsing corridor, waiting to see who we will be holding when the lights go out.
1021	4668	1	BOOK/DESC	I used to mark time in survey windows and burn limits. Thirty seven minutes over the pole, ninety to grab atmosphere reads, three hours to convince some overworked clerk on Queue Row that the numbers did not justify delaying a hundred people's lives another year. Now I mark it in how often I have to move the ship before someone notices the gaps I left in their records.\n\nThe first crack was not dramatic. No one fired a shot. I filed a risk assessment on a little rock with too much dust in the air and not enough water under the ground. The models said marginal, high failure chance with the prefab kit they were budgeting. I wrote all of that down. I watched the board stamp it "pending." Next month I saw the same coordinates come back through as "revised, approved" with my risk section overwritten by someone who had never set foot outside an office. Six months later I listened to the distress calls taper off from that place, the way the signal starts clean, then ragged, then just static. Officially, that outpost was "lost due to unforeseen conditions." Unforeseen, my ass.\n\nPeople think I ran for profit. Some of it is credits, sure. Spacers will pay for a line that does not end in a waiting room. Settlers on their last shot will pay for a valley that has not already been promised to three different corporations. But the real reason I fled the nice clean desk was the day I realized I had become the excuse for other people's shortcuts. My name under approvals I did not write, my models cited to justify landings I would never have signed off on. Either I scrubbed myself out of that machine, or I let it keep eating people in my handwriting.\n\nHearthline was the one I cannot stop circling, even out here. Early job, early mistake. On paper it was my model that greenlit it. In my memory, I never cleared it. Somewhere between those two truths is a file someone erased and a radio log I still hear when I am too tired to keep the noise out. That is the day "safe enough" stopped sounding like anything but a lie.\n\nSo I built something else in the margins. A network of almost worlds and hidden valleys, places I had run numbers on and then watched get buried under "administrative complexity." I started selling what the queues would never reach. One family here, three ships there, coordinates slipped across a bar in Neon's Underbelly or whispered beside a rusted gantry in Akila. Every time it worked, it felt like stealing something back from the people who thought they owned the grid. Every time it failed, I added another waveform to the archive and told myself I would do better next time.\n\nThey say I am dying. Maybe. Radiation is not a rumor. Some days my hands shake when I draw a nav line, and the cough tastes metallic. Healing, if you can call it that, has started to feel like nothing at all. There are mornings I wake up and the guilt is not clawing at my ribs, and for a second I wonder if that is progress or if I have just gone numb enough to function. Numb enough to move the next group, adjust the next manifest, pretend the archive of lost signals is just data and not voices I knew by name.\n\nThis canyon I am in now was always supposed to be the last experiment. Kade's Pocket, they started calling it when I was not listening. The numbers are right water, shelter, decent soil, tight approach vectors easy to hide in shipment noise. I routed just enough cargo here to keep them alive without drawing a straight line any idiot could follow. It made sense as a final proof of concept a place the big powers could not revoke with a signature. If I can get this one truly self sustaining, truly off every chart, then maybe all the compromises and corpses in my wake add up to something other than a crime.\n\nWhat I am afraid of is not the bounty hunters or the suits sniffing around my old logs. It is that someone will crack the pattern and decide to copy it without the hesitations. No risk models, no sleepless nights over weather anomalies, just raw throughput. I bent the grid to feed people I thought the system was throwing away. There is nothing stopping someone else from bending it to make themselves king of a valley they did not earn.\n\nSo I keep moving between the canyon and the junkyards, between the farmers who swear they owe me everything and the brokers who know exactly how much my head is worth. I keep hoarding transmission ghosts and half erased jump plans, telling myself that if I can just finish this one hidden settlement, just once get everyone in and stable and safe, then maybe I will have earned the right to lie still long enough to feel something other than this thin, dangerous calm.
1055	4688	1	BOOK/DESC	The barracks are finally quiet, which means Caleb has stopped pacing his corner and Naomi is off somewhere pretending she sleeps more than three hours a night. Forward Shadowline breathes different after lights-out; the air cools, the hum of the recyclers gets louder, and all the unspoken rules settle in like an extra blanket. Keep your kit squared away. Keep your mouth shut. Never draw attention unless you are being paid to. We have written versions of that on paper, but it is the unwritten ones that bite. The ones you learn watching what happens to people who forget their place.\n\nI keep thinking about the tap in my old rental on Cydonia, how the drip used to drive me insane. Thin metal walls, one noisy neighbor who blasted music through shift-change, and that idiot faucet that ticked every ten seconds like it was keeping time on my patience. Back then, I thought if I could fix the leak, get the neighbor to shut up, things would feel manageable again. It is ridiculous now, how big those problems felt when I still had a name that was just mine and not a line on a client roster.\n\nMy partner back then liked that version of me the one who organized bills, arranged appointments, smoothed over every rough edge so he did not have to. His needs filled whatever space was left in the day. Shift meals when he felt like it, calls when he felt like talking, long silences when he did not. I watched myself get small around that, turning down drinks with colleagues, skipping range time, telling myself I was being supportive. Little by little, whatever I wanted got filed under "later," and later never showed up. By the time I realized how much ground I had surrendered, there was not enough of me left to argue with.\n\nIsolation sneaks up the same way. It started as "I am too tired for drama" and "I will see them next week," until eventually the only people I could stand being around were the ones I was fired at with. Easier to eat alone than to listen to friends tell me I worked too much, or that he did not deserve the way I bent my life to fit his. Easier to ghost them than fight about it. So the calls stopped, the messages thinned out, and one day my contact list was mostly logistics officers and armory techs. At least they only wanted signatures and serial numbers.\n\nFunny thing is, one harmless decision did more to change my life than all the big, tortured ones. I stayed late one night to help a logistics clerk sort a misrouted weapons crate, because I was already there and it felt good to be needed for something that did not involve emotional triage. The crate had the wrong routing code, wrong destination, but everything else screamed someone important wanted it to vanish between depots. I flagged it as a simple error, wrote a short note, thought I was being thorough. A week later, a representative from Forward Shadowline "coincidentally" requested my transfer record. Turns out thoroughness is a good way to wind up on the radar of people who pay for that kind of thing.\n\nWe keep examples close in this line of work. The guy who double-billed a low-profile client for ammo and fuel, thought no one would notice. They did. He came back from a debrief with a busted jaw and a reassignment to a deep-space escort route nobody wanted, the kind that does not always log your return. The woman who kept asking why our last target list shifted mid-mission lost her next contract to a "performance review" and now works security for some mid-tier mining outfit. Discipline here is not all written reprimands and lost bonuses. Sometimes it is a quiet word in the right ear that your name no longer appears on shortlists.\n\nCaleb plays the game better than I do. He knows when to nod, when to ask questions, when to pretend he did not hear the rumor about a rescue ship that never made it to a beacon it should have. Naomi carries the data in her head and pretends it is just numbers. I am still learning the balance walking the line between noticing too much and not enough, between being the kind of contractor they cannot do without and the kind they decide is thinking too hard for her own good.\n\nTonight I can hear the plumbing in the wall behind my bunk ticking in uneven bursts, almost like that old faucet. It is faint, but once you notice it, you cannot unhear it. That is what this work feels like: once you notice how the routes bend, how the accidents line up with the payouts, how certain names turn into vague gestures mid-sentence, you cannot go back to pretending it is just noise. So you either learn to live with the drip or you start taking things apart, piece by piece, hoping you can fix it before something important cracks.
1554	4746	1	BOOK/DESC	Day 184, by my count  \n\nThe bunk smells like solvent and cold metal again. Jonas swears he can still smell propellant from the old days, but I think that is just memory clinging to the walls. Bloodied Unit rotates ships like other people change socks, yet somehow every hull feels like the same barracks they locked us into before they cut us loose.  \n\nI spent half the evening stitching up that old field jacket. Same one I got issued before the last planetary siege, seams reinforced three times over, patches on patches. Not because I cannot requisition something new. Because my hands do not know what to do with downtime unless they are mending something that already survived. Caleb watched me at the table, boots up, pretending not to notice the way my fingers shook on the heavier thread. He offered me a new set of fatigues once, fresh from some depot we "reallocated" from. I told him broken things are honest, at least. New fabric lies about how long it plans to stay.  \n\nElena came back from a meet with our latest benefactors with that look again. Eyes too bright, jaw too still. She does not say much about what they want from us, only that it is "close enough" to what we used to do. Targets labeled "noncompliant," grid squares pre-approved for cleansing, rules of engagement phrased nicely so no one has to write the ugly words down. Orders used to come in that same polite language. We all remember how those ended.  \n\nMara has started laughing more. That should be good news. It is not. In the mess today she was doubled over at some joke Jonas made about an old op, something about losing count of bodies when the drones glitched and fired twice. Everyone joined in, but the sound was wrong, all sharp edges and teeth. No warmth in it, just the kind of laughter that says the only other option is screaming. That is how it has always been with us. Even before we walked out, nobody laughed because something was funny. We laughed to prove the horror had not cracked us yet.  \n\nI keep thinking about that last classified strike they swore never left the briefing room. The one where the maps did not match the satellite feeds, and the civvie comms conveniently went quiet right before we dropped. I remember the colonel closing the door, telling us the blackout was a "routine safety measure," that collateral was "within tolerance." After, when the aerials leaked, someone somewhere just changed the numbers and signed off. Caleb says I should let it go, that we did the job we were built for, that the ones who signed the papers are the ones stained, not us. But they are not the ones waking up with dust in their teeth and the taste of burnt plastic in their mouths.  \n\nWe tell ourselves we left because command betrayed the oath first. Because they turned us into a clean-up crew for mistakes they intended to make. Because we were tired of the debriefs where every inconvenient fact was "reclassified" and every doubt was "operational stress." All true, in pieces. None of it explains why I still line my boots up by rank every night, or why I still check my locker three times before lights-out, like a sergeant is going to throw it open and scream about inspections.  \n\nSometimes I watch the others when they think no one is looking. Caleb still checks his rifle like a priest with a relic. Jonas paces deckplates counting under his breath, same cadence he used walking perimeter in the rain, waiting for artillery that never came. Elena folds and refolds her sleeves so her old unit tattoo just barely shows, then disappears again. Mara sits with her back to the wall, eyes on every exit, fingers working invisible triggers. We are all still in uniform, even stripped of patches and rank. Just changed who we answer to.  \n\nWord around the crew is that tonight s run is not just another smash-and-grab. The way the brief was worded, the way our contact avoided looking anyone in the eye, the way the coordinates line up a little too neatly with an old restricted corridor. Feels like we are circling back to something they tried to bury under red tape and sealed files. We pretend we are in this for the pay, for the freedom, for the chance to choose our own targets. But every one of us heard the same thing in that briefing: the echo of an order we already disobeyed once, and the knowledge that this time, if we follow it, there is no court-martial waiting on the other side. Just us, and what we can live with.  \n\nI patched the last rip in the jacket and ran my thumb over the crooked stitching, all the places I have had to pull it back together. It is ugly work, but the fabric holds. I wonder how many more times we can do the same thing to ourselves before something finally gives way for good.
1688	4771	1	BOOK/DESC	I keep telling myself I will not write on duty days, that I will sleep instead, but sleep on this ship is a rumor like everything else.\n\nFX-1555 feels emptier every week. The hum in the bulkheads is the same, the same flicker in corridor B7 where the lighting panel never got properly refit, the same stale coffee smell outside the mess, but the spaces between people are widening. Marcus Ellison has stopped lingering after shift change. He logs his reports, nods to whoever is at the console, and vanishes into the bow end of the ship like he is afraid someone will ask him what he has been doing in the data archives.\n\nToday was inventory day again. I spent four hours in Storage 3A scanning crates that have not moved since before I transferred aboard. Structural, titanium, adhesive, microcells, all lined in their neat little slots while the tags on the manifests tell a different story. I had to correct three serials on cargo modules that were logged as "expended" but are very much still sitting on the rack. Paper ghosts, Julian Mercer calls them. He tried to make a joke about them forming a union and demanding better lighting. I laughed because it was easier than saying that paper ghosts do not misfile themselves.\n\nAdrian Kovacs asked me to help re-sort the emergency med kits along the forward passage, said he trusted my eye for "fussy details." It was an excuse to walk the long route and feel the ship beneath our boots, I think. We checked expiry dates, counted trauma packs, made sure the digipicks in the secure box were still sealed. Mundane work, comforting in its own way. On the way back, he stopped by the observation port, stared at the scatter of debris outside, and asked if I believed in coincidences. I told him that on a ship like this, coincidences are just paperwork that has not learned how to confess yet.\n\nIn the mess, between shifts, I taught Lena Hartmann how to fold the little paper boats my grandfather taught me. He used to sit by the window on wet monsoon afternoons and make a fleet on the table, say every ship deserves someone who remembers the people before the metal. Lena's first few tries were crooked, edges not quite lined up, but she kept at it, tongue between her teeth, until one sat properly on its own. We floated it in a cup of water, just for a moment, then flattened it and tucked it behind one of the status panels on the mess wall. "A secret harbor," she called it. It felt ridiculous and sacred at the same time. Out here, someone has to remember the quiet, stupid human things.\n\nAnd then there is the other secret, the one I wish I had not seen.\n\nYesterday, I was rerouting a minor power alarm near the auxiliary records room. The door was half-closed, the way it always sticks on the track, and I heard Marcus inside with someone on a secure line, voice low but clipped in that way he gets when he is pretending not to be angry. I know it is wrong to linger, but I did. He was reading out registry numbers, civilian hulls, and whoever was on the other end was confirming "resolution" dates that do not match what I have filed in our daily logs. I recognized one of the names, a hauler we escorted through a supposedly quiet corridor last month. In our system, it still shows as "en route." On the line, it was "closed."\n\nWhen he came out, he almost walked into me. For a heartbeat his eyes were wide, like I was an airlock he had forgotten to seal. Then he smiled, asked if I had fixed the flickering panel yet. I said yes, even though I had not. After he left, I slipped into the room. The comm was closed, of course, but the auxiliary console still carried the residue of his access. There was a list of hull IDs with a watermark from an insurance consortium I do not recognize and a notation in the margin: "Claims synchronized with combat logs."\n\nIt is not my place to question fleet business. That is what Lena says when I bring up oddities. That is what Julian says, quieter, when he thinks I have pushed too far. But I keep stumbling into these little misalignments: crates that exist but do not, ships marked safe that whispers say never made port, beacons that pass through our lattice and then fall silent. If I put all of it together in the open, I would be accusing people I share air with of pretending metal is more valuable than the names attached to it.\n\nSo instead, I teach paper boats. I check inventory twice. I reroute minor alarms. I press my hand to the bulkhead sometimes and remind myself that FX-1555 is just a vessel, not a judge. The people making decisions sit behind screens somewhere else. Still, I cannot unhear those registry numbers in Marcus's voice, cannot unknow that in some other ledger, ships we were supposed to watch are already considered gone.
1614	4806	1	BOOK/DESC	I keep telling myself I will not use the shipboard log as a diary, and yet here we are again, hiding a personal file in an auxiliary maintenance folder because the official channels feel too clean for real thoughts. The hum from the forward capacitors is running half a tone higher tonight and it is driving me mad; engineering says it is within tolerance, but when you sleep three meters from the bulkhead it is like someone whispering a question you cannot quite hear, over and over.\n\nDinner was the same lukewarm UC BattleMeal slurry they have been cycling all week. Darius tried to joke that it tastes better if you do not look at it, which is true of most things on SysDef deployments. Elena just shook her head, stabbed the packet once with her fork like she was arresting it, and ate in silence. We all pretend the rotating menu is still working, but the reality is the cook is as tired of the requisition system as the rest of us.\n\nOn my way back to quarters I almost tripped over someone's mislaid toolkit in the starboard corridor again. I am ninety percent sure it is Darius leaving it there when he goes chasing sensor ghosts, but he swears it is not his. The locker door beside it has started to squeak every time it opens, and nobody has logged a repair request because the noise has become a kind of roll call; if you hear it, you know someone is still moving around on this graveyard shift.\n\nRhea stopped by earlier, looking more wired than usual. She had that half-smile she uses when something is bothering her and she does not want to admit it. We ran another drill in CIC today, and she kept glancing at the boards long after the scenario ended, like she expected real contacts to start populating the tactical grid. When I asked, she said she had been reviewing some "old pattern analysis packages" the brass pushed down from a data vault on New Atlantis. Then she changed the subject, asked me about my coffee stash instead.\n\nI taught her how my father used to make chai when I was a kid, or as close as you can get to it with shipboard supplies and a tolerance for improvisation. Heat the water until it just thinks about boiling, not a bubble more, then in go the spices, then the cheap tea last. She let me guide her hands on the pot so it would not scald, and for a moment it felt like something fragile and old was still alive out here, something not written in protocols or transfer orders. Funny, given how often I promised myself I would not be like him.\n\nMy father believed in uniforms with a kind of religious conviction. He used to say that if you wore the flag, you did not get to ask what the numbers meant, you just made sure the line held. We stopped talking after I questioned one of his deployments, asked too many whys and not enough yesses. Signing on with SysDef felt like both a rebellion and an apology, as if I could prove service did not have to mean blind obedience. Now I look at some of the models we are fed, the way resource flows and "acceptable losses" get packaged for us, and I hear his voice telling me this is just how things work.\n\nThere are whispers on ZT-7430 that someone has been blending financial data with our engagement sims, that some analyst from the core came up with a way to tell which routes can be "stressed" without anyone important noticing. No one says it out loud over comms, but I have caught Elena and Darius lowering their voices in the corridor when the topic veers too close to certain convoys, certain colonies whose names only show up in tiny print. It is all rumor and half-heard snippets, yet the pattern sits at the edge of my vision, like a contact you are almost sure is there but the scope will not lock.\n\nI keep finding my thoughts circling around Rhea when they should be on duty rosters and diagnostics. She laughs at my bad jokes, lingers a second too long when we pass in the narrow ladderways, but she is also the one pulling double shifts in CIC, eyes flicking between threat indicators and those mysterious "analysis packages." Part of me wants to trust her with what I am starting to see, to ask if she thinks we are still just hunting pirates and smugglers. Another part is terrified that if I say it out loud, she will either report me up the chain or worse, agree completely.\n\nSo I nod at the right people, share polite small talk outside the mess, complain about the squeaky hatch and the cold meals, and pretend I do not notice how often our course brushes close to certain trade corridors that have been "flagged for observation." The ship keeps humming, slightly off-key, and everyone pretends not to hear it. I am still trying to decide which I fear more: that my father was right about what service demands, or that he was wrong and we are all just numbers in someone else's ledger.
973	4809	1	BOOK/DESC	I keep telling myself I am done apologizing for things that are not my fault. Airlock jams, bad coordinates, a cut line that fails because the cable was already half-rotted when we got there. Somehow it still comes out of my mouth on reflex, like sorry is just another tool hanging off the belt. Riya Calder calls me on it more than anyone. Says if I keep owning every mistake in the hullborn radius, the Collective will happily let me carry all their ghosts too.\n\nDay-to-day is the same grind. Wake up to stale coffee and stale jokes, stand lookout on the scopes while someone else gets the fun of suiting up. Run courier runs between our tug and whatever station still lets us dock, shuttling parts, paperwork, and promises. Then back to waiting for orders that might never come, watching the job board flicker while the old hands mutter about how the graveyards are getting crowded with bigger, better-funded crews. Half the life is anticipation; the other half is pretending you are not counting the minutes until something breaks the monotony.\n\nLast month twisted things more than I like to admit. That failed pull on the SysDef wreck left a crack in the crew you can feel in the air. We came back light on salvage and heavy on questions about who leaked coordinates, who cut corners on the mag clamps, who conveniently forgot to log the extra crate drifting off our stern. Now every argument over salvage rights feels like it has teeth. Folks who used to share a drink just share side-eye. You stand at the mess table and you can feel everyone running numbers on how much they trust you compared to how much you might be worth cutting loose.\n\nJealousy eats at people in small bites. I saw it with my last partner in the rigs. A few lucky finds with Riya, a few extra credits, and suddenly every routine difference of opinion turned into a minefield. Why did we choose that hulk and not this one Why was I always on the good runs These were questions I could not answer without sounding guilty, even when there was nothing to confess. When it finally blew up, we both said things we cannot take back. I caught myself apologizing again, out of habit if nothing else, and hated myself for it all the way back to the bunk. Isolation started to look simpler than trying to convince someone I was not stealing their future one job at a time.\n\nNow I keep my circle small. Riya on the line when I can get her, because she has this way of laughing at the void that makes it feel less hungry. A couple of riggers I trust to double-check a weld without trying to knife me for the bonus. The rest I nod to and keep my stories polite. If I let them in, I hand them leverage. Out here, in orbit around rusting bones, that can be more dangerous than a bad seal.\n\nEvery time we hook a derelict, somebody brings up the ghost-ship tales. Crews vanishing mid-burn, freighters that left port on full tanks and never pinged a lane beacon, an old LIST convoy that arrived days early with fuel they should not have had. Lately there is this one story about a navigator who can thread ships through gaps nobody else sees. Some swear they found her mark on a chart on a dead hauler; others say she slipped a whole Crimson Fleet wing past SysDef and left their patrols swinging fists at empty space. You hear that enough times and start wondering how many of these so-called mysteries are just clever math you are on the wrong side of.\n\nThe paranoia after that botched job made everything worse. Someone swears they saw an extra route file in the nav cache. Someone else says the traffic control timings were wrong, like they had been nudged just enough to leave us hanging without cover. Nobody can prove anything, so we circle each other with forced smiles and inventories that never quite add up. It is hard to admit that what really scares me is not sabotage, but the idea that some invisible hand is rewriting the lanes and we are just crawling along behind with torches and cutting gear, picking over the leftovers of decisions made far above our heads.\n\nThere are nights, strapped into my rack, where the hum of the engines feels like it is pushing us toward something we never chose. I think about everything I have said sorry for, every time I let someone else frame me as the problem because it was easier than a fight. Out here, in the graveyards, the metal does not apologize. It just breaks, or it does not. Maybe that is the lesson I am supposed to drag out of all this; stop taking blame that is not mine, stop letting other people write the route for me. But then the klaxon sounds, and orders come down, and I find myself in the airlock again, one hand on the helmet, the other smoothing things over with a joke and a half-hearted apology for snapping earlier. Old habits cling tighter than vacuum.
1043	4854	1	BOOK/DESC	I used to think the worst sound in the world was incoming fire on a bad approach vector. Turns out it is boots walking away down a metal corridor after you have run out of words and excuses. I can still hear her heels on the deck, sharp little taps fading into the hum of the recycler, back when the Guard was still pretending to be a "temporary regrouping." Riley never once looked over her shoulder. She did not need to. Every promise she ever made had an edge on it, like a blade you check with your thumb. Stay with me, she said. I will keep you alive, she said. There was always an unspoken or else hanging in the air between us, as clear as any mission brief.\n\nDamon says that is what command does to people, grinds everything down to leverage and compliance. Maybe he is right. Maybe that is just who we were even before the uniforms. I do not know anymore. I remember the last real op before we bolted, smoke still hanging in the carrier bay, Kade tossing his helmet hard enough to crack the visor, Riley and the colonel trading those quiet, poisonous smiles. The official line was that the civilians we evac'd "succumbed to complications." Off the record, half the squad heard a different body count over the secure channel. I signed that after-action report anyway. I signed it knowing it was a lie, and I did it to protect Riley. That is the part that keeps me up some nights how easy my hand moved, how natural it felt to bend the truth around the one person I could not stand to lose.\n\nRenegade Guard likes to talk about honor now, like we dragged it with us when we walked. We still run patrol drills, still clean weapons on rotation, still snap to Kade's hand signals without thinking. Same discipline, just with the serial numbers filed off. But there is a hum under everything, a quiet question: who is watching whom. Erin sleeps with her rifle mag'd and safety off, even inside the perimeter. Damon logs extra hours on comms "for security," which really means listening for whoever might be bargaining us away. I wake up each day with that half-second of blankness before the old training kicks in, and in that space, the thought is always there like a reflex someone in this outfit is already doing the math on whether I am worth more as a partner or as a problem solved.\n\nI catch myself studying people the way I used to study threat boards. Riley taught me that, too. Check posture, check tone, check where their eyes go when they think no one is looking. I saw her flinch the first time talk of desertion stopped being hypothetical. Saw the way her jaw tightened when Kade mentioned the "incident" that never made it into our records, the one that turned a clean op into a burial detail. I knew then command had dirt on her, enough to pull her back if they wanted. Maybe that is why she walked away from me that night in the corridor. Maybe she decided I was a liability when my conscience started leaking through the cracks.\n\nThe rumor mill says our last unit still runs deniable work, same insignia, different colors. I hear they are using some of the same tactics we pioneered, but stripped of the restraint we used to cling to on the bad days. Every time I picture them in the field, I wonder if my name still sits on a list somewhere as "recover" or "neutralize." And then I look at the people around me Damon drafting contingency plans, Erin cleaning her rifle with that distant expression, Kade mapping extraction routes none of us asked for and I realize it does not matter where the bullet comes from: old command, or one of our own with a clearer idea of "acceptable risk."\n\nI try not to think about the day I walked away from Riley. About the way she did not follow, did not call after me, just let the silence harden. We had just finished shouting at each other over whether to turn in the data chip that proved what really happened in that village. She wanted leverage. I wanted out. I told her I destroyed it. I did not. I hid it. I lied to the woman I loved to protect people I will never see again, and I did it like I had been doing it my whole life. Maybe that is what we are now liars with good aim, still pretending we are better than the ones who issued us our first rifles.\n\nSome days I imagine finding her on some burned-out rock, both of us older, slower, pretending we do not have scopes trained on each other from the first moment. Other days I half expect her to step out of the shadows in our own camp, that same surgeon's gaze taking inventory of my weaknesses before she smiles. Until then, I keep my pistol within reach when I sleep. Not because I fear the next contract, or whatever ghosts of command might finally decide to clean house. I fear waking to the soft sound of familiar boots on metal, and realizing they did not come back to keep any of those sharp little promises they made.
1757	4857	1	BOOK/DESC	Did a gear check twice tonight and still do not trust the rifle. Nothing wrong with it on paper, zeroed, clean, no carbon in the bolt. It is everything around it that feels off. New contract, partial brief, too many redactions for a "security support" op. Division Garrison likes to say we are not mushrooms, but they still keep us in the dark and feed us canned lines about "stability services" and "deniable presence."\n\nRios laughed when I said that in the armory. She always laughs too loud right before a bad deployment. Says if they are paying hazard rates, it is not our job to ask what is really in the crates or what those remote survey stations were really relaying. She is not wrong. Pay clears on time, armor upgrades show up when requested, med coverage is better than half the regular militaries out here. But even Rios got quiet when the handler mentioned "crowd behavior contingencies" and that we might encounter colonists "under chemical influence." Never heard them phrase it that way before.\n\nThere is a rumor moving through the bunks that some of the unrest we keep getting sent to "contain" is not natural at all. Tavi swears she saw blood panels on a tablet once, levels all wrong for any known stim, and the doc just turned the screen away and changed the subject. Someone else claimed a UC liaison had an off-the-books file open with our next AO circled, same AO that supposedly had a "farm accident" last quarter. Nobody admits they have seen the reports firsthand, but everyone has a cousin or a friend in some militia who has. Funny how that works.\n\nThe unit rule is simple: keep your eyes open, mouth shut, and questions strictly off record. You talk in the gym, under the noise of the old treadmills. You talk in the motor pool with the fans going. You do not talk in briefing rooms or near any console that looks newer than the paint on the walls. Division Garrison is professional, no question, but it has layers. The shooters and techs like me on the outer ring, logistics and intel on the next one in, and then that little hard core of handlers who never joke and always know three answers more than they will give.\n\nSometimes I wonder how I ended up here instead of back on Grav Street, leaning against a busted groundcar with friends, watching the sky flicker in a storm and doing absolutely nothing. We used to sit in that half-abandoned lot behind the old mall, passing a bottle, drawing futures in the dust with our boots. One of the rooftops nearby had a rusted-out air conditioner we used as a throne; you could see the whole block from there and it felt like a kingdom even though it smelled like hot metal and cheap beer. There was that dead park with the broken swing set too, where the lights never got fixed and the only thing moving after dark was us. No grav drives overhead, no non-disclosure clauses, just the sound of insects and somebody's old music bleeding through apartment walls.\n\nNow my forgotten places are cargo bays between contracts, or the little maintenance catwalk above the firing range where nobody bothers to look up. I sit there while the others clear drills below, listening to the rhythm of automatic fire and trying to decide which of them I would actually trust if something went sideways. Rios, yes. She has that steady-center thing, knows when to push and when to duck. Our new comms specialist, I am not so sure. Too friendly with the liaison, too quick to shut down a conversation when it veers toward "why are they really paying us to stand between angry farmers and off-world suits."\n\nThere is talk that our next tasking involves a settlement that has not technically asked for help. "Preemptive stabilization," the handler called it. That is a nice phrase. Means someone with money is nervous and does not want official uniforms anywhere near the problems. We go in with soft IDs, "commercial security," patch a few leaks, make sure nobody looks too closely at air intake systems or the odd way tempers spike whenever the wind shifts. And when it is done, we stand down, debrief, and pretend we did not notice that the casualty lists never quite match the population numbers we were briefed on going in.\n\nPart of me still likes the clarity of this work. Target, perimeter, fields of fire, clear communication. A simple math problem with variables you can influence. But more and more, the variables feel like people whose nerves were rewired by something no one is willing to name, and we are the ones paid to stand in that mess and call it order. Rios says do the job, take the credits, live long enough to walk away. She might be right. Still, on nights like this, I can almost smell those old parking lots again, hot asphalt and fried food, and I wonder what it would feel like to be bored on a rooftop instead of alert in a war I am not allowed to admit exists.
1536	4884	1	BOOK/DESC	I used to think boredom was something you grew out of.\n\nBack before contracts and hazard pay, it was just me and a couple of kids from my block, haunting forgotten places with nothing to do. We would sprawl over cracked concrete in an old parking lot, climb rooftops we had no business being on, kick gravel through dead parks where the swings only moved when the wind bothered. We had no credits, no plans, just cheap drinks and cheaper games on a shared hand-terminal. I remember thinking that if I ever got out, really out, life would stop feeling like waiting.\n\nTurns out waiting just got better uniforms.\n\nHotel Hardstrike has its own vortex of dead time. Long stretches of lookouts, courier runs, standing in corridors that smell like cleaning solvent and recycled air, watching doors that never open. Today was one of those days: stand fast, stay dressed, weapons cold, comms on, orders "imminent" for twelve hours straight. Damian kept pacing the same five meters of corridor until Caleb threatened to weld his boots to the deck. Lena just sat on the crate stack, tuning her rifle like it was a stringed instrument, eyes somewhere far beyond the bulkhead.\n\nI filled the gaps the same way I always have. Took apart an old comm beater from the equipment bin, scratched schematics on my forearm with a grease pen, tried to coax another few hours of life out of a board someone else had already written off. There is something calming about tiny screws and tracing burnt lines with the tip of a knife. Circuits at least make sense; they fail for reasons you can see.\n\nPeople are different.\n\nThere is a moment I keep coming back to. Different ship, different job, thin corridor lit by emergency strips. Fire behind us, pressure doors not far enough ahead. We were moving in single file, smoke clawing down our throats, when the blast wave hit and dropped half the squad. The deck heaved, lights went dark, the world shrank to red status glyphs and the sound of someone screaming through a helmet. I felt a hand clamp around mine, iron-tight. No romance in it, no comfort. Just reflex and terror. I squeezed back so hard my knuckles hurt for a week afterward. Later I realized it had been Lena. We never talked about it. In this line of work you pretend you do not need anyone that close, even when your grip says otherwise.\n\nI skipped my first real job to follow a man I barely knew. Should have been at a loading dock on some frozen rock, counting crates and pretending that was a future. Instead I watched this ex-military type a friend of my brother's walk into a bar, and on impulse I tailed him. Spent the whole day leaning in the shadow of a bulkhead, listening as he talked to a recruiter about what "contract work" meant: better pay, cleaner kit, risk you chose instead of risk handed down by people who would never bleed. That man never remembered my face, but he changed my trajectory more than any teacher I ever had.\n\nNow that I am here, sitting under the Hotel emblem with a rifle that probably costs more than my entire childhood block, I see the seams he did not mention. The quiet politics in the mess who sits with who, whose contracts are up for renewal, which names get spoken soft because someone upstairs likes them. Caleb plays the loyal company man, but his eyes always track the exit routes like mine do. Damian talks about "career arcs" like this is something you retire from. Lena keeps a little mental wall around herself that even a blast charge would not breach.\n\nAnd then there are the whispers.\n\nSomeone in Logistics swears one of our data escorts bounced through the same ghost traffic that has been wrecking haulers out on the frontier. A medic mentioned hushed orders to sign off injuries as "training accidents" after a job that was definitely not training. One of the comm techs thinks we have done at least one contract for people who caused the very incidents the news feeds paint as unavoidable. Nobody wants to chase those threads too hard. We live on those credits. We are the knife; we do not ask who drew the outline.\n\nSo the days blur: lookouts, courier runs, waiting for the ping that throws us into somebody else's crisis. I fix broken gadgets, sharpen blades that are already sharp enough, play stupid games on an old slate until the battery gasps. Sometimes we gather on the top level of whatever hab they have stuck us in and stare out at whatever passes for a skyline city lights, station traffic, or just a smear of stars. It feels just like those old rooftops and parking lots, the same empty hours, only now we are all pretending the next call will finally make it feel like it adds up.\n\nMaybe that is why I write any of this down. Not for a record, not for anyone else. Just so there is something in here that is mine, that was not issued, contracted, or requisitioned.\n\nSomething that is not waiting.
1595	4972	1	BOOK/DESC	I do not know why I still write these. Habit, I guess. Something about putting it down in words makes the day feel like it belonged to someone, even if that someone is just a name on a contract.\n\nWe rotated back from overwatch three hours ago. Alpha Warfrost standard: strip, scrub, log your ammo, sign the debrief, act like nothing under your skin is still shaking. Kade did his usual quiet sweep of the ready room, eyes on everyone's hands, not their faces. He trusts fingers more than smiles. Rhea was already running sims, chasing the last half-percent out of a breach route we might never use. That is how this unit breathes: always rehearsing for the thing that might not happen, so that when it does, nobody has an excuse.\n\nNo one said anything about what floated through on encrypted tonight, but you could feel it. Longer contracts. Deeper space. Someone rich enough to keep their name off the brief wants deniable assets near corridors that do not officially exist. The talk in the armory was all half-jokes: "escort duty," "routine security," like we do not all hear the way veterans say those words and then fall quiet. I heard Kade ask Rhea if she had ever flown close enough to see derelicts hanging in the dark, lined up like markers. She did not answer. Just checked her rifle latch again.\n\nI remember the first time someone offered me protection in exchange for loyalty. Not here. Back in the low decks, when I was just another skinny kid who knew how to keep his head down. Boss man with perfect boots told me I could eat regular and sleep without watching the door if I ran errands and never asked questions. I said yes like I meant it, squared my shoulders and tried to stare back like I was made of metal. Inside, I felt like glass. I learned quick that if they smell fear, you stop being a person and start being inventory.\n\nThat lesson travels well. In this outfit, the armor is not just ceramic and plating, it is the way you walk into the ready line like you have never missed a shot. The way you pretend firing drills and live fire feel the same. Loud noises or sudden movements still flip something in me, even now. A dropped crate, a misfired test charge, somebody slamming a locker, and my hand is halfway to my sidearm before my brain catches up. Saw Rhea clock it the other day and look away like she had not. Courtesy, mercenary-style.\n\nThe unit talks a good game about brotherhood, but the unspoken rule is simpler: you are what you deliver. Protection is measured in how many times your fire keeps the others alive, how reliably you hit the mark and keep your mouth shut about the things you see on client ships you should not. There is a rumor that one of our upcoming contracts is not about guarding cargo, but about steering it off-course, making sure it never makes a scheduled stop. People pretend they do not believe it. People also clean their weapons more carefully these days.\n\nSometimes I catch myself wondering if I even deserve peace after everything I have done for other people's ledgers. Doors kicked in that did not need to be. Targets whose eyes said they were messengers, not monsters. There is a tally in my head and it is not written in numbers. Nights like this, when the barracks finally go quiet and the humming of the recycler is the loudest thing around, I do the math and come up short.\n\nIt does not help that off-mission, I have a bad habit of disappearing into whoever stands closest. Last partner taught me that lesson the hard way. She liked the idea of a soldier more than the man under the armor. Her needs were always louder, always urgent. What she wanted me to be, where she wanted us to live, who she wanted me to cut ties with. I said yes to all of it until one day I realized there was nothing left in the mirror but her choices wearing my face. When it ended, all I had left that felt like mine was the recoil of a rifle and the way my squad said my name on comms.\n\nKade tells me we are professionals, not heroes. Rhea says the only thing that matters is that when the hatch blows and the air turns to static, we do exactly what we trained to do. They are not wrong. Still, lying in my bunk with my ears tuned for the next alarm, I can almost feel the shape of something else I used to want before the contracts and the noise. Something softer, slower. Then somebody drops a tool two bays over, my heart jumps like a round just cracked past my head, and I remember who this life made me.\n\nMorning rotation in four hours. Another briefing, another client who treats us like a line item with guns. Maybe this next run is just escort work out by some dead refueler, like the chatter says. Maybe it is something darker, a job where navigators do strange things with paths and certain ships just never check in again. Either way, Alpha Warfrost marches, and Jaxon Hale keeps his hands steady and his voice level, because around here you do not survive by being the one who blinks first.
1348	5094	1	BOOK/DESC	I keep telling myself I am going to stop writing these on company time, but the ship never tells on anyone and the ship is the only one who ever really listens.\n\nStarwharf feels wrong tonight. Not broken exactly just off, like a song half a beat out of time. The lights in the forward cargo spine keep dimming and brightening for no reason, and Jared swears it is just the regulator cycling but I have watched that panel long enough to know when something is talking through our systems. Marcus called it "phantom telemetry" with that Trade Authority shrug of his, like as long as the invoice clears, ghosts can have their own stateroom.\n\nI went through the manifest again at mid shift. Half the crates are marked as obsolete medical equipment destined for some LIST rock and the rest are just as bland, all neat codes and dull words that should make me sleepy. Instead, every time I scroll past that one routing flag, my head aches in the same place behind my eyes. Leah says it is just fatigue from staring at screens but she winces the same way and thinks I do not notice. No one will say it out loud, but we all know there is something riding this ship that is not in the paperwork.\n\nI have been thinking a lot about home. Back on Mars, my mother brewed coffee strong enough to peel hull paint and always kept a little extra for whoever came through the door last. I still make a tiny pot at the end of my shift, even if the beans come from some generic vacuum packed brick and taste like they passed through half the Settled Systems. I pour a cup for myself and leave an empty mug across the table, like she used to for my father when he ran late at the docks. It is a silly ritual, but it makes this rented galley feel less like a cargo container and more like a kitchen.\n\nLast week would have been the festival back in our block, when everyone strung lights between the hab stacks and the kids lit sparklers so bright they wiped out the stars for a moment. We would write the worst parts of the year on scraps of paper, burn them in a metal bowl, and then stay up too late eating whatever our neighbors cooked. Out here, the only lights are status LEDs and warning strobes, and the worst parts of the year are all stored on drives we are paid not to read. I miss the noise most of all. A freighter hum is not the same as a crowd laughing.\n\nHealing is a strange thing in space. We get patched up by med kits and stimulants and keep flying, but the things that hurt do not just vanish because the bruise fades. There are days I can talk about the accident on my last posting without shaking, which I suppose means I am healing, but whenever the ship shutters the same way, my stomach drops and my hands go cold. Healing does not mean forgetting. It just means the wound has learned how to ache quietly instead of screaming every second.\n\nSmall things grind at me more than they should. That one locker door in the port corridor that squeaks no matter how much lubricant I feed it. Jared leaving his tools scattered on the diagnostics bench so I have to hunt for a zero wire tester every single time. The galley warmers that somehow turn every UC BattleMeal into something lukewarm and soggy, no matter what the wrapper promises. Leah hums the same four notes when she is anxious, over and over, and tonight she caught herself and went quiet so fast it made me more nervous than the humming.\n\nI heard Marcus arguing on the comm with someone from a Trade Authority office earlier, voice low and clipped. I caught words like "override" and "far edge route" before he noticed I was in the passageway and shut it down. Later, in the mess, he cracked jokes like always but kept checking the corridor cameras out of the corner of his eye. People say the Authority is neutral, apolitical, all that brochure talk. Maybe that used to be true. Lately it feels like we are the middlemen for things nobody wants to admit exist, ferrying debts, secrets, and data that can not be allowed to sit still long enough for anyone to look at it too closely.\n\nSome of the spacers we hauled cargo for back at Neon spoke about a woman who could lift memories clean out of your head, neat as pulling a chip from a socket. At the time I laughed, said Aurora makes people see all kinds of things. Now, with our logs flickering and blank spots in the transit records where there should be nothing but routine, I catch myself wondering if I would even know if someone had taken a piece of me. Maybe that is what scares me most that you can be hurt and half healed and never entirely sure what was lost.\n\nI am going to finish this cup, leave the other one untouched across the table, and pretend my mother is just late from the docks. Tomorrow I will tighten the squeaky hinge again, sort Marcus's tools into proper order, and argue with Leah about whether the flickering lights are a problem or just "atmosphere." The ship keeps moving, the crates stay sealed, and whatever rides in our data channels keeps humming under everything we do. Some wounds, personal or otherwise, are not done bleeding yet.
1560	5126	1	BOOK/DESC	Didn't sleep again.\n\nLights are off in the berth, but my head's still lit like a targeting HUD. Every time I close my eyes I see corridors, breach foam, the haze after flashbangs. There is always someone shouting, even when it's quiet. Back in uniform, they used to call it "operational overstimulation." Out here with the Cohort, we just call it "another night."\n\nI keep thinking about that night on Vesta's dark side, before everything finally broke. The evac never came, comms were jammed, and the temperature in that half-collapsed depot kept dropping. We stacked in close under a busted heat duct, helmets off, armor plates clacking every time someone shivered. Mara Kincaid ended up pressed against my shoulder, knees touching mine, Riya Salazar pinning the other side. We said we were conserving body heat, but we all knew the real reason was that none of us wanted an inch of empty space between us and the next breathing heartbeat. I remember feeling every stutter of Mara's breath, every time Riya's hand flexed near her sidearm. Tight little circle of warmth in a dead place, and all I could think was how connected and how damned exposed I felt at the same time. If a shell had come through that roof we'd all have died in a single, perfect cluster.\n\nOutcast Cohort started that night, we just didn't know it yet.\n\nElena Ward brought me a "gift" a week after we cut ties with command. We were docked at some forgotten transfer ring, flushing tags and burning serials. She walked up, dropped a brand-new sidearm in my lap, cleaner than anything we'd been issued in months. No requisition forms, no crate logs, no questions. The grip was still warm like she'd been holding it too tight. I knew it hadn't been bought. I also knew better than to ask which armory suddenly turned up short. I just racked the slide, checked the chamber, thanked her. Old discipline gets twisted like that; we still follow the rules, we just write our own now.\n\nSleep used to be a safe house. Lately it's another AO. I lie down and the mind runs drills I didn't approve. I'm back in that slum block after curfew, tracer fire painting the walls, some officer's voice in my ear saying "minimize collateral" while the targeting overlay paints half the neighborhood as threats. I hear the kid I didn't see soon enough. I hear the doors being kicked in two floors over that weren't on our op order. I remember the smell of burning insulation mixed with whatever passed for dinner in that place. Waking up doesn't make it stop. It just changes the color palette.\n\nThe Cohort pretends we're fine after a job. Last month, when we pulled that convoy job clean, the celebrations hit fast and hard. Someone tapped a hidden cache, someone else sliced power to a cargo lounge, and suddenly that concrete bunker turned into a riot. Loud music off a battered speaker, cheap liquor poured into ration tins, Mara dancing like she was trying to unlearn every parade-ground step she'd ever been drilled on. Elena laughed for the first time in months, Riya climbed onto a crate and tried to toast "new loyalties" before she forgot the words. I remember the sound of glasses slamming and boots pounding, voices climbing higher and higher until, just as it felt like maybe we'd burned the ghosts out of us, the power flicked back on and it all evaporated. Next morning the place looked like any other staging area: empty shells, spilled drink, a few blood drops no one remembered earning.\n\nI keep going back further, to something smaller. Before desertion, before rogue orders. Shore leave on some backwater rock, walking patrol off-duty because I couldn't switch it off. I saw a dockworker pop open a sealed crate, palms shaking, slide a couple of high-grade components into his jacket, then reseal the lid like nothing happened. Tiny theft, nothing compared to what we were moving in and out of that system. He looked around once, twice, never saw me. I should've called it in. Instead I watched, fascinated, at how easy it was for him to rewrite his little corner of the universe. No reports, no debrief, just need and nerve. I told myself it was beneath my concern. Maybe it was the first time I realized the rulebook was optional for some people, and that the sky didn't fall when they broke it.\n\nOutcast Cohort lives in that space now. Between the orders we were given and the ones we can live with. Between the warmth of a squad pressed together in the dark and the fear that the person closest to you might be the one to pull the trigger when the next impossible command comes down. We walked away from official command because we were done carrying their secrets. I tell myself that every night, while the threats and violence replay in my head like a briefing I can't dismiss.  \n\nTomorrow we ship out again. Maybe I'll sleep on the way. More likely I'll sit in the troop bay, watching Mara strip her rifle, listening to Elena argue with Riya over routes, feeling the weight of that "gift" on my hip, and wondering at what point a soldier stops being one, and just becomes another man who learned the wrong lessons a little too well.
1419	5127	1	BOOK/DESC	I used to mark days by op numbers. Now I am measuring them in transport shifts and how long my shoulders ache after carrying crates that are supposed to be "non-military." Old habits say log the weight, the route, the risk. New reality says you are just a contractor hauling cargo between forgotten depots on the edge of nowhere. The funny part is, the muscle memory does not care which flag you work under. It only knows the heft.\n\nDamian says we should be grateful. "Low profile keeps us breathing," he tells me, while he triple checks a manifest for serials he swears he has seen before on another front. It is still work, still a chain of command, just with fewer patches on the uniforms and more lies in the job brief. Marcus shrugs and calls it "staying in shape between real fights." Caleb treats every run like a rehearsal for the day someone finally comes to close the file on us and writes a different ending.\n\nWe do not talk much about that last campaign. Not properly. You hear it at the edges. The way Adrian flinches if someone says "collateral" too easily. The way Serena cannot sleep when a ship's engines hold at a certain pitch, because it sounds like the drones did when they circled that target we were assured was all enemy infrastructure, right up until those flashes on the feed did not move like heat signatures should. I remember the briefing room after, the captain's voice too smooth while the holo showed our fire pattern and the word "necessary" hanging in the air like bad smoke. I remember the explicit order: no private recordings, no external copies.\n\nSomewhere between that and the tribunal that never happened, we became a rumor instead of a unit. Command did not discipline us, they just reassigned files, changed designations, and let us drift toward the planetside work no one else wanted. That is when "Blacklisted Unit" stopped being a joke spat in a barracks and turned into something written, quietly, on certain contracts if you knew where to look. We left because we knew what it meant to be given that much silence. Or that is the story we tell ourselves.\n\nTruth is, I did not walk away clean. I edged out sideways. I kept taking part-time gigs on the side, the kind of things you tell yourself are temporary: delivering sealed packages between checkpoints, sweeping hangar bays after hours, stocking shelves in a supply depot that smelled like dust and solvent. Nothing heroic, nothing that should have meant anything. Just mindless work where nobody expected me to make life and death calls. For the first time since enlistment, I thought maybe I could be small and unimportant and that it would be enough.\n\nMy partner at the time did not agree. He liked me better when I was the one taking the hard deployments so he could have an excuse to play the worried soldier waiting at home, collecting sympathy and favors on my rank. His needs filled every room we ever slept in. If I had a bruise, he had three stories about worse wounds. If I was exhausted, he was more exhausted. Somewhere across those years, his narrative ate mine. I stopped having preferences that were not measured against his. Stopped saying no. Stopped noticing that every decision bent around what he wanted: the posting, the hours, the leave requests. When the unit finally splintered off, part of me followed just to see who I was when the mission did not already belong to him.\n\nIt turns out I am still someone who checks corners, runs mental contingencies, and counts exits. Flea-ridden cargo relay or luxury starport, does not matter. That discipline is wired too deep. I still line my boots up at night. I still wake up at the time reveille used to sound, even if there is no bugle, no sergeant, just the hum of some underfunded life support.\n\nBlacklisted keeps us close without pretending we are a family. We are bound by things we do not say out loud. Damian tracks the money paths, muttering about contractors whose names pop up in both our old op orders and our current "civilian" manifests. Caleb returns from every side job with a fresh rumor about a black archive where our after-action reports went to die. Marcus spends his downtime maintaining weapons we are officially not supposed to own anymore. None of us ask why a simple freight route needs those contingencies. We already know.\n\nWhat I do not know is how to reconcile the person I was trained to be with the one who pushes a mop across a hangar at 0300, knowing the same floor once saw medevac teams sprinting past. I used to believe in clarity: us, them, objective, extraction. Now the lines are layered like old scars, hard to tell which came first or what cut deepest. Maybe that is why I write this instead of sending another message I will regret to a command net that probably flags my name in red.\n\nWe may be off the books, but the war is still inside our heads. And on nights like this, when the cargo bay is quiet and the stars beyond the bulkhead do not care who we killed for whose orders, I am not sure if we left the chain of command or if it still has a hold on us, just without the courtesy of a uniform.
1642	5148	1	BOOK/DESC	I keep thinking about the way the ship sounds when everyone else is asleep. The environmental fans settle into this low, even hum, and you can hear the tiny corrections from the thrusters come through the hull like someone tapping metal knuckles on a bulkhead far away. On nights like that, the corridors feel too long for a courier this small, like Ironkeel's been stretched out to make room for ghosts and overdue invoices.\n\nKellan was on watch when I walked past the bridge earlier. He snapped his datapad shut the second he heard my boots. Said he was recalibrating route updates from Trade Authority central, but the way he palmed that chip into his pocket looked more like a street dealer than a nav tech. Maybe I am just tired. Maybe everyone guards something on a ship like this. But the last time I saw anyone move that fast, it was a Crimson Fleet broker trying to hide a side agreement from his own captain.\n\nNadia caught me staring and gave me that look that says stop making trouble with your eyes, Roland. She trusts Kellan because he smooths our registry pings, makes sure the inspectors see what they expect to see, nothing more. She says a ship like ours only keeps flying by having someone who knows how to blur lines in the paperwork. Hard to argue when the Authority lets us run half-broken, hauling crates no one wants to ask about. Still, I swear I saw an extra destination flagged in the nav queue this morning, one that was there for a second and then just... wasn't.\n\nMaris tried to laugh it off backstage in the commons, saying if Kellan is running a side hustle, she hopes he remembers who shares air with him. She has this way of making every bad idea sound like a joke until it is not. Elena, on the other hand, barely said a word at dinner. She kept glancing at the bulkhead where the route display sits behind the panel, like she expected it to start bleeding numbers onto the floor. When I asked what was wrong, she muttered something about hearing our transponder hiccup twice in a row while she was on maintenance. According to her, that only happens when someone is teaching the ship a new name.\n\nKellan asked me about home today. Not in the usual small-talk way either. He waited until Nadia was out of earshot and then just asked, dead middle of a cargo inventory, what I miss most. So I told him about lantern night back on my habitat. We would shut off every main light, even the corridor strips, and everyone lit these tiny, cheap paper lanterns with battery candles inside. You would line them up along the walls and floors, all the way down the spine of the station. The air scrubbers would push just enough current that they drifted very slowly, like they were walking on their own. The idea was simple: for one night a year, you let things move without course corrections, see where they end up.\n\nThe first time I talked about it here, Maris loved it. She tried to rig a version in the cargo bay with spare packing foam and little glow tags, but Nadia shut it down the moment she saw us. "No floating junk near my manifests," she said. Kellan just watched, leaning in the hatch, smiling that soft, distant smile of his. When I explained you were supposed to let go and not adjust anything once the lanterns were drifting, he chuckled and said, "Sounds like a good way to find out who cannot stand giving up control." Nobody else really understood why I went quiet after that.\n\nThese days, when I mention lantern night, most of the crew asks the same question: did people ever crash into each other in the dark, get hurt. That is what they worry about. Not the point of letting things be, but the liability forms afterward. I guess that is the Trade Authority mindset baked into bone. The funny thing is, Kellan seems more interested in the part where you shut off the main systems and trust the little lights to be enough. He keeps coming back to that, asking how long we left the corridors dark, how far the lanterns got before the rotation brought them drifting back.\n\nMaybe he is just homesick in his own way, looking for some ritual to make this rustbucket feel less like a loan with engines. Or maybe he is mapping the idea onto something in his head, a way to let the ship slide for a while, unguided, while he watches from the shadows. I do not know. I tell myself I am imagining the way his fingers tap out neat little trajectories on the table when he thinks no one is watching. I tell myself a lot of things lately.\n\nAnyway, tomorrow we cut closer to that dust-heavy corridor everyone keeps arguing about. Some say it is just a timing quirk in the traffic updates, others swear they saw ships vanish from scopes for minutes at a time and come back with fresh scorch marks they did not have before. Nadia says as long as the Authority stamps our route, it is not our problem. Maris rolled her eyes and said if the pay clears, we can drift through ash for all she cares. Me, I am going to double-check my suit seals before we hit that patch. Traditions are one thing. Letting go of control is another. And lately, it feels like someone else has been practicing both on our behalf.
1736	5161	1	BOOK/DESC	Started the day polishing a rifle I do not officially own, for a unit that does not officially exist, in a war everyone swears is over.  \nFunny how the hands still remember the drill even after the flag is gone. Safety check, breach, feed, sights. I could do it blind and half sedated. Some days I think I have.\n\nBloodied Platoon was not born; it just failed to die when the rest of the regiment did. They rotated us home, handed us discharge papers that still smelled of printer ink, and pretended nobody heard the screaming through the bulkheads on the way back. Elias Marrow tried to go straight for a while, last I heard. Took a contract with some corporate security outfit that promised him "structure" and "clear rules of engagement." Ronan Keats laughed himself sick when he told me, then went quiet in the same breath, like even the joke hurt to say out loud. Marcus Ellery never even bothered pretending; he walked off the shuttle, cashed his payout, and started recruiting us into this little ghost platoon before the ink dried.\n\nI was the slow one. Thought I could live like a civilian. Rented a coffin stack in a "quiet" block, took a job watching doors for people who thought a Grendel on the wall made them invincible. I told myself I was just using the training, not breaking any oaths. The uniform went into a locker, but the nightmares did not. I started wandering at night, just to get away from my own head, drifting into the parts of town where the lights flicker and the law pretends the transit line just skips that stop. Bars where the music covers the sound of fists meeting bone. Alleys that smell like coolant leaks and cheap antiseptic. \n\nAt first it was just walking. Then it was stepping in when a pack of dockside kids picked a fight with the wrong spacer. Then it was escorting a cardsharp home in exchange for a cut, backing down a couple of debt collectors who did not realize ex military were off their usual script. It felt good, in a twisted way. Simple problems. Visible threats. No intel briefings, no double speak in the orders. Just "those guys are trouble, stand between them and the soft targets." I stopped going back to my quiet block as much. The trouble districts felt more honest.\n\nOf course, trouble sees you back. Rumors followed us from the old days. The op where civilian signatures vanished off the tactical map during a "localized kinetic adjustment." The patrol that walked into a village, walked out five bodies heavier, then got told the footage was "corrupted" and the after action report needed "edits for clarity." I remember a debrief room with no windows, a colonel who never removed his gloves, and a line about how sometimes "exposure to the full truth impairs operational efficiency." We all nodded. We all signed. Later, over contraband bottles, we pretended we had misheard. Time passes, but the way everyone avoids that one campaign patch tells the real story.\n\nThat is the trust that broke, not in some firefight but in a conference room under cold white light. When command starts rewriting history in front of the survivors, you either swallow it or you walk. Bloodied Platoon walks. We still keep discipline in our own way. We check each other's kit before a job. We run drills. We settle arguments with sparring, not bullets. Elias, if he comes back, will probably try to push us toward some code like we used to have. Marcus pretends we are just "professionals," but his eyes go dead whenever someone mentions the old insignia. Ronan masks everything with jokes until he has had too much to drink, then he gets real quiet and stares at doorways like an ambush is coming.\n\nMe, I am stuck in the middle. I know I will never wear a sanctioned uniform again. I also know I still move like I am waiting for inspection. I do not kid myself that we are heroes now. Half what we do would have gotten us court martialed back then, if courts had been honest. We take contracts that keep the worst people in check and others that just pay us to look dangerous in the right direction. The streets where I spend my nights do not care about the difference. They just know that when things go loud, someone in a Bloodied Platoon harness steps in and makes sure only certain people walk away.\n\nSometimes, in those parts of town, I catch myself scanning faces like they are targets on a range. Evaluating lines of fire, cover, probabilities of escalation. It feels too natural. I tell myself I am maintaining readiness. That is what we called it when we could still look each other in the eye without flinching. But there is a reason I do not go back to the quiet blocks much anymore. The silence there leaves too much room for the old orders to echo. Out here, with neon flicker and broken pavement and the hum of illegal grav drives overhead, I can pretend that choosing my own fights makes me clean.\n\nI know better. But tomorrow the Platoon has a meet, and this time Marcus says the client used phrases that sound uncomfortably like the ones I heard in that windowless debrief room. If they are trying to hire the ghosts they buried, they are going to find out how bad an idea that is.
1140	5167	1	BOOK/DESC	I used to think the noise was the hard part. Engines, gunfire, squad comms all screaming over each other. Turns out it is the silence after that gets you. Barracks quiet. No orders. Just your own head playing back every call you followed and every one you ignored.\n\nGrim Cohort feels like that silence weaponized. On paper we are deserters, mercs with better posture. In practice we are what is left over when you cut the chain of command and everything ugly that used to be contained inside an op order spills out into the open. We still stack gear the same way, still clear rooms on muscle memory, still snap to when Marcus Reddick gives a hand signal, but we are not answering to any flag anymore. That is supposed to feel like freedom. Some nights it just feels like falling without a target.\n\nI keep thinking about that convoy job near the end. We were told it was logistics, high-value components, nothing civilian. Rules of engagement came down cleaner than I had heard in months, all the right words about proportional force and minimizing collateral. Then we hit the wreckage afterward and I saw those containers cracked open, not hardware, just families who paid the wrong middleman. Debrief said sensor spoof, hostile disguises, the usual excuses. Marcus stared at the floor the whole briefing, jaw clenched so hard I could hear it. Official statement went one way; every man and woman who pulled a trigger walked out knowing we had been used to send a message.\n\nThat was when the crowd I ran with started to shift. We had always been the loud ones in the mess, the ones one argument away from putting a chair through a bulkhead. After that op the arguments got quieter, sharper, all about who signed what, who knew what, whether any of us were still soldiers or just tools. A captain from upstairs vanished into "reassignment." A couple of our own disappeared into medical and never came back. The Cohort was born in those gaps, in the space where trust used to live.\n\nI remember the night we cut loose. No speeches. Just gear bags packed a little too tight, weapons checked one extra time. Marcus came to my rack, nodded once, and that was it. Walking off base in full kit felt more wrong than any firefight I have ever been in. I kept waiting for someone to shout, for alarms, for an order to stand down. Nothing. They were happy enough to let the problem walk itself out the airlock, I guess. Easier than holding anyone higher up to account.\n\nOut here, work comes easy. There is always some governor who wants deniable muscle, some corp exec who wants a dirty job done by people who still move like an organized unit. The Cohort keeps standards. Weapons clean. Formations tight. No chewing through civvies, no scare tactics for fun. That is the line we draw so we can still look each other in the eye. But every contract we take is another step away from the oaths we swore in cleaner uniforms, and I feel that distance stretching every time I see our insignia stenciled on a crate instead of a shoulder.\n\nI hear rumors from the old channels sometimes, buried chatter on encrypted bands we are not supposed to still have access to. Talk of ops written off as "navigational errors," of ships that never made it to port and were quietly marked as hardware losses. People whisper about consultants and analysts rewriting routes and data so the blame never lands where it should. It sounds familiar in all the worst ways. Someone up there is still rearranging the board while grunts bleed on the tiles, and we are down here pretending we are done playing.\n\nThing is, I do not know if we are any better. We choose which contracts to take, but we still take them. We tell ourselves we are protecting each other now, not some abstract ideal. That is true. When the rounds start coming in, I am not thinking about flags or mottos. I am thinking about Marcus on my flank, about the others holding the line because if we do not, nobody will. That loyalty is real. It is also the same muscle they pulled on when they told us to "secure the convoy" and not look too closely at who was inside.\n\nMost days I can live with the weight of what we walked away from. Some nights the gravity shifts. I see that line of containers again, hear the briefing officer reciting doctrine like scripture while the projector conveniently skips the worst of the footage. I remember how my old crowd vibrated with anger, how close we came to turning it inward instead of upward. Maybe that is why we left when we did. If we had stayed, the first real argument would not have stopped at a broken chair.\n\nSo here I am, writing in a cheap slate instead of filing after-action reports, trying to convince myself that this is a step toward something better, not just another variant of the same old game. Grim Cohort looks after its own. We hit hard. We get paid. We pretend the targets we take now are cleaner than the ones we used to. And when the quiet settles in after a job, when the echoes fade and nobody is issuing orders, I listen to my own breathing and wonder how many more times I can pull a trigger and still tell myself I walked away for the right reasons.
1446	5235	1	BOOK/DESC	Did a lookout shift on the upper grates tonight, same as every other cold, buzzing evening in this hole.  \nBreath fogging in front of the busted vent, eyes burning from recycled air and cheap smoke, counting the same three doors and the same six cameras that barely work.  \nDarius Holt was late swapping with me again, said he was running a courier run down to the lower level, but I know that look he gets when he is actually off doing side work for someone other than the Lords.  \nNobody says it out loud, because as long as credits and chems land in the same crate, nobody wants to know whose logo is stamped on the underside.\n\nThe day blend is always the same grind.  \nWake up on a stained mattress with someone else's music still playing in the hallway, sweep shell casings and broken glass into the corner, then wait for Rico Vance to bang on the pipe and yell out the rota.  \nLookout shift.  \nCourier run.  \nSit in the dark, guarding a door to nothing, in case a message comes from the next floor up.  \nHalf the time the orders never come, just rumors floating down the stairwell: a missing shipment, a rival crew moving in closer, some new boss name none of us have seen face to face.  \nWe run packages anyway, because standing still feels worse than getting shot.\n\nMara Kincaid slid me a folded scrap tonight, said it came from someone who pays attention to traffic patterns.  \nDock traffic, ship routes, strange gaps nobody wants to admit are there.  \nShe said a convoy went off-chart a while back, that someone has been selling bad directions on purpose, and there is word a hunter is following that trail.  \nWe are small-time by comparison, but the halls started buzzing the second that rumor hit, like everyone could already feel crosshairs somewhere behind the walls.  \nTalon Mercer laughed it off, said the sky is always killing people, nothing new.  \nBut I noticed he moved his stash closer to the emergency hatch afterward.\n\nFunny thing is, all this noise feels less stressful than regular life topside ever did.  \nBack before I fell in with the Lords, I spent half my days in lines.  \nLines at the food shop, staring at flickering adverts for things I could never afford.  \nLines at clinics while some overworked medic told me to "come back next cycle" for a test that might not even matter.  \nLines at transit stations, shuffling forward in that dead, quiet crowd while waiting for a shuttle that would already be full when the doors hissed open.  \nYou stand there long enough, you realize nobody's watching you, nobody will remember if you step left and disappear somewhere worse.\n\nDown here, at least, you get remembered.  \nNot fondly, not gently, but your name gets said.  \nKeira Morrow still owes me half a cut from that last courier job and every time she walks past, she flashes this guilty half smile that says she hasn't forgotten.  \nThat means something, in its own crooked way.  \nWe bleed together on these runs, share the same cheap med packs and the same bad liquor when the night finally slows.  \nYou hoist a crate next to someone while sirens echo in the distance, or sit shoulder to shoulder on the stairwell counting the seconds between footsteps above, and suddenly the person next to you feels like family in a way your blood never did.\n\nI think that is what loyalty looks like, for people like us.  \nNot speeches.  \nJust sleepless nights on the same concrete, taking turns with the only half-working rifle, whispering about what we will do "once this score lands" even though it never quite does.  \nYou get used to the idea that if you fall, they will at least drag your body back through the door so you are not left out in the corridor for the cleaners.  \nThat is our version of kindness.\n\nStill, there is a hard edge under it all.  \nDarius told me in a low voice that some of the jobs we run are not just for chems and parts anymore, that messages are moving through us, codes hidden in shipping logs and transit stamps.  \nHe said someone upstairs is using the Lords as a relay because nobody bothers to audit criminals.  \nI laughed, but it stuck with me.  \nFeels like we are standing on rails someone else laid, waiting for a train we will never see, only the impact.\n\nAnd then there is him.  \nI almost did not write about him, but this is supposed to be honest, right.  \nThe one I let inside before I ever met the Lords.  \nI like to pretend that the gang life broke me, that the constant tension and the blood under my nails turned me into this sharp, hollow thing.  \nTruth is, the relationship broke me long before it officially ended.  \nBy the time he finally said the words, there was not much left to shatter.  \nThe Lords just picked up the pieces, filed them down, and found a use for whatever remained.\n\nSometimes, when I am on lookout and the corridor is quiet, I remember standing in those old lines with him.  \nArguing softly about nothing important, just to fill the empty space.  \nI thought the boredom would kill me then.  \nNow I know better.  \nBoredom did not kill me.  \nLoyalty did.  \nOr whatever twisted version of it I keep chasing down here in the charred basement, waiting for the next order that might never come.
1531	5263	1	BOOK/DESC	Darius is snoring again.  \nFunny how that sound means "safe" to me now.\n\nWe used to joke that Outcast Platoon sleeps lighter than a minefield, but put enough klicks between you and the last artillery barrage and suddenly everyone remembers how to breathe. Marcus is on watch, pretending he is not staring holes through the horizon. Elias is stripping down that crate of rifles we lifted last week, spreading parts out on the deck like he is laying out cards to see if fate will finally give us a decent hand.\n\nCommand said we were the problem. Every argument in those last months circled back to that, no matter what started it. Civilians hit by someone else's misfire  our fault because we did not "create enough separation." Intel omissions that got us ambushed  our fault because we "should have anticipated unsanctioned hostiles." I remember sitting in that narrow debrief room, stale coffee and recycled air, listening as the brass recast their own bad calls as our "failure to adapt." Truth never stood a chance; the loop always closed on us.\n\nBefore all this, I had a tiny apartment above a freight corridor on Gagarin. Rust-stained walls, busted climate control, one flickering strip light that hummed louder than the haulers below. Dishes piled in the sink, laundry everywhere, a half-assembled rifle on the kitchen table next to an open Meal Pack. Messy, yes, but harmless. Some nights I wish I were still there, cursing the neighbors instead of trying to remember which of my friends helped bury which body.\n\nI keep replaying that corridor on New Thessaly, the one that should have been clear. We moved as a column, armor scraping bulkheads, comms hissing with cross-talk. Then the first charge went off and everything became smoke, sound, and shrapnel. I could not see, only feel someone clamp down on my hand through two layers of glove and plate, fingers shaking but refusing to let go. Turned out it was Elias. There was nothing tender in it  just two people refusing to get separated in a kill box someone else had signed off as "secure."\n\nOut here, we eat what we can steal, trade for, or scrape off forgotten manifests. Marcus once turned a crate of expired ration bars and a bottle of questionable whiskey into what he swore was a "proper dinner." We sat cross-legged on the cargo bay floor, passing a dented tin cup between us, picking melted wrappers off the heating element of a stolen camp stove. Our uniforms are more patch than fabric now  duct tape, field stitching, bits of Spacer and Crimson gear we have cut down to fit. Darius wears an old unit patch under his new jacket, edges frayed, colors dulled. He says it is just habit, but I see how his hand drifts there whenever someone mentions court-martials.\n\nWe never talk plainly about the operation that broke us. Officially, it does not exist. No records, no reprimands, just a series of "reassignments" and "structural realignments." Unofficially, we share fragments. Marcus remembers a briefing holo that did not match what we found on the ground. Elias remembers the smell of burned composite and something worse under it. I remember a colonel's voice over the channel telling us to hold position while the sky was already full of falling metal. Afterward they said we were insubordinate for pulling back. Afterward they said anything that did not fit the report was "fog of war."\n\nThat is how you end up crawling through abandoned bunkers and derelict stations, running jobs that would have been called treason back when we still had rank. Rumors drift our way  about hidden jump tests that went wrong, about ships whose logs do not match their wreckage, about orders given off the record and buried the same day. Sometimes the chatter lines up too neatly with what we saw, too neatly with why Outcast Platoon exists at all. I tell myself I do not care about the why anymore, only the pay and the people beside me. It is a lie I am still learning to tell convincingly.\n\nWe abandoned command, but we did not abandon each other. We still clear each other's angles, still count heads after a fight, still check seals and mags before we move. Outcast, sure. Rogue, if that makes them feel better. But the discipline is bone-deep. When Darius snaps awake mid-night, hand already on his rifle, he relaxes only when he has eyes on all of us. When Marcus sharpens his knife, it is not nerves; it is ritual. When I write like this, it is not sentiment; it is inventory. Taking stock of what we have left that is not rusted through.\n\nI know if they ever drag us into another debrief room, the story will be the same. Whatever went wrong will be pinned to our chests like a medal we never wanted. Every question will spiral back to our supposed failures: why we left, why we fought back, why we did not just accept the version of events that kept everyone's hands clean.  \n\nBut when I remember that cramped little apartment, and that burning corridor where someone squeezed my hand so hard my fingers went numb, and this patched-up gear that keeps us alive one more day, I know who I trust. It is not the ones re-editing logs in some quiet office. It is the ones sharing the last ration bar in the dark, waiting for the next bad order we will finally refuse to follow.
1059	5277	1	BOOK/DESC	I keep telling myself I am going to stop counting how many roofs we have slept under this month, but I still do the math without meaning to. Four hab-blocks, two cargo holds, one condemned barracks on a rock nobody bothered to name. Different ceilings, same feeling: bag half-packed by the door, boots pointed toward the next exit. Disavowed Guard stays alive by never letting the dust settle on our footprints, Marcus likes to say, but sometimes it just feels like we are running laps around the same drain.\n\nThe old discipline will not die, no matter how many insignia we burn. I still fold my kit the way they drilled into us back in the line, still sleep light, still hear the cadence in my head when I count ammo. Elena jokes that I am going to die with my boots aligned to regulation angles. She says it with a smile, but there is strain behind it. She was the one who signed off on those after-action reports back when we wore the uniform, the ones where the numbers did not quite match the bodies we stepped over. She never talks about that, not straight, but I see it in the way she studies orders now like they might carry a second bullet hidden between the lines.\n\nDarius takes it different. He laughs too loud, too long, like if he stops the silence will fill up with all the things we saw and pretended not to. He is the one who reminds us why we walked away: the patrol that was never meant to come back, the evac window that mysteriously narrowed, the way command talked about "asset preservation" when we asked about missing civilians. We never got the full truth, just redacted briefings and a new deployment. Then one day the orders came down that did not make tactical or human sense, and enough of us decided we were finished dying for someone's ledger.\n\nStill, for all the righteous talk, I do not kid myself about what the Guard is now. We hop system to system, contract to contract, making enemies on every side while pretending we are above the games. Rival crews watch us, test us, wait for us to slip. We stay ahead of them by moving faster, hitting harder, trusting less. That last one takes the biggest toll. Every new "safe spot" is just another place to study doorways and sightlines and decide who in the room you could kill first if it turned.\n\nThe worst moments are when the boss sends for us. Does not matter where we are hiding that week a rusted hangar on a forgotten moon, a converted freight bay in some overbuilt station the feeling is the same. Someone comes to the door, says my name, and my gut goes cold before my brain catches up. You walk down the corridor running two parallel sets of possibilities: it is a job, or it is judgment. He will hand you a datapad or a bullet. I have watched good operators walk in standing tall and come out in a bag, all because they thought their questions or their conscience mattered more than the unit staying "clean."\n\nSo every morning, I wake up and take stock. Rifle, armor, sidearm, knife, spare mag, backup credit chit. Then faces. Marcus, who has pulled me out of more than one burning corridor but who has also been taking extra long briefings with the boss lately. Elena, who still thinks like an officer and knows where all our skeletons are buried. Darius, who sleeps with his back to the wall and his hand on the grip, even when we are supposedly among friends. I ask myself, if one of them decided tonight was the night I disappeared, would I see it coming? Most days the honest answer is no.\n\nWhen the fear gets too loud, I fix things. Stupid little things. I rewired a cracked wrist-chrono last week, spent an hour coaxing life out of bent contacts and a dying microcell. Before that it was a busted music chip Marcus salvaged from some spacer dive, and before that the cheap handheld game Elena uses to pretend she is not watching the room. It does not matter what it is as long as it is small, broken, and ignorant of orders and loyalties. Circuits do not lie. If something fails, you can find the fault with a scope and a steady hand. I wish people were that simple.\n\nI try not to think about the classified op that never officially happened, the one where the target list changed mid-flight and somehow our own people ended up inside the blast radius. They wrote it up as equipment failure; those of us who survived signed the kind of papers that erase years from the record. Maybe that was the first time I understood that the insignia on my chest did not mean what I thought it did. Maybe that is why, when the Disavowed Guard whispered your name, it sounded less like treason and more like a lifeline.\n\nNow the only oath that matters is the one we have to each other, thin and frayed as it is. We watch the doors, we keep our kit tight, we move before our shadows get too familiar. And every time I finish fixing some useless little gadget, I catch myself thinking about the men and women we left behind, still marching to orders written by ghosts. I tell myself we are different. That when our time comes, it will be because of the enemies we chose, not the ones our own command chose for us. Then I put the chrono back together, set the alarm, and lie down under another unfamiliar ceiling, wondering if I will wake to a job, an execution, or nothing at all.
1033	5360	1	BOOK/DESC	Caleb says keeping a diary is a liability. Darius calls it evidence. They are both right, and I am writing anyway. Old habits from field debriefs, I guess. You learn to put things down clean and clinical, then scrub out anything that sounds like a feeling. Feelings got you reassigned, or evaluated, or quietly sidelined. In the Regiment, they get you killed slower. Different kind of mercy.\n\nI remember the first time I tried to say something honest on record, back in the service. Not even a protest, just a question about a strike package that did not match the intel we had seen on the ground. The room went quiet, the recorder light blinked, and the debrief officer smiled that thin smile that never reached his eyes. The report that came back had my question neatly cut out, but my file got a new tag and my next posting was to a unit where nobody asked anything ever again. You learn: speak the party line, or do not speak. The punishment was always soft at first, like they were giving you a chance to correct yourself.\n\nSometimes I think that is why we walked. Not the big betrayals, not the final bad order, but the slow grind of having to pretend you did not see what you saw. Whole towns we were told were "logistical nodes" that looked a lot like civilian grids. A corridor we cleared that was supposed to be "uninhabited," except for the faces that stayed with you when you closed your eyes. The after action briefings with numbers instead of names, probabilities instead of bodies. They kept calling it collateral and necessary, like if you said those words enough times they would turn into something cleaner.\n\nFractured Regiment is not clean. We tell ourselves we are different from the outfits we run against, but we move the same way they do. One safe house to another, one backwater dock to the next derelict hangar, always leaving before rival crews or old flags can pin us down. We sleep in shifts, weapons within arm's reach, boots never far from the hatch. You learn to tell how long you can stay in a place by the way the locals look at you on day two. Respect turns to curiosity, curiosity turns to calculation. That is when we move.\n\nLena jokes that we are ghosts chasing ghosts, but I see the tension in her hands when she cleans her rifle for the third time in a night. She still calls Darius "sir" sometimes, like the rank is stuck in her throat. He pretends not to hear it. Caleb pretends he does not miss having a uniform that meant something. We all pretend a lot of things. Old discipline is hard to shake. We still stack gear like there will be an inspection, still check corners like some invisible instructor is grading us. The difference is, now when orders feel wrong, we ignore them instead of saluting.\n\nThere was a moment once, between jumps, that felt like it might be enough to make all of this worth it. We were parked in a shadowed orbit, hull lights off, engines cooling. No alarms, no rival pings on the scope. The only sound was life support and Lena's breathing where she had dozed off beside me in the crew bay, head resting against my shoulder. I remember the warmth, the weight of her there, and the way Darius had laughed, actually laughed, at some stupid story about training days. It felt...safe. That is the word I am afraid to use. Safe, like maybe we could just drift there forever and no one would come looking.\n\nOf course, the alert chimed a few minutes later a patrol sweep coming in just wide enough to be coincidence, just close enough to be a problem. We scattered to stations, masks back on, voices clipped and professional. The softness of that moment evaporated like it had never happened, but my shoulder remembered the pressure long after the straps of the crash harness bit in. I caught Lena looking at me once during the burn, something almost like apology in her eyes, like she resented being seen as anything but mission ready. I understood. Tenderness is a liability out here. You can not count it in the plan.\n\nThe worst part is knowing that even in our stolen moments of peace, the past sits in the corner of the room. I think about that night planetside, rain hammering the shattered roofs while we huddled under a half collapsed awning, sharing a canteen and a ration bar we had not yet divided by calories. Mortars in the distance, comms full of confusion, but for a heartbeat it was just the four of us, laughing at nothing, breath fogging in the cold. I knew, with a kind of cold clarity, that it could be the last time we were together and still mostly whole. I wanted to say something real then to tell them that if one of us did not walk out, I was glad we had at least that. Instead I made a joke about the food. Everyone laughed, and the moment passed. Next morning we moved, like always.\n\nSo here we are, rogues with standards, deserters who still wake up at zero five out of habit. There are stories whispered about us now, the Fractured Regiment that takes contracts nobody else will, that walks away from payouts if the intel smells wrong. Some call us idealists, some call us cowards who flinched too late. The truth is less clean. We are just trying to find a way to live with what we have done and what we might still have to do. And I am still afraid that if I ever speak that truth out loud, someone, somewhere, will find a way to punish us for it.
1376	5436	1	BOOK/DESC	Darren says today's haul was "clean," like that means anything out here.\n\nWe cracked a commuter ring over Narion this shift, just me, Darren, and two new riggers whose names I keep forgetting. Hull was buckled along the spine, atmosphere long gone, but the emergency strips were still pulsing every few meters, weak red glows chasing us through the dark. I hate when the lights still work. Makes the wreck feel like it remembers being alive.\n\nDarren kept on the channel about fast cuts, get in, pull the drives, strip the avionics, no sightseeing. I nodded and did my thing, torch singing through bulkheads, but every time my faceplate crossed a viewport I caught my own reflection and, behind it, that endless black. I could feel those old training cams on me again, the ones they bolted into the corridors "for safety." Always watching, always logging. Back then, every misstep got replayed by some supervisor in a warm office. After a while, I stopped feeling safe anywhere I wasn't being watched, like the only thing between me and the void was somebody else's judgement.\n\nFunny how that wires you. Even now, drifting through a dead ship with just Darren on point, I catch myself wishing there was a camera in the corner, some eye that'd see it if a brace failed or a patch let go. Then I remember there's no playback if the whole section rips loose and drifts forever.\n\nWe hit the galley and the newbies started pawing through personal lockers, looking for anything with a charge left. Scrapline rule says anything with a serial goes in the official bin, anything "personal" gets split if no family claimant shows. Unspoken rule says anything you can hide inside your suit you don't talk about. One kid tucked a pair of earrings so fast I almost laughed. Almost called him on it, too. I floated close, visor to visor, and just looked at him. Said nothing. Watched his breath fog his glass. He stammered an excuse about "tagging them for inventory" and I felt this cold weight settle in my chest when I realized he believed I could make his life miserable with three words on the crew channel. That sudden hush on comms, the way Darren turned his helmet just so, waiting to see what I'd say that was the first time I understood I could scare someone without lifting a tool. It felt ugly and good at the same time. Disturbingly easy.\n\nSometimes, when I think too hard about all the ways this work can kill us, my head goes back to that night on the old breaker barge, before we signed on with Scrapline proper. Docking clamps had failed and the whole habitat ring shuddered for hours, groaning like it wanted to tear itself apart. No one said it out loud, but we all thought the welds were going to go. I ended up in a storage locker with another junior tech, both of us crammed between crates of patch kits, breathing each other's recycled air. We pressed so close our harnesses dug into our ribs. I remember his gloves on my arm, just needing to feel someone solid while the metal around us flexed. We whispered whatever came to mind weather reports, old spacer jokes, how we'd rather die quick in a blowout than slow in a stuck suit. I felt more connected in that stupid cramped space than any briefing room since. And still, underneath it, there was this raw terror that if the hull opened, we'd die together and no one would ever even know we'd been afraid.\n\nFunny the things you miss, too. Back home there was a corner kiosk under the transit line that sold these greasy seaweed snacks in crinkled foil. You could grab a pack and a lukewarm TerraBrew in one hand, feel the weight of both swinging as you walked back to a tiny room that at least had a ceiling. On bad days I can almost taste the salt and burnt oil when I crack my helmet seal after a long shift, only it is just stale air and other people's sweat.\n\nWhen I started with the Breakers, they only trusted me with the "safe" jobs. Seal checks. Tagging scrap bundles. Running tether lines from the barge to hull anchors. Mundane, they called it. But every line you clip is another chance to drift, every hatch you open in a dead ship is a bet that what is on the other side is just vacuum and not a pressure pocket ready to tear it off its hinges. You learn quick or you float. First time I soloed a tether run, I remember my hands shaking so hard I could barely thumb the carabiner. Not from the cold. From imagining every screw failing at once.\n\nAnd then there are the stories they only half tell. Rough talk in the mess about a freighter that jumped on a shortcut and came back wrong, or never came back at all. A survey vessel that still pings on old scanners, buried under ghost coordinates nobody will admit to owning. Darren pretends not to believe, but he cuts the power to his suit beacons whenever we hit certain long-abandoned lanes, like he is hoping not to catch the eye of whatever chewed those ships up. Some nights I tell myself it is all just bad math and worse luck. Other nights, looking at the patterns in the salvage reports, I wonder if someone out there is tracing routes on purpose, deciding which hulls get to die.\n\nAnyway, today the wreck was "clean." We got our drives and boards. No corpses, no strange echoes, no missing hours in the logs. And still, when I closed my eyes in the airlock just now, I could feel that old camera lens searching for me, waiting to see whether I step left or right before the deck drops out.
1115	5476	1	BOOK/DESC	Jordan always says this is a waste of time.  \nElena just shrugs and checks the door seals one more time while I write.  \nTara laughs and calls it "poor woman's therapy."  \nMaybe they are all right.  \nBut tonight the hum of the reactor is too close to the pitch of old artillery, and if I do not put these ghosts somewhere, they will sit in my hands when I need them steady.\n\nI keep thinking about that day on the carrier deck, the one we do not name out loud.  \nThe alarms were already howling, atmosphere bleeding off in a white scream, and I was on my back under a ruptured bulkhead when he fell into my arms.  \nI had patched that man up a dozen times for stupid cuts and training burns, teased him about being too pretty for the infantry, watched him fall asleep over ration coffee more nights than I can count.  \nThen the deck shook, lights went dead, and the only thing left was the weight of him and the way his fingers dug into my vest like he was trying to hold on to me and his own lungs at the same time.  \nLove and loss braided together in one long exhale that ended before the medevac could even pretend to start.  \nThe after-action summary called it "swift casualty evacuation failure."  \nThey never mentioned that I kept talking to his body until the bulkhead crews pried us apart.\n\nFeels like every argument since then loops back to that day, one way or another.  \nIn the unit.  \nWith command.  \nEven with myself.  \nAny time something goes sideways, you can feel it in the room, see it in the way eyes settle on me a half-second too long.  \nIf I step wrong, if I question an order, somebody eventually drags it in, like a knife pulled out of storage: "You froze on the deck, Ellison."  \nNever mind the chaos, the impossible calculations.  \nThe story is simpler when I am the hinge everything broke on.  \nSoon you start telling it to yourself that way, just to match the file.\n\nFunny, I did not grow up with this constant noise.  \nThere were afternoons when I would sit on the stoop outside our block, boots scuffing at cracked concrete, watching people drift by with nothing sharper than grocery bags in their hands.  \nNo plans, no missions, just a slow river of neighbors and strangers, laughing too loudly at dumb jokes, arguing about which vendor had the better fruit.  \nI would lean back against warm stone, drink something sweet and cheap from the corner stall, and imagine that the world ended at the far tram stop.  \nSurface-level problems.  \nRain, rent, who owed who a drink.  \nSometimes I miss that smallness so much it hurts.\n\nBack then, affection was a ration.  \nYou did the chores, you kept your voice low, you got a nod, maybe a hand in your hair if you were lucky.  \nSay the wrong thing, come home with the wrong bruise, and the warmth snapped off like a switch.  \nI learned pretty quickly that love arrived when I met expectations and vanished when I did not.  \nBy the time I put on a uniform, the pattern was already etched in.  \nStand straight, shoot straight, do not ask why.  \nThe pat on the shoulder after a dirty op, the extra leave chit slid across a desk, the quiet "good work, Ellison" that came right after we "re-aligned" a report about civilian traffic getting caught in the wrong corridor.  \nAffection as reward.  \nSilence as punishment.  \nI did not notice how much it steered me until I was already too far along the vector.\n\nWayward Taskforce is supposed to be different.  \nThat is the joke.  \nJordan calls us strays who finally picked our own handler.  \nElena pretends she is only here because she has nowhere else to be, but she still polishes her rifle like we're due for inspection.  \nTara talks big about being free agents, but she flinches when someone says "debrief" too loudly.  \nWe left the flag, walked out of the barracks, cut the transponders, yet somehow the same patterns follow.  \nWe just argue louder now.  \nAnd the crowd we run with feels permanently one breath away from violence, arguments snapping from mission planning into threats before anyone can blink.  \nIt is not so far from those stairwell fights outside my old block, just scaled up, with better weapons and uglier stakes.\n\nI keep catching whispers about sanitized wrecks, about navigation data that does not match the scars on the hulls, about one engineer-turned-myth tampering with beacons in the dark.  \nClassified debriefs we half-heard before we walked out spoke of "necessary adjustments" to war records, of listening posts that went quiet at very convenient times.  \nBackchannel chatter says some of those messes are on our old ledger, missions we ran without knowing who was really steering the ship.  \nSome nights, when we are charting our next aimless hop between systems, I wonder if Wayward Taskforce is actually walking away or just being turned like any other piece, kept where we can still be used to clean up what nobody else wants to touch.\n\nI do not know if leaving official command was betrayal, survival, or both.  \nThe oaths still ring in my ears when I am half-asleep, but so do the screams and the sudden, surgical silence that always followed.  \nMaybe that is why I write this instead of sleeping.  \nBecause for a few minutes, it feels like I am choosing my own words instead of reciting someone else's version of what happened, of who I am supposed to be, of which failures belong to me and which were baked into the orders long before I ever stepped onto the deck.
1540	5490	1	BOOK/DESC	I do not know why I still do this.\n\nOld habit from the regulars, I guess. Write it down, seal it, pretend someone in Intel is reading and cares. Out here, no one audits anything except ammo counts and fuel.\n\nSundered Company hit the depot this morning. Small garrison, mostly scared kids and contract techs, more worried about paperwork than perimeter checks. Naomi ghosted their sensors like she was still on their payroll, Mara walked the entry stack as if the codes were bricked into her bones, and Riley kept overwatch on the ridge, calling wind like we were back on drills instead of committing treason. It was clean, efficient, professional. Everything they trained us to be, just pointed the other way.\n\nWe took what we came for and a little extra, because we can now. That is the part that still sticks in my throat. In uniform, they told us the numbers mattered more than the names, that supply chains and objectives were all that kept the frontier from burning down. Funny how the same doctrine feels uglier without the flag patch.\n\nThere is this moment on every run, right after the breach, when my body falls into the old rhythm. Room, corner, center, breathe. Targets are shapes, not people. The sound of my own rifle is just another part of the pattern. Then it is over, the adrenaline dips, and the shapes have faces again. Today one of them looked young enough to still be arguing with instructors over field manuals. I did not let myself check his ID. I keep moving, I keep my hands busy, because that is what good soldiers do when the thinking starts to hurt.\n\nWe celebrated tonight, if you could call it that. Someone raided the liquor from the depot before we blew the logs; suddenly the barracks block we squatted turned into a makeshift cantina. Loud music bleeding from three different speakers, bad jokes shouted over worse singing. Naomi trying to arm-wrestle anyone still upright, Mara dancing with a bottle in one hand and her sidearm in the other, Riley on a crate telling a story about some patrol gone sideways until his voice cracked from laughing. For a few hours, it was chaos and light and the kind of noise that drowns out thinking. Then the bottles emptied, the music cut mid-song, and it all fell quiet like someone had flipped a breaker. Same as always. Fleeting. Leaves more echo than warmth.\n\nI keep waiting for the moment it really feels like we left. Like there is a clean line between "before" and "after." But Sundered is just the same unit with the serial number scratched off. We still stack bunks like we are expecting an inspection. We still run drills on off-days. Jonas Mercer, soldier, except the paymaster is a shadow ledger and the mission briefings do not mention what happens if anyone ever decides to drag us back in chains.\n\nI cannot stop thinking about Ortiz.\n\nLieutenant Ortiz was the first one I ever saw push back on an op. We were all crammed into that debrief room, stinking of propellant and sweat, after the dust settled on that settlement strike. The body count did not match the threat matrix, and everyone in the room knew it. Command called it a "necessary demonstration." Ortiz called it something else, right there in front of the ops chief. She did not shout. She just asked, too calmly, why our targeting package had changed mid-flight, and why the original sat-tags did not match the after-action photos.\n\nNext cycle, she was gone.\n\nThey said reassignment at first. Then they stopped saying anything. Her bunk emptied during night rotation, footlocker stripped, name tag peeled off so clean it looked like she had never existed. No one asked where she went. We traded theories in whispers over rations, but when the section sergeant walked through, every voice cut off on the same syllable. It was the quiet that did it for me. The way even the loudmouths folded. I learned a lot from that silence.\n\nSometimes I look at Naomi and see the way her jaw clenches during briefings when the plan brushes up against collateral. I watch Mara counting rounds after a fight, lips moving like a prayer, tallying more than ammo in her head. Riley jokes the loudest, but his eyes always go to the exits first, like he is waiting for a squad of MPs that never comes. We all saw someone like Ortiz. We all decided, at different speeds, that we did not want to be next in line for a vanishing act.\n\nOfficially, we walked because the chain of command broke faith. Unofficially, I think we left because staying meant admitting we had already compromised too much of ourselves to ever walk straight again. Out here, in the gray, at least the lies are ours. We pick the contracts, we see the ledgers, we decide what we are willing to do and who we are willing to do it to. It sounds like freedom until I remember I used to tell myself the same thing about the old missions.\n\nI still polish my boots before I rack out. Not because anyone will check, but because the day I stop might be the day I admit I am just another gun in the dark, no better than the ones we used to be pointed at. Maybe that is self-deception. Maybe it is the last discipline I have left.\n\nIf anyone ever asks why I left, I will probably give them a slogan about betrayal and bad orders. It is easier than telling them the truth. The truth is, I watched a good officer disappear for asking why the numbers did not line up with the bodies, and I have been pretending ever since that walking away is not the same thing as turning my back.
1144	5520	1	BOOK/DESC	Malik says writing things down is a liability.  \nHe is not wrong.  \nBut if I do not put some of this somewhere, it just keeps looping in my head like bad comms echo.\n\nFunny where loops start.  \nWhen I was a kid I ran errands for half the building, trotting up and down four flights with lists scribbled on paper already stained with oil and tea.  \nNeighbors would press a few credits into my palm, tell me to grab bread or powdered milk, sometimes that cheap instant ramen with the plastic sachets you could never get fully open.  \nOn the way back I always stopped at the same little corner kiosk, bought a lukewarm CAN-uck! Maple Cola and a packet of Choco Bites if I had anything left.  \nI remember thinking life would always be that small and that simple: doors, stairs, lists, the familiar jangle of the kiosk's chime.  \nNo armor, no debriefs, no photographs you are not supposed to look at for more than three seconds.\n\nMy first real orders in uniform felt like just another errand.  \nRun this crate across the tarmac.  \nEscort this tech team to a "routine survey."  \nBabysit a convoy through a debris corridor some analyst swore was cleared last cycle.  \nMundane, on the paper.  \nBut the crate hummed like a reactor about to lose its temper, the survey site still stank of burnt insulation and cooked flesh under the sterilizer, and the "cleared" corridor turned out to be very much alive, with wreckage and things no one logged officially.  \nThey called it cutting our teeth.  \nI learned to clamp my jaw until it ached instead.\n\nOutcast Detail started as a joke, the way all the worst ideas do.  \nMalik would mutter about how we were already ghosts, how command only remembered us when they needed something done where there were no cameras.  \nBy the time the name stuck we had already crossed that invisible line: too dirty for clean units, too effective to discharge, wrapped in classifications so deep even our nightmares came stamped "need to know."  \nThey sent us to tidy up after things went sideways.  \nContainment.  \nRecovery.  \nDenial.  \nWe saw wrecks that did not match the official battle reports, orbital scars that stopped exactly where certain names on the roster began.  \nSometimes our job was to stack the dead straight; other times it was to make sure no one could count them properly ever again.\n\nI remember one op in particular, because it is when I understood what we had really become.  \nWe were told to secure a freighter "compromised in transit," nothing more.  \nWhen we burned in, the thing was half-embedded in a field of old war scrap, like a coffin trying to join a mass grave that did not want more company.  \nSensor logs had been wiped, and we got a verbal order only: clear survivors, purge black boxes, transmit nothing.  \nMalik did not argue.  \nOutcast Detail follows orders even when it hates them.  \nThat is our sickness.\n\nThe cracks showed after.  \nBriefings that ran too long on what we "had not seen."  \nRumors about navigational data being rewritten instead of corrected.  \nA name that kept showing up on classified after-action reports, some engineer turned wild card, and instructions to tag any mention of altered beacons and feed it up the chain without discussion.  \nWe were not hunting him then, but the shape of his work was already in the files they would not let us keep.\n\nWhen I finally walked out, I thought I was cutting the leash.  \nThat is the story deserters tell themselves: you step off the transport, you vanish into some underlevel bar, you become your own problem.  \nBut leaving Outcast Detail is not freedom.  \nIt is a death sentence with a longer timer.  \nCommand does not like loose ends that know which battles never really happened.  \nThe unit does not like traitors who might talk under the wrong kind of pressure.  \nMalik never said it, but the last time I saw him he looked at me like a target he had not decided on yet.\n\nThe funny thing is, the discipline does not wash off.  \nI still wake up before ship's dawn, still inventory my kit, still scan exits without thinking.  \nSometimes I catch myself plotting fire lanes in a crowded market, then remember I am just there to buy powdered milk and Instant Oatmeal that tastes like cardboard but lasts forever.  \nI even found a kiosk in the port that sells that same Maple Cola, though it is colder and costs three times as much now.  \nFor a second, can in hand, I can almost pretend I am just the girl with the shopping list again.\n\nAnd then I hear the unit's name on someone else's tongue.  \nA bounty board whisper about a "rogue clean-up team," or some drunk spacer talking about wrecks that keep rearranging themselves into patterns nobody can quite decode.  \nBits of our old orders keep surfacing where they should not: mention of falsified crash logs, of private nav algorithms changing hands in back rooms on Neon, of officers who retired too quietly just before certain reports went missing.  \nI try not to connect it all, because connecting things is what got us here.  \nBut every time another story leaks out, I see the familiar fingerprints, the same insistence that the past can be edited into something more convenient.\n\nMalik would say none of this belongs on paper.  \nHe is probably right.  \nStill, it helps to admit it somewhere: I walked away from Outcast Detail, but I am still marching along their old vectors, just a step to the side, hoping that when the timer runs out it will not be one of ours holding the gun.
1073	5596	1	BOOK/DESC	I keep telling myself I only write in this thing to keep my hand steady, but that is a lie and I know it. Trigger squeeze, pen stroke, same muscle memory. The body remembers even when the brain is tired of replaying the feed.\n\nTonight the boys started whispering in the corner of the bay again. Caleb hunched over the crate like it was a holotable, Marcus pacing that slow circle he does when he's walking the perimeter of an idea instead of a killzone. Jonah laughed once, too loud, then caught himself. And then Elias crooked a finger at me without looking up, like he already knew I had been listening from across the room. That little gesture lit something in my chest I hate: the quiet thrill of being pulled into a conversation where every word is technically treason and none of us care anymore.\n\nThey slid the datapad my way, redacted manifests, blacked-out unit IDs, an op name someone had helpfully replaced with a skull in permanent marker. Same pattern as before: escort duty that never made the public channels, cargo no one wanted logged by an independent observer, and those casualty reports that always seemed to arrive pre-signed. We used to get briefed on runs like that with a straight face and a stamped seal, told to hold perimeter and ask no questions while the real work happened in the shadows. I never saw what was in those locked containers. Still smells like burned coolant and bleach when I think too hard about it.\n\nBeing in on the planning this time feels different. No colonel's voice on the overhead, no legal jargon to hide behind. Just Marcus, grimmer than ever, making the case that if command can run black flights and scrub the records, then so can we. Nina watching him with that measured calm of hers, the one that means she has already calculated three exit vectors and two firing solutions. Caleb nodding along because he trusts people harder than he should until they give him a reason to stop. And me, leaning over the datapad, tracing the route with my finger, pretending my heart is not racing at the thought of putting a round finally in the direction all those old orders came from.\n\nMy body still reacts before my mind, like it did back in the corridor fights. Raised voice behind me, and my shoulders tighten before I have processed the words. Dropship engines spool up outside and I am halfway to cover, looking for hard points and choke angles, before I realize it's just a freighter cycling its drives. Sometimes I catch my reflection with a hand halfway to the small of my back, reaching for a sidearm I am not supposed to carry on station. Fight, flee, freeze. The trinity drilled into our hindbrains so hard that even now, dishonorably unmoored, I twitch on the same old cues.\n\nWe built numbness around ourselves out there. Layer by layer, op after op, until it felt like a second skin. Civilians in the crossfire, targets misflagged, "collateral" we were told not to record in our own heads. You do not survive long in that line of work if you feel everything. So we stopped feeling. I remember one insertion where the shooting stopped for maybe six hours straight. No alarms, no running boots, no medevac chatter on the squad net. I lay on my bunk staring at the ceiling and what I felt was not peace, not safety, just a bone-deep relief that no one needed me to kill or triage for a few more minutes. It did not feel like being loved. It felt like the absence of burden, like putting a rucksack down and not caring if anyone else picked it up.\n\nNow, with the Phalanx, the numbness is harder to justify. We are not following anyone's flag but our own, and every line we cross is a choice we make in the open. When we talk about hitting that convoy, about bleeding the same machine that bled us, I can feel the old armor sliding back into place around my ribs. Part of me enjoys the weight. Part of me is terrified I have forgotten how to take it off.\n\nI think about the incident we were never debriefed on, the one where entire squads disappeared off the roster with a single keystroke, replaced by "equipment malfunction" and "orbital debris." We were rotated through cleanup on that one, told to secure a perimeter around twisted hull and vented atmosphere, no remains allowed to be visually confirmed. I heard rumors later that some of those "malfunctions" started when a junior officer refused to sign off on a safety override. Maybe that is why my ears ring when Elias speaks now, voice low, spelling out just how brittle the command chain always was. Maybe that is why I am still here, sitting with known deserters, writing this instead of burning it.\n\nI tell myself I follow them because they are the only ones who will look me in the eye and admit what we did and what was done to us. I tell myself I stay because if someone is going to point a rifle at the people who wrote those sanitized reports, I would rather it be someone like Nina than some Spacer high on cheap chems. Truth is, I also stay because when Marcus calls everyone in and the air goes tight and electric, I feel that same small, forbidden excitement I did the first night an instructor pulled me aside and said, "You are not like the others. We have plans for you."\n\nMaybe that is the ugliest part of all this. Not the acts, not the bodies, not the lines in the after-action logs that do not match the scars on my hands. It is how quickly I slip back into the rhythm of squad banter and target designations, how comforted I am by the click of a mag seating properly, how relieved I feel when the quiet ends and there is finally something to do.
1112	5640	1	BOOK/DESC	If I keep telling myself I am only doing this to clear my head after shift, maybe I will believe it one of these days.  \nMira says writing anything down is asking for trouble, Jonas shrugs and says no one cares enough to read it, and Raul just laughs and tells me to make sure I spell his name right when I blame him for everything that goes wrong.  \nElias stays quiet, like always, eyes on the manifest, pretending he cannot hear us.\n\nWe burned out to that freighter husk today, the one just off the lane where the nav buoys keep resetting themselves.  \nOn approach, it was the usual noise in the comms: Mira arguing with Jonas about who tagged the hull first, Elias muttering about line tension, Raul humming that same off-key spacer ballad he uses when he is nervous.  \nOnce we hard-docked, the noise cut off like someone pinched a cable.  \nIt is always like that.  \nThe minute the hatch cycles, every joke dies and it is just suit seals, mag boots, and the quiet knowledge that one puncture or one bad weld is the difference between getting paid and becoming part of the scenery.\n\nI am trying to remember when we started reaching for weapons before wrenches.  \nYears back, if another crew showed up on a claim, there would be shouting across comms, maybe a bluff about filing the first mark with Trade Authority, some creative swearing, then everybody would back off or cut a deal.  \nNow I watch Jonas thumb the safety on his rifle before he even runs a structural scan.  \nMira keeps a shotgun magged to her harness and calls it "pest control," meaning anyone without a Salvage Crown patch.  \nToday, when a pair of independents tried to nose their tug into "our" airlock, Raul did not hail them, did not warn them off, just pulsed the maneuvering thrusters hard enough to rattle their docking collar and send them tumbling.  \nWe all pretended not to hear the panicked breathing over open channel.  \nViolence used to be what happened when everything else failed.  \nNow it is the first tool we reach for, even when the problem is just two crews trying to eat off the same carcass.\n\nFamily still thinks I work "portside support."  \nThat is how I phrased it the last time I sent a message to my brother, anyway.  \nHe asked which port, and I changed the subject, talked about food, about how the stars look the same in every system.  \nBack when I started with Salvage Crown, I told myself there was no point worrying them with details.  \n"Nothing dangerous," I said, "mostly cutting scrap, well within regs."  \nThen the jobs got stranger: derelicts with fresh burns on the hull but no transponder history, listening posts that went dark right after some admiral's name started circulating in the news.  \nThe more the patterns bothered me, the more I smoothed the edges in my calls.  \nNow I do not talk about work at all.  \nIf he ever saw what we walk into, how we step over things that should not be there and carry out the parts that should not belong to anyone, I am not sure he would recognize the person on the other end.\n\nInside that freighter, the air was gone but the smell still clung to the fabric: burnt plastic, cooked lubricant, that faint metallic tang that does not come from rust.  \nElias found a bundle of personal effects neatly stacked by an emergency locker, every item tagged with coordinates and dates in tidy handwriting.  \nNo bodies, no logs we are supposed to see, just those little altars people keep talking about in the bars.  \nMira swore under her breath and walked right past, said it looked "too arranged."  \nJonas quietly marked the location for internal records, the kind we do not share when we sell the rest.\n\nIn the mess later, someone brought up the story again, about the engineer who lost his mind in the war cleanup and started moving wrecks around like they were pieces in some private memorial.  \nLast time I heard it, it was just a ghost-ship yarn, good for drinking and scaring greenhands.  \nNow we keep cutting into derelicts that feel curated, not abandoned.  \nBeacon logs that do not match the scars on the hull.  \nDrift patterns that keep pulling ships toward old battle sites no one wants to talk about.  \nEvery time, someone says "just a coincidence," and every time, the room goes a little quieter.\n\nWe do not report most of what we see.  \nUnspoken rule.  \nIf it looks like it will tank the payout or bring in too many questions from people who carry badges, it does not go into the official handoff.  \nMira keeps a private drive with all the weird finds, calls it her "puzzle box."  \nElias pretends it does not exist, but he is the one who backs it up after every job.  \nRaul claims he does not believe in cursed wrecks, then triple-checks his seals whenever we board anything with fresh power readings and no crew.  \nWe all saw that one ship, years ago, lights still on, galley half-set for a meal no one finished.  \nSalvage Crown stripped it fast and quiet, and nobody has said its registry name since.\n\nI tell myself I am fine with this life.  \nGood pay when the jobs line up, decent kit, a crew that mostly has my back.  \nI like the quiet out there, the way sound dies in the suit and all that is left is my own breathing and the hiss of the recycler.  \nBut some nights, when I am looking at another wreck hanging against a starfield like a broken tooth, I wonder how many of these hulks were accidents and how many were nudged.  \nAnd whether, one day, someone will climb through a torn-open hatch, step over my neatly stacked tools, and decide what parts of my story are worth writing down and what can drift nameless in the dark.
1408	6107	1	BOOK/DESC	Caleb keeps saying we should all be asleep by 0200 if we want to be worth anything at 0600, but he is snoring three doors down and I am staring at a wall that will not blink first. So I might as well write.\n\nSometimes I think the strangest thing about Direwolf is how familiar it feels. Different insignia, cleaner guns, more zero-g time, but the same quiet calculus I grew up with: who is safe to stand next to when the room turns, who you never turn your back on, who will fold when the rounds start skipping off the bulkheads. The brass talk about honor, contracts, chain of command. The real rules live in the seconds between words.\n\nI still remember my first job that was not supposed to lead anywhere. A part-time gig at a dockside supply kiosk, barely more than a closet with a register. Delivering sealed packages to ships, sweeping the grit off the deck, stocking crates of canned protein and discount ammo under flickering lights. I thought it was honest work. Then I noticed how the same three captains always paid in cash, how the scanner never beeped when their packages went out, how the supervisor watched them leave and pretended not to see. I learned the unspoken rules fast: knock twice, never read the label, never ask why there is no manifest.\n\nOne of the loaders handed me a bracelet once, thin links of some alloy that caught the light like ice. Said it fell off a crate, nobody would miss it. I knew it had not been bought anywhere near that kiosk. I also knew enough to smile, slip it on, and say thank you. Questions are just another kind of receipt. If you do not generate them, nobody comes looking to reconcile the books.\n\nDirewolf is the same shape at a higher resolution. Nadia plays the loyal professional, and she is, but she also knows who is holding back ammo, which pilots are refueling off the record, which comms tech is being paid by someone else to "accidentally" delay certain transmissions. She never says so directly. She just asks if I have enough spare mags, then glances at the requisition console and raises an eyebrow. Marcus pretends he is all muscle and drills, yet he spends extra time in the sim with the rookies he thinks might actually survive a second contract. He growls about standards, but he does not let them wash out before they learn how to keep their helmet seals clean.\n\nCaleb is different. By-the-book, almost painfully so, but there is a reason the handlers keep putting him on the same teams as me. He believes in the job more than the paycheck, or pretends well enough that it does not matter. When he signs off on an op, he means it. When he hesitates, I listen. Tonight, he hesitated.\n\nWe got a briefing packet flagged eyes-only, something to do with "off-grid asset recovery" and a series of derelicts officially written off years ago. The language was almost bureaucratic enough to be boring, but the coordinates formed a pattern I have seen painted in rumor across mess tables and barracks chatter. Cold, distant systems. Half-erased salvage records. Names that only come up in whispers after the third drink. Someone in MAST or close to it has been quietly shuffling certain wrecks toward one shadow ledger, then hiring people like us to make the paperwork match the reality.\n\nNo one says it outright, but we all hear the rumors. A lost patrol that followed the wrong beacon. An independent hauler whose transponder data vanished from every registry overnight. An arbitrator who knew the codes too well and disappeared with a hold full of stolen cores. People say there is a place where those ghosts go, a graveyard of hulls too valuable or too embarrassing to leave in the open. Tonight's packet looked like a map with half its lines erased.\n\nI keep wondering if this is another version of that dockside kiosk, just on a system-wide scale: deliver this, do not scan it too closely, do not ask why the manifest is redacted. The difference is that now the packages are starships and the missing receipts look like dead crews.\n\nWhen I close my eyes I still see one particular hold, years ago, not on a contract but on a station that did not have emergency drills often enough. Fire, alarms warbling out of tune, artificial gravity hiccupping so that debris hung for a second before crashing down again. I was younger, holding on to the only person who had ever tried to keep me off the streets, her breath ragged against my shoulder as bulkheads shuddered and panels tore loose above us. Love and loss twisted together in that stuttering red light, the smell of melting plastic and burnt metal settling into my lungs. I remember thinking, even then, that the rules outside this compartment were already rewriting themselves. That some accountant somewhere would call the whole thing an "incident" and move on.\n\nMaybe that is why I ended up here, in a unit named after a predator that never hunts alone. When the system collapses around you enough times, you stop believing in its protection and start learning to read the gaps. I learned to walk those gaps as a kid, to feel where the power really flows, to see which "temporary measures" quietly become permanent. In Direwolf, that sense is the difference between coming home and being a line item.\n\nSo I watch, and I listen. I note which contracts come with too much hazard pay and too little detail. I watch the way the handlers flinch when certain names cross the holo. I hear the whispers that some of our recovery work is not just cleaning up old battles, but erasing proof that they ever happened the way the records say. And I remember the bracelet on my wrist, cold and beautiful, a gift from someone who stole it because that was the only way to survive another day on the docks.\n\nWe traced a stray dataslate in the dust back to a pattern of falsified salvage, then listened to a jumpy analyst talk about orders that never made it into the log. Later, in a dead station's quiet, we saw how temporary files about missing ships had been left looping for years, unacknowledged but never erased. The trail from that forgotten kiosk feels a lot shorter now.
1575	6118	1	BOOK/DESC	I can hear the reactor hum bedding down for the off-shift, the way it always does when Deepwater slips a little deeper into the dark. Feels colder tonight, even though environmental says we are well within spec. Rhea swore the air smelled like recycled fear at dinner, which made Jonas laugh until he choked on his stew. I laughed too, but it stuck halfway up my throat and never quite came out. Maybe it is just the way the grav plates kept shuddering on the mid-deck, like the ship is trying to shrug something off.\n\nI should not have been on cargo three after lights, but Darius forgot his toolkit again and begged me to grab it before the Trade Authority inspector logs our next systems ping. So I went, like I always go, because I am the only one who remembers where everyone leaves everything. That is what I tell myself, anyway. The hold was quiet, just the clink of maglocks settling and that slow, hollow creak you only get when a ship is really alone. I almost turned around when I heard voices.\n\nGalen and Rhea, down by the auxiliary console. They did not see me around the crate stack. I know I should have walked away, made some noise so they knew I was there, anything but stand there with my hand over my mouth like some spacer child hiding from ghosts. But I froze. I always thought Galen was just quietly ambitious, the kind of man who knows which side of a ledger to fall on and never makes waves. Hearing him talk in that low, flat voice made the hair on my arms lift.\n\nI could not catch everything, just pieces between the cargo scanner chirps. Payment cleared. Window in the patrol net. No questions from the bosses as long as the manifests match. Rhea asked if he was sure about "the handoff" and he said it was already set, that this route "belongs to other people now" and we just keep our mouths shut and ride it out. The way he said "other people" made my stomach twist, like there was a third ship in the hold with us, listening.\n\nI backed away, bumped into a crate, and nearly dropped Darius's damn toolkit. Galen called out, asked if someone was there, and I forced myself to step around the corner with the most casual smile I could manage. Told them I was just playing errand girl again. Rhea looked like she swallowed a whole asteroid. Galen smiled too easily, asked if I ever sleep, and my cheeks went hot for no good reason. I hate that about myself, the way my face advertises every thought I do not say.\n\nOn the walk back I kept replaying it, trying to tell myself it was nothing. Trade Authority runs side deals all the time. Priority cargo, priority clients. Maybe that is all it is. But the way he stood too close to the console when I passed, as if he did not want me to see what was on it, that is not "standard incentive." I know enough smugglers' tricks from Gagarin to recognize the shape of one, even if I pretend otherwise.\n\nThen there was this morning in the galley, which I would erase from my memory if I could. I walked in just as Galen was rinsing his cup, and the ship had this weird half-gravity hiccup while the stabilizers recalibrated. I stumbled, grabbed the counter, and he caught my elbow at the same time. For half a second we were both braced together, his hand warm through the sleeve of my coverall, my hair floating stupidly in my face. He made some joke about me testing the inertial dampeners with my "graceful entrance," and I could not think of anything to say but "I meant to do that."\n\nWho says that? I meant to do that. I replayed it all day, cringing at every angle. Part of me wanted to stay in that stupid almost-embrace and pretend he was just another crew mate teasing me, not someone whispering about handoffs and patrol windows in the dark. Part of me wanted to pull away, march straight to Jonas, and dump everything I heard on the table between us. Instead I mumbled something about shift reports and fled with my coffee sloshing over my hand.\n\nI keep asking myself who I am loyal to. To Deepwater, her logs and her unremarkable corridors. To the Trade Authority, who will absolutely not hesitate to vent a whole crew for stepping out of line, then deny we ever existed. To the faces I see every day, trading bad jokes and good coffee in the galley. Or to the tiny, selfish part of me that wonders if Galen is right, if there is a way to come out of all this with more than a pension and worn-out boots.\n\nRhea has been quieter since that conversation. She watches Galen when she thinks no one is looking, as if trying to decide whether she is on his side or just near the blast radius. Darius buried himself in maintenance on the external relays, grumbling about how they do not pay him enough to fix old Trade Authority shortcuts. Jonas keeps talking about what he will buy after this run, like spending the credits in his head will guarantee he lives long enough to touch them.\n\nThe rumor mill has gone dry, and that is what scares me most. Normally there is always some story about pirates out past Akila or Ryujin making plays in Neon, the usual noise. Lately the stories come in whispers, like the space between systems has teeth, and someone is paying good money to sharpen them. I hear it in the way the dockers on Gagarin spoke too softly when they mentioned our route, in how a bartender on New Atlantis changed the subject as soon as he saw our ship patch.\n\nIf I bring this to anyone official, it is my word against Galen's, and he knows how to dress his lies in the right paperwork. If I stay quiet, I am complicit in something I do not understand. And in the middle of all that, there is the part of me that still feels the echo of his hand on my arm and hates myself for it. I do not know if I want him to be innocent or just honest.\n\nFor now I will do what I always do: log my shift, double-check the environmental seals, and pretend I do not notice when the course projections shift a few degrees off the standard lanes. But I have started keeping my own copy of the route data, tucked where no one looks. If this goes bad, I want someone, somewhere, to know we did not just vanish. We were steered.
1298	6391	1	BOOK/DESC	I keep telling myself I will not write after missions. That sleep matters more than ink. Then I lie there staring at the ceiling of whatever tin-box bunk Bravo Ironclad has rented this week and feel the shakes coming on, and the pen starts moving by itself.\n\nToday was simple on paper. Escort. Secure. Overwatch. No casualties on our side, minor property damage, client very impressed. "Textbook," Marcus called it in the debrief, and Jonas nodded along like he agreed, jaw clenched the way it always is when command is in the room. But there was nothing textbook about walking through that hangar and seeing the scorch patterns, the twist in the hull from a bad grav-jump, and hearing the client insist it was only "routine wear." Even Sara, who usually just takes the credstick and smiles, kept glancing at the patched bulkheads like she was reading a crime scene.\n\nBravo Ironclad has an unspoken rule: we do not ask what happened before the contract starts or after it ends. That is for lawyers, nav auditors, and whoever thinks they run this part of the sky. We hold the line for the hours we are paid for and then we walk away. Lately I have started to notice how often we are being hired to stand between "routine wear" and a paper trail.\n\nThere is a rumor going around that one of the big shipyards has a missing test navigator on their hands, and that some of the "anomalous incidents" we have cleaned up over the past month are all echoes from the same ghost on the lanes. Jonas says it is just spacer talk, same as always, but Marcus has been quietly running extra checks on our own jump plots. He pretends it is just caution; I see the way his eyes stay on the displays three seconds longer than they should.\n\nDiscipline keeps the unit together. Discipline and the fact that we all know what we look like without the armor. Sara is the only one who will say out loud that this is all borrowed time. Over coffee she said, "We are here until the risk profile says we are not," then laughed and changed the subject to ammo shipments. But she has been logging more range hours than usual, and she asked me, very casually, to check her will for errors. That is not nothing.\n\nI am not afraid of dying on a job. I am afraid of dying for a lie I can see and still accept the payout for. That is the difference between us and the regulars: they can pretend they do not have a choice. We sign every contract knowing exactly how much we cost.\n\nMaybe that is why I keep thinking about him tonight.\n\nHe was not Bravo. Not even close. Freelance security, "consultant" was the word he liked to use, as if the way he held a rifle was a theoretical exercise. We burned hard and fast, three months grabbing shore leave in the same ports, sharing bunks between contracts, promising to sit out the next op and never once actually doing it. I remember the first time he lost his temper in a bar and put a man through a table for touching my shoulder. I remember loving the way my heart pounded watching him do it, how safe and powerful and reckless it felt, like I had personally called down an orbital strike.\n\nThe same night, back in the rented room, he had hands that shook so badly lighting a cigarette he burned his fingers and did not even notice. I noticed. I did not let go.\n\nIt took me longer than it should have to understand that we were feeding each other's worst instincts. We stayed together through threats and slammed doors, through mission briefs where we pretended not to know each other, through nights where he would wake up already halfway to choking me before he recognized my face. I told myself I stayed because I could handle him. Truth is, I stayed because I liked the fire as much as I feared it. Love, lust, adrenaline, all the same chemical storm. Destructive and intoxicating, and I kept going back into the blast radius.\n\nHe took a job I turned down a year ago. High risk, poor intel, very good money. I watched his back as he walked up the ramp and I knew, in that tight little hollow behind the ribs, that the odds were bad. I still let him go. No body ever came back, just a brief mention in a casualty report that did not even spell his name right. That was the last time I believed that wanting someone enough could keep them alive.\n\nSince then, sleep has been optional. On quiet nights like this, my brain replays every scene in slow motion. The bar fight, the way his knuckles split. The time he pinned a crew chief to the wall and hissed threats because a manifest had my name on a hazardous crate. The argument on a freight deck where we both had guns in hand and neither of us quite raised them but we thought about it. I close my eyes and it all comes back in perfect detail, like my mind is running its own debrief loop and cannot find the point where it could have turned out another way.\n\nNow it is Bravo voices that crowd the dark. Marcus laying out insertion angles in that calm, steady way he has. Jonas arguing for a more aggressive posture while pretending he is not itching for an excuse to pull the trigger. Sara cracking some dry joke that lands just wrong enough to remind us we are all one miscalculation away from airless silence. I listen to them in the ready room, then I lie here listening to their echoes, wondering which of them is going to make a choice they cannot walk back and whether I will follow.\n\nSomewhere out there, ships jump and do not come back on the same vector they left. Somewhere, a navigator who should be a footnote in an accident report is still nudging traffic along paths no one admits exist. Bravo Ironclad has been orbiting that shadow for a while now, cleaning around the edges for clients who do not like their names spoken. We are getting closer, whether command says it or not.\n\nI told myself tonight that I would not get attached again. Then I signed my name to another op with the same people, in the same unmarked armor, trusting them to wake me if something goes wrong while I finally grab an hour of sleep. I am still staring at the ceiling, listening for the hum of the reactor, waiting for the old nightmares to start, and knowing that when they do, somewhere inside them will be the same pattern of threats and violence I have never really learned to walk away from.\n\nTomorrow we brief on the next relay. Tomorrow I will pretend my hands do not shake when I check my rifle.
1438	7106	1	BOOK/DESC	Day 241, shift rotation unknown\n\nGamma Hardstrike says we do not keep diaries. We keep after-action reports. Evaluations. Debriefs. Nothing messy, nothing that looks like leverage. Maybe that is why I am writing this in a cheap notepad I bought for three weeks worth of loose credits at some corner stall on Jemison. Just paper and a stub of a pen. Feels harder to hack.\n\nWe got back from escort duty a few hours ago. Simple contract on paper. Hold perimeter while a corporate team pulled data from a derelict relay. No flags, no uniforms, just "authorized contractors." Riya Calder was running the entry stack, Marcus Kepler on overwatch with the long glass, Naomi Vance coordinating fire lanes from the rear ramp. I was breach two, which means close enough to die first, far enough to get blamed if someone else does.\n\nIt went smooth. Too smooth. No contacts, no surprises, client in and out like they had been here before. On the ride back, Elena Halbrook kept her helmet on, visor dark, like she was more comfortable staring at HUD flicker than at anyone's face. She has been that way since we ran that convoy job along the border and lost comms for ten full minutes. Official line is that it was just a solar flare. Unofficial line, whispered over maintenance tables, is that ships do not just blink off every scope in a sector unless someone with better toys than us wants them to.\n\nThat is the job, though. Stuff goes wrong, command rewrites the story, and we clap each other on the back and pretend we are not counting exits. Gamma's unspoken rules are simple. You do not ask about clients. You do not ask why some ops never show up on the roster. You do not ask why we still get hazard pay from contracts no one admits to signing. You keep your rifle zeroed, your gear squared, and your questions to yourself.\n\nMost days I can do that. Then something small happens and I feel the floor tilt.\n\nToday it was Marcus snapping at me over a clearance call. I had a bad angle on a corridor and called it cold; he swore he saw movement on his scope. We went back and forth for maybe ten seconds, but my chest locked up like I was sixteen again, waiting for the first blow to land. My palms went numb, vision tunneled, adrenaline for nothing. No threat. Just a disagreement on comms. Still, every cell in my body braced for impact, for being told I was blind, for the accusations that follow.\n\nOld conditioning crawls up your spine like that. Does not care that you are paid now, that you have armor, that you are not trapped in some concrete room while someone bigger explains how you "misremembered" what happened.\n\nHe used to do that. My partner, before I signed on with Gamma. Whole arguments rewired in real time. I would say, "You shoved me," and he would say, "You walked into me." I would say, "You yelled for ten minutes," and he would say, "You are too sensitive; I only raised my voice once." After a while, I stopped trying to hold the lines of what was true in my head. It was easier to accept his version, let him narrate. Every correction came with that look, the one that said I was lucky he had not lost his temper "for real." Lucky the wall took the worst of it. Lucky the bruise was where a jacket could hide it.\n\nFunny how quick you learn to call that luck.\n\nIt seeps into everything. In the old crew, beatings were just noise between jobs. Threats were punctuation. Someone steals a cut, someone mouths off, someone forgets who sits higher in the pecking order. A cracked rib here, a dislocated finger there, a knife waved inches from an eye. Nobody called it torture. It was "discipline," "banter," "just getting him back in line." The music was always loud enough to drown the shouting, but never loud enough to cover the sound of someone sniffling afterward.\n\nGamma is supposed to be better. Contractual. Professional. We get paid on time. We sign NDAs instead of blood oaths. But there is still that current under everything, that edge. The laughter in the ready room has the same taste as back then. Not the kind where someone tells a dumb story and everyone exhales. It is sharp, mocking, a pack sound. Someone drops a crate on their foot, everyone laughs a beat too long. Someone stumbles on a stair, and the jokes cut just a bit deeper than they need to. No one wants to be next in line for that. So we all laugh too. Part defense, part camouflage.\n\nRiya plays that game well. She can slice a man open verbally with a raised eyebrow and a quiet remark. People are a little afraid of her, though they would never admit it. Naomi keeps things steadier. On ops, her voice is the one that cuts through my panic, pulls me back to the room. "Check your corners, Krane." Simple, factual, no judgment. Marcus is rougher, but if he says he has your back, he means it. He just does not know that when he raises his voice, my system clocks back to every slammed door I ever heard.\n\nI hate that about myself. How fast I go from calm to white-hot inside. How one joke, one perceived slight, can flip me into wanting to break someone's teeth, then curl up and disappear. There is no warning. No build-up. One second I am checking magazine counts, the next my heart is hammering like we are mid-contact and my hands are shaking hard enough to rattle my rifle. Then I overcorrect, go quiet, lock it all down so no one sees. That is how you survive in outfits like this. You become your own prison warden.\n\nSaving for that notebook drove the point home. Credits slide through your fingers fast out here. Armor plates, med packs, paying off some mechanic to not log your ship's serial into the wrong system. But I kept skimming small amounts off chow and cheap Erdebrau, stashing them aside. Took weeks just to buy paper and ink. Something soft. Something that did not bruise when you touched it. When the seller dropped it on the counter, he did not understand why my hands would not stop trembling around a stupid pad that cost less than we burn in ammo on a training day.\n\nWe hear things, between contracts. About convoys that vanish off the grid, about pilots who can slip whole freighter trains through patrol space like ghosts. About clients who want problems gone, not solved. Gamma takes the contracts and tells us not to think too hard. But whispers still swim through the barracks. That some routes are not just dangerous, they are wrong. That certain navigators who "got people killed" did not fail so much as they pushed too close to something the big flags do not want to talk about. That our job is to keep the noise down so nobody asks why ships are disappearing.\n\nMaybe that is all nonsense, drunk talk and spacer superstition. Maybe it is the truest thing anyone in this line of work will ever say.\n\nFor now, I will file my report, clean my rifle, and pretend my hands do not shake when I set the safety. Gamma Hardstrike cares about performance, not ghosts. But here, in this thin-paper book, I can follow the lines nobody wants on the mission board. The ones etched into my nerves, still mapping out every threat long after the beating stops.
1712	7163	1	BOOK/DESC	Didn't sleep again.\n\nHips still remember the crash couch, even when it is just a bunk welded to a half-rusted frame. Funny how the body clings to routine long after the orders stop. Lights out, gear stacked, weapon at arm's reach. No CO, no duty roster, but I still wake on the minute before the alarm I do not set.\n\nRedacted Division. We picked the name as a joke, sitting in that gutted briefing room with the projectors still cycling through half-deleted slides. Now it sticks to us like gun oil. Files gone, pay records blank, commendations scrubbed. Like we were never there. Except my shoulder still aches where shrapnel went through during that corridor push and Elena Carrow still rolls her ankle before a fight because she swears it saved her life once. Ghosts do not limp. We do.\n\nDana Kostova said tonight that we are freer than we have ever been. Her words, clipped like she was still reporting to someone. Maybe she believes it. Maybe she needs to. I watch her eyes when she says it and all I see is someone measuring blast radii in her head. She has not stopped doing that since the operation where the map was wrong and the civilians were in the wrong tower. Wrong. That is generous. The map we got was curated. Someone made a decision. We executed it. Then we were told our helmet cam feeds were corrupted in transit.\n\nKira Haldane does not talk about that deployment. She just maintains the rifles like they are all that is left holding her together. You can tell which ones were hers in the old unit; she runs a finger along the barrel before she racks them. Another ritual trying to paper over the cracks. Renee Calder pretends not to remember, cracks jokes about how we were all too green to see the signs. Mira Salcedo does remember. I know because she will not stand within sightline of anyone wearing an old-issue patch from that theater. We were told the insurgent stronghold had to go. We were told the signatures were hostile. Later, in the dark corners of the debrief, I heard an officer say "acceptable trade." That phrase still tastes like copper.\n\nWe walked away after that, in different stages. Some filed resignation that never processed. Some just did not report in. I followed them when the first arrest warrant was issued for "data tampering" and we all recognized the face. He had been the only one stubborn enough to print out the raw sensor logs before the purge. Official line said he falsified them. His body never turned up. Our record did not just get sealed; it was being rewritten. If the story does not match the blood on your boots, you either change the story or burn the boots. Command chose the first. We chose the second.\n\nAbandoning official command felt like cutting my own spine out. Years of drilled instinct do not vanish because you toss a uniform into a recycler. I still hear the cadence when I move. Formation spacing. Threat sectors. Even in this cramped hold where we squat between runs, my brain assigns fire arcs. I do not know how to be anything else. That is the worst part. It is not that they betrayed us. It is that they built us so well we still want to flinch to attention when some new voice barks an order.\n\nRedacted Division pretends we are leaderless, just a circle of equals, but everyone still glances at Kira before we break atmosphere. Old roles die slower than reputations. We run contracts now that would have had us court-martialed once. Asset extractions. Burn jobs. Ship jacks. No insignia, no chain, just credits and a list of coordinates. We tell ourselves we pick our targets. We do not hit hospitals or schools or relief ships. We have lines, we say. But every month those lines look thinner.\n\nLong stakeouts used to be the worst part of the job. Hours on some blasted ridge or baking rooftop, watching a doorway that never opened, pulse crawling from boredom to dread and back again. It was strange how boredom and fear braided together until you could not tell them apart. You sit there long enough, you start wanting something to happen, anything, just to prove you are not already dead and dreaming in your armor. That is where the danger lives. Right on that edge where survival and savagery start sharing a face. Every week out there shaved that edge a little sharper. Fewer questions asked when a shadow moved wrong. Fewer warnings shouted in a language you half-understood.\n\nThose habits did not go away when we cut loose. If anything, the leash snapping only made the dog meaner. I have seen Elena put two rounds into a runner's back because he twitched toward a console. Maybe he was calling reinforcements. Maybe he was trying to surrender on a frequency she did not care about. I did not stop her. The line between staying alive and becoming the thing we used to hunt is not a line anymore; it is fog. Some days I think we are already on the wrong side and just too deep in to notice.\n\nI catch myself justifying what we do now the same way I used to justify deployments. "We take from bastards who deserve it." "We hit facilities that have skeletons in their foundations." Dana digs up the contracts, shows us the dossiers with all the ugly little footnotes. Human trials off-grid. Smuggled weapons. Black budgets written in blood. It is easier to breach a lab when you have already decided everyone inside is guilty. But I know how files can be massaged. I saw it happen once from the other end.\n\nWhat keeps me here? Part habit, part fear of what waits if I walk away. Civvy life is not made for people who can clear a room in six seconds and sleep through nothing but ordnance. There is also loyalty, though I do not say that out loud. Not to flags or mottos anymore, but to the handful of faces that were there when the building came down, who dragged me out of broken steel and did not ask if I still believed. I owe Kira my life twice over. Elena caught a round meant for me. Mira patched a hole in my side with a dressing and a lie to the medevac techs. I walk because they walk. If we are going to hell, at least I will recognize the silhouettes.\n\nSometimes I dream about that last official briefing we sat in. The screen flickered, the map glowed, and the major recited words someone else had written. Threat indices, collateral estimates, authorizations. I remember staring at the line that said "post-action media narrative: localized unrest." That was the first time I thought about who writes the story when the guns cool. Now, in this little metal box, I am trying to write my own, and it is not coming out clean.\n\nTomorrow we hit another target. Supposedly a private black site, the kind that learned all the wrong lessons from the programs we bled for. The intel says they are doing the same experiments under a different franchise banner, chopping up the same kind of lives under a new logo. Maybe if we break their machines, it makes what we did back then matter a little less. Maybe that is just another lie.\n\nI used to sign logs with my full name, rank, unit. Now I scratch three letters on the inside of my gauntlet and tell myself it is enough: R D V.\n\nThe V stands for Velez. I am trying not to forget that part.
1782	7177	1	BOOK/DESC	I used to think the worst thing that could happen in a day was the guy upstairs dropping weights at oh-five-hundred or the damned faucet in the kitchenette never fully shutting off. That drip used to drive me crazy on rest days. Funny, how that was what I thought stress was. I would sit on my bunk, patching up an old field jacket or sewing a knee on my fatigues, not because supply was short, just because my hands needed to be busy. Habit. Routine. Take something frayed and make it look inspection-ready. Back then the biggest crisis was whether the sergeant would notice a crooked stitch.\n\nLately I catch myself walking the parts of town command used to warn us off. The alleys where the street clinics don't ask names, where the bars don't log tabs, where nobody flinches when they hear automatic fire out past the docks. First it was just to clear my head after shift, then it became the only place my head would actually clear. I knew which corners the black-bag recruiters used, which stairwells smelled like old chem smoke and coolant. I told myself I was doing "presence patrols" out of habit, but I never filed a report.\n\nThere was this one night outside a dive near the freight yards. Some kid in a cheap jacket bumped my shoulder, hand sneaking toward my pocket. Muscle memory kicked in: step, pivot, wrist-lock. I remember how fast he folded, how his eyes went wide when I pushed him to the wall without even trying. I did not draw a weapon, did not even raise my voice. Just leaned in, let him see I was not afraid of him, or anyone he knew. He apologized, stammering, swore he did not mean anything by it. I let him go, but the part that stuck with me was not the almost-mugging. It was the way my heart slowed down after, the way the street seemed to give me a wider berth. It was disturbingly easy to enjoy that.\n\nCaleb used to say the uniform was just cloth, that what mattered was who we were underneath it. He did not see how deep the seams ran. Even off-duty I ironed my shirts, patched my cuffs, polished boots no one inspected. Old habits from campaigns where an unbuttoned collar meant you were too tired to live through the next breach. Now, in Rogue Unit, there is no dress code, but I still find myself darning holes in the same old trousers instead of buying new ones. Everyone jokes that I am the squad quartermaster without a storehouse. The truth is, I am afraid if I stop caring about the small things, I will lose whatever line is left between soldier and something worse.\n\nWe all carry ghosts from those last official deployments. Mara never talks about the evac we were ordered to stand down on, but I have heard her grinding her teeth in her sleep. Jared will drink himself halfway under a table before he mentions the intel feed we got scrubbed before the tribunal, the one that did not match the brief we were given. Caleb still believes, or pretends to, that somebody up the chain simply "made a mistake." I remember the after-action debriefs, the careful phrasing, the statistics used like bandages over bodies we never got to see. Somewhere between those memos and the graveside detail, trust started bleeding out.\n\nRogue Unit is what is left when faith in the machine snaps but the training does not. We still stack on doors like we did in uniform, still clear rooms by reflex. Orders just come from a smaller table now. No flags on the wall, just a battered ops board and printed photos with faces circled. I wish I could say we are better this way, more honest, but there is a kind of freedom in not having to pretend the objectives are clean. We pick our contracts, tell ourselves we are balancing scales nobody else will touch. Some days I believe that. Some days I hear the old commands echoing in my head and I am not sure whose voice is giving them anymore.\n\nMy partner back then loved the uniform more than the person inside it, I think. There was always another family issue, another crisis, another favor that needed pulling strings. Their needs filled every off-duty hour: moving boxes, fixing visas, smoothing over arguments, visiting relatives who only called when they wanted something. I kept saying it was temporary, that once this deployment ended or that promotion posted, I would get to have a say. Instead, my world shrank down to their schedule and the next set of orders. One day I caught myself introducing myself as "his girl" before I used my own name. That was when I realized somewhere along the line I had stopped being a person and become a role, another resource to be allocated.\n\nWalking through those bad parts of town, I started to feel more like myself than I did at home. That should have been the warning. When the first rumors surfaced about that operation we are not supposed to mention, the one with the casualty numbers that never made it onto any official ledger, I heard them in a bar that smelled like grease and cheap liquor, from people who should not have known the grid coordinates. I went back to the barracks and listened to the official brief the next morning, watched the holo-map neatly omit whole districts. That was the day Mara stopped saluting the big screens, and Jared started keeping copies of raw telemetry "just in case."\n\nWe did not all leave at once. It was more like a slow leak. Caleb tried to route complaints through channels until the channels closed around his throat. I got written up twice for "tone" in debriefs, then quietly reassigned to clerical support as if my trigger finger had gone bad. Mara vanished for a month, officially on compassionate leave, and came back with eyes that did not match her smiles. The final straw was not some grand revelation. It was sitting in our tiny apartment, listening to that damned faucet drip, sewing up a rip in my partner's jacket while he complained about a delayed shipment, and realizing I was more furious about a dry cleaning bill than the bodies we were supposed to forget. My anger had nowhere honest to go.\n\nRogue Unit did not recruit me with promises of justice. They just handed me a file, a burner, and a chance to stop pretending I did not see what we had done. I am not naive enough to think we are the good ones now. We are people who knew how to break things efficiently, and someone found a way to point us at different targets. But here, at least, my name is my own again. I fix my own gear, mend my own clothes, decide which lies I am willing to live with. And when I walk through those dangerous streets now, heads turn for what I chose to become, not the insignia stitched to my chest.\n\nStill, some nights I hear that faucet. Some nights the drip sounds like a metronome counting down to the day we get caught or killed, and I wonder if we ever really left the old command behind or if we are just another off-the-books unit in a longer chain of deniability. I try not to think about the ops we took without asking who really signed the payments, about the way certain zones always seem to be redacted on our own maps. You can only ignore the patterns for so long before you have to decide whether you are going to follow them to the end or tear them apart with your bare hands.
