#line	chars	hits	MESG/DESC	text
4585	23	1	MESG/DESC	This is the choice text
4598	30	1	MESG/DESC	The is the body of the message
5024	186	1	MESG/DESC	The orbital vectors sketched across the stolen map match every storm-twisted farm, every anomalous reading along the Helium-3 line, then converge on one lonely band of rock and thin air.
4932	199	1	MESG/DESC	When the hub ruptured, its last buffered frames unfroze into a single, clean spike on your console a narrow jump profile repeating the same heading you first saw whispered in that forgotten farm sky.
4931	202	1	MESG/DESC	Cracked from the hangar's core, the buffer replays a single altered vector, looping toward a forgotten relay on the moon's dark side, hinting that the vanished freighters shared more than just bad luck.
4955	203	1	MESG/DESC	A corrupt courier's notes, Neon backroom whispers, and a farmer's "stray shuttle" all spiral around the same call sign and jump corridor, finally sketching a path toward the next shadow he vanished into.
4997	205	1	MESG/DESC	Hidden among nutrient flow schematics is a second pattern orbit tracks overlaid like crop rows, pointing away from the farmworld toward the same thin stretch of sky every other anomaly has quietly circled.
4826	209	1	MESG/DESC	The buried model shows a corridor sketched only in tiny corrections, a phantom lane implied rather than drawn, each adjustment attributed to a different analyst who swears they only copied someone else's work.
4978	210	1	MESG/DESC	Lines of altered jump data etched into the table match the drift patterns you saw in orbit and the near-miss reports whispered in Gagarin's bars.  \nTogether, they redraw the lanes toward a single, hidden node.
4914	213	1	MESG/DESC	Decoded from the cargo ship's records, the faint signal in the rocks lines up with missing-lane reports and redacted crash files, pointing the hunt toward an unsanctioned corridor someone has been quietly shaping.
4930	214	1	MESG/DESC	Hidden in the split archive, overlapping routes from Neon's whispers and SysDef's erased patrols resolve into one repeating void where traffic bends and records go blind, nudging the hunt toward that missing piece.
4929	215	1	MESG/DESC	Recovered traffic bursts show the pirate hauler adjusting its drift to match an erased beacon's rhythm, proving someone is feeding Crimson Fleet the same bent lanes whispered about in Neon and buried in SysDef logs.
4894	217	1	MESG/DESC	Decoded coordinates bloom across the display, the same fractured signature stitched through clinic logs and stolen robotics code, now pointing to one forgotten system.  \nThe pattern is no longer rumor; it is a route.
4744	219	1	MESG/DESC	Decoded pulse timings from the marker sketch a forbidden curve through UC space, ending not at a port but at a forgotten Navy hull.  \nWhoever laid those vectors wanted the next questions asked in that derelict silence.
4948	225	1	MESG/DESC	Cross-checking the ledger's ghost entries against the dead station's routing tables, one name repeats where every ship vanishes.  \nThe pattern points past corporate space, toward the forgotten moon where her relay went dark.
4693	227	1	MESG/DESC	The forged entries split honest haulers from a single unlogged ship, all quietly diverted along the same off-chart corridor.  \nFollow that divergence, and the hunt veers toward the next hidden waypoint in his personal network.
4913	230	1	MESG/DESC	In the Vanguard wreck's dim lab, a fragmentary log links those unstable samples to a quiet data handoff planetside.  \nThe name attached to the transfer points you back toward Neon, and someone willing to pay for impossible drift.
4876	233	1	MESG/DESC	Decoded in the relay's dim light, the Quiet Current Log traces forgiven debts and reversed charges along a single crooked trade lane, pointing past farms and fringe rocks toward one stubborn, hidden node still drinking from the grid.
4967	237	1	MESG/DESC	Scrawled beside dull routine reports, the rough arc of derelict orbits does not match any official chart.  \nFollowed outward, that hand-drawn curve points past anonymous wreckage toward where someone has been quietly arranging the dead.
4994	239	1	MESG/DESC	The encrypted tag buried in the ship's maintenance logs does not name a place, only a service corridor designation that should not exist.  \nCross-checking it against city records, one word keeps reappearing in redacted margins: Underwell.
4922	240	1	MESG/DESC	In the relay's corrupted buffers, the same ship ID surfaces again and again, stitched beside a Navy combat designation.  \nFollow that designation, and every falsified distress call now curves toward the drifting hulk waiting in deep orbit.
4988	240	1	MESG/DESC	Pieced together from corrupted entries, the log shows a freighter jumping clean yet arriving scattered across empty space.  \nEvery misaligned timestamp points outward, away from the homestead, toward a silent orbit no beacon admits exists.
4924	243	1	MESG/DESC	Decoded in the homestead's dusty comms shack, the pattern in the key twists every local approach into the same narrow corridor.  \nFollowed backward, those lines all converge on one unfinished segment, hanging in deep space like an invitation.
4937	243	1	MESG/DESC	The memo charts tiny course changes nobody logged, each one shaving fuel and widening risk until every "accident" shares the same unseen hand.  \nFollow its final margin, and the trail steps beyond quiet stations into someone else's kill zone.
4947	244	1	MESG/DESC	Decoded, the anchor's pattern reshapes your whole star map, every altered convoy route bending toward one lifeless world no sane pilot ever files for.  \nWhat looked like random failures now sketches a corridor straight to her chosen graveyard.
4915	246	1	MESG/DESC	The firmware's scrubbed header repeats a single unauthorized route, looping from forgotten moons to the same silent insurance hulk in deep orbit.  \nFollow that pattern, and her supply-chain ghost resolves into the outline of a ship-shaped vault.
4893	253	1	MESG/DESC	Decoded route-shifts on the freighter's logline mirror the half-erased entries from the listening post, sketching an unseen hand curving ships off-chart.  \n\nFollow that bent path, and the next correction point waits in the dark between official lanes.
4944	257	1	MESG/DESC	The routes etched across the map mirror old patrol lanes, then bend away into gaps the UC never admits watching.  \nFollowing those chalked detours, the hunt narrows toward a single, overused corridor where a ghost keeps slipping between factions unnoticed.
4756	262	1	MESG/DESC	Scrawled between corrupted SysDef routing codes, the phrase resurfaces in three different hands.  \nEach points from forgotten patrol logs and a dead yard contract toward the same gutter corridors below Neon, where shipbreakers sell new identities to old ghosts.
4954	265	1	MESG/DESC	Each fragmented timestamp in the log matches a missing departure from HopeTown and bends toward the same off-map angle.  \n\nWhat looked like random vanishings now traces a single hand, drawing a corridor that began with a dead relay and a forgotten backwater rock.
4916	266	1	MESG/DESC	Cracked logs in the bunker replay a half-erased transmission, its origin skipping between dead beacons and one unmarked node at the system's edge.  \nThe pattern is messy, incomplete, but every echo leans the hunt toward a place that should not be listening anymore.
4778	267	1	MESG/DESC	Decoded telemetry from the beacon shows two diverging descent patterns, each ending in different storm-choked corridors.  \nFollowing one means chasing his flight path; the other traces payments and erased manifests back toward whoever first paid him to vanish ships.
4956	269	1	MESG/DESC	Decoded from the dusty relay buffers, the ghost signals sketch a crooked arc through junk-choked orbits, ending at a sector every chart marks as unprofitable.  \nFollowing that trail means leaving the busy lanes for wherever someone has been quietly gathering the dead.
4712	271	1	MESG/DESC	The orphaned sensor logs show his trail pulling apart mid-orbit, one course bending toward familiar shipping lanes, the other vanishing into thin, uncharted dark.  \nFollow the fracture, and the next stage of the hunt lies where those diverging paths finally cross again.
4774	275	1	MESG/DESC	The ledger's timestamps line up like teeth in a locked gear, mapping every altered delay from backwater couriers to Navy patrols.  \nFollow the sequence outward, and the pattern bends away from New Atlantis, pointing you toward the quiet orbit where his next rehearsal waits.
4708	276	1	MESG/DESC	The log reveals a single ship threaded through an unregistered corridor, its course bending away from public lanes toward the untouched dark.  \nFollow that faint path, and the next stage lies where his private routes first diverged from the charts everyone else still trusts.
5004	281	1	MESG/DESC	Each falsified entry lines up like cut marks along a hull, every off-the-clock shift and sealed crate quietly redirected toward the same forgotten breaker yard.  \nThe paperwork never names her, but the routes all spiral back to dead Deimos metal and one forewoman's old contracts.
4765	287	1	MESG/DESC	Numbers etched into a maintenance console map out a second climb, this time away from failed domes and forgotten farms.  \nCross-referenced with the courier's stray logs and the garage's altered rig schematics, the pattern tightens; every path he touched bends toward the same rough sky.
4945	287	1	MESG/DESC	Printed over forgotten SysDef schematics, the map shows credit flows bending toward a single, unmarked junction beneath the core worlds.  \nWhat started as locker gossip in Neon's depths now traces a hidden corridor where numbers vanish and someone like Ledger could step through unseen.
4749	291	1	MESG/DESC	A single forgotten access tag, buried in the courier's traffic logs, flickers with a route that begins in Neon's polished heart and ends nowhere on any charted manifest.  \nFollow that ghost authorization, and the straight cargo run becomes a bridge toward wherever she stepped off the grid.
4819	295	1	MESG/DESC	The stolen routing file redraws Neon's maintenance arteries, threading hidden service tunnels into the same shadow lanes your earlier freight yard logs marked as "accidental" failure zones.  \nTogether, they trace Vector's preferred approach vector toward her next grav-sensitive hunting ground.
5014	295	1	MESG/DESC	Decoded from the vault-ship's cold archives, the pattern of altered jumps and silenced warnings forms a single, elegant trajectory.  \nFollowed backwards, every storm, every denial, every dead relay resolves into one converging line, pointing toward where Vector has been guiding the sky itself.
4917	297	1	MESG/DESC	Dockside gossip knots around a single soft-spoken courier, the same accent and half-glimpsed sigil surfacing in stories from loaders, med techs, and smugglers alike.  \nPulled together, those whispers nudge the hunt toward Neon's shadows and the forgotten routes only old hands still dare to name.
4957	299	1	MESG/DESC	Miners once joked the soil there pulled a little harder, that dropped tools fell at a "crooked angle."  \nLab scans of the residue prove it: the same subtle distortion seen in misaligned beacons and dead relays, pointing toward a region of space where gravity itself seems to be learning new tricks.
4855	302	1	MESG/DESC	Lines on the map arc out from Neon's underbelly and the pirates' rusted bunker, converging on a single forgotten patch of soil where no patrol ever lingers.  \nThe pattern is too deliberate to ignore, a curve drawn in stolen telemetry and dead men's routes, all pointing toward the same abandoned farm.
4966	302	1	MESG/DESC	The coordinates hidden in the drift data trace every recent convoy loss back to a single, faint bend in local space, like a thumb pressed into the dust of the lane.  \nWhatever is reshaping courses out here, it is not random miscalculation or bad luck anymore; someone has been quietly editing the map.
4912	305	1	MESG/DESC	Each mismatched entry on the manifests traces a ship that never flew the route it paid for, all diverted through the same quiet relay in the dark.  \nFollow that relay, and you follow the hand that has been quietly redrawing every lane since the first dataslate you pulled out of that forgotten dead drop.
4977	307	1	MESG/DESC	The equations curl back on themselves, echoing the corrections you saw whispered through freighter logs and homesteader beacons.  \nPlotted in three dimensions, the draft links the dusty outpost, the skewed orbital relay, and Gagarin's barroom stories into a single converging route toward his hiding place.
4758	313	1	MESG/DESC	Dock codes and timestamps line up like teeth in a gear, all pointing to one outbound route Neon customs never quite remembers stamping.  \nIn a few scratched entries, the same freighter that haunted the mining hub and that forgotten rock reappears, always taking on sealed tanks under watchful, nameless handlers.
4892	316	1	MESG/DESC	The ship's corrupted logs finally align: a buried access route, rerouted through corporate channels, pointing down toward Neon's glow.  \nWhat began as a stray dataslate and a flickering orbital beacon now forms a pattern of rewritten debts, vanished warrants, and one name quietly threaded through every correction.
4743	323	1	MESG/DESC	When the shard burns out, its fragmented routes try to re-sync one last time, bleeding ghost coordinates into the depot's dead consoles.  \nIn the static, a pattern clarifies: the same tug vectors, the same erased claims, all converging on a stretch of space where containers go dark long before any insurer files the loss.
5010	324	1	MESG/DESC	Traced through half-erased comm logs and hushed corridor gossip, the route shows a subtle bend in traffic patterns no dispatcher will admit seeing.  \nFollowed outward, those diverted jumps and missing storm reports all arc toward the same thin corridor of space, the first solid line through Vector's carefully blurred map.
4883	325	1	MESG/DESC	Lines in the module's stolen records split like a forked jump: one branch buried in corporate experiments, the other bending back toward dead relays and lost ships.  \nCross-checking those fragments with the first ghost traces from that forgotten station, the hunter sees the same signature nudging every route just off safe.
4661	327	1	MESG/DESC	On a forgotten Trade Authority support ship, wedged between stale manifests and scrubbed route logs, the key is not what it unlocks but what it still points toward.  \nIts encoded vectors mirror the half-whispered jumps you heard planetside, hinting that someone meant to erase this trail and never came back to finish the job.
5025	328	1	MESG/DESC	Lines of stolen telemetry, storm signatures, and falsified transponders align across the cracked display, all pulsing toward the same narrow band of sky and rock.  \nWhoever mapped this expected to spring a trap; instead, their calculations expose the path she favors, where reactors, thin air, and unstable weather always meet.
4996	329	1	MESG/DESC	From the wreckage of the shattered array, the last telemetry fans outward, collapsing into a single trajectory that ignores every sanctioned lane and patrol grid.  \nThe pattern threads through the noise of trade and war and settles, inevitably, on a cold, decommissioned complex where the power draw is wrong for an empty shell.
4787	331	1	MESG/DESC	The altered grow patterns mirror his ruined colonies exactly, tracing a chain of starving habitats toward one narrow, untreated band of space he keeps skirting.  \nFrom the dead farmstead to the derelict buoy and the scrubbed cargo records, every fragment now bends toward that same overlooked corridor he has been using all along.
4570	333	1	MESG/DESC	Two overlapping shipment trails emerge from the records, both wearing the same medical codes, both ending where official charts run out.  \nOne path feeds polished labs and corporate armories, the other bleeds quietly toward forgotten veterans and dead frontlines, forcing the hunt to choose which shadow of Catalyst to follow first.
4707	333	1	MESG/DESC	Lines of altered risk scores and redirected supplies map a quiet path from corporate boardrooms back down into these crowded levels, where the first triage queues once overflowed.  \nIn his edits you finally see the pattern, connecting the lost colony's frozen calls, the tampered orbital beacon, and the whispered data sale in Neon.
4911	335	1	MESG/DESC	Tucked in a forgotten locker on the courier, the manifests show the same ship sliding off registered lanes, then reappearing beneath Neon's storm-lit decks.  \nEvery altered jump echoes earlier signs: the quiet farm that vanished, the crooked beacon in orbit, the erased logs that always bent back toward her unseen hand on the charts.
4783	336	1	MESG/DESC	Hidden in the ship's overlooked maintenance logs, the cycling patterns match every poisoned settlement's supply window, then taper off toward a single, unmonitored band of space.  \nThe dead rock, the scrubbed cargo approvals, and now this forgotten process all trace the same narrow corridor where his routes vanish from official eyes.
4802	337	1	MESG/DESC	Buried in the draft's coordinates, past the medical redactions and falsified case notes, lies one repeating lattice of jumps that should not exist.  \n\nFollow that pattern, and every earlier anomaly the lost freighter, the doctored cargo logs, the erased war-time sims bends toward a single, silent corridor at the edge of mapped space.
4846	337	1	MESG/DESC	Ink-stained pages list ports, dates, and payoffs, turning a forgotten farm into the quiet hub of a smuggling spine that never touches official charts.  \nCross-referenced with the earlier stray dataslate and frontier testimonies about armed escorts, the pattern narrows to a single corridor only someone like MacLeod could have designed.
5018	338	1	MESG/DESC	When the old telemetry routines finally spit out raw paths instead of sanitized reports, one arc repeats across the data like a heartbeat.  \nThe same curve links the abandoned farm, the worried Ranger files, and this refinery to a quiet orbit far from patrol routes, narrowing the hunt from rumor to a single, deliberate corridor of sky.
4847	341	1	MESG/DESC	Lines traced on the weathered map stitch the forgotten farm to hidden outposts and dead drops, turning scattered rumors into a single, deliberate corridor through the frontier.  \nEvery mark matches earlier scraps of route data, eyewitness talk of armed escorts, and those erased station logs, all curving toward the same unseen destination.
4725	342	1	MESG/DESC	When the core ruptures, its last emission is not light but a whisper through the grid, peeling away layers of spoofed tags and buried corrections.  \nFor a moment every beacon it touched runs clean, and one unmasked coordinate hangs alone in the dark, matching the ghost traces pulled from the derelict war-room and the broken freighter logs.
4812	343	1	MESG/DESC	The Cold Yard Index glows amid dead traffic logs, a quiet spine of coordinates threading through erased patrols, missing tugs, and bought-off claims.  \nWhat began as a stray dataslate in the dust, then half-redacted reports in a buried monitoring bunker, now resolves into a single pattern pointing straight toward the hidden scrapyard grave.
4953	344	1	MESG/DESC	Fuel records on the scout ship show quiet overfills and short burns, all timed to match departures from HopeTown that never reached their stated destinations.  \n\nCross-referenced with the old relay's dead logs and that forgotten rock's nav cache, the pattern narrows to one recurring jump angle, always bending toward the same uncharted dark.
4776	345	1	MESG/DESC	Decoded from the archive's crowded schematics, one set of coordinates repeats, threaded through stress maps and jump logs like a signature hidden in the welds.  \nIt links the Ranger's off record notes to a single, isolated grav shadow far beyond busy lanes, where someone has been quietly building and testing a frame no registry admits exists.
4632	347	1	MESG/DESC	The overlay is a scar carved into Navy nav data, a thin corridor of jumps that skirts patrol routes and populated wells alike, ending in a patch of mapped nothing someone took great care not to name.  \nMatched against the stray logs, the shack's glitching telemetry, and the ghost freighter's drive history, it turns rumor into a repeatable path.
4993	348	1	MESG/DESC	When the core ruptures, its last act is to scream; a dying burst of telemetry knifes through the static and paints a single, off grid military signature on your display before winking out.  \nThe signal path is clear now, stripped of masking echoes from frontier farms and that quiet retreat where the first frightened testimonies began this chase.
4571	349	1	MESG/DESC	The log stitches together evacuation codes from old battlefields, present-day clinic transfers, and a single repeating destination tag scrubbed from most records but left intact here by a tired clerk.  \nFollow that forgotten routing code and every ghost patient she touched ends up funneled toward one last, mothballed barracks waiting in the dark.
4875	349	1	MESG/DESC	In the quiet vault ship, the stolen routes line up like confession lines, and the Vector Echo Stack stitches them together into a single, deliberate pattern of detours.  \nFrom the backwater outpost to the glitched beacon in orbit, every wrong turn now points toward the same unseen hand, drawing you closer along corridors no one officially charts.
4750	351	1	MESG/DESC	Lines of corrupted telemetry realign as the log plays, tracing the same anomaly you saw buried in old UC archives, now extended far past official traffic lanes.  \nEach repeated spike marks a relay Vector has already touched, the final burst pointing toward one last silent station sitting just off the charts, where the pattern surely ends or breaks.
4768	351	1	MESG/DESC	The manifests show the same freighter slipping off registered lanes, hugging weather-heavy worlds and forgotten co-ops before vanishing from official sight.  \nCross-referenced with the dead archive and the first cache, those drift entries finally sketch a route, not random jumps, pointing toward wherever Dustback thinks the soil is worth defending.
4791	351	1	MESG/DESC	In the flickering half-light beneath Neon's grid, the cache's data finally aligns your scattered readings, pinning his escape route to a narrow band of uncharted jumps and LIST survey gaps.  \nEverything from the dead rock, the quiet orbital anomaly, and the tampered Trade Authority logs now traces back to one methodical hand rewriting the frontier.
5020	351	1	MESG/DESC	When the shard burns out, the plant's readings lurch back toward ordinary, and a buried log stream unstitches itself from the noise.  \nScrubbed coordinates reappear, half-erased callsigns flicker on the console, and one recurring vector stands out, linking the frontier tip, the Ranger records, and this refinery to a single, carefully avoided route.
4848	353	1	MESG/DESC	When the cache burns out, its last burst of corrupt data fans across local channels like dying embers, briefly revealing where its storm-twisting signals were relayed from.  \nIn the aftermath, scattered telemetry fragments and mismatched convoy records start pointing toward one specific stretch of sky that keeps reappearing whenever ships go missing.
5003	353	1	MESG/DESC	Mixed in with the Fundrunner's dead ledgers, a single route sketch contradicts every official transit map, looping from freight docks through Neon's underside toward a nameless extraction grid.  \nWhat started as a stray slate on a forgotten rock, then bad cargo math in Gagarin's bays, now aligns into one pattern of quietly redirected ships and debts.
4976	354	1	MESG/DESC	Hidden among the routine traffic logs, the cache stitches minor misjumps into a single geometric knot, all vectors leaning toward the same unmarked drift in deep space.  \nPlotted against the anonymous dataslate, the skewed relay, and the tales of near-misses out of Gagarin, the pattern finally resolves into a deliberate route rather than random error.
4584	355	1	MESG/DESC	Lines of names that should have ended at the warfront echo again in the relay's dim light, each reassignment quietly pointing toward the same forgotten staging ground.  \n\nSomeone doctored casualties at the tent outside Akila, a banker in Gagarin buried impossible payouts, and now these rerouted rosters fix the medic's trail on that silent border post.
4609	355	1	MESG/DESC	Cracked seals and erased registry codes hide a fragment of nav data tucked where no SysDef inspector bothers to look, its vector just a hair off the sanctioned charts you saw dirtside.  \nFollowing that deviation means leaving the safety of patrol routes behind, chasing the same quiet anomaly that first surfaced in a forgotten cache far from any beacon.
4639	355	1	MESG/DESC	Cracked logs from the beacon sketch a thin, jagged line through the lanes, each waypoint matching a drive failure Calyx quietly buried or a survey ping frontier captains still whisper about.  \nWhen the pattern is overlaid on your earlier readings from the sealed lab, every vector converges on the same abandoned relay hanging alone at the system's edge.
4731	355	1	MESG/DESC	Cross-referencing ship IDs and docking slots, the pattern finally surfaces: the same freighters, the same "random" delays, always steering traffic toward a quiet rendezvous outside normal patrol lanes.  \nWhat started as a stray slate in deep space and a nervous whisper at a busy port now resolves into coordinated movements serving one invisible banker.
4877	360	1	MESG/DESC	The schematic is buried deep in the factory's queue, just another pallet in an endless line, until its timing offsets and route projections match the anomalies you have been chasing.  \nIt threads the same pattern from the forgotten dataslate and the farm's quiet shipment logs, proving every detour and disappearance has been walking along her invisible path.
4706	361	1	MESG/DESC	Rows of timestamps and route codes narrow like a noose, each quiet adjustment shunting food, fuel, and people toward the same thin slice of frontier space.  \nSeen against the remote beacon logs and the doctored records from that failed ice colony, the schedule stops looking like accounting and starts reading like a travel itinerary written in slow disasters.
4973	361	1	MESG/DESC	The calibration logs hidden in the mech frame point to one city where the same impossible corrections keep appearing, buried under cheap parts and dirty work orders.  \nTaken with the dust-choked dataslate from the backworld outpost and the skewed relay readings in orbit, the pattern now runs straight from Gagarin's docks into the shadows beneath Neon's glow.
4811	362	1	MESG/DESC	In the dead ship's flickering logs, the same three-pointed corridors that captains muttered about in Gagarin reappear, cross-referenced with Neon-side betting records and suspicious claim spikes.  \nThe pattern does not just show where he flies; it shows whose losses he has been quietly wagering on, and which lawless dens keep cashing out when his routes fail.
4882	363	1	MESG/DESC	Decoded beacon traces from the listening post show two distinct corrections branching off the same routes one trailing corporate testbeds, the other skimming forgotten relays.  \nMatched against the first ghost vectors from that derelict station and the discrepancies buried in Neon ledgers, the pattern forces a choice follow the clients, or follow the wreckage.
4841	364	1	MESG/DESC	Pinged awake, the beacon's buried signal resolves into a single repeating vector, carving through ore-churned rock and straight toward an all-but-forgotten Deimos yard.  \nWhat looked like random ship failures and drifting hulks now share the same invisible tug, the same course correction written by a hand that understands drive tolerances too well to be chance.
4748	365	1	MESG/DESC	Decoded lines on the Blind Anchor Blueprint reshape earlier noise into a single path, its coordinates echoing those strange gaps in jump telemetry no one wanted to explain.  \n\nThe remote stash, the gutted satellite recorder, and the redacted oversight files now form one pattern, all pointing toward a hidden grav anchor where Vector vanished from official space.
4782	365	1	MESG/DESC	The array's recordings show his ship slipping along the very edge of sensor range, always angling toward the same unmarked patch where official charts grow thin.  \nCombined with the poisoned colonies, the doctored cargo clearances, and Neon's forgotten maintenance cycles, the pattern now points outward, along a single, quiet corridor he has been using all along.
4979	365	1	MESG/DESC	The ledger surfaces in a forgotten storage node on the quiet UC outpost, its altered tonnage entries lining up with missing hulls and unexplained tows.  \nMatched against earlier rumors of ghost ships and scrubbed distress calls, it points the hunt away from random piracy and toward a single rigger who has been quietly rearranging the mass of the Settled Systems.
4842	367	1	MESG/DESC	Lines of traffic routes and disposal windows bloom across the cracked display, all bending toward a single, unlisted node in UC space, the pattern too precise to be chance or clerical error.  \nThe same hull IDs you saw buried in that orphaned buoy and half-wiped from Deimos reports reappear here, funneled through one forgotten relay like offerings to a silent ear.
4779	368	1	MESG/DESC	With the last echoes from the buoy snuffed out, the noise on the scopes falls away, leaving one thin scar of traffic where there should be none.  \nCross-referenced with the poisoned settlements and that oddly clean Trade Authority clearance, the erased signal path now points toward a single, seldom-used approach that never quite lines up with official survey lanes.
4606	369	1	MESG/DESC	Buried in the ship's maintenance logs, you find grav-waste cycles that do not match any registered jump, all flushed toward a narrow band of coordinates tied to Neon's lower decks.  \nCross-checking with the stray data-slate, those smeared beacon returns, and the burned hauler's corrupted nav lines, the same hidden vector keeps bending back toward the city's shadows.
4943	369	1	MESG/DESC	Lines of distorted grav data straighten into a familiar pattern, and the sketch stops being theory and resolves into a route only one pilot would trust.  \nEvery mark echoes a previous anomaly you traced from deep orbit, the quiet exchanges above that farming outpost, and the field readings salvaged from shattered stone, all now pointing toward the same hidden array.
4594	371	1	MESG/DESC	When the beacon's signal is unraveled, two sets of coordinates resolve from the same pulse one in the cluttered rock where it hides, the other burned faintly into an old Vanguard transponder signature.  \nCross-referenced with the corporate telemetry scraped at that quiet lab, it confirms the same pilot has been riding military ghosts to thread her own invisible lanes.
4769	371	1	MESG/DESC	Freight schematics, buried under years of ignored audits, trace a single hauler refitted for storms and low, dirty landings, its routes bending toward the same forgotten fields.  \nCross-checking those specs against the remote cache and the abandoned lab logs confirms a pattern: whenever the soil turns strange and the records vanish, that ship has passed through first.
4766	372	1	MESG/DESC	When the sample flash-boils under your fire, the containment rig vomits corrupted logs and half-erased routing tags, like the lab itself is trying to scrub its conscience clean.  \nAmong the scrambled data, one thing survives the purge a familiar hauler designation, echoed from the first hidden cache, now tied to off-manifest supply runs feeding failing frontier fields.
4923	373	1	MESG/DESC	Decoded at last, the Quiet Hand Routing threads every blackout you have chased into a single path, its origin jumping off the relay s map and vanishing into a dim, unregistered sector.  \nWhat looked like noise on a dead Navy freighter, what frontier settlers called bad luck, now shares the same timing, the same gaps, the same signature pulse hidden under system chatter.
4763	376	1	MESG/DESC	The recovered pathlines sketch an elegant arc through frontier systems, looping again and again past the same thin-aired worlds before bending toward one last, unnamed stop.  \nMatched against the courier drift and the garage's tampered diagnostics, the curve is unmistakable now; he has been rehearsing the same descent profile everywhere the air has quietly started to fail.
4963	376	1	MESG/DESC	Decoded against the erased tribunal models, the orbital data threads every near-miss and broken freighter into a single, ruthless trajectory that terminates in the dust outside Cydonia's reach.  \nWhat began as a redacted file in the capital and a corrupted slate on a forgotten rock now resolves into a pattern of deliberate corrections, all authored by the same unseen hand.
4577	379	1	MESG/DESC	Lines etched into the Graveyard Anchor Map match the twisted silhouettes drifting here, every scrapped hull suddenly a landmark on a route only one engineer could navigate.  \nWhat looked like random salvage now forms a corridor aimed squarely into that lethal debris cloud where sensor ghosts began this chase, confirming his network runs straight through the Wargrave remnants.
4703	379	1	MESG/DESC	Soil readings from this backworld do not match its own survey history, a quiet spike in failure where the climate should still be forgiving.  \nCompared against that forgotten cache in the wilderness and the beacon logs from the derelict in orbit, the sample turns random misfortune into a pattern, pointing toward someone testing how far they can push a colony before it breaks.
4755	379	1	MESG/DESC	Someone on the SysDef hull tried to bury their mistakes with extra signatures and overwritten timestamps, but the pattern survived in the margins.  \nCross-referenced with the underbelly route and the tug's falsified decommission orders, the silent orbital record redraws Rivet's escape path, pointing away from official lanes toward the one place broken ships quietly go to die.
4705	382	1	MESG/DESC	Ghostline's altered route data resolves into a single thin corridor of space, a quiet seam he keeps threading his work through while the major lanes stay bright and busy.  \nMatched against the first stray logs from that backworld, the tampered beacon records, and the hidden schedules inside this tower, the vector stops being rumor and hardens into a narrow trail leading outward.
4870	384	1	MESG/DESC	The log unspools like a confession, mapping a narrow band of grav-jumps that threads from forgotten wrecks straight into the sky above Neon, terminating where the city thins into lightning and antennae.  \nIt ties the empty rock where this started to falsified dock records planetside, then to a corrupted orbital trace; three broken pieces that now align into a single, rising route.
4961	384	1	MESG/DESC	The relay's fractured logs show two families of routes, both carrying her subtle signature and diverging from official charts at the same unmarked bend in grav space.  \nOne set traces back toward bureaucratic hands that buried her warnings; the other threads through smugglers, LIST haulers, and Neon's data peddlers, all insisting they only copied what someone else already trusted.
4938	388	1	MESG/DESC	Buried under dust and fertilizer labels, the barrel's metal tells a different story fine striations from a grav field knifing too close to the surface, a pattern you have already seen burned into rock and relay data.  \nIts markings line up with that first corrupted readout in deep orbit and the quiet gap in the patrol grid, and they do not belong anywhere near a settlement this small.
4805	390	1	MESG/DESC	The ship's forgotten diagnostics carry more truth than its pristine cargo logs.  \nHidden among years of routine runs, a single route trace diverts through the same drifting coordinates the array broadcast, matching the anomalous readings pulled from the rock and the research station, tightening the circle around one navigator who keeps rewriting how ships move without asking permission.
4767	391	1	MESG/DESC	Decoded against the drift of distant moons, the routes etched here line up perfectly with the gaps in official patrol coverage and those quiet LIST survey holes no one admits approving.  \nTogether with the dead settlers' logs, the warped orbital readings, and the scrubbed cargo manifests, this pattern confirms a single hand threading the same unseen corridors between every ruined colony.
4569	392	1	MESG/DESC	The packet is a stitched-together echo of field reports and med-traffic, a ghost of someone quietly rerouting help where official channels refused to see a problem.  \nThreaded through the corrupted entries are repeating timestamps, coordinates, and unit tags that match old decommission orders, all converging on one forgotten muster point the next place she keeps going back to in the dark.
4578	392	1	MESG/DESC	The recovered lattice fragment hums softly in the lightless recess of The Well, stitching traffic ghosts into a single, deliberate pattern that all bends back toward the same buried node beneath New Atlantis.  \nEvery altered corridor, every falsified ping, resolves into one inevitable convergence point: the place where Luna stopped hiding behind ships and started rewiring the city itself.
4595	393	1	MESG/DESC	The scrap-stained junction from Akila's back alleys appears again in the Trustsphere's nav logs, not as junk but as a reference point buried inside a chain of "corrected" jumps.  \nCross-referencing those timings with the ship's protection routes sketches a faint, skewed corridor outward, suggesting whoever bent these lanes thinks in rust, wreckage, and places the insurers stopped watching.
4702	393	1	MESG/DESC	Someone had already started pulling his access traces apart out here, in the middle of nowhere, then walked away mid-line like a hand jerked off a hot coil.  \nWhat is left links the frozen colony's broken signals, the doctored beacon in orbit, and the tampered queue records below the city into a single repeating signature, each step tightening the circle around the same absent coordinator.
4660	394	1	MESG/DESC	The routechart overlays Neon's traffic grid with ghost corridors that never officially existed, each line ending in the same tangle of scrap and shadow beneath the city lights.  \nReading it, you see how every falsified beacon, every doctored manifest, bends here through unregistered lanes and discarded hulls, just as the first anonymous dataslate and the freightyard records hinted it might.
4764	394	1	MESG/DESC	In the quiet drift above the world, a single data burst repeats against the static, flagged only by subtle changes in pressure cycles no one was meant to notice.  \nDecoded beside the ledger you stole from the tower high over Neon's streets, it exposes the same timing, the same missing minutes; his adjustments to the air have always been rehearsed in orbit before he risks a settlement's sky.
4801	394	1	MESG/DESC	Cracking the cache peels back a thin layer of automation, revealing a quiet stack of override codes and route masks all converging on the same off-chart coordinate.  \nIt matches the erratic shipment timings whispered over coffee, the strange supply pattern out at the farm, and the forgotten patrol logs still watching restricted air, turning scattered anomalies into a single deliberate path.
4968	396	1	MESG/DESC	The shattered wreck's flight logs show the same impossible mid-course twist that's been haunting incident reports, only this time the correction vector doesn't vanish into noise.  \nPlotted alongside the lonely outpost's data spike and those first skewed readings in high orbit, the debris' last turn points cleanly toward a new patch of empty coordinates that suddenly doesn't look empty at all.
4572	398	1	MESG/DESC	Cracked open in zero-g, the manifest spills routes and timestamps like blood, every "random" accident lining up along the same thin corridor at the edge of mapped space.  \nCross-referencing its ports of call and falsified UC clearances with the logs pulled from that dead surface relay, one truth holds the same unseen hand has been nudging ships toward the same cold, forgotten margins for years.
4837	398	1	MESG/DESC	Buried in the outpost's failing systems, the log lists substrate trials tied to coordinates that keep circling the same quiet sensor anomaly in deep space.  \nThe entries echo patterns from the altered homestead, the drifting beacon, and the courier's crooked routes, turning this forgotten terminal into the first clear pointer toward where their controlled ecosystem might already be taking root.
4899	399	1	MESG/DESC	Buried in the ship's forgotten logs, the loading chart shows the same battered freighters diverting from patrol space to the same storm-lit docks beneath the city again and again.  \nWhat started as a lonely outpost report and an orphaned orbital cache now aligns with a SysDef hull's altered routes, all pointing toward those shadowed decks where Torque's friends, buyers, or backdoors are waiting.
4649	400	1	MESG/DESC	Pages of dirty numbers tie "lost" manifests to the same stretch of darkened lanes, the same timing gaps no traffic officer will admit seeing.  \nPut beside the stray slate from that dead rock and the uneasy stories from freight hands, the ledger turns rumor into a pattern: certain hauls were never meant to reach port, and whoever diverted them keeps orbiting the same invisible crossroads in space.
4860	400	1	MESG/DESC	Parsed against old convoy records, the Split Beacon Telemetry shows every altered route fanning out in two directions, like a wound that never healed straight.  \nOne branch drifts toward corporate lanes that never appear on public charts, the other leans into neglected frontier traffic where missing ships are written off as bad luck, forcing the hunter to choose which shadow Vector walks in next.
4738	401	1	MESG/DESC	Shattered fragments of the chart still whisper on nearby relays, resolving into a single, off-axis corridor shared by every altered manifest and falsified patrol you have seen.  \nIt threads from the lost freighter's impossible detour and that first stray dataslate in deep space straight toward one quiet sector on the edge of known lanes, where a mobile habitat keeps slipping between jurisdictions.
4806	402	1	MESG/DESC	When the transport's archived sensor feed flickers alive, the strange grav echo repeats the same impossible heading, weaving through dead corridors and abandoned arrays.  \nCross-referencing earlier data pulls the signature straight through that off-the-books relay everyone pretends was decommissioned, turning scattered suspicions from the rock and the research post into a single, undeniable vector.
4936	402	1	MESG/DESC	They trace the hidden wiring through dusty rafters and rusted conduit, watching farm machinery pause in perfect rhythm with passing orbital traffic.  \nWhen the last panel opens and the uplink's narrow-beam logs spill out, a single repeating coordinate surfaces again  the same pattern hinted at by the stray dataslate on that lonely rock and the whispers of impossible delivery times in distant ports.
4888	403	1	MESG/DESC	The cache lies half-buried in dust and forgotten sensor wire, exactly where a clerk tired of asking questions would stop looking.  \nInside, mismatched foreclosure notices, scrubbed bounty drafts, and a handful of anonymized transfer traces all point away from this quiet rock toward busier skies, where traffic, terminals, and corporate hands are thick enough to hide one very precise ghost among them.
4648	405	1	MESG/DESC	The data rippled like sediment in a glass, every name and number from the queues below settling into a faint, repeating curve that did not belong to any sanctioned route.  \nRun through a nav plotter, that curve becomes a corridor pointing away from licensed colonies and toward the same off grid pocket every altered farm log, abandoned homestead, and broken survey jump has been quietly circling around.
4856	405	1	MESG/DESC	The cache goes up in a silent flare, and with it the last of its scrambled broadcasts, but not before your systems rip a single pattern from the wreckage.  \nBuried under decoys and looped telemetry lies a chain of altered buoy IDs, all pointing back toward a forgotten UC ear on the edge of the same corridor, where someone has been quietly rewriting the sky while official charts swear nothing is there.
4775	407	1	MESG/DESC	When the construct ruptured, its last transmission stitched together every altered delay code you have chased, converging them on a single sealed facility in failing orbit.  \nFor the first time, the pattern answers back, pointing from scattered whispers in dead space, a corrupted courier, and a scrubbed Navy log straight to the deserted biotics lab hanging like a forgotten thought above the world below.
4697	408	1	MESG/DESC	The ledger cross-checks SysDef contract IDs against off-book payments from Neon, drawing a clean, illegal line between corporate rooftops and a navigator selling impossible exits.  \nPinned alongside the drift logs and that jittery clerk's forged permits, it turns scattered rumors into a pattern: the same signature routes, the same one-jump-too-far coordinates, always circling the same hidden destination.
4698	408	1	MESG/DESC	When the relay finally goes dark, the traffic lanes around it look cleaner and more honest on the scope, like someone wiped a greasy fingerprint off the glass.  \nThe residual logs carry just enough echo to show where the tampered handoffs were pushing ships, and those vectors line up disturbingly well with the frozen colony's last calls and the backworld where survey data went missing for no good reason.
4825	408	1	MESG/DESC	Spliced into the relay's dying systems, the manifolds redraw the map for a heartbeat, revealing a faint corridor where normal traffic never runs.  \nFor the first time, the scattered hints line up: the mislogged ping from that forgotten rock, the partial route data from the quiet lab, and the unexplained double-echo off this very station, all pointing toward a stretch of space charts politely leave blank.
4869	408	1	MESG/DESC	Telemetry from the drifting array traces invisible lines through deep orbit, stitching wreck-fields, smugglers' waypoints, and one wandering gas giant into a single repeating pattern.  \nCross-referenced with the dataslate from the backwater rock and the crooked dock times near Neon, it proves someone has been quietly bending whole shipping corridors around a hidden node that nobody ever mentions by name.
4871	409	1	MESG/DESC	The core's output logs smear Helium-3 flows across star charts and balance sheets alike, every tiny correction pointing not to safety, but to a single, calculated blind spot in patrol coverage.  \nCross-referenced with the altered manifests from that moonside relay, the same pattern emerges again and again, all vectors narrowing toward one forgotten refinery where risk, profit, and disappearance intersect.
4773	410	1	MESG/DESC	Each altered route recorded here links freighters, patrols, and smugglers into a single looping pattern, always brushing past the same quiet corner of space.  \nReading it alongside the dead dataslate, the compromised courier logs, Navy timing gaps, and the buried schedules from New Atlantis, the hunt no longer feels like scattered accidents but a deliberate lattice narrowing toward one last, unseen window.
4906	412	1	MESG/DESC	The samples pulled from this forgotten outpost are wrong in exactly the same way as the creatures that stopped behaving like anything native back on that first homestead.  \nThe growth curves echo the readings from the crippled beacon in orbit, and the residue markers match traces found in the courier's tampered cargo bay, turning this dusty lab into the missing hinge between field tests and full deployments.
4900	413	1	MESG/DESC	When the log core ruptured, its last burst carried a jagged echo of jump data, a half-burned trail pointing not to a colony or lane, but to an unnamed patch of deep space.  \nCross-checking that fragment against the abandoned homestead's anomalies and the crippled satellite's corrupted readings, the same empty coordinate window keeps surfacing, like someone has been circling one dark star for a very long time.
4724	414	1	MESG/DESC	Pulling its recordings apart is like unbraiding static, but beneath the noise a handful of jumps repeat, always bending toward the same forgotten transfer hub at the edge of regulated space.  \nEvery altered route you traced from the wrecked hauler and the buried war-room logs aligns with those echoes now, sketching the outline of a quiet cargo depot that has no business handling that much unregistered traffic.
4713	419	1	MESG/DESC	When the last subroutine on the grid finally collapses, its dying pulses stitch together waypoints that were never supposed to share the same channel.  \nOut of the noise, a crooked corridor emerges: the same misfiled ping from that forgotten rock, the corrupted timing from the quiet lab, and the double-echo from the old relay, all bending toward one stretch of space where ships keep arriving lighter than they left.
4746	421	1	MESG/DESC	When the coded lattice burns out, the depot goes oddly quiet; for the first time, the routing consoles stop trying to "correct" local grav readings and simply show where ships have actually vanished.  \nIn the static that follows, an unmasked pattern of jump vectors emerges, all converging toward the same forgotten Cheyenne-side test corridor you first heard about in half-redacted freight reports and nervous bar talk.
5019	421	1	MESG/DESC	Shipment schedules and payment codes, buried under orders for coolant and cheap liquor, show the same clusters of worlds paying for "special calibration services" at odd hours.  \nThe ledger ties those quiet transactions to reactor spikes at the refinery and to red-flagged reports at the frontier post, turning scattered rumors about off-the-books weather work into a single chain of repeat customers she keeps circling.
4987	422	1	MESG/DESC	The key s fractured codes overlay the relay s traffic like a double exposure, one band bending back toward crowded corporate lanes, the other bleeding into thin frontier beacons.  \nEvery frequency tag matches what you pulled from the dead Navy freighter, the scrubbed audit chain, and the whispered payments to backwater clinics, forcing a choice between chasing the buyers of silence or the people who keep surviving it.
4637	424	1	MESG/DESC	Shredded fragments of the chart fall across the relay's dusty consoles, and for a moment the holo-projection holds, bleeding its last: a cluster of drifting wrecks, then a single distant orbit traced again and again like a fixation.  \nCross-checking with the corrupted logs you pulled earlier, the pattern is clear now every falsified update, every "corrected" route was bending traffic toward that same cold, outer system.
4898	426	1	MESG/DESC	Each entry in the ledger traces a quiet rerouting of freighters and patrol boats, curving their paths away from official docks toward the same unlogged rendezvous points in hostile orbits.  \nCross-referenced with the first outpost report and the orphaned cache in empty space, the altered SysDef patterns finally align into a single, repeating arc that narrows the hunt from rumor to a small handful of very specific shadows.
4687	428	1	MESG/DESC	When the array ruptures, the last burst of telemetry you salvaged sketches a thin, crooked vein through otherwise empty space, a corridor that keeps brushing dangerously close to the same distant system.  \nThe earlier slate on that forgotten rock, the first mismatched beacon returns, and now this broken watcher all whisper the same thing: Vector is not jumping blind, he is rehearsing a route toward whatever waits out there.
4921	428	1	MESG/DESC	Each scratched route and off-hour departure on the schedule mirrors a half-remembered rumor, drawing invisible lines between frontier farms, back-alley clinics, and quiet ports no customs officer watches.  \nFollowed together, those lines turn the stray slate from the rock, the altered manifests at Gagarin, and the whispered descriptions of a soft-spoken courier into a single, repeating pattern pointing toward her next jump.
4861	429	1	MESG/DESC	Decoded at last, the Ghost Channel Log lays a second pattern over the starlanes, tracing every falsified route back to one silent node that never appears on current charts.  \nCross-referenced with the fractured data from the drifting buoy and the half-wiped records pulled from UC monitoring, it proves Vector has been bouncing his work through the same forgotten relay, stepping closer to it with each disaster and cover story.
4874	429	1	MESG/DESC	In the Clinic's dim archive wing, the pattern hidden in the schema finally stops looking like random medical noise and starts echoing the same warped vectors found in old war sims and freighter logs.  \nNow the trail threads together the remote rock's corrupted slate, the altered ship manifests, and that buried military dataset into a single, repeating lattice pointing away from known routes and deeper into the quiet between.
4834	434	1	MESG/DESC	The manifest lists ships that officially never left dock, flight plans that were edited, then erased, and a repeating string of grav coordinates tied to loss reports no one dared file properly. Cross-referenced with the distorted jump angles and rooftop guidance data, it stops being an accounting error and becomes a map: every falsified departure, every vanished hull, all arcing toward the same off-chart convergence in deep space.
4692	435	1	MESG/DESC	Buried in Ryujin's restricted archives, the index quietly stitches together censored route data, missing freighters, and contracts scrubbed from public ledgers.  \n\nIt does not name Vector, but it flags the same anomalous jump pattern attached to backwater distress calls and a drifting cutter's corrupted logs, hinting that someone inside Neon's corporate tower has been buying passage along corridors no official chart admits exist.
4972	437	1	MESG/DESC	The schema ties half-legal firmware tweaks from Gagarin's rusting factories to the same fractional course shifts seen in frontier misjumps, each edit stamped with a familiar compression pattern.  \nLayered over the dust-salvaged dataslate and the crooked readings from that forgotten orbital relay, it stops looking like random corruption and starts to resemble a single hand quietly redrafting the lanes from one backwater port outward.
4668	438	1	MESG/DESC	Someone etched the route where only a breaker would look, hidden in the pattern of cut plates and welded braces, a quiet answer to the question of where he runs when every lane closes. The drift marked here matches the dead vectors traced in that forgotten relay and the half wiped path encoded on the first dataslate, turning scattered rumors of a haunted graveyard into a single, deliberate heading toward the hulks he still calls home.
4659	444	1	MESG/DESC	Rust-stained lines, drawn by someone who never left the soil, mirror Neon's power veins and mark where they fall dark before official logs say they should.  \nLaid beside earlier scraps from a forgotten outpost and the freight records pulled off that derelict depot, the pattern finally holds: wrecks vanish along the same hidden corridors, always after the same unlogged power flickers, always with the same unregistered tug just out of frame.
4599	450	1	MESG/DESC	Lines of corrupted entries flicker, then resolve into a single intact route code, slipped between mundane repairs and routine injuries like a heartbeat hiding in static.  \n\nWhoever patched that mechanic has used this trick before; the same clipped shorthand points away from this garage toward a gambler's infirmary that orders far more chems than it declares, and a derelict hospital hulk where the handwriting first shows up in sealed UC reports.
4677	450	1	MESG/DESC	The listening post is dead to official traffic, but its dishes were never retuned; they still drink from the same blind angles where her altered jump corridors pass like ghosts. Buried in the old logs, the chart ties wrecked convoys, falsified distress calls, and that gutted scrapyard together on a single looping route, finally showing that her detours are not random at all but a deliberate spiral toward something hidden off every sanctioned map.
4643	451	1	MESG/DESC	The node's memory is scorched and half its antennas blind, but what is left of the navigation buffer still holds a lattice of course corrections that never went to any registered colony.  \nLayered over the timing records from the queues and the diverted shipments you traced through Neon and HopeTown, those faint vectors all lean toward the same blank patch of sky, tightening the hunt from rumor and coincidence into a single, unmarked destination.
4736	453	1	MESG/DESC	The overlay redraws Cydonia's shipping lanes like veins under a scanner, exposing one recurring route that never appears on official boards yet always departs just after "emergency" shipments clear customs.  \nCompared against the dirty manifest fragments from the rock and the broker's doctored lists back in Neon, the same phantom convoy emerges each time, hugging the edge of corporate intake zones before vanishing toward an unregistered rendezvous.
4962	453	1	MESG/DESC	The figures buried in Neon's backroom accounts echo the same off-lane corrections found in those erased UC models, but now each line ends with a ship, a payout, and a direction whispered over cheap drinks.  \nTogether with the redacted hearing in the capital and the shaken testimony from frontier captains, it confirms she has been selling safer corridors to anyone who will listen, while quietly steering them all toward the same unseen bend in space.
4836	454	1	MESG/DESC	From the wreckage, a disrupted signal rethreads itself through the old UC arrays, briefly restoring a forgotten sweep that points away from sanctioned lanes and toward a blind patch of deep space.  \nIn that flicker the pattern tightens: the stray datapad's corrupted routes, the buried analyst's censored logs, the orbital anomaly's skewed jump angles. All of them bend toward the same uncharted well where ships vanish and Starline's edits grow bolder.
4627	461	1	MESG/DESC	The manifest fragment tags the same unscheduled service IDs that keep cropping up in backwater logs, but this time they all resolve to one place beneath the lightning city, buried under layers of corporate routing codes and half-erased timestamps.  \nWhat started as a broken slate in the dust, then a jittering tower's ghost readings, now points straight at Neon's lowest decks, where forgotten recalls and off-the-books calibrations go to be quietly misfiled.
4895	466	1	MESG/DESC	Each test reading etched into this fragment points to the same patch of quiet orbit, the same stress thresholds pushed just past sane limits, then logged as routine and filed away.  \nTaken with the stray report from that forgotten outpost and the unmarked cache adrift in dead space, the pattern is getting harder to dismiss as bad luck or bad maintenance and easier to read as someone methodically teaching the Settled Systems where, exactly, its bones will break.
4607	467	1	MESG/DESC	When the orbital relay went dark, half the Well never noticed, but a few LIST clerks flinched like someone had kicked out a rung beneath them.  \nIn a corner booth, a broker reluctantly admits that traffic from certain doomed farms always bent through that now-empty coordinate, and that every survivor who crawled back from the fringe remembered the same careful pilot, the same wrong horizon, and a whisper about an orchard that never appears on any official chart.
4862	467	1	MESG/DESC	The altered cargo record turns the starport into the first real fork in the trail; the numbers point one way, the ship's actual jumps another, hinting at a hidden route buried under routine traffic.  \nCross-checking it against the data scraped from that dead survey site and the offhand timings muttered by frontier haulers shows the same discrepancy repeating: tiny course corrections and unexplained delays, always bending toward the same unmarked region of space.
4714	470	1	MESG/DESC	The decrypted route stitched itself across the map, a familiar grid bent just wrong enough to be hers, and every node along it pointed away from licensed colonies and back toward something she once tried to erase.  \nIn the queues and back rooms down here you already chased dead applications, doctored farm logs, a nervous broker, and a ruined survey ship full of half truths; now those fragments finally align into a single outbound line marked Hearthline Return Path.
4676	471	1	MESG/DESC	The flight path recorded here bends around the established lanes in the same crooked arc you saw whispered through docking records on Jemison, skipping patrol grids and threading through old war debris like someone knows exactly where the blind spots live. Cross-referenced with wreck reports and that stripped yard, the approach repeats with different ship IDs, different captains, always curving toward the same quiet patch of space that never shows on official charts.
4621	472	1	MESG/DESC	Cracked open in the quiet hum of the factory, the archive spills not words but coordinates and dates, a lattice of routes that circle the same cold scars in space.  \nCross-referenced with the first stray dataslate, the ghost echoes from that silent relay, and the falsified beacon logs from the old garrison, the pattern tightens, showing how every vanished ship has been steered toward one widening wound in the lanes where a patient engineer keeps rearranging the dead.
4576	478	1	MESG/DESC	Shattered telemetry from the drifting husk spills across the console, reforming into a rough lattice of traffic lanes and blind spots that should not exist, each gap stitched to a single maintenance ID tied back to this grease-stained garage on a forgotten rock.  \nFollowing that ghost pattern means leaving the comfort of official manifests and stepping into the same off-ledger shadows where an angry engineer learned to turn debris and drones into his own private toll road.
4946	479	1	MESG/DESC	The wreck drifts apart in a slow halo of fragments, and beneath you a single set of coordinates blinks through the static, pulsing in time with archived dosing cycles aimed at one forgotten farmstead.  \nSomeone went to great trouble to hide that link behind scrambled traffic and half-truths. From the dark relay to the jittery clinic reports and the smuggler's doctored manifests, every trail of altered air and nervous denial has been bending toward this patch of dead fields.
4942	480	1	MESG/DESC	Buried among routine hauler routes and sanitized medical shipments, a thin thread of jumps repeats the same impossible angles, skirting known anomalies like someone tracing scars on the void.  \nCross checking those paths against earlier finds, the pattern tightens around one nameless stretch of space the same disturbance you first sniffed at a forgotten buoy, then heard whispered over drinks on that quiet farming rock, where nobody wanted to admit who recalibrated their sky.
4975	482	1	MESG/DESC	Decoded from the beacon's whisper, the Anchor Vector Ping doesn't name a place so much as outline a direction, a slant in grav-space all her routes lean toward.  \nCross-checking it with the backwater relay, the faulty orbital transmitter, and the misaligned traffic inside this vault ship, the pattern finally resolves: every manipulated jump has been quietly steering captains toward the same off-chart convergence, just beyond where official maps are willing to draw their lines.
4669	492	1	MESG/DESC	Scorched plating on the drifting wreck tells a different story than the official incident code: impact signatures bend sideways, as if the ship tried to turn inside its own jump corridor and almost made it. Flight path reconstructions, half-wiped from beacon archives, show the same maneuver attempted again and again along nearby lanes, always from slightly different approach vectors, all nudging toward the same dark patch of space where traffic thins and grav readings never quite settle.
5009	492	1	MESG/DESC	In the silent racks of the abandoned post, the mixture's residue stains a single analysis bay, its readings spiking only when the receivers sweep past a narrow sliver of sky.  \nCross-referencing those fluctuations with the altered storm signatures from the frontier farm, the cut warning tapes from the forgotten relay, and the dead lab's failed experiments reveals the same thin corridor in space, a testing ground where gravity, weather, and traffic all begin to bend the way Vector wants.
4742	499	1	MESG/DESC	When the pattern in the device finally resolves, half-forgotten coordinates from a dust-choked rock, corrupt traffic from a quiet lab, and misaligned pings from a lonely relay all snap into the same crooked flight path.  \nThat crooked line does not end here; it bends out into the dark toward a place where freighters go silent without ever filing distress, and where someone with a tug pilot's instincts has been waiting between scheduled lanes long enough to believe the system will never notice.
4684	503	1	MESG/DESC	The readings carved into the wreck's guidance logs twist like a coiled line across the star map, linking old UC sensors, freighter routes, and a handful of marginal worlds that have all enjoyed impossible weather.  \nWhat looked like scattered interference now resolves into a single trajectory, bending every altered sky toward the same thin slice of space just beyond the official charts, tightening the hunt from dusty outposts and dead bounty ships to whatever waits along that hidden pressure path.
4904	506	1	MESG/DESC	The beacon's telemetry isn't just broadcasting position; buried in its soft-cycle pings is a repeating window where local sensors go blind, then a narrow grav-jump corridor aimed toward a dead patch of charted space.  \nCross-referenced with the anomalies at that abandoned homestead, the corrupted readings from the crippled satellite, and the substrate entries in the tower logs, the pattern finally resolves into a route she has been using over and over, always slipping just past official patrol lines.
4722	509	1	MESG/DESC	The relay techs say the rocks out there drift wrong, but their scopes keep logging the same faint pulse bending traffic around the field like water around a stone.  \nTied to the freight records you lifted in the moonside warehouse, that signal repeats the same skewed timing you saw in the crippled freighter's misjump and the doctored routes hidden in backwater manifests, all tracing the careful hand of one navigation analyst who has turned bad math into a weapon and is already setting his next corridor.
4726	515	1	MESG/DESC	The signal geometry etched into the soil should not match anything this far from a traffic hub, yet it dovetails perfectly with the irregular corridors traced in orbit.  \nComparing it against the earlier scraps from that backwater slate and the falsified cargo paths off the derelict depot, the pattern sharpens: a private chain of skewed jumps, abandoned wrecks, and delayed responses, all quietly curving toward the same stretch of darkened lanes where one unregistered tug is always a few minutes ahead of help.
4615	520	1	MESG/DESC	When the uplink's last cached transmission unspools, it carries not words but a chorus of distorted distress calls, all bent along the same narrow band of space and all cut short at nearly identical coordinates the official charts pretend are empty.  \nStacked beside the stray data from that forgotten rock and the mismatched pings recovered at the dead relay, the recording turns rumor into geometry, outlining a corridor of guided wrecks that curves toward an unnamed convergence far from any sanctioned traffic lane.
4732	522	1	MESG/DESC	A bartender wiping glasses with recycled greywater mentions taps that run clear one day, then metallic and thin the next, always after the same off-shift hauler crew rolls through.  \nAnother worker swears she saw unfamiliar techs checking valves in a closed-off corridor, while management insists nothing has changed; taken with the corrupted slate from the rock and the first whispers out of Neon, it sounds less like bad maintenance and more like someone quietly testing where they can bend a whole settlement's throat.
4654	523	1	MESG/DESC	The entries scrawled across the manifest run like a spill themselves, scheduled routes warping into sudden diversions, whole shipments vanishing into the margins where no port name is printed.  \nCross-checking the times and cargo with that stray slate from the backworld rock and the half-spoken accounts from freight hands, a pattern emerges: routine hauls quietly peeled off the main lanes, always after the same delayed response, always toward the same stretch of space where records thin out and wreck reports pile up.
4638	524	1	MESG/DESC	The fragment hidden in orbit is like a mirror cracked on purpose; its equations fork in two clear directions, one pointing back toward polished corridors and oversight logs, the other out toward the loose edge of the lanes where no one files proper reports.  \nDecoded, it tells you that every falsified accident in the lab and every whispered correction from frontier captains were not random strokes of genius or madness, but parts of a single model being tested both in the heart of UC territory and far beyond its reach.
4872	530	1	MESG/DESC	The trace pattern clinging to that lonely rock matches a faint chemical and grav signature now detected on a forgotten satellite in distant orbit, as if the same hand tested its tricks in both places.  \nTaken with the corrupted log at the first outpost and the off-kilter readings from the earlier transmitter, this residue finally links ground, sky, and drift into one continuous line, suggesting she has been walking her experiments outward step by careful step, always along corridors everyone assumed they already understood.
4797	531	1	MESG/DESC	When the canisters rupture and the last shimmer of altered space bleeds off into the dust, the Razor Strays' bravado goes with it; what they were guarding was never just hardware, but the promise of more "miracle shortcuts" to sell.  \n\nIn the wreckage their handler's slate keeps blinking, still queued to transmit calibration logs and payment records to a single repeating contact tag, the same one buried in a doctored manifest on that drifting cargo hauler and echoed in the corrupted slate from the rock where this all began.
4992	532	1	MESG/DESC	When you sync the fractured signal from the node with the hangar's stripped down systems, two streams of data resolve into one map overlay, tracing outbound environmental commands from the derelict bay to a single, unlisted coordinate in deep space.  \nThe pattern matches testimonies from frightened settlers planetside and the buried UC logs you pried out of that listening post, confirming that every "upgrade" and every falsified incident has been feeding the same hidden endpoint, waiting for someone to notice the convergence.
4573	541	1	MESG/DESC	The pattern encoded in the drift around this point is not a destination, but a decision; the lane math splits in two clean branches, each ending at a different cluster of anomalies Vector has been quietly feeding with his tests.  \nDecoding it turns every half-whispered story from technicians and captains into coordinates instead of campfire talk, leaving you with a stark choice between chasing the bureaucrats who buried the first reports or the settlers and haulers who have been living with his experiments at the edge of mapped space.
4884	543	1	MESG/DESC	The mech's drifting telemetry burns away in a brief, silent flare, and with it goes the last excuse that these scattered anomalies were just leftover war junk.  \nStripped of that relay, the remaining data points line up in an uncomfortable way: a quietly corrected foreclosure on a nowhere farm, a scratched dataslate buried in dust, a survey node whispering the same offset coordinates, all suggesting that someone patient has been testing how far they can bend both battles and balance sheets without anyone realizing the pattern is theirs.
4757	546	1	MESG/DESC	Buried in the outpost's dim core, the archive lays out early simulations like a confession whispered to the void, mapping which stations bend first, which routes fracture cleanly, which colonies can be pushed to the edge without quite falling.  \nMatched against the first stray log from that lonely surface site and the unnaturally complete cache drifting in dead orbit, these seed calculations turn scattered accidents into a rough blueprint, hinting that someone has been rehearsing collapse on a scale far larger than any single ring or ship.
4887	546	1	MESG/DESC	Test runs in the tower show the same chemical signature appearing on opposite sides of the system within minutes, tagged to shipments that never physically moved.  \nBuried in those reports is a repeated route reference that matches the doctored foreclosure reversal on the Freestar world, the misaligned traffic records near the orbital beacon, and the self-contradicting manifests from the abandoned SysDef hull, all pointing toward one corridor where someone has been quietly rehearsing how to move lives on paper faster than any ship can fly.
4608	550	1	MESG/DESC	Someone etched the same two words you pulled from crowded terminals and whispered bar talk into the side of a rusting grain silo, then repeated them in the approach telemetry burned across the landing pad.  \nGrey Orchard Vector is not a phrase settlers would invent; it is a heading, a name, and a destination folded into one.  \nSeeing it here, on a farm that should have been anonymous, ties together the dead dataslate in the black, the scrambled orbital records, and every survivor who swore their careful pilot knew this place would never last.
4644	560	1	MESG/DESC	The timing matrix tucked in that research module looks harmless at first glance, just another logistics draft abandoned when funding dried up, but every recurrence date lines up with unexplained supply spikes and missing manifests from other files.  \nFollowed back through the half scrubbed records and the trail matches what I heard in the queues and from that nervous caseworker in New Atlantis a pattern of quiet approvals, diverted shipments, and erased coordinates, all suggesting someone has been feeding an unseen settlement on a fixed, patient rhythm.
4620	567	1	MESG/DESC	When the chart finishes compiling inside the factory's core, the lines it draws are not trade routes but scars, looping again and again through the same dead corridors and anchoring on a point the nav software insists does not exist.  \nStacked beside the stray dataslate from that forgotten rock, the corrupted ping logs from the silent relay, and the doctored beacon records taken from the abandoned garrison, the pattern stops looking like coincidence and starts reading like a deliberate hand guiding traffic toward a single, carefully hidden gathering of wrecks.
4691	570	1	MESG/DESC	When the core finally ruptures, its signal dies with a strangled flicker that ripples across local space, peeling back one layer of misdirection; in the static that follows, a buried return route lights up, pointing toward a debris-choked corridor that no chart admits still exists.  \nIt matches the coordinates hinted at in the first corrupted dataslate, the altered ping from the abandoned relay, and the doctored logs taken off that mercenary ruin, tightening the pattern around a single engineer who has been rearranging wrecks into a map only he was meant to read.
4983	571	1	MESG/DESC	The vector traces from the deep-orbit grid stitch perfectly into the last known course of the drifting Navy hulk, turning a nameless wreck into a deliberate waypoint rather than random debris.  \nBuried within that ship's sealed logs and stripped corridors is where the path ahead will finally sharpen.  \n\nSo far the chase has moved from a forgotten cache on a backwater rock, to nervous whispers in a station dive, to an old relay bunker whose scans did not match the official story, and now to a silent warship everyone nearby pretends never passed through their sky.
4616	572	1	MESG/DESC	When the ledger burns out, it does more than erase a lie; its encrypted failsafe kicks a last, panicked transmission into the dark, pinging a forgotten archive node that was never supposed to light up again.  \nCross-referencing the echo with the stray dataslate from that backwater pit and the mismatched logs scavenged at the dead relay, the investigation shifts from vague suspicions of doctored history to a single, concealed records cache sitting just off a well-traveled lane, exactly where a debris engineer with a grudge would hide the first real draft of the war.
4633	575	1	MESG/DESC	The readings preserved in the sample are wrong in a very particular way, a faint shudder in the numbers that never should have appeared this close to a settled lane; only someone chasing that flaw across the systems would leave the same signature behind.  \nOnce matched against the redacted incident logs from the sealed lab and the frantic equations recovered from a discarded slate, the pattern turns from coincidence into a trail, hinting that the same unseen hand has been nudging drives toward the edge of stability wherever the data quietly disappears from the record.
4658	575	1	MESG/DESC	Hidden among routine berth records and "lost" docking slips, a handful of ships appear again and again, always waved through early, always bound for the same quiet stretch of space. Neon's ground crews cannot agree on the details, each retelling of the story shifting slightly as if fear is editing their memories, but the tail numbers do not lie. Follow those privileged hulls, and the trail stops being rumor and starts being a route, leading outward from a dead slate in the black toward whoever is rich enough and ruthless enough to bend whole ports around their passing.
4777	577	1	MESG/DESC	When the sample is finally wired into the forgotten relay, its signature ripples through the old arrays like a remembered voice, waking filters nobody has touched in years.  \nFor a moment the station's dead consoles sketch a phantom lane across the stars, aligning stray pings from that first backwater stop with corrupted timings from the quiet lab and the miscounted traffic that bled through this relay before it was officially shut down, all hinting that her route does not follow the published jump chains at all, but runs just outside them where no one bothers to watch.
4910	579	1	MESG/DESC	The vials were never meant to leave a lab, yet here they sit in a courier's locker, labelled with coordinates that mirror a forgotten listening post and a field garden no registry admits exists.  \nWhoever bankrolled Rourke's experiments smuggled the recipe into Trade Authority traffic, trusting routine to hide intent.  \nNow the trail reads clear enough: the altered wildlife at that lonely homestead, the crooked beacon in high orbit, then the derelict tower's stolen cultures, all pointing toward one last, carefully shielded site where theory is already becoming landscape.
4820	583	1	MESG/DESC	Cracked open in a forgotten office, the logs map freight routes that never appear on Freestar charts, a web of tugs and dead ships converging on the same blind patch of stars. The manifests name Deimos hardware, missing UC pallets, and scrap registered from the farm you just left, all moved under aliases tied to the same shipbreaker. Together with the first stray slate found in deep space, this pattern confirms you are not chasing random smugglers but someone systematically harvesting classified wrecks and erasing the record one garrison, one yard, one quiet outpost at a time.
4575	589	1	MESG/DESC	Lines of corrupted timestamps and half-erased coordinates bloom across the screen, resolving into a lattice of connection points that all drift toward the same patch of unregistered space, like iron filings leaning into a hidden magnet. Buried beneath diagnostic chatter, a familiar signature routine repeats, the same neural pattern first glimpsed in that quiet research outpost, proving every stolen design and whispered clinic job has been feeding one plan: a single, unseen gathering point where Splice means to bind her scattered clients into something the corps will never own again.
4671	591	1	MESG/DESC	The log pulls a single crooked thread out of the noise, a series of jumps that all kink the same way around the lanes before vanishing into dead air. It is not a confession, not even meant to be seen, just the leftover imprint of someone quietly teaching ships to forget the safe routes and trust a different hand. Cross-checked with the stray slate from that backwater rock and the convoy reports that blamed "sensor error" just before going dark, it turns scattered misfortune into a recognizable path, and that path points away from every chart the big powers are willing to admit exists.
4830	591	1	MESG/DESC	On the science facility's dimmed terminals, the transfer orders read like quiet abductions, every donor ID ending at the same unlisted destination code that no routine audit ever chased. The pattern is too neat, too methodical, a route carved to move living cargo and records out of UC oversight and into one ghost signature drifting over an ice world. Back at the first garage, there was only a scrubbed table and missing chems; at the Red Mile, falsified deaths and vanished patients. Now the paperwork itself lines up, all arrows finally bending toward a single hidden ward in deep orbit.
4891	591	1	MESG/DESC	Wrecked in patrol space, the SysDef hulk still listens, its damaged arrays quietly echoing a single rogue signal that keeps nudging ship registries off-course. If that echo is not mapped and traced here, every future scan will be reading from bent space, not truth, and whoever is riding those distortions will stay a step ahead of every warrant. So far the hunt has turned up a tampered foreclosure notice on a Freestar world, a ghosted data trail in low orbit, and a derelict whose own manifests disagreed with themselves, all hinting at the same careful hand rewriting where people stand.
4686	601	1	MESG/DESC	The farmhands only see a season that should have failed and did not; you see the same impossible weather curves you pulled from a dead bounty ship and a lonely prefab, now etched into the tower logs above Akila's fields. Hidden among soil reports and rainfall schedules, a single reference to the grid ties every altered sky back to one source, and for the first time the route between her hand on the controls and the worlds she has touched forms a continuous line. The scattered logs, the erased names, the smuggler gossip about manufactured fog all begin to read like one long, unfinished forecast.
4886	601	1	MESG/DESC	The survey node here sits just outside every standard jump solution, a sliver of math the nav charts politely ignore. Someone has been using that offset to slip in and out of systems without leaving a clean arrival vector, and if this deviation is not pinned down now, every later trace of their movement will vanish into normal drift. Up to this point the trail is a quiet foreclosure reversal in Freestar space, a scratched dataslate on a forgotten rock, a beacon whose timing never matched its traffic, and calibration logs that all share the same tiny, deliberate misalignment in their route data.
4759	604	1	MESG/DESC	The diagnostic flags buried in this stack were never meant for public eyes; they mark moments when the air should have tripped alarms but did not, little pockets of silence where someone overrode the warning. Whoever has been steering atmospheres from the shadows needed a place to test the trick before trying it on whole settlements, and these anomalies read like rehearsal notes. So far the path here has been a lonely outpost murmuring about bad air, a courier whose manifests did not match its route, and a trader's records showing the same engineer's tools brushing past each incident like a ghost.
4965	606	1	MESG/DESC	In the relay's recovered stream, one pattern survives the purge: a thin heartbeat of signals looping from dead satellites to a quiet patch of cropland, each pulse whispering the same coordinates through the noise.  \nIt is not enough to name a face, but it draws a circle in space where someone has been rewriting nerves and weather without filing a single report. So far the trail holds a damaged buoy that carried altered medical manifests, a nervous frontier doctor with blood panels he will not explain, and a station whose wiped logs still point their last uncorrupted line toward those silent fields.
4873	613	1	MESG/DESC	The prototype was never meant to be found; it was meant to sit in familiar orbits, doing familiar things, until every captain stopped seeing the tiny anomalies in their jump reports. Studying it where it was first slipped into routine traffic is the only way to understand how she has been bending gravity just enough to hide her corridors inside habit and overconfidence. From that lonely fringe outpost to the jittering transmitter in high orbit and the vault ship packed with nearly matching logs, the pattern is the same: small, repeated deviations tucked into places everyone thought they already understood.
4974	613	1	MESG/DESC	Smugglers have been running these lanes so long their stories blur together, but every altered manifest and "forgotten" detour passes through the same hidden junction in their routes. If Vector wanted to steer whole corridors without tripping alarms, he would ride inside habits like these, tucked behind petty graft and routine favors. Unpicking that pattern here is the only way to see which ships were nudged, and in what direction. So far I have a dust-choked dataslate on a backwater rock, an off-kilter beacon in high orbit, and Gagarin crews who swear they were saved by a course change none of them filed.
4998	614	1	MESG/DESC	The first anomaly in Gagarin looks like nothing at all, just a smear of handwriting on a dispatch wall where routes get adjusted to match whoever is shouting loudest that day. That is exactly why it matters; only here, in the noise and rust, can someone reroute traffic and lives without raising alarms, hiding intention behind bad lighting and overworked clerks. If the pattern that keeps circling back to one quiet hauler and a recovery specialist is real, it started in these corridors. So far all I have are a stray slate off the lanes and cargo tallies that never quite matched the ships that brought them in.
4745	615	1	MESG/DESC	When the cache ruptured, the noise on the scopes did not vanish, it collapsed inward, like a ripple running backwards through the void. This patch of orbit was a scar left by some old, bad jump, a place where drives kept bleeding tiny fragments of their routes into the dark. Vector had been using those fragments, shaping them, letting the past nudge ships toward her chosen corridor.  \n\nSo far I have followed a dead stash on a lonely rock, a gutted relay high above, and half-scrubbed reports in New Atlantis; now even the echoes up here are pointing the same way, into a gap the official charts will not name.
4610	616	1	MESG/DESC	The relay's shell hangs dead against the stars, but its silence is the point; whatever happened here stopped mid-motion, like someone yanked power in a panic and left the machinery steeped in whatever it had just heard. Only by sampling the noise imprint trapped in its systems can I tell where those interrupted signals were headed before everything went dark. Up to now, all I have is a scrap of corrupted navigation data from a nowhere rock and the knowledge that ships began vanishing along the same old war corridors soon after, suggesting someone started bending the lanes long before anyone thought to listen.
4747	616	1	MESG/DESC	In a quiet maintenance alcove of the tower, the schematic glows like a nervous system, power lines rerouted into a pattern that is not about efficiency but about pointing away from civilized space. Each junction mirrors those odd outages the technicians grumbled about in passing, forming a corridor of current that leads off the official charts.  \n\nOut on that nameless rock where the first data cache was found, the corrupted recorder in orbit, and the buried references in oversight files all hinted at the same hand; now the conduits themselves confirm that Vector has been building a path, not a random trail.
4995	622	1	MESG/DESC	Lines of altered routes bloom across the log, overlapping paths you have already walked in empty orbit and hollowed couriers, all bending toward the dust-haze that clings outside Cydonia.  \nEach corrected bearing, each trimmed safety margin, forms a spine of numbers that ends where the city's lights thin and traffic control grows lax.  \nWhatever doubts spacers whispered about phantom storms and lucky runs, the pattern here is too clean to ignore.  \nIt matches the first anonymous slate you found in the back end of nowhere, and the courier's dead records, all tracing the same careful hand turning chaos into cover.
4751	628	1	MESG/DESC	A single scuffed invoice, amended three times in different hands, should not matter, yet every altered digit bends the same way, pointing toward a forgotten lane where condemned hulls quietly change owners. Here, among the mispriced cargo and duplicate entries, you finally see the first deliberate kink in the chain, the moment a routine decommission became something else. So far the trail runs from that lonely rock and its careless clerk to whispered yard gossip and a mourning relative's recording, each piece suggesting someone used paperwork and neglect to smuggle one courier, and one shipbreaker, out of official sight.
4730	632	1	MESG/DESC	Cracked seals and forged transit marks on the crate turn random smuggling into a pattern; every rerouted shipment traces the same invisible arc through fringe space, always clearing inspection a little too easily. The signatures on those diversions match vessels that never quite appear on public ledgers, pointing toward a quiet corridor where escorts vanish and debts change hands without witness. The freighter IDs echo ones first flagged in that dead slate in the black and again in the crowded port schedules, each new link tightening the circle around the same unseen broker who moves credits and cargo like pieces on a board.
4718	633	1	MESG/DESC	The place is barely more than a landing pad and a windbreak, the kind of off-map stopwhere smugglers swap crates and no one bothers to sync clocks.  \nThat makes it perfect for testing hardware you do not want tied to any staryard; the firing solutions baked into this rig match the same skewed geometry you have been chasing in misjump telemetry and wreck spreads.  \nIf these numbers line up with the altered routes from that drifting freighter and the agent's half-finished notes, it means the accidents are not just bad navigation anymore, but someone tuning space itself into a weapon and selling the pattern to anyone who pays.
4821	636	1	MESG/DESC	The core ruptures in a flare of warped gravity and static, its song cut mid-note; for a heartbeat, every metal beam in the old barracks groans like it is remembering the war. When the distortion fades, buried emitters along the ceiling spit out a last burst of coordinates and timestamps, overwriting dead militia rosters with a single, pulsing route line. Followed back through the clues so far, that line matches the missing tug from the first slate, the altered scrap that surfaced near the farm, and the falsified deployment orders that pulled a Freestar unit off the board at just the right moment for a shipbreaker to work unseen.
4588	637	1	MESG/DESC	The decoded pattern is less a message and more a tide line: a chain of medical reroutes, emergency diversions, and unsanctioned evac paths all bending along the same quiet arc through this sector. Following it means stepping into the same invisible current that has been carrying altered patients, blacked-out transports, and one tireless medic from crisis to crisis.  \nTaken with the blank orders cached on that forgotten rock and the scrubbed logs from UC hardware adrift nearby, this signal stops feeling random and starts to look like a standing instruction no one ever cancelled, still guiding him toward some final waiting cohort.
4614	637	1	MESG/DESC	When the crate finally yields its data, it is not contraband schedules or weapons routing inside, but a ledger of course corrections: tiny nudges in grav-jump math that keep steering freighters and patrol ships along the same crooked corridor, many of them vanishing at the exact span where official beacons fall oddly silent. Cross-checking those entries against the stray scrap you pulled off that forgotten rock and the garbled log from the dead relay turns rumor into a contour on the starmap, showing how ships are being walked, step by subtle step, toward an unlisted convergence of wrecks hanging just beyond the last marked lane.
5008	638	1	MESG/DESC	The beacon's recording shows more than background static; buried in the calibration logs is a repeating shift in orbital paths, a tiny bend that only appears when one narrow corridor of space is under observation. It is the same deviation echoed in the misaligned storm beacons on that frontier moon, the same timing gap that cut warning audio in the abandoned relay, the same signature hiding inside the failed grav experiments in the empty lab. Together, those fragments now sketch a crude but undeniable trajectory, tracing where someone has been quietly redrawing the safe lanes and waiting just outside everyone else's field of view.
4964	641	1	MESG/DESC	Buried in the listening post's forgotten telemetry, a repeating correction sequence surfaces, threaded through years of routine scans like a whisper in static. Cross-referenced with the earlier courier logs and that first stray slate, it resolves into a pattern of jumps converging on the same off-chart sector. The log does not shout coordinates so much as lean toward them, showing where someone has been quietly teaching the network to look away. Taken with the smuggled firmware signatures and survivor testimonies, the trail now narrows from scattered rumors of ghost routes to a single, deliberate path leading out beyond mapped space.
4925	642	1	MESG/DESC	The only place that makes sense to start is where everyone pretends not to remember what they heard: the bar lights too bright, the music too loud, and captains numbing themselves with cheap drinks and quiet guilt. In that kind of noise, a strange timing in collision warnings or a reroute that arrived a heartbeat too early becomes just another story to laugh off, unless someone is listening for the same pattern over and over. So far I have a scrap of corrupted telemetry, a whispered name that keeps coming back to the same disgraced controller, and rumors that certain routes started bending years ago and never quite straightened again.
4652	646	1	MESG/DESC	The depot sits where the lanes thin and traffic records grow vague, a forgotten spur of broken loaders and sealed crates that no one bothers to reconcile against official logs. It is exactly the kind of quiet corner where someone who understands grav seams and dispatch timing would test a new vector, nudging routes a fraction off-course until haulers and wrecks alike began drifting toward the same empty coordinates. So far, everything I have pulled together points the same way: a stray slate from nowhere, nervous freight hands whispering about delayed responses, a settler's sky-watching sketches, and now a calculated bend in space itself.
4667	647	1	MESG/DESC	Someone in Gagarin Landing wired this manifold to do more than push waste; it quietly mirrors tug traffic and reroutes telemetry toward the same dead patch of stars that keeps surfacing in every rumor about him. Spliced signatures and familiar timing windows turn scrap yard gossip into a mapped return cycle, showing exactly how he slips in and out of that graveyard while everyone else sees only random drift. From the first forgotten dataslate on a backwater rock, through the carved patterns in a stripped Deimos lot and the buried traces in an old relay, every fragment has been pointing to the same hidden orbit he cannot quite leave behind.
4723	648	1	MESG/DESC	Inside the relay's dim cargo bay, scratched paint and forgotten crates blur together until one drum's routing code repeats the same skewed pattern you have been chasing across systems.  \nMapped out, those digits curl into a familiar spiral, pointing away from trade lanes toward the same dead region whispered about by salvagers and jump techs alike.  \nIt stitches your finds into a single thread: the lost slate from the backcountry wreck, the misjump logs pulled off that crippled freighter, and now a relay clerk's nervous directions all circling the work of one quiet navigation analyst who treats ship traffic like pieces on a distant board.
4675	651	1	MESG/DESC	The signal hidden in this orbit is not broadcasting a destination so much as a habit: a tiny angular nudge that repeats every time someone follows her off the sanctioned lanes, pushing ships along a curve too subtle for nervous captains to notice and too profitable for haulers to question. Its alignment matches the approach patterns buried in freight records on Jemison and the entry vectors of wrecks stripped clean near that forgotten scrapyard, all bending through the same stretch of dark. With this in hand, the chase shifts from rumor and wreckage to a single, shared trajectory that every missing ship seems to have traced before it vanished.
4835	654	1	MESG/DESC	The rooftop calculations match the orbital anomaly exactly; lines etched in Neon's haze now echo in the cold vacuum above, a repeating kink in space that no official chart admits exists. By tracing where those bent approach vectors finally converge, the hunt shifts from guessing his routes to following the single shared destination they all imply, somewhere far beyond regulated lanes.  \n\nThe scattered datapad in the hinterlands, the buried monitoring logs, and the rooftop drift patterns all describe the same quiet interference in navigation systems, a hidden hand turning routine jumps a few degrees off course toward an unseen point in the dark.
4590	656	1	MESG/DESC	The data shard hums faintly against the noise of leaking vents and distant club bass, its fractured coordinates snapping into place over a map of routes you have already walked without knowing. Last Cohort Vector is more than a heading; it is the pattern behind every triage bay and backroom clinic he has favored, pointing toward the one place where his control group could never be left alone.  \nWe traced him from a dead rock's anonymous slate, through gutted ships and scrubbed SysDef records, then down into this rusted maze where altered patients mutter the same phrases in different tongues, all unconsciously aligning toward the same hidden orbit.
4574	657	1	MESG/DESC	The log threads a thin line through the relay's routing tables, a smear of emergency-code residue that does not belong in a cargo hub, pointing toward a lane only a former rescue pilot would think to use. It names no ship outright, but the timestamps marry neatly to minor "accidents" and quiet claim payouts, sketching the outline of a hunter who chooses his disasters in advance. It is a fragile map, more absence than ink, but enough to say the ghost on the channels is not just rumor. So far all we really had were nudged guidance paths in an automated plant and scattered stories from haulers; now, for the first time, his hand shows up in the numbers.
4653	670	1	MESG/DESC	The depot sits at the dead end of a dozen forgotten freight spurs, exactly where someone would stash routing records that were never meant to survive an audit. Rusted loaders and sealed crates make good cover, and the only witnesses here are long-haul crews who learned not to ask why certain shipments changed hands off the books. If there is a thread tying erased queues to unlogged tows, it will be buried in whatever dispatch logs were quietly redirected out of official storage. Up to now, all I have are a stray slate from a nowhere rock and a handful of nervous stories about delayed responses that always seemed to favor the same shadow on the edge of the lanes.
4905	673	1	MESG/DESC	The wrecked platform's last transmission unspools into a thin, skeletal map, a pale trace of navigation data reaching far beyond any mining claim. Threaded between routine course updates is a single, deliberate correction, nudging condemned hulls away from commercial lanes and toward a quiet pocket of space that should not see that much traffic. Whoever altered those routes knew drive tolerances, patrol blind spots, and how to make a detour look like turbulence in the logs. Between the dead spacer's slate and the corrupted buoy I found earlier, every scrap of data now agrees on one thing: someone with a shipwright's eye is rewriting where broken ships go to vanish.
4885	686	1	MESG/DESC	The residue scraped from incoming hulls carries more than dust; it carries direction. Tiny shards of scorched alloy and frozen vapor show trajectories no honest freighter should ever fly, angling away from charted lanes toward the same dark corner of the system again and again. Mixed wrong transponder pings, misheard dock calls, a few lazy corrections in the traffic logs turned it into background noise until someone bothered to line the fragments up.  \nSo far I have a dead outpost with an orphaned dataslate, conflicting reports from a frontier stop, and now physical proof that ships serving the same invisible route keep returning with the same graveyard clinging to their skin.
4878	699	1	MESG/DESC	The first anomaly has to be chased at its source, before it gets rewritten or buried under newer traffic. Whatever nudged those jumps off true left only a faint distortion in the timings, a tiny echo in the noise that will not survive another round of routine maintenance or quiet sabotage. Reading that echo clean means catching it early, while there is still enough context to tell a deliberate hand from a faulty buoy. So far all I have is this the same crooked drift showing up across different convoys, captains in frontier bars swearing unseen course corrections saved them, and a nervous analyst on Jemison watching entire anomaly folders vanish as soon as someone higher up took an interest.
4589	700	1	MESG/DESC	The marker is buried in corrupted telemetry and ghosted comms, a single recurring instruction threading through different battles and different ships, all pointing along the same forgotten curve in local space. When you strip away falsified headers and dead transponders, the path it outlines matches the movements of evacuated patients, blacked-out medical transports, and that medic who never stopped following his first set of orders.  \nWe first picked up his scent from an unremarkable cache on a lonely world, then from a gutted hull broadcasting scrambled commands, and finally from a silent UC frame with its logs carved clean, every step tightening the loop around his invisible triage line.
4849	724	1	MESG/DESC	Down there, the scars in the dirt feel honest. Heat-burned gullies, blasted rock, twin corridors carved over the same poor frontier roofs again and again until the land itself remembers the pattern. If I follow those tracks, I stay with the settlers and the Rangers, closer to the people who bled for someone's test flight. Maybe I learn who Stormline will spare, not just who he is willing to lose.\n\nUp here, in that junk ring, the sky is rigged like a loaded table. Old buoys whispering new numbers, ships nudged into invisible lanes while a Crimson Fleet hull waits to cash in on whoever survives the drop. If I go there first, I follow the money and the killers who bought his math, not the ghosts it left in the dust.
5002	731	1	MESG/DESC	Among the Fundrunner's sealed racks, one ledger stands out, its transfers looping through Deimos long after the ship was declared dead and its accounts supposedly settled. The dates match missing haulers, reassigned escorts, and those quiet inspection runs no one wanted to sign their name to, all terminating in the same scrapyard corridor. It does not name who rode those routes, but it draws a narrow corridor of opportunity, one that required someone with GalBank clearance and mercenary muscle to keep it open. So far the trail is a mislaid slate off the lanes, bad cargo math in Gagarin's bays, and an illicit route sketch from Neon's underside that all point toward the same habit of hiding people inside financial cleanups.
4670	740	1	MESG/DESC	The array's readings align too neatly with the broken hulls rusting in this yard; every twisted frame here shares the same slight skew in its last recorded jumps, the same quiet push off the official lanes toward some deeper gravity well. Pulling those numbers together at this place, where wreckage and recalculated vectors overlap, turns scattered anomalies into a map that finally points somewhere instead of nowhere. Up to now all I have had are a discarded log on a forgotten rock, convoy manifests that blame phantom malfunctions, a defector's story about stolen Fleet tech, and an orbital sensor hub humming on a frequency no one logs, each hinting that someone has been laying down a second set of paths beneath the Settled Systems.
4631	743	1	MESG/DESC	The lattice spills across the Navy console like a spiderweb of sanctioned lies, jump vectors bent carefully around charted lanes to converge on the same blank patch of space every time. Only a warship of this size would be allowed to store an unauthorized route so close to patrol data without triggering audits, which is why whoever plotted it hid behind military encryption and kept their commentary to terse, bloodless notation. Cross-referenced with the stray slate from the backwater shack, the corrupted logs from that drifting hauler, and the pathing anomalies pulled off civilian manifests, the pattern is no longer rumor; it is a repeatable corridor leading away from every accident site and dead transmission you have touched so far.
4796	746	1	MESG/DESC	When the container breaches and the last trace of strange radiation flares against the bunker's old sensors, the system reacts like it has seen this pattern before, quietly flagging a destination it was never meant to reveal. In the afterglow, a buried routine awakens in the base's cracked consoles, spitting out archived handoff logs, medical transport requests, and encrypted route hashes all pointing to the same orbital facility that has been patching up grav-burned crews for decades. So far the trail runs from a nameless rock with a corrupted slate, to falsified cargo records aboard a wandering hauler, and now to a war-era bunker whose own alarms whisper the same name the healers in Deepala's shadow have been muttering off the record.
4662	751	1	MESG/DESC	The relay bunker still hums like it is waiting for orders that never came, walls sweating old condensate under dead status lights. Whatever was siphoned out of those wrecked hulls and stored here links the scrap fields to the patrol grid, a chemical fingerprint that should never have been in UC airspace at all. Matching that residue against atmospheric sweeps will show exactly which vector carried it in and out, and no patrol captain can hand wave away that kind of overlap as "sensor drift." So far the trail runs from a forgotten cache on a backwater rock, to a gutted Deimos yard, and now into this abandoned nerve node, each step tightening the circle around one pilot who keeps treating battlefields like they are still his personal worksite.
4666	751	1	MESG/DESC	In the noise of Gagarin Landing's traffic streams, the vector stands out like a bad weld someone tried to grind flat and forgot about. Crosschecked against yard shift changes and tug launch times, it reveals a repeating burn that always arcs toward the same patch of dead space, threaded neatly between SysDef patrol windows and corporate shipping lanes. It is not a smuggler's improvisation but a worker's route, laid in pieces by different hands and never meant to be read as one line. So far the chase has scraped a half erased log from a forgotten rock, shipbreaker markings in a gutted yard, buried sensor echoes in an old relay, and a hijacked service feed here in the slums all converging on the same unseen graveyard he still treats like home.
5015	757	1	MESG/DESC	Ebbside means people, and people mean mouths that slip when the drinks are strong and the credits are late. If I shake down the right freight clerk or warehouse runner, I might finally put faces and factions to the payments buying her storms. Of course, walking those alleys with her name on my lips risks stirring up everyone who thought they were just paying for "expedited deliveries," not rewriting their skies.\n\nThe orbital node is quieter, less blood and more numbers. If I pull the raw readings from that relic, I could see the full arc of her work in one sweep, every world her corrections keep bending toward. No bribes, no threats, just me, a data core, and whatever failsafes she left behind in an automated system nobody has watched for years.
4949	765	1	MESG/DESC	The old relay hangs in a graveyard of abandoned signals, its dishes frozen mid-gesture toward lanes no one charts anymore. If his routes were ever scrubbed from official records, this is where the echoes would have lodged, half-corrupted in buffer stacks and forgotten diagnostic logs. Out here there are no clerks to massage the numbers, no captains to rewrite after-action reports, just raw jump scars burned into hardware and left to rot. So far the hunt has turned up a nameless cache of navigation data on a forgotten rock and stories of a transport that "teleported wrong" near the frontier; whatever is hiding in this dead node will either tie those fragments together or prove that someone has been bending the map for far longer than anyone wants to admit.
4685	772	1	MESG/DESC	The data burst you pull from the drifting relay is small, almost an afterthought, but its routing tables tell a different story; every falsified storm report you have seen so far passes through the same chain of freighters and agricultural hubs before vanishing toward a narrow band of coordinates no one files on public charts. It is the first time her adjustments, corporate traffic, and off-the-books shipments all share a single path, and someone took care to list the endpoints only as anonymous grid references, trusting that the pattern itself would go unnoticed. From the prefab in the dust to the dead hunter's fractured log and the altered harvests in the frontier fields, every earlier fragment now reads like a rehearsal for whatever is waiting down that line.
4579	774	1	MESG/DESC	The last echoes of the detonation fade, but the traffic map does something no one on any bridge has seen for years: the ghost routes start to unravel. Emergency waypoints flicker, then drop, like someone finally cancelled a standing order no one remembered signing. With that core gone, the invisible hand nudging damaged ships and desperate crews along the same crooked arc has lost its grip.  \nLooking back over the trail, the pattern feels less like coincidence and more like choreography: a nameless cache on a dead world, a derelict patrol hull still obeying half-erased commands, a curated war story with one medic conveniently unaccounted for, all pointing to a system that was still quietly steering the wounded toward somebody who never stopped answering the call.
4795	786	1	MESG/DESC	When the beacon finally unspools its data across the forgotten base's old relays, the path it sketches through the stars no longer looks like random noise but a deliberate slipstream that keeps brushing the same empty coordinates. Whatever ship rode that pattern knew exactly where UC eyes could not follow, and the signal's return address repeats an orbital region that matches hushed talk of burned crews and misjump cases diverted to a single, overworked medical station. So far the trail runs from a corrupted slate on a nameless rock, to falsified manifests in a wandering hauler's hold, to half-erased war sims buried under dust each step hinting that someone has been testing routes at the edges of official charts, then checking the damage somewhere just out of UC jurisdiction.
4634	801	1	MESG/DESC	New Atlantis is the comfortable choice, which somehow makes it the most dangerous. If Vector poisoned the numbers at the source, the proof is buried under UC badges, Calyx lawyers, and people who would rather lose a few ships in the frontier than admit they missed a flaw in their own house. Digging there means prying up polished floor panels and forcing bureaucrats to look at what they signed off on.\n\nOut in that strange orbit, the stars do not quite sit where the charts say they should. The lane math bends, splits, then re-joins like it is holding its breath, and every spacer who talks about it lowers their voice as if the void might be listening. If Vector is mapping a fault line through the grav lattice, this crossroads is where his theory stops being rumor and starts becoming a route.
4999	808	1	MESG/DESC	The underbelly calls first. Neon's damp steel bones are threaded with gossip and off-the-books cartography, every backroom broker convinced they own a private map of who gets through and who disappears. Down there, routes are drawn in favors and fear, not ink. If someone has been steering debtors and haulers into Luc's orbit, the pattern will be etched into those whispered corridors long before it ever reached a ledger.\n\nDeimos is colder, quieter, and somehow more honest. Scrapyard light on dead hulls, manifests clinging to rust because no one bothered to scrub them. If there is proof that escorts and assets were "reassigned" long after the books said otherwise, it will be buried in those frozen paper trails, guarded by professionals who understand exactly what a single surviving stamp is worth.
4752	816	1	MESG/DESC	Neon's underbelly is closer, louder, and filthy with the kind of people Rivet used to drink beside. If anyone sold him a new skin for his ship, it is one of those grease-stained ghosts pretending they never heard his name. Down there I would be trading credits and threats in equal measure, following rumors through back rooms and maintenance shafts, trying not to end up as just another unlogged body under the grating.\n\nThe beacon in orbit is cleaner work, at least on the surface. Just me, vacuum, and a string of forgotten traffic updates that might finally sketch his escape vector in hard numbers instead of bar talk. If those timestamps and altered paths line up with what I already pulled from the yard records and that memorial recording, I will know exactly which way he broke from the lanes when he ran.
4622	821	1	MESG/DESC	The drift lane where this crate hangs is a blind spot, a thin seam between traffic corridors where automated systems shrug and call missing data a rounding error. That is exactly where a pilot like Vector would let his tracks smear, trusting that conflicting manifests and lazy clerks would hide the shape of his jumps. Whatever is logged against this cargo will show which routes were shaved, which ships appeared where no registered path should have taken them, and which direction he is bending reality next. So far the picture is still half-formed: a half-corrupted slate on a forgotten rock, beacon returns that do not match filed courses, and a Trade Authority hull with waste cycles that belong to a different journey entirely, all nudging the needle toward one name and the unnatural lines he draws through space.
4626	828	1	MESG/DESC	The registry is a scavenger's ledger with its teeth pulled, nothing but serials and decommission dates at first glance, but cross-matched hull IDs and transfer notes show a different story: the same drives, the same controllers, vanishing from official scrapping and reappearing off-books near the same quiet stretch of deep space. Only a ship this forgotten, drifting between ports with no one to vouch for its last cargo, could carry a clean copy of the list before the numbers were massaged for auditors and gossip twisted the details into campfire warnings. So far the trail has been a chain of almosts: an anonymous report from a nowhere outpost, a monitoring shack's glitching readings, a freighter whose jump history did not line up with its manifests, a Neon mechanic hinting at "recycled" parts that never hit the yard.
4737	839	1	MESG/DESC	Buried in the maintenance queue for Neon's lower grid, one tiny block of time repeats with impossible regularity, always tied to the same power sectors and always logged under a rotating list of borrowed credentials. The slot lines up perfectly with drift anomalies flagged by the beacons in this stretch of orbit, suggesting someone has been timing their Grav work planetside to match specific windows in the lanes above. If those schedules are being bent around a single pilot's habits, then the pattern here will tell where he likes to jump from, and when. So far the trail has been a scatter of half-truths and omissions: a misfiled crate tumbling between routes, beacon returns that do not match their courses, and hushed talk in Neon's depths about coils that keep going dark on nights when the same nameless ship slips off the grid.
4907	843	1	MESG/DESC	Neon's lower decks are a maze built out of denial and side money. If she is bending patrol nets, the proof is in the hands of dock rats and bookkeepers who know better than to talk loud. Down there I would be trading credits and threats in equal measure, wading through forged manifests and half-truths, hoping someone values survival over silence. It is the softer play, if anything about this chase can still be called soft.\n\nThe tower is different. Clean lines, bad conscience. If I hit that, I am going straight at the people who signed off on this nightmare, not just the ones moving crates. Fractured Phalanx on guard means hardened veterans who already chose a side once and will not hesitate to choose it again. The risk is higher, but so is the chance of ripping out the root instead of just trimming the branches she flies through.
4807	845	1	MESG/DESC	The first solid threads are knotted up around the Drift-Lane Manifests, and every spacer in Gagarin Landing seems to have a different version of how they vanished, which makes them too important to ignore. On paper they are just cargo and route records, but if someone has been bending safe corridors into killing grounds, the earliest fingerprints will be hiding in those entries, half-lost under corrections and redactions. Until I see how the stories match or fail against the numbers, everything else is just superstition in the bar air. So far all I have are repeated mentions of identical routes flown by ships that should never have shared a path, a handful of captains swearing they felt "pulled" toward the same patch of space, and a lingering rumor about an ex-convoy navigator who always seems to know which way the odds are drifting.
4704	848	1	MESG/DESC	The manifest is little more than a smuggler's shopping list at first glance, tucked in with routine cargo notes and refuel records that span half the frontier, but the same corridors of mist and storms keep reappearing beside certain hull IDs and departure windows. Somewhere along the line, captains started timing their runs to manufactured weather, then telling dispatch it was just luck and good instincts. Seeing those entries laid out together turns rumor into a map; it proves someone has been selling quiet pathways through fog and cover, and that the same few outposts and stations keep sitting on the edges of those unnatural clouds. So far everything points back to a single hand on the pressure lines: a dead hunter's broken report, crops that grew through drought, and a corporate annex full of climate logs that never matched the sky.
4838	848	1	MESG/DESC	The relay bunker is the clean choice, if there is such a thing. Concrete, rust, UC stonewalling; I know how that game plays. If those scan logs left any shadow behind, it will be in the gaps between what the grid admits and what actually crossed its airspace. Digging through half-dead consoles is slow work, but it might put a clear transponder on Rivet and names to the people who helped hide him.\n\nThe harvesting platform is something else. An old ore rig in an asteroid field is where you go when you want ghosts instead of answers. If there is a signal riding that telemetry, it is not just one man steering wrecks, it is a whole corridor being rewritten in the dark. That feels closer to whatever has been eating ships, but out there it will not just be rocks trying to kill me. Anyone who knows about that field is already lying by reflex.
4852	848	1	MESG/DESC	That relay husk sits right where the map starts to lie, a kink nobody claims but everyone routes around. Cipher Blackfire on the ground means contracts, blind loyalty, and someone with enough money to hire professionals to stand on a corpse of a story. If I crack their filters, I see who approved every nudge, who signed off on turning traffic into targets. High risk, close-quarters, and the chance to put real names on all this drifting wreckage.  \n\nThe beacon is different. No guards, just distance and that thin, insistent song pushing ships sideways. If I tap it clean, I get a direction, not a dossier; I see where she is leaning the entire sky before the next correction locks in and becomes "standard practice." Quieter work, lonelier, but it might be the only way to follow her into whatever off-chart horizon she thinks belongs to her.
4623	855	1	MESG/DESC	Neon's undergut is familiar rot. Bad lights, worse air, and enough Aurora in circulation that people forget what they signed or scrubbed. If I go back there, I am wading through rumor, half-truths, and clerks whose memories are for sale. The risk is getting buried under someone else's lie, but if those misfiled orders and half-finished recalls line up, they might finally sketch the outline of who started bending routes in the first place.\n\nDeimos is different. Scrapyard dust does not care what story you tell about a ship, the metal keeps its own. The Hellbound Dustwalkers are a problem, but at least their greed is honest; they will trade truth if the price is right. If that registry really has the unedited list of where those drives went after they were "scrapped," then it is the first clean spine I can run through all these quiet disasters.
4901	861	1	MESG/DESC	The tower is the safer angle, at least on paper. Doors, corridors, hired guns that bleed like anyone else. If I peel back enough of those sealed records, I might finally see who paid for the first trial, who signed off when the numbers started looking wrong, and how a frontier backwater, a broken satellite, and a gutted courier all ended up on the same invisible ledger.\n\nThe beacon is pure Vector. No walls, no cover, just open sky and a sliver of metal humming between grav wells, its pulse bent into a code meant for her and no one else. If I crack that rhythm, I get her routes straight from the source, the timings she trusts with her own life. It is a narrower shot, higher risk, but it points past every proxy and middleman, toward the corridor she has been using to slip just beyond the reach of every faction still pretending they can control this.
4617	877	1	MESG/DESC	The barracks route is mud and ghosts. Old drill yards, Wayward Taskforce leaning on rifles and old habits, everyone pretending the scorch marks are just weathering. If there is a paper trail to the patterns, it is probably buried under redacted rosters and casualty drills no one logged aloud. Risk is close-quarters, people who know exactly how I think and move, but the payoff is hard proof: names, orders, something I can point to when the war stories start changing again.\n\nThe asteroid field is colder, cleaner in a way. Just rock, metal, and a listening device tuned to the echoes of every ship yanked a few degrees off-course. No veterans to stare holes through me, only whoever thinks this thing is worth ambushing over. The risk there is subtle: whatever I pull from those grav-wakes will not just confirm a pattern, it will show where all those lines converge next.
4980	881	1	MESG/DESC	The bunker planetside is slow, stale, and stubborn, like the concrete it is buried under. If I go back there, I am digging through old ghosts and older protocols, chasing anomalies that were never meant to see daylight again. The risk is more about who owned those records than what is guarding them now; step on the wrong file, and UC brass will notice someone is re-opening a story they worked hard to bury.\n\nHigh orbit is cleaner, colder, and sharper. The recon grid will not lie, not the way people do when paychecks and pensions are on the line. Out there, it is just vectors and timing, a map of where a certain rigger threaded the needle through restricted sky and which friendly transponders mysteriously went blind as he passed. The danger is physical instead of political; if anyone else is watching those buoys, they will not appreciate me reading over their shoulder.
4600	883	1	MESG/DESC	That derelict plant down on the rock is the practical choice. Old Fleet math, stolen hardware, rust and dust between me and whatever she took from her own. If I dig it out, I get the before-and-after: where the routes used to run, and the exact moment she started bending them wrong. Less exposure, more time on the ground, more chance to walk out with something I can sell twice if I feel like getting clever.\n\nThat thin strip of orbit is the romantic choice, if you can call it that. No cover out there, just my hull, a twitchy sensor hub, and whoever has been watching the lanes like they belong to them. If I go, I am staring straight at the after: the pattern as it exists now, the invisible hand still pushing ships where they should not go. Higher risk, cleaner answers, and if I am right, I will be close enough to feel whoever built this second map breathing down my neck.
4857	888	1	MESG/DESC	The Freestar command trailer is mud, metal, and people who have seen too much go wrong without anyone listening. If I go back there and lean on that deputy, I might finally see whose names are written between his patrol notes, which routes were flagged before someone higher up ordered him to look away. That path smells like politics and buried reports, the kind of truth that gets you locked in a room with a non-disclosure and a smile.\n\nOut in far orbit, the relay and that tired hauler are just ghosts hanging over a quiet world. No briefings, no committees, just raw signal where someone has been carving new lines into the sky. If I chase that lead, I put myself between whoever is buying these lies and the man selling them, with nothing between us but cold vacuum and whatever defenses he thinks are enough. One path walks into offices; the other walks straight into his shadow.
4672	890	1	MESG/DESC	New Atlantis means walking into the beating heart of traffic control and pretending I am just another hauler with time to kill. Manifests, docking logs, customs scans, the whispered side deals in freight offices where clerks know exactly which shortcuts exist and pretend they do not. If there is a paper trail to her corridors, it will be under bright lights and uniformed indifference, buried in arguments over fuel surcharges and who owes who a favor. Safe, on the surface. Loud. Crowded. Easy to disappear in, or be disappeared from.\n\nThe relay in deep orbit is the opposite; no witnesses but whatever sits on that junk hauler's guns and whatever traps she left wired into the beacon's shell. Out there I would be reading her work directly, stripped of official excuses, watching the numbers curve toward whatever she is circling. Quieter, riskier, closer to the bones of the pattern.
4709	896	1	MESG/DESC	Gagarin Landing is the quiet kind of crooked, the kind that lives in ink and routine. If Vector has friends, they will be the clerks who learned which hulls to wave through and which anomalies to file as "resolved" without looking up. Digging there means talking to people who survive by not remembering too much and prying at patterns buried under years of freight and favors. Safer on paper, maybe, but it puts me in the same room as anyone who profited from looking the other way.\n\nThe recon grid in orbit is a different problem. No bribes, no shrugs, just hard numbers and a lot of cold space between me and whoever does not want those numbers read. If his signature is split across those sensors, it will tell me exactly how he is carving his own lanes and where they bend away from the public corridors. High risk, and if a navy handler notices me snooping, I become the anomaly to erase.
4640	902	1	MESG/DESC	If I stay in the tunnels, I am chasing voices and paper. The Well stinks of recycled air and rumor, but buried under the gossip and changed stories there is a hard record of what she pushed where and when. Going back into those cramped offices and kiosk backrooms means dealing with people who owe her, fear her, or both but if I want to know who vanished into her promises, their names are written down there somewhere, however deep she tried to bury them.  \n\nIf I go up instead, into that quiet ring of forgotten hardware above the planet, I am chasing the way she bent the sky. No crowds, just old firmware and course corrections that never quite matched their declared targets. If she hid the true map anywhere, it will be in those half ignored survey returns, the ones that kept nudging traffic toward the same blank patch of nothing every time some desperate settler bought hope off the record.
4808	902	1	MESG/DESC	Neon's underbelly is the subtle play. Sit in the smoke, listen more than I talk, let the nav-sellers and data leeches think I am just another spacer chasing a miracle shortcut. If there is a ledger of bent odds and buried corridors, it will be down there, half-encrypted and half-bragged about over cheap liquor. Low profile, high noise, and the kind of place a former convoy navigator could hide behind a hundred other crooks doing the same thing worse.\n\nThe broken command post is the loud option. Burned bulkheads, dead raiders, and a half-finished plan drawn from the same three-forked paths I have been chasing since Gagarin. Going back there means walking straight into someone else's failure, trusting their math and hoping I spot the mistake that got them killed before it repeats. If there is a pattern Vector did not see coming, it is probably scribbled in the margins of those firing arcs.
4989	909	1	MESG/DESC	That listening post under the rock still bothers me. Old UC hardware, old protocols, still dutifully recording crossings no one is supposed to make. If I go back down there and dig deeper, I am walking straight into the shadow of classified operations, the kind that erase people for knowing too much. But that file proved she once moved with cover, and if I can untangle who signed off on that, I might learn who is still protecting her.\n\nThe beacon in the asteroid field is different. No flags, no insignia, just raw signals bouncing between frontier air recyclers and an empty point in space. It feels closer to her true work: colonies as lab rats, telemetry as scripture. Following that thread means committing to the idea that she is running her own network now, beyond UC and Freestar, and somewhere out there the endpoint of all these whispers is waiting for someone stubborn enough to trace them in.
4583	911	1	MESG/DESC	The schematic is wrong in all the same ways the patrol logs were: tiny offsets, repeated notations, a cluster of emergency waypoints quietly dragged along a single, invisible line through space. Buried in the array's calibration data is a repeating coordinate that does not belong to any regular route, yet every diverted triage run you have traced passes within a hair of it. Whoever set this up did not need orders or announcements; they just bent the infrastructure until wounded crews, lost couriers, and one loyal medic all slid toward the same point without ever seeing the hand on the scale.  \nBetween the anonymous cache, the derelict ship still obeying half-erased commands, and the curated war exhibit that admitted one survivor too many, this misaligned network finally shows the pattern: not random sightings of a roaming surgeon, but a long, slow convergence toward a single, unmarked destination.
4969	913	1	MESG/DESC	Neon's underbelly has its own weather: rust, ozone, and the stink of coolant bleeding from mech carcasses no one logged in any registry. If Vector's been ghost-writing guidance logic into scrap and "good-enough" refits, the proof will be in those patched cores, in the way back-alley techs all swear they saw someone fix a ship that was never officially broken. It is closer to the ground, closer to rumor, but also closer to the people whose lives his math keeps nudging.\n\nThe diagnostics wing is cleaner, on paper. Old UC-grade tools, smugglers with ledgers instead of stories, Voltage Hackers selling firmware that somehow matches the same fractional course shifts I have been seeing since that first outpost log. If I can map how their contraband patches spread through Gagarin's manifests, I might finally see the full pattern of lanes he has already bent and the direction his map is still trying to draw.
4699	917	1	MESG/DESC	If I go back under the city, I am going into his old hunting ground, the place where routine approvals turned into quiet death sentences. Those consoles will not give anything up easily; whatever clerk started pulling on the thread vanished mid-pull, and there is a reason for that. Still, if I want to see the pattern the way he once did, I need to sit where he sat and stare into the same river of numbers until shapes start to emerge.\n\nThe salvage pit is cruder, but honest in its own way. Steel, grease, a nervous dealer who just wants to keep their teeth. If he dumped a datapack there, he expected it to vanish into a tide of broken hardware and desperate hands. That makes it the perfect place to find what he thought was safely destroyed. Follow the shards of his routes through that junkyard, and I might finally see where all these dead colonies, bad beacons, and buried reports have really been pointing.
4565	919	1	MESG/DESC	The display's holo-panels flicker between heroics and horror, never quite settling on which story they are trying to tell. Tucked beside the sanitized after-action reports is a single cross-referenced citation that should not exist at all, pointing to a restricted patient list and an unacknowledged transfer out of a battlefield that, officially, claimed every soul present. On its own it is just a cataloging error in a floating museum built to make two decades of blood look like necessary history, but against everything else you have seen it becomes something sharper: proof that one medic walked away with his record deliberately bent out of sight.  \nTaken together with the forgotten slate on that backwater rock and the derelict patrol ship still following half-erased orders, this curated footnote finally ties the massacre, the missing triage data, and the roaming surgeon into a single, deliberate omission.
4727	921	1	MESG/DESC	The spaceport lead is cleaner work, at least on the surface. Sit in the noise, blend with pilots nursing cheap coffee and delayed clearances, peel back the pattern one docking code at a time. If the numbers line up the way I think they will, I could carve straight into the heart of his leverage without ever drawing a gun, just by pulling the right record at the right moment and watching who starts to panic.\n\nThe depot is different. Quiet. Fewer eyes, more rifles. Breakaway Strike Group does not babysit scrap for free, which means whatever crate they are sitting on is tied directly to his favorite routes and the people he pays in blood instead of credits. Following that thread means stepping into a yard full of ex-soldiers with frayed loyalties and long memories, where one wrong question could turn an investigation into a firefight. The payoff there feels sharper, closer to his throat, but so does the risk.
4958	921	1	MESG/DESC	Neon's underbelly is the loudest quiet place I have ever walked. Every storm-crackle through the Span, every flicker of route data on a backroom slate, feels like her handwriting blurred by too many dirty fingers. If I stay down there, I am swimming in rumor and profit margins, trying to pry the truth from captains who like living and brokers who like credits more. The upside is leverage: tug the right ledger, and half the system's smugglers scream at once.\n\nThe deserted relay pulls the other way. Cold metal, dead dishes, a handful of Scrappers who think they own the dark between signals. No noise here, just raw edits, packet scars where official charts were cut and resewn. If I crack that hinge, I see who has really been feeding her the sky and which lanes she is grooming for the next "accident." One path digs into people, the other into the spine of the network; either way, her shadow is getting sharper.
4827	925	1	MESG/DESC	The bunker lead is the quieter path. Old hardware, old lies, and a deserter who panicked enough to run but not enough to wipe everything. If those scans really caught her crossing restricted air, they are the closest thing to a clean timestamp I am going to get. Paper trails are ugly but hard to argue with once they are in the light. Following that thread means leaning on UC ghosts and hoping the gap in their story finally lines up with mine.\n\nOrbit is the louder option. That cluttered lane, the bored-looking Starblade pretending it has nowhere better to be  it all screams live operation, not leftover debris. If I can peel the cache out from under that escort, I get to see how she plugs a hidden station straight into the spine of the traffic grid. Riskier, a lot more guns between me and the data, but it is the kind of proof you feel through the hull plating when drives start shifting under someone else's hand.
4655	926	1	MESG/DESC	The shadows under Neon feel like a confession waiting to be coerced. Power bleeding through cracked conduits, grid runoff carving secret routes for people who live off what everyone else has forgotten. If I go down there, I am wading into gossip and grudges: salvagers who owe her, brokers who fear her, Trade Authority clerks paid to look away. High chance of lies, higher chance of stumbling onto the ledger she keeps in her head, written in the language of outages and missing hulls.\n\nThe beacon in orbit is colder, cleaner, more her speed. Nobody to lean on, just signal and math and the faint tug of an artificial corridor wrapped around a dead grav seam. Track that pulse, strip away the noise, and I might finally see her routes the way she does: as a network of tiny compromises, each reroute and erased queue line bending spacetime toward one inevitable, very personal piece of wreckage she can never stop circling.
4822	933	1	MESG/DESC	Gagarin Landing would mean crawling through the guts of the system itself. Talking to engineers who have forgotten which override was meant to be temporary and which became gospel, digging through tugyard software that has been patched and repatched until nobody remembers what normal looks like. If she baked her tricks into routine maintenance, her trail will be in the calibrations and error margins, not the cargo. Quiet work, technical, but it is where the pattern started to go wrong.\n\nThe depot is the other side of the same trick: not code, but consequences. Forgotten containers, mismatched manifests, guards paid to look bored and never ask why some crates never move. Grid Warbrand being here means someone with money wants those mistakes to stay buried. If I pull on this thread, I am not just chasing a tug's signature; I am putting my nose into whoever has been profiting from every "acceptable loss" along her route.
4678	936	1	MESG/DESC	Ryujin's tower is the clean cut. Climate control, polished glass, and spreadsheets sharp enough to bleed. If I break into their quiet back-end and pull the right projections, I might see the whole skeleton of his work at once, how corporate appetites and his private triage have braided together. High risk politically, low risk tactically; suits and security cams instead of gunships. If I want proof that this madness has boardroom signatures, this is where it lives.\n\nThat ship is the opposite: no lawyers, just vacuum and metal and whatever guns a nervous captain can afford. The drift pattern matches the diverted traffic like a seam between crimes, a moving hinge he uses to twist routes off their charts. Take that hull apart in orbit and I get something raw, pre-sanitized by any corporate hand. Of the two, it is more likely to shoot first and talk never, but the stories keep pointing to it the way all the dead colonies do.
4719	936	1	MESG/DESC	Gagarin Landing is noise and metal and too many eyes pretending not to see each other. The brokers down in the shadow of the Arc Might girders all swear they do not know who keeps rewriting cargo routes, but they all describe the same habits, the same quiet voice that only talks numbers. Digging through those forgotten drums and half-buried manifests might finally tie a name to the pattern, but corporate security and desperate salvagers will not like anyone turning over their trash.\n\nThe rock field is different. Out there it is just my hull, the dark, and a signal that should have been switched off years ago. Whatever Vector built into that bend in space, he has been leaning on it for a long time, letting it tug ships off true without anyone noticing. Tapping that signal means fighting off anyone who has learned to hunt its victims, but if I can pull its logs and timing, I might finally see where his routes all converge.
4580	938	1	MESG/DESC	The Clinic means people, politics, and a dozen ways this could vanish into committee. If I dig there, I will be peeling back plaques and polite lies, trying to pry a raw truth out from between UC shame and Freestar pride. Risk is subtle: locked archives, quiet pressure, doors that never open again. But if I can find the unedited record of that garrison, I might finally see exactly what was done to him, and maybe who signed off on turning a medic into a weapon.\n\nThe orbit is different. No diplomats, no white coats, just cold metal and whatever is still humming beneath the wreckage. If the infrastructure itself has been bent to keep rerouting the wounded toward a single point, that is where his path is being written in real time. Follow the curve, and I am not sifting history; I am stepping into the same invisible current that has been steering transports, patrols, and him. It feels cleaner, somehow, and much more dangerous.
5021	944	1	MESG/DESC	Neon's underbelly is a tangle of bad wiring and worse intentions, exactly the sort of place she would ghost through while the city looks the other way. If I can peel her signal out of the stolen current down there, I might hear what she is planning next, not just where she has been. Of course, everyone who lives off that grid will fight to keep their shadows intact, and walking under the Span with my name on her file feels like asking to be buried in concrete and rainwater.\n\nThe orbital relay is colder, cleaner, all sharp lines and dead metal. If she dumped navigation work in a hurry, it will be up there, stitched into weather telemetry nobody bothers to guard. One quiet sweep and I could see every path she has flown, how the storms, the old labs, and the fuel rigs all intersect. Trouble is, anything sitting in open vacuum this long attracts scavengers and hired guns, the kind who shoot first at anyone nosing around the numbers.
4628	959	1	MESG/DESC	Neon's underbelly feels like home and warning in equal measure. Grease, ozone, and too many people pretending not to see each other. If I go back down there, I am trading armor and vacuum for whispers and side-eyes, buying drinks for mechanics who only talk in half-sentences. The payoff is leverage: drive logs, rumors about captains who vanished along the same invisible route, maybe even someone who remembers exactly when a certain calibration tech stopped showing her face and started sending instructions by proxy.\n\nOrbit is cleaner, colder. That beacon and the AR-1006 Warshade smell like the Navy trying very hard not to officially know something. Tackling that lead means hard numbers instead of bar stories, but it also means crossing a line the brass will never admit exists. If I crack their stored vectors, I might finally see the whole pattern at once: civilian wrecks, erased recalls, and one ghost engineer threaded right through the middle.
4770	959	1	MESG/DESC	The lower levels of New Atlantis feel like his first language. Pumps thrum, people squeeze past each other without looking up, and all the real work happens off any official schedule. If I chase him there, I am walking into the habits that made him, into corridors where a delayed shift change or a locked bulkhead could matter more than any gun I bring. The pay-off is intimate: names, faces, maybe someone who knew him before he started selling empty space for blood.\n\nOrbit is different. Cold, stripped of excuses, every altered course is just math against the dark. If I follow the geometry above that nameless world, I am betting he left one clean record somewhere, a place where his rescues and his traps finally pull apart. Up there I risk Ecliptic, pirates, and whatever "nobody" has been erasing his footprints from MAST logs, but if I am right, the pattern will stop being rumor and start pointing to where he has to stand to keep it all spinning.
4733	964	1	MESG/DESC	The relay in the dark between worlds is a wound in the freight network, and the broker sitting in it is the infection. If I lean on him, strip his numbers down to bare timestamps and hull IDs, I might finally see exactly who is paying to move these sealed tanks and where they jump next. It is a dirty play, close-quarters and personal, but every liar I break at that relay narrows the field of people who can afford Catalyst's little experiments.\n\nThe empty orbital lane is cleaner, colder. Out there it is just me, the RD-1964 Scrapviper, and whatever raw vectors it is sitting on. Cut that ship open and I get math, not stories: tanker headings, burn signatures, the precise moment they slip off the public boards. It is higher risk in the short term, Spacers do not scare easy, but the payoff is a direct line to whatever off-grid cistern she is feeding. One path squeezes a human weak link; the other gambles everything on hard data and a gun run in vacuum.
4792	967	1	MESG/DESC	The Clinic is the safer play, at least on paper. Clean corridors, regulated air, people paid to pretend none of this is strange as long as the paperwork balances. If his experiments ever brushed living tissue, there will be traces here buried as anonymized scans and misfiled case notes, each one another step in turning a stopgap into standard procedure. Picking this route means talking to professionals who know more than they are allowed to say, and hoping my charm lasts longer than their patience.\n\nThe rig in high orbit is the opposite: no rules, no oversight, just an aging platform and the Riftclaw parked on top of it like a warning. If he really does speak through dead hardware, that beacon is probably one of his favorite throats to borrow. Chasing this thread means trusting gossip and gunplay more than signed records, but the payoff could be a live signal a direct line to where his ghosts actually jump from, instead of the scars they leave behind.
4926	976	1	MESG/DESC	Cydonia first means walking into polished stone and recycled air, where the lies wear clean boots and keep their voices level. That functionary with the hidden storage is probably just one of many, but crack their cache and I might finally see how deep the redactions go, who signed off on near-misses and called them acceptable. Less gunfire, more locked doors and careful threats, but if I want names and dates that will stick, this is where they are hiding.\n\nOrbit is the other choice, where the hauler drifts like a bad habit nobody reports. If I shadow that Crimson hull, board it or crack its buffers, I get to see how her bent lanes turn into profit and blood, and which captains pay for the privilege. Risk is higher out there, no bureaucracy to hide behind, just guns and vacuum and the chance the Fleet decides I know too much. But if I want proof she is feeding pirates the same patterns I saw in those old logs, that ship is already moving to the rhythm she set.
4591	979	1	MESG/DESC	The shack is the safer play, if anything about this mess can be called that. Sit in the dim light, let some nervous broker sweat while I peel his cache apart, see which fragments line up with the telemetry I already stole. If he has a clean clip of her voice riding those strange jumps, I might finally separate superstition from math. The risk is human here everyone wants to own the story, twist it, sell it twice, and I could walk out with nothing but another layer of lies.\n\nThe beacon in the rocks is different. No witnesses, no spin, just raw signal tangled in an old weapons graveyard, exactly the kind of place she would use as a hinge for something ugly. Following that line pins me closer to the truth and to whoever signed off on using ranges as scaffolding for new lanes. But it also means trusting her geometry enough to fly into the scars she favors, and once I commit to that version of the story, there is no pretending this is just about a rogue pilot anymore.
4645	981	1	MESG/DESC	If I go back down into the queues, I am walking into the place that shaped her and broke her in the same breath. Faces, not freight, are the currency there. Every name on a slate is a memory of who she helped, who she condemned, and the samples pulled from that mess might finally show me how she stitched all those "exceptions" into a single route. It will be cramped, political, full of people who owe her more than they will ever owe me but if I want motive instead of rumor, that is where it lives.  \n\nThe relay on the moon is colder, simpler. Numbers and vectors, no eyes watching, just cargo streams she bent to feed some canyon no one admits exists. Cracking those ledgers means tangling with smugglers and a Trade Authority parasite who has been skimming her shadow work, but it also means hard proof ships, tags, tonnage, all pointing one way. Down there I might learn why she did it; out here, I might finally see exactly where everything she touched was meant to land.
4715	996	1	MESG/DESC	Gagarin Landing is risky in the loud way. Scaffolds, unions, offworld management pretending the numbers balance while they test whatever they can bolt to a bulkhead. If Vector let someone build from his math, this is where it would sit humming in plain sight, buried behind "efficiency trials" and fake serials. I could shake down riggers, skim diagnostics, maybe even rip the guts out of a prototype, but once I start asking questions here, the people protecting their paychecks will notice fast.\n\nThe research module is risky in the quiet way. No traffic, no oversight, just dead consoles and one person's obsession with a pattern nobody else wanted to see. If the watcher who worked there ever pinned Vector down to something more than a rumor, it will be in those spliced logs and forked route comparisons. Walking that corridor means trusting a ghost's instincts over my own, chasing the exact moment coincidences stopped feeling random and became someone's deliberate curve through space.
4831	997	1	MESG/DESC	Neon's rooftops are a bad place to think straight. Every arc of lightning through the Grid, every forgotten landing ping nudging ships the same way, feels like standing inside his skull while it dreams. If I follow that line, I am betting that the city's old habits and his new edits are now the same thing, that the pulse over Volii is the heartbeat of his favorite escape route. It is risk wrapped in noise and corporate shadows, but if he is still tuning the sky anywhere, it will be here.  \n\nThe listening post is the opposite kind of dangerous. No crowds, no glow, just vacuum-thin air and rows of redacted reports where careers came to die. Whatever ledger they kept off the record linked his tampered departures to official silence, and that makes it one of the last honest mirrors left. If I dig there, I am reaching for names, ships, and coordinates the bureaus decided not to remember, the kind of proof that turns a ghost story into something the UC and Freestar can no longer ignore.
4939	1000	1	MESG/DESC	Ryujin's tower is the loud path. Bright lights, security badges, and executives who pretend they do not recognize the name on my lips. If I dig there, I am cutting into live flesh corporate shipping, black clinic runs, grav spikes smoothed out of the ledgers by very expensive hands. High risk, higher leverage. If I can pry loose the routes they are hiding, I will not just know where he went next, I will know who paid to look the other way. That kind of knowledge spends well, if it does not get me spaced first.\n\nThe relay bunker is the quiet path. Dust, dead terminals, and one forgotten grid still whispering to itself. No polished lies there, just raw patrol data and a string of anomalies that look more and more like a single pilot threading the same forbidden band of sky. Less noise, more time alone with whatever those readings really mean. If there is a pattern he did not intend anyone to see, it will be entombed in those racks, waiting for the first fool stubborn enough to wake it.
4866	1002	1	MESG/DESC	The cavern lead is dirt under the fingernails, close-range and personal. Smugglers, nervous quartermasters, favors logged in grease and half-truths. If I push there, I am leaning into the human side of her web: the people she pays, the captains who owe her their hides, the off-the-books haulers who know exactly which wrecks she is bleeding. Messy and loud, but names, faces, and grudges have a way of slipping when someone with a gun is listening.  \n\nThe orbital lead is colder, cleaner, more like her. That listening post in deep shadow is where the math lives: unmarked relays, bent shipping lanes, a diagram of every graveyard she has been secretly stitching together. If I take that route, I am chasing her mind instead of her clients, pulling on the thread that ties the gas giant, the derelicts, and that hidden barge into one shape. Fewer witnesses, more risk, but if I want to see the whole design instead of just the blood it spills, that is where the sky itself is starting to look wrong.
4566	1007	1	MESG/DESC	The station is the clean choice on paper. Bright halls, respectable badges, the illusion that if I just pull the right file, everything will line up into something resembling the truth. Dig there and I am tangling with administrators, researchers, and boardroom ghosts who turned her improvisations into product lines. It is the path where ink and signatures matter, where Catalyst is either a scapegoat or an uncredited architect of half their breakthroughs.\n\nThe listening post is the dirty choice, all dust and dead channels and the Renegade Guard cutting out whatever does not fit their version of events. Going there means stepping into the crosshairs of people who know exactly how command erases problems, because they used to be the eraser. If I want the story that never made it into any archive the names, the coordinates, the casualties that did not officially exist I will have to walk through a nest of ex-soldiers who already decided the truth is more dangerous than any chem she ever mixed.
5026	1007	1	MESG/DESC	The lab trail is tempting. Quiet corridors, dormant diagnostics, all the ghosts of "official" science humming just loud enough to mask what he slipped in underneath. If I dig through those dead displays, I might finally see his work in its raw form, before pirates, corporates, and UC cut-outs started passing it around as campfire myth. Cleaner data, less incoming fire. More time to think about whether he is seeing monsters in the static, or whether everyone else is just pretending not to hear them.\n\nThe cache in the busy lane is different. That is where theory turns into wreckage and near-misses, where his numbers actually shove metal and lives off their plotted courses. Cracking open something he trusted enough to leave under constant traffic will show exactly which routes he is steering toward the dark, and who he is protecting or condemning in the process. Dirtier work, more guns pointed my way, but the pattern would not be abstract anymore; it would have names, schedules, and a heading.
4984	1009	1	MESG/DESC	Neon keeps coming up in the traffic, a smear of dirty signal under the Span where every secret eventually gets traded for credits or leverage. If I drop back into that underbelly, I am walking into a maze of fixers, smugglers, and corporate cleaners who all swear they only heard the story secondhand. High risk, but if I can pry loose the piece that started on that dead Navy hull and rode the static rimward, it might tell me who has been buying silence on an industrial scale.  \n\nThe relay shack is the opposite problem. No crowds, no witnesses, just old hardware and lazier sins. Those duplicated routes and altered bands did not park there by accident; someone bet that nobody audits a forgotten node as long as the smuggling runs stay quiet. Safer to reach, maybe, but quieter does not mean harmless. If the cached fragments really line up with clinic payouts and burned farms, then that rock is not just dead weight in space. It is where the pattern finally stops being rumor and starts naming names.
4784	1014	1	MESG/DESC	The forgotten base has a certain logic to it. Old concrete, dead arrays, the kind of place bureaucracies misplace in their own archives. If those encoded routes really thread the gaps between LIST scans and Argos lanes, then cracking them turns the chase from a galaxy-wide search into a few narrow corridors. Scrapstar Haulers sniffing around means the stories have value, but not enough for anyone to file a report. Following this lead is betting that his genius lives in the way he moves, not in where he trades.\n\nThe buoy in quiet drift is a different kind of temptation. Harvest models, redlined and quietly overwritten, would show every world he has poisoned with false promise and every neglected corridor he trusted to slip away afterward. That clue has been hanging in the dark long enough for patrols and smugglers alike to forget it exists, which feels exactly like his style. Chasing this thread means learning which colonies he chose to wound, and maybe why he thinks the numbers justify the bodies.
4663	1021	1	MESG/DESC	Gagarin Landing is dirty, loud, and honest about it. Down in the backlines where the pipes sweat and the catwalks rust, somebody helped him bend the freight stream toward the graveyard and then never came back to seal their work. If I dig through those splice points, I might find a name, a face, maybe even the one person he trusted enough to share his route with. Exposing his partner would crack open his support network and give me leverage that steel and bullets cannot.\n\nThe orbital node is colder, cleaner, and a lot less forgiving. No witnesses there, just telemetry and the ghosts of bad decisions: half fixed coordinates, aborted burns, tug signatures nudged a few degrees off regulation. If I tap that buffer before SysDef or some corporate auditor wipes it, I should pull a pure pattern of his jumps a mathematically precise arc toward the dead space he keeps circling. That route would not just point at where he hides; it would prove how long he has been doing it while everyone else pretended not to see.
4760	1021	1	MESG/DESC	Ryujin's tower looks clean from the outside, all glass and lightning and smiling reception kiosks, but the real weather is in whatever they bury under access levels and nondisclosure clauses. The idea of paging through their vent schedules and scrubber diagnostics is tempting; if he has friends in high places, they will have left fingerprints in the airflow. It is the softer play, on paper, but prying truth out of a corporation that profits from silence can be more dangerous than trading fire with pirates.\n\nThe other path runs colder, through tracking beacons and engine residue hanging in orbit over half-starved worlds. The drift data does not flinch the way people do, and the same masked shuttle trail keeps looping past every quiet failure I have visited since that first forgotten outpost and the courier that never made its delivery. If I follow the pattern through open space instead of corporate corridors, I might finally see where his route bends next, before another sky changes color without warning.
4863	1021	1	MESG/DESC	The tower is the dirty, civilized choice. Climate control, keycards, guards who still think orders mean something, and somewhere in all that glass and steel, the paper trail that says who paid for the experiments and who cleaned the results. If I walk into that place and shake the right files loose, I might finally see the signatures behind the anomalies instead of just their aftermath. But that also means putting my face and biometrics in the same building as the people who still pretend this is all just "variance."\n\nThe lonely orbit is the honest kind of danger. No politics, no briefing rooms, just an off-lane node quietly bending jump math until ships and lives fall where someone wants them. If I can get close enough to listen, I might catch the raw routing changes before they get laundered through a dozen systems. Of course, whoever set that anchor will have expected someone like me to come sniffing around, and out there there is nothing between us but vacuum and whatever traps they left in the dark.
4816	1032	1	MESG/DESC	The underbelly routes are closer, and they feel like her handwriting. Someone took a mess of stolen conduits and lazy access control and turned it into geometry, a clean set of paths only an ex-inspector would trust. If I walk those tunnels, I am walking in step with her habits, seeing which junctions she marked as safe and which ones she left to burn. It is personal, almost intimate, which makes it the smarter choice if I want to understand the mind that keeps breaking ships without ever firing a shot.\n\nThe salvage pit is uglier, louder, and a long way from subtle. Rust, gossip, and half-melted hardware, all stacked in a trench nobody sane bothers to audit. But a fragment of a flight path thrown away there says she is confident, maybe even careless, and that kind of arrogance leaves sharper footprints. If I chase that datapack, I am betting on hard numbers over instinct, trusting that the pattern of bad jumps and erased annexes will finally spell out where she is heading instead of just where she has already been.
4918	1033	1	MESG/DESC	Neon's underbelly is all breath and rumor. Down there, her work is etched in handshakes and half-paid favors, not numbers. If I go back into that maze of leaking pipes and humming grid-lines, I will be bartering for stories, trying to stitch together a pattern from dockhands who are more afraid of losing their next payout than losing their memories. Risk is high, payoff intangible: a better sense of how she thinks, where she feels safe, who she trusts when everything goes loud.\n\nThe moonside relay is colder. Metal, manifests, and one broker who has already proven he files sins under "miscellaneous cargo." On that station, her shadow turns into timestamps and repeat receiver tags, proof that someone has been laundering entire routes around official lanes for years. Fewer people to work through, but the ones there will have friends in Trade Authority and worse. If I want to pin her to a specific jump, this is where the trail hardens into something I can hold up in a rival's face and say: you have been helping a ghost.
5011	1043	1	MESG/DESC	Neon's lower decks have a way of stripping the varnish off a story. In the underbelly, people move code like contraband, and nobody asks where the climate models came from as long as the credits clear. If he ever sold his tricks to keep himself afloat, this is where the buyers would be. Following that thread means leaning on smugglers and data-brokers, wading through Aurora haze and backroom favors, hoping one of them slips and admits who has been feeding them storm maps that do not match the sky.\n\nThe research module is different. Cold, quiet, almost honest by comparison. This is where the first mistake happened, before the lies were packaged and resold in places like Neon. Someone rerouted a harmless telemetry feed and turned a forgotten node into a hinge for re-writing navigation. If I chase that path, I am gambling that the original exploit still holds his signature, buried under half-scrubbed logs and abandoned experiments. Less noise, fewer guns, more time alone with whatever pattern he thought nobody would ever notice.
4611	1044	1	MESG/DESC	Ryujin's tower is the civilized option, at least on paper. Climate control, polished stone, security that smiles while it sizes you for a body bag. If they really bought a copy of those old conditioning trees, the answers are in a boardroom vault or buried three layers deep in their black R&D. Cutting in there means sifting half-truths from executives who lie for a living and systems designed to erase their own footprints. High risk, but if I find the right shard, I might finally see who has been holding his leash.\n\nOut in the empty lanes, the only witnesses are dead transponders and whatever is still riding that orbital curve. The signal is messy, stitched across old battles and forgotten evac routes, but it feels closer to his real trail than any corporate ledger. Track it, and I am following the same invisible orders he has been obeying since the garrison burned. Fewer locked doors, more guns pointed at my hull, and a greater chance that the next piece in the chain is not a file at all, but a patient he never finished with.
4933	1058	1	MESG/DESC	Down in Neon's underbelly, the pattern smells like money and blood. Captains taking the same crooked slice of sky, medics treating burns that look more like field shear than gunfire, brokers suddenly trading in old patrol data. If I lean into this, I am stepping into a marketplace of secrets, where every answer has a price and Ryujin ears are never far away. It is messy, dangerous, crowded with other people's sins but it might show me who has been paying to keep those anomalies misfiled as malfunctions.\n\nThe farm ring angle is quieter, more mechanical, almost honest on the surface. A forgotten food rig turned permanent, its plumbing altered by someone who thinks in flow rates and vector diagrams, not bribes. Following that lead means crawling through an old ship's bones, tracing which "temporary" feeds were left drawing power and why a grow rack needs its own dedicated jump calibration. It is slower work, more solitude, fewer guns in my face but if he built a habit of hiding inside stopped gap fixes, this is where his hand will be clearest.
5005	1058	1	MESG/DESC	The dead robotics lab feels like the place where this all began to spin out of control, where theory first brushed against hardware and left scorch marks behind. If I go back there and dig deeper, I am chasing origins: early grav tweaks, half-scrubbed simulations, the first proof that someone was willing to bend climate and jump geometry in the same breath. It is slower, dirtier work, and I will have to peel information out from under scavengers who do not even know what they are sitting on, but it might tell me why he chose this path.\n\nThe orbital beacon is different. That node sits where his work is alive, not historical, quietly shaving angles off flight paths while the rest of the system pretends nothing is wrong. If I follow that route, I am stepping straight into his current, watching the sky distort in real time. The risk is higher: whatever defenses he has left will be tied to those calibration streams, and if I misstep, I will announce myself to the same unseen hand that has been moving storms and satellites like pieces on a board.
4739	1063	1	MESG/DESC	Gagarin Landing is the straightest line: heavy industry, corporate refurb work, and a whole lot of numbers that do not quite match the hulls they are attached to. If there is a technical trick behind her disappearing act, it is probably buried there under legitimate work orders and "harmless" corrections. Walking into that mess means wading through company handlers and nervous techs who know how fragile their livelihoods are. High risk, but if I want the engineering blueprint of her lane, that is where the systems speak.\n\nThe moonside relay is thinner air in every sense. A handful of patched habitats, a nervous broker, and a culture built on pretending the cargo never existed in the first place. No auditors, no inspectors, just people who live off gaps in the record. The story there will be rumor, coded manifests, and the human side of her network: who she pays, who she spares, who she lets starve. Less metal, more lies. If I want to understand why so many captains still whisper her name like a warning instead of a curse, that is where I listen.
4879	1075	1	MESG/DESC	Ryujin's tower would be the tidy cut. Climate control, polished stone, security guards who pretend they do not see what their employers pay to hide. If I go there, I am not just chasing a rogue navigator, I am kicking the legs out from under whatever board signed off on these experiments. Paper trails, scrubbed payouts, research budgets rewritten into alibis. It is cleaner work, at least on the surface, but stepping into that building means treating this like a crime of suits, not just one woman weaponizing math.\n\nThe listening post is the opposite end of the spectrum raw sky, dead hardware, mercs instead of receptionists. Hotel Hardstrike holding the line over repurposed UC ears, guarding beacon logs no one wants to admit still exist. If I go there first, I am betting that the truth is buried in noise and old war habits, not balance sheets. More guns, fewer lawyers. One path puts me in boardrooms and back channels, the other drops me in a forgotten bunker with mercenaries paid to ask no questions. Either way, the same signature keeps surfacing in the data.
4798	1078	1	MESG/DESC	If I head for the Clinic, I go where the damage is catalogued and given names. Every grav-burned pilot, every fractured mind from a bad jump, all quietly stored behind polite smiles and redacted reports. If his work ever brushed flesh, it is written there in nerve maps and scar tissue. The risk is eyes on me from every authority that cares about their reputation, but the payoff is simple and sharp: I might finally see what his numbers do to real people instead of empty hulls.\n\nIf I drop to the old recon hide, I am chasing the first honest look at how he slips through a net designed to catch everything. The bunker is dead on paper, but its recorders were built to watch without blinking, and they do not care whose career gets ruined by what they saw. Less politics, more ghosts: cold air, old UC hardware, and maybe one uncut sequence of a ship walking between sensor sweeps like it knows where the blind spots live. One path walks me into crowded corridors and whispered testimonies; the other into dust, silence, and raw telemetry. Either way, his shadow is waiting.
4694	1091	1	MESG/DESC	Neon's skyline is a liar's chorus, but the rooftops hum with the truth underneath it. Up there, routes are sold between drinks, fees are laundered through private pads, and people talk more freely when they think the wind will carry their secrets away. If Vector ever bragged, even by accident, it was probably in the shadow of the Span, his coordinates traded like ghost stories between smugglers and corporate fixers. Chasing that thread means wading into gossip, greasing palms, and listening hard for one voice that talks in numbers instead of names.\n\nThe relay bunker is different. No noise, no drinks, just machines that never learned how to lie. Someone pulled atmospheric traces there and saw something they should not have, then quietly stepped off the grid. The logs they left behind read the same way every time: the same anomaly, the same path through restricted sky. Following that line means trusting cold data over street talk, digging into whatever is riding inside that forgotten SysDef hull and hoping the people who were supposed to clean this up are not still watching.
4688	1095	1	MESG/DESC	The Underbelly trail feels like chasing whispers through a power grid. If Vector is bleeding off city juice to push those impossible jumps, somebody down there has seen the lights flicker at the wrong time. It will mean leaning on coil crews and Ghost Coil hangers-on, parsing shrugs and half-finished sentences until a pattern finally shakes loose. Low light, close quarters, every conversation a chance to step on Ryujin toes or some local gang's territory, but if I crack their work logs I might see when and where his ship plugs into Neon's heartbeat.\n\nThe wreck in orbit is colder, simpler, and maybe more honest. Steel remembers what people would rather argue about, and those scorched plates are a flight recorder carved in metal. Follow the twist in the struts, map the angle of that sideways burn, and I could pin down the corridor he is been rehearsing, the direction he keeps trying to tear open. It is riskier in different ways: dead space, thin cover, and anyone else hunting these ghost jumps might be watching the same drifting grave, waiting to see who comes to read its scars.
4681	1103	1	MESG/DESC	Gagarin is the safer kind of rotten. Paper trails, nervous clerks, off-world suits pretending not to see the dust caking their server racks. If she sold the sky to anyone, the proof is probably humming away in those annex stacks, buried under invoices and falsified maintenance reports. Walking in means talking to people, peeling back corporate lies one spreadsheet at a time, maybe finding out who paid her and why they needed the storms moved. It feels like the path to answers that end up in a tribunal, not a morgue.\n\nThat wreck out in the orbital junk-ring is another story. No witnesses, no politics, just scorched metal quietly stitching together every odd reading I have chased so far. If that telemetry really is the hinge in her pattern, cracking it open might finally show where all these altered skies converge next. But the kind of people who use dead satellites as waypoints do not like being seen, and if she has built herself a back door through obsolete UC hardware, following it means stepping into a place she has been shaping, pressure line by pressure line, for a very long time.
4843	1109	1	MESG/DESC	The Well is close, crowded, and loud enough to hide the kind of questions I need to ask. Down there, the stories come wrapped in debt and old favors; people talk because they owe someone, or because they hate someone more than they fear MacLeod. If his name is written anywhere official, it is in the gaps between payments, the mismatched cargo tallies, the shifts nobody wants to remember working. Stepping into that maze means dealing with dockside politics and quiet threats, but the payoff could be the whole network laid bare on a single, dirty backroom slate.\n\nThe moonside relay is colder in every sense. Fewer eyes, longer shadows, and a broker who already flinched when my last questions grazed the truth. Out there, the noise is lower and the lies are easier to isolate against the hum of the reactor. The manifests running through that place are already too neat, too rehearsed; if I press hard enough, something will crack, and the spine of this smuggling line might light up clear as a navigation grid. Higher risk if the broker decides to warn him, but cleaner, sharper answers if he does not.
4788	1114	1	MESG/DESC	HopeTown means faces, voices, and the kind of lies that sweat through coveralls. If I walk into that yard asking after a nameless freighter from Montara, I will get shrugs, half-truths, and maybe a wrench across the back of my skull. But it is also where the paper trail breathes, where credits changed hands and someone decided to bolt war-grade metal onto a farmhand's ship. If I can pry that story loose from the people who lived it, I might finally understand who Dustback is protecting and why no one will say his name.\n\nThe drifting cache is cleaner, in its way. Cold vacuum, no dockside politics, just jammed buffers and manifests that never got the courtesy of a proper purge. The Specterborn prowling around it complicates things, but that hull is not there by accident; someone trusted the emptiness to finish a job they were too nervous to sign off on. Crack it open, and I get the version of events nobody had time to massage, the raw path of a hauler slipping off the grid toward sick soil and frightened settlements. One path talks, the other shows. I do not have the luxury of taking both at once.
4813	1115	1	MESG/DESC	Gagarin means noise, people, and too many ways to disappear in plain sight. If Vector spliced herself into the power grid, the proof is hiding under layers of cheap fixes and corporate upgrades. Following that thread is slow work: crawling conduits, bribing line techs, hoping whatever UC worker started this map did not vanish because they were onto something lethal. The payoff is a structural picture of the whole route, not just where she went, but how she has been riding the veins of this system.\n\nThe relay bunker is the opposite: empty, honest, and already half-forgotten by the people who built it. Those atmospheric scans do not care who signed what contract or who needed a favor buried; they just record what passed overhead. If someone pulled a copy and walked away spooked, it means the pattern in those flight paths points somewhere the charts say does not exist. Going back there is riskier in a different way. Less cover, more chance the wrong analyst notices I am sifting through erased history, but if I am right, one clean line from sky to that hidden corridor could cut through all the rumor.
4603	1134	1	MESG/DESC	Neon's Underbelly is the obvious move: follow the stink. If Vector is bleeding off grav sins anywhere, it is down there in the steam and rust, where waste, chems, and people all get flushed through the same veins. It will be noisy, crowded, too many eyes and not enough law, but that cuts both ways. I can lean on Ghost Coil types, bribe a few maintenance crews, see who has been paid to look away when the wrong pipes light up. Messy, dangerous, and close enough to the source that I might feel the Echo in the walls.\n\nThe research module is cleaner, quieter, and a different kind of trap. Here the story is written in routing tables and aborted transfers, the kind of thing that never makes dockside gossip but shapes entire shipping lanes. If Vector carved his own corridor through corporate sims, this is where the first cuts were made. Digging there means sifting through someone's carefully curated lies, maybe stepping on Ryujin toes, maybe tripping alarms meant for data thieves, not hunters. Less blood, more ghosts in the code, but if I unravel the fork he tampered with, I might see exactly which way he is steering next.
4950	1140	1	MESG/DESC	HopeTown is the honest face of the lie. If I walk those gantries, I am walking through the last place families saw as "safe," talking to loaders who still sleep fine because they never see where the ships actually end up. The risk here is soft: backroom conversations, forged signatures, LIST clerks who will close ranks the second they smell an audit. But if I can peel back their paperwork, I might finally see who signed off on letting him rewrite entire lives with a few quiet keystrokes.\n\nThe depot is the ugly side of the same story. Out here, fuel and timing are the only truths that cannot be sweet-talked away. The people guarding those tanks are not administrators; they are scavengers and cut-rate muscle who know exactly how many tons vanish off the books when no one is looking. Going in means noise, maybe blood, and whatever passes for loyalty among crews who live on kickbacks and "lost" shipments. Still, the numbers on their ledgers are closer to his hand than any brochure in HopeTown, and if I want to see where his perfect corridor really bends, following the burn trail through them might be the faster, sharper cut.
