#line	chars	hits	QUST/CNAM	text
2954	51	16	QUST/CNAM	There is critical  info  here  that  needs  getting
2951	231	10	QUST/CNAM	A ruthless Crimson Fleet raiding party is assaulting <Alias=DungeonLocation> on <Alias=TargetPlanet>, threatening both key facilities and civilians. Deploy immediately to repel the pirates, protect vital systems, and restore order.
3394	561	1	QUST/CNAM	Out on this nowhere rock, customs scans go blind and manifests are written in favors instead of ink, which makes it the perfect place to bury proof that certain wrecks were never accidents. The crews that move through here know which questions not to ask and how to keep their opinions trimmed down to survivable size; the ones who forgot that have already drifted into rumor. So far, all I have are a stray slate from an old job, a handful of nervous stories from freight hands, and timing gaps in official logs that keep lining up with the same missing ships.
4428	587	1	QUST/CNAM	The wreckage drifts in a slow, unnatural tumble, not quite following the orbital math every spacer here swears by but none of them care to question out loud. Whatever is embedded in that twisted metal has already convinced the locals to speak carefully about misjumps and "lucky" course changes, as if the wrong word might pull their own vectors off-center. Shattering it here, where the pattern first bled into real space, is the only way to see whether the anomaly was accident or design. So far all I have is a lonely outpost log and hushed stories that stop just short of naming him.
3502	588	1	QUST/CNAM	If his work has a spine, it runs through this tower. Ryujin keeps its projections and off-ledger models here, the same streams he has been quietly bending to justify which colonies are starved and which are fed. Somewhere in the routines and timestamps is the cadence of his hand, a rhythm of interventions that will point to where he intends to cut next. The pattern has been circling tighter since that stray dataslate on a backworld, the doctored orbital beacon, and the first hints of corporate fingerprints on a dead ice colony. All of it keeps resolving to the same quiet signature.
3602	594	1	QUST/CNAM	If anyone has the means to hide a man who rewrites air for a living, it is the executives who own the pumps and vents above Neon's stormlit sea.  \nBuried in their climate logs and maintenance schedules is the quiet truth of whose contracts they honor and whose disasters they erase, and the gaps in those records will tell you where he is being tolerated, if not welcomed.  \nSo far the trail has been hearsay from a lonely outpost, a courier's altered manifests, and a mechanic's half-wiped configs, all insisting he moves with corporate blessing even as every official mouth denies his name.
4377	598	1	QUST/CNAM	Down here under the grid, where lightning walks the Span and the walls hum with stolen power, there is no better place to buy a way into someone else s secrets; every illicit channel, every rerouted packet, eventually brushes past the hands that haunt Neon s lowest decks. The thing you are after changes owners every week, passed in whispers from fixer to smuggler to corporate shadow, and no one ever admits they were the first to touch it. The only common story is that it started with a dead Navy ship, a blackout no one could explain, and a quiet pattern riding the static toward the frontier.
3380	605	1	QUST/CNAM	Out here, above an unnamed world, the beacon hangs where no chart says it should, pulsing in time with a grav seam only a traffic veteran would ever notice. Someone nudged a buoy here, bent a corridor there, until a private lane of shipwrecks and missing haulers quietly formed around this point. Isolating its signal in the static is the only way to see how those tiny reroutes, the delayed responses and erased queue entries, all spiraled into a pattern. So far, the trail runs from a forgotten backwater slate to doctored cargo records and a farmbound sketch that mirrors Neon's darkest power flickers.
3505	605	1	QUST/CNAM	Stories say that ship drifts just off the main lanes, never pinging the same transponder twice, like it is trying to erase its own footprints in vacuum. Whatever route data it carries is the hinge between scattered sabotage sites and the next place he plans to thin the herd, a calculated kink in the normal traffic that only a route coordinator would think to hide here. Out on that backworld, the first dataslate hinted at tampered queues; the orbital beacon logs confirmed diverted traffic; the corporate schedules in Neon traced whole colonies being starved by design. Every retelling puts him closer.
3611	612	1	QUST/CNAM	The courier hangs dead in the dark, running lights cold, hull scorched just enough to look like an accident someone decided not to ask too many questions about. Whatever account of its last run survives in station bars and backroom deals has already been sanded down to something harmless; only the records sealed in its cracked systems will show which worlds it really brushed past and who signed off on the route. So far all I have are a frightened outpost talking about bad air, a vague ping tying his tools to that sector, and a sense that every retelling of the story bends away from the same unspoken name.
4262	612	1	QUST/CNAM	New Homestead is where the sky started lying, even if no one here can agree on when. Ships go and come as they always have, but the old-timers talk about a convoy that tore itself apart above the horizon and a route report that never matched what their eyes saw. Whatever twisted the numbers had to touch ground somewhere familiar, somewhere quiet enough to go unnoticed, and this settlement fits too well. So far all anyone has are secondhand rumors about a navigator who walked away from the big fleets, whispers of falsified trials at distant staryards, and one survivor who insists the lane itself was wrong.
4406	612	1	QUST/CNAM	Out here the orbit is quiet except for the soft hiss of charged dust on the hull and the distant murmur of traffic bending around this world. The derelict you are closing on should not matter, yet its course and transponder history sit at the center of Vector's tangled corrections, a forgotten waystation where he reworked the math in a hurry and left the scars in the flight records. This is where separate threads intersect: emergency edits in jump logs, phantom waypoints injected into homesteader approaches, and a nervous dockmaster on Gagarin who swore those deviations were nothing more than pilot error.
3391	614	1	QUST/CNAM	The node drifts just off the standard traffic spine, balanced on a grav seam so slight most captains would write its pull off as turbulence. Its alignment with past distress bursts, missing haulers, and delayed response windows is too precise to pass as chance; every "random" detour you have mapped folds back through this point like threads through a single needle. Earlier, a forgotten slate on a nameless rock, nervous testimony from a freight depot, and the farmbound sketches of a settler who watched the skies too closely all hinted at the pattern, but here, in open orbit, the math finally starts to agree.
4101	617	1	QUST/CNAM	Out here the beacon hangs alone in the dark, pulsing against the planet's shadow like a heartbeat that never quite syncs with official traffic. Whatever is riding its signal is bleeding through multiple registries at once, tugging ship IDs and account trails toward a single unseen point, and if it keeps drifting unchecked, whole sectors of data will quietly realign around a lie. The pattern from the ground and Neon to that dead SysDef hull all says the same thing now: foreclosures reversed with no author, warrants softened at the edges, and a single careful hand walking the line between mercy and manipulation.
3513	619	1	QUST/CNAM	Down here under the city's polished stone, the air hums with old fans and stale coffee, and the consoles still remember things their operators were told to forget. This is where his numbers first passed from theory into routed ships and approved colonies, and where someone started tracing them backward before the trail abruptly stops. Whoever began that work either got scared, bought, or buried. Picking up their thread in this maze of half-archived queues and access logs is the only way to see how the frozen outpost, the altered beacon in orbit, and that poisoned backworld all line up along the same unseen hand.
3832	621	1	QUST/CNAM	Trade Authority does not leave a hull like the Tidewalker drifting without a reason, and no honest reason explains why its cargo records were quietly excised from every open channel. Whatever is still humming in that hold is the first clean look at how routes, risk ratings, and desperate settlers got braided into one silent business model, somewhere between fear of liability and the convenience of looking away. So far, I have a dead rock full of poisoned hope, a nameless buoy whispering redlined harvests, and a scattering of altered reports that all suggest the same surveyor has been selling danger as opportunity.
4455	624	1	QUST/CNAM	The Deepwater LT-7924 drifts cold and dark, but its hull still carries the habits of its last Trade Authority crew, etched into route logs and half-finished calculations. Whatever was first drawn here has already passed through too many hands and retellings, but the echoes of that origin still cling to this courier better than anywhere else. If any place remembers how a routine contract became a whispered legend about impossible jumps, it is this gutted shell between lanes. So far, the trail begins with a nameless rock and scattered rumors of lost freighters, all pointing toward one pilot who refuses to stay charted.
4490	627	1	QUST/CNAM	The Trade Authority freighter hangs in orbit like a stalled heartbeat on the lane, and this is where the numbers were first bent to hide something no one wanted to name. Only inside this hull, buried between customs kiosks and neglected terminals, did a clerk dare squeeze truth into the margins, turning a routine cargo log into a map of missing metal and vanished workers. Whatever Rivet touched started passing through here before it disappeared into rumor. All we have so far are a burnt dataslate from some forgotten rock and dockside whispers that UC scrap, secret audits, and her name keep showing up in the same breath.
4389	632	1	QUST/CNAM	Out here, with the LX-2547 hanging dead against the stars, all the whispers say the numbers finally stopped adding up. A UC hull like this does not simply drift unless someone wants its records to go missing, and the way the bulkheads are scarred suggests more than a clean evacuation. Every rumor about rerouted derelicts, falsified manifests, and ships that were "too heavy to save" keeps circling back to this frame of steel and silence. People in backroom bars talk about a hidden cache found on a forgotten rock, a quiet contact on a border station, and now a warship log that shows the same hand trimming mass from the ledger.
4472	633	1	QUST/CNAM	New Atlantis dresses its math in glass and waterfalls, but the real gravity here sits in basement archives and forgotten backup nodes, where old traffic models are left to rot behind clearance walls. Buried in those systems is the first faint outline of a path that should not exist, a corridor sketched in corrections no one will admit to owning, each analyst and clerk swearing they only saw it after someone else had already run the numbers. So far all I have are a redacted hearing about a lost convoy, a pattern of near-misses in freighter logs, and a name that keeps surfacing in whispers when people think no one is recording.
4563	634	1	QUST/CNAM	Gagarin's freight corridors are where chance and routine pretend to be the same thing; cranes swing, manifests ping, and no one looks twice at another hauler sliding into dock. That is what makes this place useful to anyone trying to hide intent inside everyday traffic. If shipments keep vanishing off specific approaches, if escorts peel away on the same vector again and again, it will be charted here first, in grease-pencil notes and quietly edited schedules. So far it is a mislaid slate off the lanes, mismatched cargo tallies in these rusted bays, and a pattern of altered approaches that has stopped feeling like coincidence.
4437	635	1	QUST/CNAM	Neon hides things well: too much light, too much noise, and the right secret sinks like a stone in the glow. That is why this district matters. If someone with Luca's habits ever wanted to erase a trail, they would tuck it here, behind tasteful kiosks and corporate spin, beneath layers of mundane traffic logs and stale coffee cups. Yet rumors of bad vectors and near-misses keep circling back to the same elevators, the same side corridors where junior techs gossip on their breaks. So far the trail has run from a forgotten scrap picked up off-world to vague talk of doctored routes and a nameless hand quietly steering ships wrong.
3597	637	1	QUST/CNAM	Out here in the dark, the orbiting wreck is more than drifting scrap; it is the one place his calculations cannot be rewritten by a boardroom or wiped from a settlement server.  \nTelemetry bleeds from the hull in thin, regular pulses, the kind an engineer leaves when he trusts machines more than people, and the ship pacing it like a wolf proves someone else has learned the value of his mistakes.  \nA misrouted courier, a forgotten maintenance bay, an unlogged ping from deep space, each small oversight left behind a trace; taken together, they drew the same crooked line, all pointing toward the man who sells the right to breathe.
3826	638	1	QUST/CNAM	Old war concrete and dead antennas make this forgotten base the perfect place to hide a path through the gaps in official charts; no patrol bothers with relics nobody admits owning. The Scrapstar Haulers treat it as rumor made steel, each swearing someone else first mentioned the encoded routes stashed here. If those paths match his pattern of slipping between LIST scans and Argos lanes, they will narrow the hunt from open sky to a handful of dark corridors. So far, the trail runs from a nameless rock to malformed orbital readings and a hushed Trade Authority hull, all circling one surveyor who rewrites the frontier off the books.
4058	638	1	QUST/CNAM	Out here the ore platform spins alone, a forgotten dot on someone's balance sheet, but its automated systems are still dutifully parroting a course pattern that keeps showing up in barroom rumors and half-remembered sensor logs. Break that chain and whatever is listening on the far end will have to adjust, maybe even show a new hand. Some pilots swear they have seen the same freighter silhouette skimming these grids, others insist it is just a ghost in old UC nav code; no one agrees on the details, only that every story about strange wildlife, missing homesteads, and crooked telemetry seems to bend back toward this stretch of sky.
4213	639	1	QUST/CNAM	This relay bunker is where signals came to be forgotten. UC built it to listen, then let it rot, leaving its racks humming on half power and its storage arrays quietly swallowing years of patrol data no one bothered to audit. Anything that passed through this grid lingered here long after it fell off official reports, including one set of atmospheric anomalies too precise to be weather and too shy to be logged as a routine flight. So far your trail is a scatter of corrupted buoy readings, a doctored cargo list in Neon, and a merchant captain's nervous story about a ship that crossed forbidden sky without ever showing on her scopes.
4183	642	1	QUST/CNAM	Out here, the wind never quite settles and the dust never falls in the same pattern twice, yet every local navigator swears their ships drift the same few degrees off course whenever they cross this valley. Whatever was planted beneath these half collapsed antennas is tugging at flight computers more persistently than any storm, bending routes just enough that freighters and survey crews start telling the same bad luck story in different bars. Somewhere along the way the original account frayed into rumor and blame, leaving only a dead hauler's slate and a nameless pathfinder whispered about whenever a convoy vanishes between systems.
4411	642	1	QUST/CNAM	The old science wing still hums with dormant diagnostics, its walls lined with dead displays that once modeled safe lanes through the dark. This is where someone with Vector's training would test new corrections in peace, burying them inside harmless research datasets until smugglers, corporates, and UC auditors all started repeating the same half-remembered story about a draft that could bend a jump like a rumor bends the truth. To make sense of it you follow the trail: the anonymous dataslate in the dust, the altered beacon in high orbit, the nervous talk in Gagarin's bars about ships turning aside just before everything went wrong.
3951	645	1	QUST/CNAM	The trail bends back to this nowhere patch of rock for a reason; signals do not linger out here by accident. This region has a habit of holding onto things longer than anyone plans, from derelict beacons to half-scrubbed comm bursts that never quite clear the buffer. Whatever trace MacLeod left when he slipped past UC eyes, it bled into the local noise and stayed, waiting for someone patient enough to sift it out. So far, I have a dead agent's notes, a stray dataslate from the fringe, and settlers whispering about armed escorts and impossible harvests, all pointing to one man who understands how to hide a lifeline inside routine traffic.
3829	646	1	QUST/CNAM	Out in the quiet drift where nobody bothers to look twice at a forgotten buoy, this is the only place a careful man could stash revisions to entire harvest plans without raising alarms. The patterns etched into those figures will show where he has been seeding bad promise into marginal worlds, and which neglected corridors he trusts to move between them unseen. The numbers have been sitting here long enough that patrols, traders, even smugglers learned to steer past on habit alone. So far, the trail runs from a dead farmstead to warped orbital readings and a hushed cargo ledger, all pointing to one surveyor quietly rewriting the frontier.
4115	647	1	QUST/CNAM	Out here, the mech wreckage spins slowly, broadcasting combat diagnostics long after the pilot is dust. Those echoes are not random; someone has been nudging targeting data and movement logs a fraction off true, using old war hardware as a relay for cleaner tricks elsewhere. If this fragment keeps drifting, every later trail will be laced with false engagements and misfiled skirmishes, hiding the patterns I am trying to see. So far I have a quietly reversed foreclosure on a Freestar world, a scratched dataslate in forgotten dirt, and a jump node whose timing felt wrong, all small anomalies that, stacked together, look a lot like intention.
4210	647	1	QUST/CNAM	Ryujin keeps its real maps behind glass and smiles, and this tower is where those routes are bought, erased, and quietly rewritten. Only here do corporate shipping logs, black clinic contracts, and off the books transit corridors intersect in a way that can trace one pilot who never flies the same line twice. To understand where he is going, you need to see which grav spikes their executives pretend not to notice, and which runs never make it onto official schedules at all. So far the trail is a chain of scrubbed sensor buoys, a silenced freighter in high orbit, and nervous settlers who swear their rescuer flew a ship no registry will own.
3991	655	1	QUST/CNAM	The Red Mile is where the noise drowns out everything that matters, which makes it the safest place in the Settled Systems to hide the kind of paperwork no one is meant to see. Down in the Medical Deck, between blood-slick stretchers and overstocked chem cabinets, the gaps in the ledgers mean more than the entries do. Someone was supposed to come back, wipe the logs, clean the stains, finish erasing a dead doctor from the story, and never did. Back at that quiet garage, a too-clean table and missing chems were the first hint; now the same careful hand shows up in falsified accident reports and cargo transfers that never delivered a single patient.
3388	656	1	QUST/CNAM	The farm feels impossibly far from any proper route, but the silence here is exactly why someone would hide a lifetime of call records and quietly altered orders among weather reports and crop yields. Out on the frontier, people learn to live with unanswered signals and missing ships; a few extra gaps in the logs do not raise alarms, especially when the losses are written off to bad luck and old drives. Only after that first stray slate on a dead rock and the strange omissions buried in a forgotten depot does it become clear that every missing timestamp, every delayed response, has been drifting toward the same quiet places at the edge of the maps.
4414	657	1	QUST/CNAM	The cache hangs in a quiet lane where traffic once passed so often no one bothered checking the fine print in the telemetry anymore. It is exactly the sort of blind spot a navigator obsessed with patterns would choose, hiding his work amid the routine drift of freighters and patrols that trust their charts too much. Pulling it apart here, in the same orbit everyone stopped looking at, is the only way to see how his corrections interlock, which routes he has been bending toward the dark. So far the trail runs from a forgotten outpost, to a skewed orbital buoy, to hushed accounts in Gagarin of ships that turned aside from disaster without knowing why.
3428	660	1	QUST/CNAM	If the pattern starts anywhere, it is here, in the humming throat of Neon where ships slide in and out under flickering neon and half-awake clerks wave them through. Berths that were never free suddenly open, cargoes no one remembers signing for depart on priority lanes, and every dockhand has a different version of why, each retelling shifting with fear or superstition. Somewhere in the back-end logs and whispered berth assignments is the first clear line pointing away from chance and toward a guiding hand. So far all I have is a dead slate in the dark and a growing stack of rumors about an auditor who walked off with the keys to other people's debts.
3620	660	1	QUST/CNAM	Out here at the edge of a dusty pad, this crooked little trailer is where stories harden into something you can actually point to. The deputy has been sitting between bad coffee and worse lighting, chasing a pattern most captains laugh off as superstition, filing it under a different case so no one pulls their access. Whatever they logged here is the first thing that ties quiet ship failures and midnight "repairs" to real coordinates, not bar talk. So far the trail is all secondhand: spacer rumors about a masked hull savior, a staryard's name spoken softer than a curse, and scattered reports that accidents are clustering around the same invisible hand.
3906	660	1	QUST/CNAM	The far-orbit relay skims just outside standard patrol sweeps, exactly where someone who knows the lanes too well would stash sensitive traffic. Its signal bleed overlaps two incompatible charts, like a ghost echo laid over the real sky, and the only reason anyone noticed is that a battered hauler called the BR-5033 Crackspine has been sitting on top of it for longer than any cargo job should last. Every account you have comes second-hand and half-corrupted: a burned buoy core full of bad vectors, dock logs that quietly disagree with transit stamps, and a Freestar deputy's notes about convoys that all vanished after buying the same discounted guidance.
4487	662	1	QUST/CNAM	The rock remembers what the ledgers tried to forget. Down here, where old conveyor belts hang like dead vines and Deimos loaders rust in the dark, the shifts no one logged left their traces in dust and carbon scoring, in crates that carried no ore yet bled radiation. This is where the pattern of rerouted scrap and missing cores tightens, where off-the-books labor and sealed cargo intersected until the line between mining and dismantling black hardware blurred away. At the support ship we found doctored routes and half-erased consignment codes; small discrepancies, overlooked signatures, and one crew chief's name repeating where it never should have been.
4324	663	1	QUST/CNAM	The cramped command trailer is where loose talk hardens into something dangerous; out here, patrols rotate, borders blur, and the only constant is whatever a harried Ranger pins to these walls. This is where the deputy started stitching together shipping manifests, patrol gaps, and whispered complaints from haulers who swore their routes felt wrong, then quietly filed everything under a case that was never officially opened. No one will speak plainly about it now, but the redacted copies, crossed-out names, and missing pages say enough. So far the trail is only a pattern of altered transit timings and a single, recurring spiral mark hiding in the margins.
4333	664	1	QUST/CNAM	It starts here, on a Trade Authority courier left to drift between lanes, where official channels are thin and inconvenient questions go unanswered. The Ironkeel TR-5394 floats in practiced neglect, its transponder still dutifully pinging a registry that pretends not to notice. This is where quiet edits to routes can be buried in routine cargo updates, where a navigator who understands how to ride storm shadows can slip a single line of truth into a sea of tolerated lies. Back on that nameless rock you found the first stray slate; now the derelict hull ahead offers the next fragment in a pattern everyone argues about, but no one dares investigate properly.
3397	667	1	QUST/CNAM	Neon Starport is where water becomes invisible, pumped and cycled behind glass while tourists watch the rain that never falls. Out here, at the edge of the pads, Catalyst can vanish into freighters and service tunnels, one sealed hatch away from whatever final script she has queued into the city's veins. She came here to close her loop, to erase the last proof of whose contracts she broke and whose grids she rewrote, before shipping her archive somewhere no council can subpoena. Someone tried to bury all of this in sealed files and scrubbed logs, but a broken dataslate on a remote rock, rumors in Ebbside, and a nervous clerk in Cydonia kept the pattern alive.
3519	667	1	QUST/CNAM	Out on the edge of the lane, this maintenance beacon sits just far enough off the charted routes that nobody bothers to question its glitches. It quietly hands out bad timestamps, crooked handoffs, and tiny course corrections, and a thousand captains blame their own navs instead of the relay. If someone wanted to bend traffic around certain worlds without raising alarms, corrupting a node like this would be the first move. So far everything points the same way: the frozen colony whose distress calls arrived late, the survey cache whose coordinates never propagated, and the hushed talk of LIST approvals that somehow never reached the ships they were meant for.
4434	667	1	QUST/CNAM	Only a ship like this could hold what was left unfinished. The hull of the LX-6790 drifts in quiet defiance of every chart, its UC insignia scoured by time and micrometeorite dust, but her internal systems still whisper half-executed routines into the dark. Someone in the Navy brought her here on Luca's advice, started to align new corridors in secret, then never came back to confirm the math. Whatever sits buried in her nav banks is the missing pattern behind his hand on civilian routes and LIST homesteads alike. So far, the trail runs from a forgotten dataslate to the glow of Neon and into a lost scout's logs, each step tightening the orbit around his name.
4452	672	1	QUST/CNAM	The old listening post hangs in the dark like a forgotten thought, its dishes still locked on starfields no one claims anymore. Somewhere in its cold racks, routine telemetry was nudged, recalibrated, overwritten, until a quiet sequence of numbers became the spine of a hidden corridor. This is where background noise turned into a roadmap, where abandoned UC hardware slowly bent toward someone else's purpose, and where a scavenger gang now guards data they barely understand. So far the trail has wound from a stray slate on a dead rock to corrupted courier logs in deep space, each fragment sketching the outline of one pilot who never stopped adjusting her own route.
3681	675	1	QUST/CNAM	Out here, between planets and patrol grids, the only things that linger are broken rock, dead hardware, and whatever a grav jump leaves behind in the dark. This cache sits exactly where a long-haul route bent wrong years ago, sifting echoes out of passing drives, bottling every anomaly Vector ever cast across this orbit. Left alone, it keeps feeding quiet corrections back into the lanes, nudging ships a little closer to the same invisible corridor she vanished down.  \n\nSo far I have a buried cache on a forgotten rock, a silenced relay in orbit, redacted oversight files, and improvised power work at Gagarin all pointing to the same off-chart path through jump space.
4425	682	1	QUST/CNAM	Smugglers turned a forgotten diagnostics wing into a permanent backchannel, and the scribbled corrections traded here have been guiding jumps longer than anyone will admit. What started as a stopgap patch for bad routes has solidified into an unspoken standard, carried in contraband firmware and off-the-record experiments the Voltage Hackers protect for profit. Breaking that habit at the source is the only way to see which ships, which lanes, have been quietly rewritten in Vector's image. So far, the trail runs from a dusty outpost log, to a crooked orbital relay, to Gagarin's altered manifests and a rumor-soaked underbelly where "temporary" fixes never seem to get removed.
4469	682	1	QUST/CNAM	Relays like this were built to stitch official corridors together, but with the dishes frozen and the consoles running on scavenged power, it has become something else a dead node where unapproved routes can be spliced in without oversight. Whoever has been feeding her data needed a quiet hinge in the network, a place to copy, cut, and redirect until no two manifests agree on who changed the course first, and the Rustbelt Scrappers are only too happy to defend the ambiguity for a fee. So far the trail runs from a hushed tribunal in the capital to shaken convoy logs and Neon's backroom ledgers, each arguing over details but circling the same unseen pilot reshaping the lanes.
4227	683	1	QUST/CNAM	The sensor hub hanging over this world has been listening too well for too long. Its arrays should be blind with age, yet its logs keep catching the same faint distortion on different patrol routes, from different captains, always cutting through the same thin slice of orbit. Leaving it up means every faction with a clearance badge can keep quietly rewriting whatever it hears, turning his trail into random noise whenever it suits them. So far everything points the same way a dead buoy with missing minutes, a sideways scar in a farm field, Neon whispers about "temporary" routes, and now this station hearing the same wrong note often enough that chance stopped being an excuse.
3497	684	1	QUST/CNAM	Ryujin Tower is where Ghostline bled his numbers into policy, turning abstract risk into quiet directives that decided which colonies lived long enough to fail. Beneath the glass and chrome, the internal servers and secured archives hold the only unfiltered record of how his refinements threaded through corporate agritech models and off-the-books contracts, masking sabotage as market correction. If his pattern is written anywhere, it is here, buried behind access lists and deniable agreements no frontier clerk could ever see. So far, all anyone truly has are rumors, half-sanitized logs from a dead ice colony, and whispered testimonies traded in back rooms and over bad coffee.
3994	684	1	QUST/CNAM	The maintenance garage hums with old machinery and cheap music, a place where no one expects anything important to happen and everyone insists nothing ever does. That makes it perfect cover for a quiet rewrite of history, tucked in a forgotten core under the Static Hackers' bored stares and flickering holo-graffiti. If there is any trace of what really happened to the injured tech, it is buried in those corrupted records, waiting for someone stubborn enough to dig past the static. So far there is only hearsay: a too-clean table, missing chems, and a handful of workers who cannot agree whether a foreign-accented medic ever stood where they are so sure nothing unusual occurred.
3585	685	1	QUST/CNAM	If anyone is still keeping honest records about how frontier haulers have been quietly rearming, they are in HopeTown, buried between cargo manifests and maintenance orders written in the same worn hands that bolt engines together. This is where contracts blur into favors and favors into silence, where shipwrights remember which freighter asked for unusual hardpoints, then stop mid-sentence and just say "that one from Montara" with a tilt of the head instead of a name. So far the trail runs from a forgotten cache in the wilds to a dead terminal in an abandoned lab, each step narrowing toward a single freight route everyone seems to recognize, yet no one will speak of directly.
4449	685	1	QUST/CNAM	The listening post sits dead in the frost, but its dishes still point toward corridors no official chart admits exist. This is where she tuned stolen beacons against UC sensor ghosts, where she could ride the edge of their blind spots and erase herself between pings. The husk of UC authority around you makes it the only place her past and present overlap cleanly enough to cut through the lies; the same consoles that once tracked her will now decide whether she disappears for good. The trail here has been narrow but relentless: an anonymous dataslate, a gutted Trade Authority courier, and encrypted UC logs all circling the same quiet name and the same pattern of vanished ships.
4417	688	1	QUST/CNAM	Gagarin is the kind of place where old flight plans never really die, they just get folded into new smuggling routes and passed across bar tables with the serials filed off. If Vector needed a way to slip his corrections into the wild, he would bury them in the habits of haulers and shipbreakers here, trusting that no one looks too closely at paperwork that keeps the docks moving. Picking through those records on-site is the only way to separate his hand from ordinary graft. So far, the trail is a dusty dataslate on a backwater rock, a crooked beacon in high orbit, and freighter crews here who swear their ships veered from disaster for no good reason and refuse to talk about how.
3934	689	1	QUST/CNAM	Whatever this place was built for, it is a grave now, wrapped in ice and humming on power it should not still have. The only working machinery sits behind overturned bunks and scorched bulkheads where Outcast Phalanx have dug in, ex-military ghosts guarding a cluster of systems that keep whispering tiny course changes into the storms overhead. Some say a freighter's flight path bent the moment it passed this sky, others swear it was a Navy run that vanished after pinging this grid, but every fragment agrees on one thing: the twisted beacon in that frozen lab, the dead convoy vectors, and the altered descent logs all trace back here, to this forgotten node in the middle of nowhere.
4064	689	1	QUST/CNAM	The PX-2395 drifts just outside the crowded lanes, lights dead, hull scuffed with impacts that never made it into any incident log, a SysDef asset quietly abandoned where no one has to file the right paperwork. If Torque wanted a place to rewrite history, this is it; a forgotten node in the enforcement chain where spin data, drive calibrations, and maintenance overrides could be massaged until every failure looks like tired metal instead of careful hands. You tracked the pattern from that lonely surface facility to a cold orbital cache, then through a tightening circle of edited records and frightened bar talk, until every rumor began to sound less like panic and more like policy.
4431	689	1	QUST/CNAM	Out here, among the gutted frames and half-melted hulls, the scrapyard still hums with routines no one bothered to shut down. Old Deimos traffic beacons flicker awake at your approach, pinging obsolete protocols Luca helped design, and buried in that noise his private patterns surface, guiding derelict cranes and dormant tugs like a ghost hand. This place is where his past and present share the same coordinates, where forgotten cleanup code can be twisted into one last killing corridor or finally silenced. From the first stray dataslate to the whispers in Neon and the corrupted scout ship logs, every trail has pointed back to him bending procedures that should have died years ago.
4446	689	1	QUST/CNAM	Whoever scrubbed this relay did it fast and dirty, cutting power to half the decks and locking the core behind security they did not have time to finish wiring. The Division Garrison detail left bootprints in dust that should have been vacuumed years ago, ration tins still open, a helmet rolled into a corner like someone dropped it mid-sentence. Their orders were to seal the past and walk away, trusting that no one would bother an obsolete node on the edge of nowhere. What they missed lingers in the buffers: stray bursts toward a forgotten farm system, a doctor's unfiled bloodwork, and a smuggler's route that all bend toward the same thin thread of altered air and nervous denials.
3571	690	1	QUST/CNAM	The Navy scout hanging dead in this orbit is where his story stopped being rumor and started bending steel. Whatever burned out BL-6924, it happened mid-routine, with no distress call, no diversion order, just a subtle skew in its last recorded jumps. If any ship would carry an untouched record of those offsets, it is this one, sealed in the dark before the reports could be massaged and the holes filled in. So far I have a ghost trace from a remote rock, doctored instructions on a Trade Authority courier, and talk of delay codes that never matched the traffic; the pattern keeps pointing back to one quiet controller who learned to change futures the way others change a shift roster.
4386	690	1	QUST/CNAM	Gagarin Landing is where the numbers finally stop being abstract. The gutted mech plants, the new corporate shells, the angry tow crews nursing cheap drinks and older grudges, all sit on top of the very infrastructure Deadweight has been bleeding dry. Here, among half-repurposed factories and promised jobs that never came, he can vanish into a crowd of people the insurers already wrote off, while he brokers one last trade in stolen hulls and buried data. The trail started in a forgotten cache on a backworld, wound through whispered coordinates at a lonely waystation, and sharpened aboard a derelict UC warship where doctored registries and rigging logs exposed the same careful hand.
3383	692	1	QUST/CNAM	This forgotten depot is where freight goes to be un-counted, a place the manifests never properly reach and no regulator wants to remember. The haulers squatting here move cargo for anyone who pays in unmarked chips, and their loyalty is to silence, not flags. If there was a paper-thin record of when official shipments bled into unlogged tows, it would have been buried in these rusting stacks and chemical stains, guarded by people who suddenly find the floor very interesting whenever missing convoys are mentioned. So far, all I have are a stray dataslate from a backworld rock and vague talk of altered routes whispered by freight hands who swear they did not see who signed the orders.
3554	693	1	QUST/CNAM	The freighter's corridors still hum with residual power, but its crew are long gone, leaving only the quiet tick of cooling metal and a bridge full of abandoned course data. Whatever passed through their hands here was treated like routine traffic, filed away and forgotten before anyone realized how those tiny heading changes stitched together into something larger. This ship is where the pattern first took hold, where someone nudged a single route off-axis and set a chain of transits drifting toward an unseen design. So far, all you have is a stray dataslate from deep space and this derelict hauler, both hinting that ordinary captains have been unknowingly flying someone else's plan.
4166	693	1	QUST/CNAM	Once, this relay tied neat, official corridors together; now it just hangs in the dark, gutted consoles flickering with afterimages of jumps no one wants to admit happened. Anything left here is as close to untouched truth as this story is going to get, before it is laundered through barroom gossip and half-remembered debriefs. The ex-soldiers squatting in the station know that, which is why they are here instead of some cleaner posting. So far the trail has been a string of absences: a nameless cache on a forgotten rock, a silenced node on the fringe, and the same cold, precise jump signature whispered about in dockside corners as if saying it plainly might make whole ships reappear.
3699	694	1	QUST/CNAM	The dead depot is the only place a record like this could survive: buried under misrouted manifests, sealed cargo pods, and systems that have not synced to GalBank or the Trade Authority in years. Whatever is encoded here was meant to live in the gaps, tying together tug signatures, vanished containers, and routes everyone insists never existed. The Shattered Scrappers cling to it without understanding, guarding the one thread that might still show where her trail breaks from rumor into fact. So far all you have are fragments: a stray dataslate on a forgotten rock, nervous whispers in a research module, and a relay station humming with ghost traffic that never matched any official log.
3909	694	1	QUST/CNAM	The cache hangs alone in high orbit, a dead box wired into forgotten transit tables, quietly feeding poisoned numbers into lanes nobody audits anymore. Breaking it here, in the dark between patrol sweeps, is the only way to stop those warped solutions from seeding more "accidents" while its creator keeps moving. Its casing bears serials that do not match any current registry, and the logs slotted inside jump between systems like a nervous whisper, as if someone dismantled a larger story and scattered it piece by piece. All I have so far are a corrupted buoy core, mismatched dock records, and rumors traded in backroom bars, each one repeating the same name with a different kind of fear.
3754	696	1	QUST/CNAM	The monitoring pod sits buried under rock and ice, a sealed habit no one bothered to break. Its consoles still glow dim green, cycling through old interception routines that were never meant to run this long. Somewhere in that loop a quiet adjustment was made, a new pattern of salvage beacons and erased ship IDs slipped into the schedule, and nobody noticed because the system kept humming. This is where the first records of her crossing UC paths off the books were cached and forgotten. All you have so far is a stray dataslate from a dead outpost and an analyst's decrypted scraps hinting that someone inside the Navy rewrote standard operating procedure to protect one ghost in the traffic.
3655	697	1	QUST/CNAM	The bunker is where the chain of small mistakes began: a relay no one fully decommissioned, a patrol grid revision no one double-checked, a lone tech whose questions were answered with silence instead of clarification. Here, half-retired consoles still hum with forgotten routines, and the air smells of old sealant and stale coffee, like a shift that never officially ended. Buried in these walls are the first records of a ship slipping through restricted sky on vectors that make no sense, flagged once, then cleared with a shrug. All I have so far is a shaken technician's copy of those scans and scattered chatter about a blacklisted navigator nudging traffic where it should never have gone.
3664	698	1	QUST/CNAM	In the polished arteries of Neon, this is as close as anyone gets to the city's nervous system without a corporate badge. Terminals here sit between street and sky, where local purchases, transit pings, and off world traffic all pass through the same quiet choke points. Somewhere in that flow is a single out of place marker, a tiny authorization that does not fit any official route, the sort of detail clerks skim past and security pretends not to see. Catch it here, at the source, and you can follow where her signal climbs. So far all you have is a burned dataslate from a forgotten rock and a handful of barroom stories about a memory thief who walks out of vaults with nothing in her hands.
4093	698	1	QUST/CNAM	The LX-3802 hangs cold in patrol space, lights dark, transponder still whispering UC SysDef authority like a bad joke everyone keeps repeating. This is where the story says a whole taskforce learned too much about bent ledgers and then went silent, where someone tore the heart out of their records and left the hull to drift as a warning. If any trace of that work survived, it will be in the bones of this ship, locked behind systems only a few analysts ever understood. So far the trail is all paper ghosts and secondhand fear: a stray dataslate in the dust, a quiet anomaly in orbital traffic, and scattered talk in bars about a GalBank ghost who edits lives without ever leaving a fingerprint.
3516	699	1	QUST/CNAM	The pit is nothing but twisted hull and stripped engines tossed into a shallow scar in the dirt, the kind of place where routes and reputations both come to be dismantled. If he was going to purge his trail, a scrap dealer's back table is exactly where a datapack would get cracked for parts and forgotten, its fragments of flight paths and relay handshakes sinking quietly into the noise. Pulling those pieces back together here matters because this is where all the discarded routes converge. So far the line has run from a dead colony's broken logs to a doctored beacon and a half-erased audit below the city, each step leaving only faint imprints in systems never meant to carry that much truth.
4104	699	1	QUST/CNAM	The trail bends back to this quiet rock, where survey drones have come and gone for years without asking why local records never quite match what the central systems think is here. Whatever was buried in these outbuildings needed distance from patrol routes and enough neglect that no one questioned a little ledger drift on a nowhere world. Leaving it untouched any longer means letting old errors calcify into truth, and whoever has been hiding behind them will keep moving under cover of clerical noise. So far I have scraps only: a farmer's reversed foreclosure, a scratched dataslate lost in the dust, and an orbital relay whose traffic logs lied the way only practiced hands can teach them to.
4552	701	1	QUST/CNAM	The old GalBank hull drifts just off the lanes, lights gutted, transponders cold, yet every account that ever passed through it still reverberates in sealed racks deep inside. If anyone nudged the credit lattice from the shadows, they would have done it from a place like this, where custody chains end and auditors rely on trust instead of proof. Buried among encrypted manifests and frozen ledgers should be the one trace that survives rumor, the echo of the hand that taught Nyla how to cut debts free. All we truly have so far are a nameless slate on a dead rock, skewed shipping numbers from Gagarin, and whispers of a mentor who moves through GalBank files like a ghost no one will admit exists.
4009	702	1	QUST/CNAM	Only here, on the silent hull of a forgotten UC Vanguard warship, can the story be peeled back to the moment it bent off course. PX-9199 drifted out of the official record the same way her squadron did, lost to a string of rushed orders, garbled coordinates, and quiet corrections no one wanted to own. Its bulkheads still remember what the debrief room on Jemison buried, each logged jump and half-finished command a frozen miscommunication that nudged a veteran wing toward an uncharted grave. Back in Neon's corporate glass you traced altered flight contracts and hushed payouts; now the pattern feels less like conspiracy, more like a chain of small, disastrous errors converging on the same pilot.
3821	703	1	QUST/CNAM	Out here, the orbit is empty enough that anything left drifting is either forgotten or worth killing for, and this cache sits exactly where his kind of mind would hide a pattern in plain vacuum. The ship circling it holds just enough firepower to scare off scavengers, not enough to trigger official interest, which fits a surveyor who has learned how far he can push before systems notice. Voices on the last rock swore they saw ghost pings and misaligned beacons up here; others laughed it off as spacer superstition. So far, the trail runs from that remote dead world to an orbital anomaly and a quiet Trade Authority hull, all pointing to one architect behind doctored surveys and vanished settlers.
3678	704	1	QUST/CNAM	The bunker is the last place where the skies above this sector were honestly measured. The old UC array here once watched every ascent and reentry, its filters sharp enough to catch even the thin signatures of restricted flights. Whoever copied those scans understood they were seeing something they should not, but they pulled the data and walked away before the pattern resolved into anything more than a discomfort they could not name.  \n\nSo far the trail runs from a forgotten cache on a lonely rock, through a silenced satellite recorder and redacted oversight reports, into improvised power work at Gagarin and a research tower whose models all bend toward the same hidden corridor in jump space.
4000	704	1	QUST/CNAM	The freighter drifts dark between lanes, power bled down to the bare minimum, perfect cover for records no one wants in a public ledger. This hull is where routes are laundered and cargo histories scrubbed; any list that survives in its systems was meant for backroom whispers, not audits. If Vector has bent Trade Authority shipping to feed her ghost-yards, the pattern of those corrections will be etched in whatever manifests escaped the purge, buried in a ship no one bothers to tow home.  \n\nSo far the trail runs from a forgotten rock with a discarded dataslate to a silent UC relay full of half-erased sensor logs, each hinting at the same unseen pilot nudging traffic just off the charted lanes.
3491	705	1	QUST/CNAM	In the deserted listening post, old routines still hum beneath the dust, automated sweeps ticking through sky they no longer officially watch. Somewhere in that forgotten rhythm, the records of a ship that should not exist kept slipping past, its course adjustments smoothed over by systems no human bothered to review. This is where the first lie took root, not as a grand conspiracy but as a neglected process, quietly folding an outlaw's path into the background noise. All I know so far is that a dead station saw something the public charts never recorded, and that someone valued those overlooked readings enough to send a gang like Heat Ridge to sit on them long after everyone else stopped caring.
4339	705	1	QUST/CNAM	Only a dead warship can keep secrets this loud. The KN-7893 drifts where the old grav tests tore space thin, its UC markings scoured by storms and weapons fire, yet its navigation heart still cradling the routes no one will acknowledge were ever flown. Whatever pattern Stormline is following was born in these corridors, plotted on these consoles, and buried under layers of classified silence; without this link, every rumor about storm corridors and vanishing convoys remains conveniently deniable. Back on the frontier outpost, settlers spoke in half-finished sentences, and the liaison's reports were redacted to ribbons, all circling the same unspoken truth that led straight to this forgotten hull.
3262	706	1	QUST/CNAM	Out here, just above a nameless world, the stars look clean and honest, but the thing humming in its lonely track is anything but; it is a hidden hand on the grav wheel, nudging ships toward the same quiet graves you have been hearing about in spacer bars. Whoever built it trusted that distance and vacuum would keep curious eyes away, that the Settled Systems would accept another bad approach as simple misfortune, not guided intent. Yet the checksum scars in LIST backlogs, the scorched pads at forgotten farms, and the way smugglers in the dark corners of stations all murmur about rerouted settlers prove someone tried to bury the pattern and failed, because their own victims would not stop talking.
3878	706	1	QUST/CNAM	Out here, alone above a nameless world, there is nothing to drown out the whisper of altered routes and dead fleets drifting just beyond sensor range. This orbit is not random; it sits exactly where a careful navigator would splice a hidden branch into a main shipping lane, then scrub the trace behind them. Whoever parked the HX-5912 Ironstrike here is guarding more than cargo, they are sitting on the seam where open traffic brushes against Vector's private lattice of war ghosts and lost convoys. In quieter ports, no one says her callsign out loud anymore, they just mention odd beacon behavior, a buried dataslate on an empty rock, and ship logs from Neon that never quite match the official charts.
4052	707	1	QUST/CNAM	This tower is where the numbers live, stripped of faces and excuses. Whatever Rourke seeded out on the frontier started as clean graphs and controlled trials in places like this, before it was poured into soil and set loose. The people guarding these halls now are drifters and ghosts, hired blades who only know the paymaster two names up the chain and repeat rumors in half-sentences when the lights flicker. Somewhere in these sealed records is the link between backwater homesteads that stopped behaving like themselves, a crippled beacon whispering bad telemetry, and a courier's twisted flight paths, each fragment pointing toward a pilot who has been flying just outside the edges of everyone's maps.
3883	708	1	QUST/CNAM	The trail bends into this cavern because smugglers prefer stone and silence when they move things they never intend to declare. Here, beneath the rock and humming generators, a quartermaster tallies favors and dead drops that never make it onto official manifests, keeping his records close in case the people above ever decide he is expendable. Those entries tie war salvage, redirected haulers, and quiet payments to a single pattern of jumps that only one navigator could have built.  \nSo far, the path runs from a forgotten outpost to mismatched dock logs near Neon and a corrupted orbital trace, each step hinting that whole shipping lanes are being rewritten in the gaps everyone claims not to recall.
3921	708	1	QUST/CNAM	Out here, the fields sit directly beneath the worst of the Akila Dust Corridor, where every shipment walks a knife-edge between salvation and a crater. Locals say someone has been riding the storms for them, slipping in unseen on suicide vectors and whispering course changes over dead channels the way priests used to mumble prayers. If he walks away from this ridge, he keeps the sky itself as leverage over every freighter, every settler, every missing manifest no one will ever admit to. People talk about a frozen lab where beacons were bent to twist approach paths, and a dead Navy hauler with hand-entered vectors that all carried the same ghost of a voice, the one every rumor insists belongs to him.
4394	708	1	QUST/CNAM	This forgotten relay bunker is where the grid once listened longest, a place built to catch every whisper that drifted past the patrol lines and hold it in cold storage until someone with clearance remembered to care. Concrete sweats, cables sag, and the old UC seal on the door looks more like a warning than a promise. Whatever passed through restricted airspace over Gravelight would have brushed these sensors first, leaving traces in systems designed to archive, not forgive, anomalies.  \n\nSo far the trail runs from a nameless backworld cache to a half-spoken tip in a station dive, all pointing toward altered registries, missing mass, and a rigger who keeps turning up just off the official record.
4546	709	1	QUST/CNAM	Out here, the air tastes like rust and recycled coolant, and the only thing moving is the dust drifting in a gravity profile that feels just slightly wrong. Whatever is leaching through the soil and rock at this spot carries the same subtle pull as those misaligned satellites and wayward storms; if anything ties his equations to a real place, it is whatever was bottled from ground like this. The story of that strange drift started as a half-joke in a miner's canteen, but every retelling stretched farther: from failed survey rigs, to a frontier moon's bad weather, to a dead relay's missing warnings, until the rumor walked itself all the way out here and waited for someone stubborn enough to follow it.
3451	711	1	QUST/CNAM	The rock field is where traffic goes to forget itself, a frozen storm of stone and scrap just far enough off the lanes that no one checks the logs too closely.  \nSomeone anchored a signal here years ago, probably meant as a temporary fix to patch a routing error, and then never pulled it down; that oversight left a permanent kink in local jump math, a quiet bend in space Vector has been folding his patterns through ever since.  \nYour previous finds all echo the same skew, from the corrupted registry in that backwater wreck to the misjump traces on the crippled freighter and the nervous directions whispered by relay clerks who keep seeing the same analyst's signature buried in their route corrections.
4177	712	1	QUST/CNAM	The story has to end here, on a rock no one charts, where the air peels metal and the horizon is nothing but dust and static. It is the only place left where the routes she has bent all intersect, a last, ugly knot in the web she has been weaving between convoys and graveyards. In this forgotten installation she is purging consoles, reprogramming beacons, and priming dead man bursts that will fling her version of events across the lanes if no one stops her. The first teller of this tale vanished with a blood smeared slate at a backwater stop, then the pattern of renamed waypoints in a dead survey shack, then the orbital buoy guarded by Spacers that proved someone had been steering ships toward the guns.
3465	713	1	QUST/CNAM	The Scarrunner hangs in a lazy tumble, lights dead, hull scarred like it scraped along the edge of bad math and lost.  \nWhatever happened to its crew started here, when a freighter that always ran clean routes began shaving jumps too close to a certain debris field, adjusting course the same subtle way each time until the last one cracked it open.  \nBuried in its systems will be the first hint of that shift, the moment standard procedures were replaced by someone else's numbers.  \nSo far all I have are a remote outpost's discarded slate and a handful of corrupted misjump traces; both whisper the same small deviations that no one noticed until wrecks started piling up in the same quiet corner of space.
3471	713	1	QUST/CNAM	Buried in frozen soil and silence, the abandoned UC relay bunker is where the sky itself was supposed to be watched and forgotten. Here, atmospheric traces of ships slipping through restricted airspace were filed, rounded off, and eventually ignored by officers who preferred neat reports over messy truths. The deserter chose this place because the evidence was never meant to be seen twice, only summarized and shelved until the war stories dulled. But the same quiet hands that once pushed anomalies off the record could not stop the rumors; scraps of triage logs in the dust outside Akila, a nervous clerk in Gagarin, and a dispute in New Atlantis all pointed back to ships that died on paper yet kept flying.
4221	714	1	QUST/CNAM	Coincidences pile up faster down here than trash in the gutters. Too many captains paid in quiet credits for runs that skirt the same empty patch of sky, too many street medics patching burns that do not match any weapon on the market, and a few data brokers suddenly very interested in old UC telemetry. This is where routes get bent, names get shaved off manifests, and somebody who understands jump physics a little too well can hide their trail inside other people's crimes. So far the path is a dead buoy with scrambled logs, a homestead field scarred like something tried to land sideways, and an orbiting station that heard the same static whisper three separate times before its crew called it malfunction.
3784	715	1	QUST/CNAM	Only out in a ragged asteroid belt could someone hide a sensor web fine-tuned to listen for impossible jumps, far from traffic lanes and official eyes. The rocks scatter normal emissions, turning this patch of space into a blind spot where a careful hand can reroute ships and erase the evidence after. Whatever is anchored here is part of how the routes keep bending around patrol nets, and whoever set it up counted on drifting stone and forgotten survey charts to keep it quiet. So far the trail has been a scrubbed slate on a lonely rock and nervous research logs, all pointing toward altered corridors and a vanished navigator working in the gaps between what corporations admit and what spacers whisper about.
3892	715	1	QUST/CNAM	Out here, away from port authority eyes and clean lanes, paperwork goes to die. This backwater depot is where manifests are rewritten in bad light, where haulers quietly adjust cargo tallies and no one checks the original transmission against what finally gets stamped. If there is a record of ships slipping off the books toward graveyards and forgotten wrecks, it will be buried in the half-corrupted traffic logs people swear are "just how they came in."  \nSo far I have a dead survey site with a stray dataslate, a handful of dockhands near Neon repeating the same story they all swear they heard from someone else, and a pattern of delays in frontier convoys that never quite matches the flight plans on file.
4224	715	1	QUST/CNAM	The farm ring was never meant to last this long. Hydroponic modules were bolted onto the hull as a stopgap, a way to keep crews fed while corporate worked out a proper supply chain, then forgotten once the ledgers balanced. Years later, the improvised pipework and jury rigged circulation pumps have become part of the ship's skeleton, hiding new grafts in plain sight extra feeds drawing power, nutrient lines re routed to panels that do not grow anything at all. So far the trail runs from a dead buoy with missing minutes in its logs, through a homestead field scarred by a sideways landing, to smug Neon gossip about a pilot who keeps using "temporary" routes everyone else has quietly built their lives around.
3372	716	1	QUST/CNAM	This quiet farm sits at the edge of nowhere, exactly where someone obsessed with lost ships might hide a map no one is supposed to own. The fields swallow radio noise, the sky stays clear enough for clean grav readings, and the Waggoners already live with a memorial carved from unanswered calls. Whatever was tucked away here was meant to be found only by someone who has walked the same uncertain corridors of omission and edited reports. All we know for sure is fragmentary: a stray dataslate from a forgotten backworld, falsified manifests in a derelict freight yard, and an encrypted tag behind a candlelit plaque, each whispering about altered queues, missing settlers, and a salvager who always arrives first.
3643	716	1	QUST/CNAM	The beacon drifts in cold, orderly orbit, still slaved to old traffic updates that no one has read in months. This is where the numbers live, the forgotten routing errors and quiet hand-edits that let one tug, one courier, slip through the cracks while everyone trusted the system to catch them. Out here the noise of Neon, Gagarin, and every other crowded port falls away, leaving only the bare pattern of movements and falsified paths that point toward where a shipbreaker with a stolen past would flee. So far the trail runs from a lonely rock and a dead crew's memorial to altered manifests, whispers in the underbelly, and a SysDef log that all agree on one thing: someone hid him in the blind spots on purpose.
3623	717	1	QUST/CNAM	No other place in the Settled Systems concentrates her choices like this forgotten bionics lab, where corporate trial beds and discarded implants still remember the hands that wired them. Every corridor hums with half-finished ideas, emergency power bleeding into surgical frames and neural maps as she prepares to fold herself and her work into the circuitry forever. She has been stripping code from clinics and robotics sites, salvaging firmware and memories, all to rebuild the disaster that made her and decide who it burns this time. From the first shredded case files in that freestar trailer to the gutted machines at the robotics site, every small compromise and favor has curved the trail toward this table.
4466	717	1	QUST/CNAM	Down in Neon's dripping steel gut, where grid-light and storm-rumble bleed together, numbers change hands more quietly than drugs or guns. This is where routes are laundered into rumor, where a single stray calculation can shift a convoy toward profit or disaster without a clerk ever seeing the edit, and where her work has been sliced into saleable fragments. The ledgers and side-channel agreements buried here show which captains, brokers, and data techs have been buying her corrections, each swearing they only heard the pattern from someone else first. So far the trail runs from a redacted hearing in the capital to scattered freighter logs and a half-whispered name passed between LIST crews and Neon fixers.
4363	718	1	QUST/CNAM	Out here, in the drift between rocks, is where someone hid the thing they meant to come back for. The beacon sits in the shadow of shattered stone, quietly listening to two channels at once, routing whispers from frontier habitats toward coordinates that do not appear on any civilian chart. Whoever set this up needed distance from prying traffic and enough clutter to lose a transponder trail, but the unfinished routing tables say they never returned to finish the job. So far the trail runs from shaken settlers at a remote retreat to a buried UC listening post and a derelict hangar full of cannibalized life support rigs, all pointing toward one engineer who treats entire colonies like numbers in an experiment.
3837	719	1	QUST/CNAM	Neon's underside is where systems go to be forgotten, not repaired. Down here, between leaking condensers and flickering conduits, maintenance subroutines and flow controllers keep cycling long after anyone remembers who wrote them or why. If he wanted a place where old logic could keep quietly routing air, water, and data along paths no one audits anymore, this is it. Tapping into those loops will show which corridors he has been riding under the city's nose, and where they empty out once they leave Volii's shadow. So far, the trail runs from a dead rock to a silenced cargo hull, and now to a buried heartbeat in Neon's machinery that has been following his numbers for years without a single human signing off.
4380	719	1	QUST/CNAM	Tucked into the rock far from any beacon, the pirate relay shack is where bad habits go to rot; smugglers trust it, officials ignore it, and its consoles hum on the same unattended cycles they have used for years. That is why the fragments you are after had to land here: a forgotten junction where altered routes and duplicated bands could slide into storage without triggering alarms, just another day s smuggling traffic until someone finally noticed the pattern. The broker who hid them counted on complacency, on the way routines changed quietly after that dead Navy freighter and those hushed payments to backwater clinics, all lining up with blackout scars on frontier farms no one wanted to write reports about.
3437	720	1	QUST/CNAM	Once this place fed jump orders to fleets; now it is a hollowed-out skeleton buzzing on backup power, perfect for tucking away something that listens to the lanes without anyone officially admitting it exists. Buried in the old war-room circuitry, whatever has been humming along with modern traffic is still wired into forgotten UC relays and ghost beacons, quietly pulling patterns that point back to one man. The Grim Cohort holds the interior like they are guarding a bad conscience, and every story about why they are here contradicts the last. So far all anyone agrees on is that a wrecked freighter carried math it should not have had, and a retired command node has been whispering the same signature ever since.
3652	721	1	QUST/CNAM	The relay squats in the dark like a memory everyone swears has faded, yet its antennae still rake the void for whispers no one admits are there. This is where the old diagnostics kept running after the technicians went home, where someone quietly spliced new code into forgotten UC routines and taught them to listen for patterns the official charts refuse to acknowledge. The gang camped here treats the place like just another salvage pit, but their guns say someone paid them to keep curious hands off the archives. So far the trail has been stolen sensor blocks, nervous testimony from a buried UC posting, and a growing realization that the same anomalies keep surfacing where the paperwork insists nothing is wrong.
3675	724	1	QUST/CNAM	If there is any place where unauthorized power work can go unnoticed, it is Gagarin Landing, with its half-abandoned plants and rusting conduits humming under cheap repairs. Buried in that tangle is the routing pattern that ties Vector's jump anomalies to real infrastructure, the kind of map only a former inspector or a very patient saboteur could assemble. Someone in UC coveralls clearly started to trace it, left half-finished annotations in the dust, and then simply stopped showing up for their shift. So far, the trail runs from a quiet cache on a backworld, through a gutted relay in orbit, into redacted oversight logs and a pattern of improvised power work that always bends toward the same uncharted coordinates.
3377	725	1	QUST/CNAM	The lower decks of Neon are where the city's power bleeds and its memories are scrubbed, which makes them perfect for hiding a record of paths no traffic controller will admit exist. Down here, runoff from the grid pools in forgotten channels, and only the people who live in permanent shadow can trace which conduits are official and which feed quiet side doors for salvagers who never pay docking fees. Somewhere in this dripping maze is the pattern that links anonymous jump entries to unmarked tows, a pattern first hinted at by a stray dataslate on a dead rock and half-erased manifests in a forgotten freight lot, then whispered again in the numbers behind a lonely memorial where settlers' names outnumber their ships.
3508	726	1	QUST/CNAM	Out here, on a nameless stretch of dirt far from the lanes, the air is thin and the sky is clean enough that no one bothers to look up when something goes wrong. That is exactly why he would test things here, where a bad harvest or a failing purifier can be shrugged off as frontier luck instead of design. Whatever is in these drums and soil reports will show whether the collapses were natural or tuned, whether his numbers have been walking ahead of the failures or pushing them. So far the trail is unsettlingly straight: a forgotten survey cache in the backcountry, an orbital log that did not match its own debris field, and corporate schedules that always seemed to tighten around the same kinds of fragile settlements.
3982	726	1	QUST/CNAM	The abandoned UC listening post still hums with half-asleep systems, walls lined with scrubbed logs and redacted manifests that never made it back to central review. This is where quiet corrections were filed, where people learned that speaking plainly about missing ships and wrong jump angles could end a career, or worse. Whatever ledger was kept off the books here is one of the few places his edits and official silence overlap; without it, the pattern stays rumor.  \n\nSo far the trail has given you a stray datapad in backcountry rock and a buried monitoring station full of censored telemetry, each hinting that the same hand has been bending charts while everyone with clearance learned to talk around what they saw.
4055	726	1	QUST/CNAM	Out here, between grav wells and patrol grids, is where someone like her would hang a listening post and never give it a name. The little beacon riding this orbit is doing more than navigation; its pulse is folded with routing updates, timing cues, and quiet course corrections that only make sense if you already know the pattern. Whatever coordinates she trusts enough to use repeatedly will be buried in those intervals, tucked between the numbers everyone pretends not to see. So far the trail runs from that empty frontier homestead, to the corrupted telemetry near its sky, to lab notes and substrate tests pointing at the same deep-space anomaly, each clue suggesting her next jump is charted just beyond official maps.
4098	727	1	QUST/CNAM	Ryujin's tower is where numbers stop being abstract and start deciding who gets to exist. If anyone is quietly tunneling through corporate ledgers and faction warrants, there will be fingerprints buried in the interfaces that supervise payrolls, benefits, and write-offs for half of Neon. The stories drifting through Ebbside say some quiet auditor out there can flip a foreclosure or vanish a bounty from behind a public terminal, and every retelling insists the access starts here, under glossy conference rooms and sanctioned data vaults. So far, the trail is a scratched dataslate on a backwater rock, a corrupted traffic beacon in orbit, and a derelict SysDef hull whose cargo logs rewrote themselves while the crew slept.
4397	727	1	QUST/CNAM	Out in high orbit, far from traffic lanes, the old recon grid still listens to nothing and remembers everything. This is where path and pattern can be separated from rumor, where the sky itself keeps a ledger no clerk can quietly amend. The sensor buoys hang in silence, but their last recorded vectors will show which shadowed corridor a salvager chose when he slipped through restricted airspace, and who helped him pass unseen.  \n\nSo far the trail runs from a quiet cache on a forgotten rock to nervous half-truths in a backroom bar, then to a relay bunker where logs did not quite match the official story, and every time the subject edges close to certain derelicts, the people who were there stop meeting anyone's eyes.
4557	727	1	QUST/CNAM	Down here beneath the gridwork and rain-streaked neon, the city's forgotten supports carry more than power; they carry secrets no one ever bothered to log. This is where back-channel brokers sketch their own version of the Settled Systems, marking which corridors are safe, which docks are watched, which names carry quiet protection. A single misdrawn line, a misheard registry digit, can strand a hauler in the wrong orbit or send a debtor straight into the arms of someone like Luc, and no one corrects the chart afterward. So far the trail is a lost dataslate on a backwater rock, cargo anomalies around Gagarin's loading bays, and whispers that the same unseen hand is redrawing routes for people as easily as for freight.
4036	728	1	QUST/CNAM	Trade Authority hulls are supposed to be forgettable, moving other people's secrets on predictable lanes, but Deepwater TR-9346 hangs dead in the dark like a confession someone tried to erase. Whatever was worth killing the lights out here was important enough that crews in distant ports only mutter about it over half-finished drinks, afraid the wrong ears are always listening. If Rourke and Vector wanted a record of where they vanish between systems, this is where they would hide it, behind manifests and routing codes only smugglers and accountants understand. So far the trail runs from that isolated homestead to strange orbital telemetry, each whisper tying their movements to off-the-books cargo and vanished convoys.
3348	729	1	QUST/CNAM	Gagarin Landing is where the ground still remembers steel; pipe runs and service conduits here once tied directly into the same freight flow that fed the graveyard he haunts. Buried in these rusting backlines is the one piece of routing work he could not do alone, a quiet splice left for a partner who never came back to finish the job. If that forgotten connection still exists, it will translate local chatter and yard schedules into a path that mirrors his private drift between derelicts. So far, the trail runs from a lost dataslate on a nowhere rock, through a stripped Deimos lot and a silent relay bunker, each step peeling away the lie of random chance and exposing a deliberate orbit around old wrecks and older guilt.
3764	730	1	QUST/CNAM	Down in Neon's underbelly, the air tastes like rust and Aurora bleed-off, and every corridor angles just enough to make you feel watched. If anyone is massaging risk for a living, their records will be buried where the house rigs every game and the losers keep coming back anyway. Here, nav-sellers and data snakes whisper over cheap drinks about routes that never make it onto official charts, and the same three-branched patterns keep surfacing in side-channel chatter before being laughed off in public. Back in Gagarin the captains only muttered about a ghost planner and strangely familiar corridors; now the numbers, the rumors of GalBank losses, and the quiet respect paid to a certain ex-navigator are starting to line up.
3588	733	1	QUST/CNAM	This orbiting cache exists precisely because someone meant to clean it up and never came back; a freight ghost hanging off the lane, wrapped in a hull scarred by old burns and the lazy patrol patterns of the Specterborn. Log buffers are full, message queues jammed, manifests half-updated then abandoned, as if a clerk somewhere assumed a cleaner hand would sweep the data into silence. Instead it drifts, preserving a perfect record of where one particular hauler slipped off official routes and down toward quieter soil. So far the trail runs from a forgotten groundside cache to a dead archive in an abandoned lab, to retrofit notes in a dusty shipyard, each step tightening the circle around a single name everyone avoids saying.
3684	733	1	QUST/CNAM	Out here, away from patrol routes and station traffic, an Aegis agent chose to die with their back to bare rock and their notes locked behind personal encryption. Whatever they wrote, they wrote where no one could overhear, which means it cuts too close to the kind of truth that gets edited in committee rooms. The terrain is nothing, the air thin, the silence heavy, but that is exactly why the trail passes through this spot.  \n\nSo far I have a dead cache on a nameless world, a broken recorder in orbit, and whispers from New Atlantis about redacted audits and missing test crews; each piece feels straightforward on its own, yet together they keep slipping sideways every time I try to draw a clean line through Vector's path.
4018	733	1	QUST/CNAM	The scout hangs adrift in the dark like a redacted line in a report, its UC markings scoured by time and panic. Whatever passed through its nav-core was important enough for someone to let a Vanguard asset vanish rather than admit what it had seen. Inside, frozen telemetry and half-burned logs still remember the routes it was ordered to fly, the patterns someone tried to erase, the sketch of a grid that should not exist. If any record survived the purge, it will be here, between cold steel and dead consoles. So far, all we have is a scavenged dataslate from the fringe and fuel tallies that do not match declared flight plans, both pointing to hidden corridors in the lanes that captains whisper about but never quite agree on.
3608	734	1	QUST/CNAM	The smell of coolant and burnt sealant hangs low in the maintenance bay, a permanent haze that makes every breath feel a little compromised, a little negotiated. Whoever keeps engines running here also keeps the local air monitors talking to the wrong people, and the crew that calls this place home looks just nervous enough to know it. The story is always the same: no one has heard of him, no one touches atmospheric firmware, everyone minds their own business while systems quietly rewrite themselves. From the forgotten outpost to the courier that vanished from its route, the pattern so far has been thin comfort layered over quiet sabotage, and this is the first place where fear and convenience finally share the same toolbox.
3206	735	1	QUST/CNAM	RS-8275 Riftblade hangs in the dark like it died mid-thought, running lights off, systems idling just enough to keep the cold from chewing through the hull. If there is anywhere the story might be written plainly, it is on a ship like this, far from auditors and angry clients, its logs untouched since the last jump went wrong. Whatever record is tucked into its systems should be just numbers and routes, nothing mystical about it, yet everyone who mentioned this vessel spoke in careful hedges and changed the subject fast. So far the trail is thin but persistent: a datapad in the dust, jittering readings from a lonely monitoring shack, now a nameless hauler with drive history that does not quite match the story its owners told.
3533	735	1	QUST/CNAM	The old relay bunker sits just outside the sweep of current patrol grids, a rusting nerve ending from a war everyone pretends is over. Its dishes still point at empty sky, listening, storing echoes in systems no one bothered to fully shut down. This is where a lone tech pulled atmospheric traces that did not match any registered flight plan, then walked away from their post and never raised their voice about it again. The data they stole is the only honest witness left. So far the trail runs like this: a buried dataslate in the frontier, careful half-truths in a Neon tower, then a SysDef hull adrift with logs that all agree on one thing, if nothing else the same signature keeps slipping through airspace that should be locked.
4003	735	1	QUST/CNAM	The outpost is quiet in the way only abandoned military hardware can be, all dead screens and half-heard echoes in the ducting, but the lines are still listening. Buried in its cold racks are route corrections and signal ghosts no one ever meant to file, the kind of numbers you only keep when you want to bend traffic without leaving fingerprints. Whoever paid the Gutter Deadwater crew to squat here understands that; they are not guarding rubble, they are guarding a story that cannot stand daylight.  \n\nSo far the trail runs from a stray dataslate on a forgotten rock to hushed boasts in backroom bars about ships that left port on one course and arrived along another, with a pilot no one names steering those quiet corrections.
4180	735	1	QUST/CNAM	It hangs in the dark just off the main traffic spine, a sliver of metal and code sitting where no registered beacon should be, yet close enough that every drifting hauler brushes its gravity well of bad advice. This is where the invisible hand on the lanes does its work, nudging convoys a fraction of a degree toward empty space or waiting guns, and the battered hull of the SL-6956 Dustshank circling it says someone has been profiting off that adjustment for a long time while everyone else looked the other way. So far the trail runs from a forgotten surface shack with wiped consoles and strange waypoint names to a dead lifeboat looped in panic, and every scrap of data points back to the same quiet reshaping of Narion's routes.
4369	737	1	QUST/CNAM	Out here the Deserted Relay Station is more than scrap; it is the last intact nerve in a network she has been carving up for years, the only place she can stand at the center of every blackout and pull the plug on whole systems at once. Its old UC hardware still ties cleanly into buried trunk lines, letting her flood the dark with one final burst of doctored truth or burn the raw records before anyone else can see them. Someone in uniform tried to erase those records long ago, but redacted logs, drifting cargo hulks, and hushed bar stories kept the shape of them alive; a dead ship with sabotaged relays, a frontier farm that went silent at the worst possible moment, and a trail of payments to outposts no one wanted on the books.
4422	737	1	QUST/CNAM	Down here the city's glow turns to a damp, electric haze, and every rusted mech frame and jury-rigged servo hums with stolen power. If Vector wanted to hide his numbers inside hardware, this is where the trail would surface: in off-the-books repair jobs, "upgrades" that quietly rewrite flight logic, and half-remembered sightings of a ghost technician tweaking guidance cores for drink money. The only way to separate rumor from math is to strip these machines back to their bare vectors and see whose hand tuned them. So far I have a forgotten dataslate on a backworld, a crooked orbital buoy, and freight captains in Gagarin who insist their ships turned away from something in the dark that no official log will admit was ever there.
3536	738	1	QUST/CNAM	Behind the glass and chrome of Ryujin's tower, the real memories are kept in air-gapped corners and mislabeled archives, where no quarterly report ever reaches. If anyone in Neon has a record of which ships vanished on impossible shortcuts and which executives signed off on those quiet contracts, it is buried in this building's forgotten copies, not out in any spacer bar. To follow the trail further, the paper ghosts have to be forced into the light. So far all I have are fragments: a stray dataslate in the back country, nervous denials in a corporate office, and a cutter's corrupted logs that all point to the same kind of route, the same missing name, and a pattern of "oversights" that feels too deliberate to be simple neglect.
3729	738	1	QUST/CNAM	The farm looks harmless from orbit, just another patch of soil and machinery clinging to a thin margin in Freestar space, but the traffic patterns tell a different story. Haulers that never show on public ledgers keep dropping in after dark, and local talk drops to a murmur whenever someone mentions certain cargo manifests. Whatever path the salvager is carving through war wrecks and abandoned yards, the records tying it together were hidden where nobody expects more than grain and root vegetables. So far, all anyone will admit is this: a stray slate out in the black mentioned a missing tug, that tug's markings turned up on scrap buried in a field, and every whisper since has circled the same shipbreaker's name in hushed voices.
3948	739	1	QUST/CNAM	Out on the moon's dark side, the cargo relay hangs just far enough from the lanes that nobody asks why manifests never quite match the traffic. This is where hearsay hardens into evidence, where a fence who swears he only moves scrap just happens to handle the same sealed containers that keep turning up in frontier crises. Every dockhand here has a different version of the story about a quiet Scotsman routing lifelines and ghosts through unlogged bays, the tale growing taller each time it changes mouths. So far, all you have are a lost dataslate, an overfed harvest that should have failed, and a ledger from a dead farm that sketched a hidden spine through the Settled Systems, every segment marked with his patient, practiced hand.
3704	740	1	QUST/CNAM	Gagarin Landing is where the numbers stopped adding up and nobody bothered to ask why. Old tug parts, refitted grav-drives, and forgotten cargo records all passed through here, each slightly mistranscribed, mistimed, or misfiled until the errors formed a corridor only one pilot knew how to read. Whatever is hidden among these refurbished hulls and corporate refurb shops is the translation key that turns those scattered mistakes into a deliberate route, the next bend in her invisible lane. So far the trail is stitched from chance and oversight: a mislaid dataslate in the back of beyond, incomplete logs from a quiet lab, and a relay that repeated the wrong traffic just long enough for someone like her to disappear between the lines.
4205	740	1	QUST/CNAM	The asteroid field is the only place this fragment could survive unnoticed, tucked between dead rock and background noise, its signal warped by drifting stone and old collision scars. Whoever seeded it here understood Grav Drive telemetry and how to hide a map inside the static, counting on distance and radiation to erase the last trace of a forbidden pattern. But stone shifts, sensors grow sharper, and whispers about a missing pilot and a lost experiment have pulled too many eyes toward these broken orbits to ignore. So far the trail runs like this scattered data in a forgotten system, a hushed exchange above a quiet colony, and the growing suspicion that all those grav spikes and redacted logs are pieces of one long erased jump.
4321	741	1	QUST/CNAM	Out here the orbit is wrong in ways the charts do not admit, a thin ring of wrecks and cold buoys bent around a single, precise disturbance in the dark. Whatever she has been testing, this is where the pattern tightens, where a harmless calibration rig became the quiet heart of a new lane that threads between patrols and trade alike. Left alone, it settles into routine, just another invisible shortcut baked into the habits of smugglers and frightened settlers until no one remembers who first drew it. The trail so far runs from a cramped Freestar trailer stacked with nervous Ranger notes to a scarred sensor buoy replaying the convoy's last seconds, each record showing her math slowly migrating from sanctioned grids into the shadows.
4478	741	1	QUST/CNAM	Out here in the dark, where a GalBank protection ship drifts without escort or explanation, numbers mean more than guns; this is where the quiet decisions that starved or saved whole colonies were recorded before someone tried to erase them by losing the entire vault to deep orbit. The GA-2267 Securehaul was never meant to be a tomb, just a moving firewall between investors and risk, but a slow accretion of pressure, audits, and off-the-books riders turned it into the only place the unedited story still lives. Back in the factories and docks you found scorched manifests and uneasy inspectors in Gagarin, each hinting that freight routes, loan terms, and crop failures were not accidents but the first visible seams in a larger design.
3605	743	1	QUST/CNAM	Out here, suspended between a dead black sky and the thin glow of another struggling world, nobody can look away or pretend not to see the pattern.  \nOnly an orbital trail record can show how often his work brushes past the same colonies, how many times a maintenance shuttle lingers just long enough to rewrite a forecast before vanishing into deep transit lanes.  \nPlanetside, mechanics mutter into their cups and supervisors suddenly find urgent business elsewhere when his name drifts through conversation, but the telemetry does not avert its gaze; from the outpost logs, the courier manifests, and the doctored garage readouts, the same masked flight profile keeps surfacing, tying his movements to every quiet failure on the frontier.
4315	744	1	QUST/CNAM	This forgotten listening post is where old signals go to be ignored, which is exactly why someone chose it as a dead letterbox. Its orbit is decayed but stable, too cheap to deorbit, too minor to reclaim, so it just hangs here with its dishes half-locked, catching echoes no one is supposed to see. Whoever has been bending the lanes needed a place like this, a station with a reputation for holding on to hardware, logs, and assignments long after the budget said they should be gone. So far, the trail is thin but real: a scorched dataslate in a backwater shed talking about unsafe drones, and now this derelict node, its power draw just a little too high and its receivers pointed a few degrees off where any honest relay would be listening.
3223	745	1	QUST/CNAM	This place is where the lines cross, where an old civilian shell fronts for an autonomous plant whose guidance code has been rewritten so many times it hums like a choir of ghosts; if the heart of it keeps beating, more ships will drift into carefully shaped funerals and no one will ever prove why. Word is Outcast Detail are inside, guarding something they swear is just another black job for a faceless handler, and every tech, merc, and clerk who mentions it insists they heard it from someone else first, like the rumor is walking on its own. So far the trail has been a relay that talked after it died, a gutted merc post with doctored beacons, and scattered logs all mapping back toward one engineer who never stopped cleaning up the war.
3539	746	1	QUST/CNAM	Out here the Helium-3 stacks are more than fuel; they are leverage on every ship that dares to jump through this sector, and he has tied the plant's grav regulators into a single twitch of his hand. The towers hum at the edge of harmonic failure, pressure alarms ghosting through the metal like distant thunder, promising that one wrong surge will light the sky and scrub every trace of his work. Cutting him off here means severing his last, dirtiest lane before it ripples across trade routes and warfronts alike. We traced his pattern from a corrupted beacon in the rocks to a Freestar hulk gutted by overstrained drives, each log whispering the same careful handwriting and the same missing seconds nobody in the reports wanted to talk about.
3670	746	1	QUST/CNAM	All the trajectories converge on this tower. Its upper labs once modeled grav behavior for the core worlds, the sort of place Vector audited before the numbers were softened and the warnings buried. Whatever she left behind to point the way will be encoded in work no one outside a handful of specialists even understands, which is exactly why a rogue unit like the Sundered Commandos was sent to lock it down. They argue in low voices about whose orders they are really following, but never loud enough to force a line in the sand. So far the trail shows only fragments: a stray dataslate on a backworld, a gutted satellite in orbit, redacted files pried from a quiet annex, and now a pattern of erased research that all traces back to her hand.
3857	746	1	QUST/CNAM	Out here, far from any lane that shows on public charts, the beacon hangs alone in the dark, singing corrections into empty space. This is where her work stops pretending to be an accident; every pulse carries a tiny shove, enough to bend traffic away from patrols and toward whatever quiet corridor she favors next. Intercepting that song here, at its source, is the only way to see which horizon she is steering toward before the route hardens into habit and rumor. So far the trail has run from a forgotten outpost, to a faulty orbital transmitter, to a drifting vault ship full of misaligned logs, each step recorded in half-phrases and careful omissions, like everyone hearing the same story but quietly agreeing not to repeat certain parts.
4216	746	1	QUST/CNAM	The ground around this quiet settlement still remembers what no one here will describe. Soil meant for crops has been fused and pitted in a rough circle, as if something far heavier than any farm shuttle bled its wake across the homestead and left in a tearing hurry. This is the only place where scorch, strange gravity scars, and a frontier community's sudden silence overlap, where whatever was offloaded or hidden would have brushed against ordinary lives before vanishing back into the lanes. So far the trail is a half erased sensor reading over an empty world, a frightened story told in orbit about a ship that never showed on scopes, and the way every local here talks around the night their sky hummed and nobody was supposed to see it.
4524	747	1	QUST/CNAM	It had to be this hulk, drifting where GalBank's clean ledgers cannot follow. The vault-ship is a dead node in Vector's geometry, a place he once trusted to lock away the trajectories that no board wanted on record. Its armored data holds the pattern of every quiet satellite nudge, every storm band moved a fraction off true, and past disputes over flood claims and failed harvests left faint administrative scars in its archives that guided those files here like silt in a current. Back on the fringe station and that abandoned listening post, we saw only corrupted pings and denied payouts; out at the lonely rendezvous in deep space, the trail sharpened into altered beacons and GalBank codes all pointing toward the same unseen hand in orbit.
3924	748	1	QUST/CNAM	PX-7708 hangs where the grav shear first bit through its hull, a dead weight on the edge of a corridor no sane pilot should have used once, let alone mapped. Whatever hand overrode Navy protocols and walked this ship into the teeth of the storm left its trail in the guidance banks and nav records no one has dared to sanitize. Out here, away from tribunals and insurance hearings, you can read those scars without filters, see whether a human navigator has been writing new rules for who lives and who vanishes. So far, the trail runs from a frozen lab full of twisted beacons to whispers about migrant convoys and quiet payments routed through Trade Authority shells, each step pointing to the same calm voice that treats storms like safe harbor.
3591	749	1	QUST/CNAM	Whatever was being tested here was never meant to see daylight, which is why it has to be erased in the same dead corridors where it was born. The outpost is long since emptied of researchers, but not of watchers; the Lima Devils haunt its halls now, treating the silent labs like inherited turf, guarding something they probably do not fully understand. Schedules here slipped years ago, one shortcut at a time, until dangerous work became just another box to tick and nobody noticed when the rules stopped matching the practice. So far I have followed a trail from a forgotten cache in the wilds to a derelict archive, then here, where the first proof that someone rewrote the frontier's soil was locked away and quietly folded into gang business.
3840	751	1	QUST/CNAM	Rumors at the edge of the system say the array has been watching longer than any survey charter, listening from just beyond where the charts grow thin. Some swear it caught a colony dying in real time, others whisper it tracks a single ship that never pings transponders the same way twice. What it actually recorded will show which empty lanes he trusts when he slips past LIST and Argos eyes, and where those lanes bend toward something no one wants to put in writing. So far, every fragment I have pulled points to poisoned settlements, scrubbed cargo approvals, and maintenance ghosts in Neon's underbelly, all circling one surveyor who understands that people will believe any story about the frontier except the one that blames their own hunger.
3635	752	1	QUST/CNAM	OM-2098 rides dark in its patrol arc, a UC SysDef hulk still broadcasting clean credentials while whole decks hang half-powered and uninspected. If there was ever a place for something to pass quietly under the Navy's nose, it is here, buried in an overworked command net that trusts its own transponders more than its crew. The same culture that treated tug hands as expendable let this ship become a blind spot, and that blind spot is where the numbers on Rivet's trail finally align with official records and the people who doctored them. So far, the path runs from a forgotten rock and a discarded slate to scattered yard rumors, a grieving family's recording, and a Trade Authority broker who remembered the wrong pilot asking the right questions.
3525	753	1	QUST/CNAM	The KN-4320 drifts under bruised starlight, its hull lights dead, its transponder still whispering UC SysDef credentials that no one has questioned in far too long. Out here, away from patrol lanes and busy grav wells, the silence around a sanctioned tactical ship is its own alarm. Whatever was pulled from investigation archives and routed through this frame was meant to stay buried in an empty sector, where Vector's experiments and the system's embarrassment could coexist unnoticed. A forgotten dataslate in the frontier, a nervous clerk's mismatched permits, and telemetry leaks from an old simulator all say the same thing: someone has been reshaping official routes with outlaw math, and command let the signs float out here, unseen, for years.
3658	753	1	QUST/CNAM	Up here the city peels away, leaving only steel bones, humming relays, and the crackle of the Conduction Grid clawing at the sky. This is where she can stand above every antenna and uplink in Neon, splice her signal into Ryujin feeds and Trade Authority channels at once, and loose years of stolen memories before anyone can cut the power. Winds carry the ozone stink of overworked capacitors, and every flash of lightning across the span could be another packet of truth or another lie set in stone. You chased her trail from a buried dataslate in the dust, to quiet questions in Neon's heart, to a courier drifting cold in the dark; each step showed the same ghost signature, the same careful edits, and faces that remembered just enough to be afraid.
3940	753	1	QUST/CNAM	The farm sits where the frontier thins out, half-swallowed by dust and silence, a place supply routes once skirted and then simply forgot. That is why the trail converges here: nobody bothered to sanitize the records, scrub the consoles, or pull the last map off the wall when the crops turned bad and the locals walked. Directive Coldfront holds the ground now, too professional for raiders, too temporary for settlers, guarding something they likely do not fully understand, just following coordinates and pay slips. Earlier, a stray dataslate in a lonely shack led to whispered testimony about armed escorts at miracle fields, and both pointed toward a pattern of hidden corridors and rerouted shipments that all bear the same careful, Scottish hand.
3337	754	1	QUST/CNAM	Whoever left these route traces out here did it in a hurry, then came back later and tried to scrub them clean; you can see it in the broken timestamps, the gaps where jump data should be, the way official patrol logs suddenly get very neat around the same days. This is not just navigation history, it is a record of who knew she was bending the lanes and how close they came to catching her before somebody higher up decided it was safer to pretend none of it ever happened. Trouble is, secrets like that leak; an Aegis agent with too many questions vanishes to the fringe, smugglers start talking about "haunted corridors," and a dead LIST slate on a forgotten rock lines up just a little too well with convoy "malfunctions" no one wants on the books.
3918	755	1	QUST/CNAM	The old drop shelter sits exactly where smugglers and raiders like to vanish between radar sweeps, its hull half-swallowed by dust and forgotten report files. Inside, the air tastes of stale propellant and burned circuitry, the kind of place a nervous liaison would hole up to sort contraband routes in peace, far from officers with questions and clients with guns. Whatever he kept here was meant to be revisited, adjusted, expanded, but the scattered bottles and half-packed crates say he left in a hurry and never circled back. All you have so far is a dead courier's fractured nav slate and whispers that the same pilot's name haunts both that trail and this bunker, hinting that these corridors were the first threads in a much longer invisible line.
4072	759	1	QUST/CNAM	The AR-6086 Gunspire hangs in the dark like a loaded die someone forgot to roll, squatting over a patch of empty orbit no trade lane ever bothers to cross. Whatever ledger of routes and stresses Torque has been feeding his patterns into would have to be kept somewhere no auditor or shipyard clerk could stumble across it by accident, and a gunship turned silent warden fits the superstition perfectly. Every spacer who mentioned this hull gave a different version of what it guards and who it answers to, but the details always circle the same path: a ghost outpost, an off-the-books cache, a SysDef derelict whose altered patrols and scrubbed logs keep pointing back to the same mechanic and the same quiet string of near-failures no one wants written down.
4461	760	1	QUST/CNAM	Out here, skimming the dark limb of an unnamed world, the noise drops away until only grav tides and reactor hum remain, and that is exactly the kind of silence she needs to write her own corrections into everyone else's maps. The relay sitting in this orbital blind spot has been sampling every ship that dares a shortcut, folding their mistakes and near-misses into a pattern only she understands, while the hired guns circling it think they are guarding nothing more than another piece of junk. Back in the capital the archivist whispered about erased warnings, and the first corrupted logs on that forgotten rock showed identical hands on the course corrections; every story since then has repeated her name with a little more fear and a little less blame.
4484	760	1	QUST/CNAM	The dead Deimos yard hangs crooked over the moonlet like a rusting confession, every torn hull plate and silent crane a reminder of who taught this place how to come apart. Only here could she twist the machinery she once served into a shelter, a weapon, and a blind spot in UC surveillance, feeding stolen relay fragments into old shipbreaker systems while rival hunters close in. The pattern of her flight has always curved back to scrap and secrecy, and this is the last patch of metal she can still call her own. From the support ship we pulled a corrupted trail of seized hardware; in the mine, we found proof that someone paid well to bury her name. No one said what they were really afraid of, only that if we kept following the cuts, we would find her.
3405	761	1	QUST/CNAM	The moonside cargo relay sits in the dark between worlds, a forgotten joint in the freight skeleton where manifests go missing and sealed tanks change ownership without ever touching a customs screen. This is where people like the broker make their real living, shaving truth off the numbers for whoever pays best, and where the pattern of diverted water and ghost shipments can finally be seen without the noise of a busy port. Crack the paper-thin lies here and the routes Catalyst favors stop being rumor and start becoming coordinates. So far the trail runs from a broken dataslate on a dead rock to nervous haulers in Neon's back alleys, all whispering about tankers off the books and a hydrologist who treats trade lanes like veins to be rerouted at will.
3488	761	1	QUST/CNAM	Out in the thin glow above the planet, the deep space recon grid still listens, a rusted halo of sensors no one bothered to decommission because no one bothered to remember it existed. This is where raw grav noise becomes pattern, where tiny shifts in a ship's course are recorded long before flight control decides what the official story should be. If someone has been cutting their own lanes through restricted sky, the proof will be in these forgotten echoes, split time stamps and mismatched vectors quietly archived and never reviewed. You have already chased ghost readings from an abandoned station and unearthed buried scans in an old bunker, each hinting at a lone navigator slipping past patrol grids along paths the public charts never acknowledged.
3945	761	1	QUST/CNAM	Down in The Well, the air hums with recycled water and secondhand stories, the kind of place where routes are bought in whispers and no one ever claims to be the source. If MacLeod has been moving dangerous cargo and people through the cracks of the Settled Systems, the records of who paid, who looked away, and which ports opened at the wrong hour will be anchored here, buried under layers of favors and deniable transactions. Every dockhand, broker, and drifter swears they only heard his name from someone else. So far, the trail runs from that first stray dataslate to anxious settlers on the fringe and a glowing farm that should have failed, each step tightening the circle around one man who understands supply lines better than any government auditor.
4256	761	1	QUST/CNAM	New Homestead matters because this is where the sky has been bent into his argument. The old colony relies on clean approaches to keep its lifeline intact, and Vector has rewired those beacons into the spine of his final chart, forcing every inbound ship to ride the edge of his math. If he finishes here, the corrected routes he broadcasts will ripple through the wider network, rewriting more than this one world's sky and locking his lattice in before anyone can refute it. The trail to this point started with a buried dataslate on a forgotten rock, then a survivor's haunted testimony in this same settlement, and finally a corrupted relay hanging in quiet orbit, each step tightening the pattern around one navigator who never stopped adjusting the lanes.
3434	762	1	QUST/CNAM	In the husk of the depot, amid half-drained power cells and cargo that never found a buyer, the old routing spine still hums, feeding quiet instructions into the beacon grid every time a freighter passes nearby. This is where Vector tested his math against real ships and real lives, burying his work in the same forgotten infrastructure the Spire Skulls now strip for scrap and blood money. Cut this node and the pattern of his hand in the lanes will stand out at last, however he has tried to diffuse it through abandoned hardware and missing manifests. So far the trail has been a string of dead haulers, encrypted logs under a decommissioned base, and freight records that all point back to one vanished consultant who keeps rewriting the same few corridors.
3812	762	1	QUST/CNAM	Out here the stories say he talks to his clients through dead hardware, riding along on forgotten relays and survey beacons nobody bothered to decommission. This lonely rig in high orbit fits the pattern too well to ignore, and the crew of the Riftclaw is not babysitting it for charity. If there is a signal that links his math to a real departure point, it will be hidden in whatever this platform has been quietly forwarding. So far the trail is all secondhand talk and half-sanitized records a corrupted slate on a backwater rock, a doctored manifest in a wandering freighter's hold, a war-era sim that does not quite agree with itself each rumor pointing to the same soft-voiced navigator who keeps turning blind spots in the net into private thoroughfares.
4560	762	1	QUST/CNAM	Deimos has always been where things go to sit too long, from old hulls to unpaid invoices, and the scrapyard is where both finally start to blur together. Here, under frozen floodlights and half-stripped frames, manifests outlive the ships they belong to, and paper trails cling to rusted bulkheads long after GalBank pretends they were closed. If there is a record of who has been quietly redirecting assets and escorts, it will be buried under these retired keels, watched by contractors who know the value of a forgotten registry stamp. So far the trail is a mislaid slate in lonely orbit, freight that never matched its paperwork in crowded Gagarin bays, and a hand in Neon's shadows redrawing safe routes for those who paid in the right kind of desperation.
3962	764	1	QUST/CNAM	The abandoned relay bunker sits exactly where the patrol grid frays, a forgotten knot of concrete and antennae that once listened to every ship cutting through this slice of sky. Whatever those stolen scan logs recorded, they were taken here, under codes that still recognize UC clearance and still echo with the fugitive's passage through restricted airspace. If any record survived the purge orders, it will be buried in these darkened consoles, in the gaps between official routes and the paths a cautious engineer would carve for himself. The trail has been pulling you this way since that corrupted buoy in orbit, each rumor and registry error bending toward the same pattern of vanished hulls and one stubborn signature threaded through every quiet disaster.
3798	765	1	QUST/CNAM	If his equations touched flesh and blood anywhere, it is here, in the star-station that quietly logs every grav-scarred pilot and every misjumped freighter under the language of medicine. The Clinic is where route experiments stop being theory and start leaving lesions on nervous systems, and its archives are thick with redacted scans and off-the-record consultations that someone like him would need to refine a corridor no one else can see. What began as a half-heard spacer tale in a remote rock, then a doctored cargo log on a wandering hauler, then an old war sim from a forgotten bunker has become a story retold in waiting rooms and freight bars a rumor of a soft-voiced navigator whose math keeps showing up wherever ships vanish without leaving wreckage.
3326	766	1	QUST/CNAM	The busted hulls and stripped frames in this yard are just the bones; the real story is in whatever data the scavvers were too scared or too stupid to wipe. If someone has been bending safe lanes around an unseen point, the first honest record of that curve will be in the navigation guts of ships that never made it back to port, and this is where their remains ended up. The Dust Backlot Boys are squatting here for a reason, clinging to a pile of rust and half-dead cores like it is a throne, arguing over scrap while something cleaner and quieter hums in the background. So far the trail holds a stray dataslate on a forgotten rock, gossip about vanished convoys, and a pattern of "malfunctioning" traffic that all seems to slip past Deimos before it disappears.
3872	766	1	QUST/CNAM	The moonside relay sits in permanent twilight, a forgotten cargo node clinging to rock and thin atmosphere, built for routine manifests and quiet bribes, not questions. Here is where routes are nudged a little wider, escorts trimmed a ship or two, risk buried under cheap drinks and exhausted clerks who sign off whatever their console prints, then rotate out before the pattern ever sinks in. The broker who worked this desk has already moved on, pockets heavier, conscience light, leaving only one record of the tiny course changes they were paid to process. So far the trail is a dead dataslate in a remote dust patch and whispered talk of altered shipping lanes; this relay's logs are the first proof that those "minor variances" are deliberate, not coincidence.
4021	766	1	QUST/CNAM	The depot squats at the edge of nowhere, tanks half-drained, consoles running on flicker and habit. It is the kind of place routes pass through, not linger in, which makes the abandoned ledgers and unsent status reports feel louder than the wind howling across the pads. Someone meant to clean this data, balance the tallies, erase the discrepancies, then never came back to finish the job. Buried in those numbers is the pattern of ships steered off their declared paths, the hidden corridors that all point toward the same unseen hand. So far, the trail runs from a nameless dead drop to this forgotten fuel stop, with only a scavenged dataslate and a handful of altered refueling records to prove that something, or someone, has been quietly re-drawing the lanes.
3929	767	1	QUST/CNAM	From this hut, the land opens in two directions, each scarred in ways no natural weather should repeat so precisely. The scout's instruments caught twin bands of heated air and scoured rock that mirror each other across the valley, as if someone has been testing parallel approach lanes over the same frontier settlements. Standing among faded Freestar flags and worn sensor rigs, you can read the sky the way a navigator would, see how passing ships would be nudged into one corridor or the other without ever noticing. What started as a single twisted beacon in a frozen lab has become a chain of anomalies, a derelict Navy run cut too close to shear, and now matching wounds in the terrain, all lining up until coincidence is the least convincing explanation left.
4155	767	1	QUST/CNAM	The little scout drifts at the edge of the lane like a smudge someone meant to erase and forgot, its UC markings half-scorched, its transponder still whispering into dead space. If there is anywhere his private geometry would be preserved intact, it is in a Navy hull he once trusted to test new paths, a place no civilian audit would dare pry into. Inside, you can feel the pause in the story, as if some clerk or SysDef handler planned to sweep the logs, file the incident, close the book, and simply never showed up. The trail to this point has been all loose ends and absences: a discarded slate on a backwater rock, a shuttered relay strangled with bad data, and now a military scout where the jump curves finally start to repeat the same quiet, calculated hand.
4285	768	1	QUST/CNAM	Out here on the moonside relay, traffic is supposed to be simple: fuel, food, ore, all logged and cleared through a single crooked broker who knows which crates to ignore. That makes this the one place where her trail would condense into numbers and routes, where someone has quietly reconciled stolen medical shipments, missing couriers, and ships that never filed returns. The walls hum with old transmissions, and the dust on half these consoles says nobody asked the right questions for a very long time. So far the line runs from a dead slate on an empty rock, through doctored logs at Gagarin and whispered panic in Neon's back alleys, to this relay where the manifests finally admit how often the same soft-spoken courier passed through without anyone noticing.
4440	769	1	QUST/CNAM	The farm is the last vessel in her chain, the place where all those quiet adjustments to air and instinct finally resolve into something irreversible. Out here, far from New Atlantis tribunals and Neon rumor, she can test a full ecosystem in silence, scrub it clean, and vanish before the results reach any clinic chart. The stillness over the dead fields is no accident; every intake vent and rusted sprayer hums with intention, tuned to erase witnesses, evidence, even mood. Leaving her here would mean letting the pattern repeat somewhere larger. From the relay logs to the doctored autopsies and that broken smuggler schedule in orbit, every small crossed wire and delayed message pointed to one truth: wherever the air went wrong, she had already been there first.
3400	771	1	QUST/CNAM	Cydonia's central corridors hum with recycled air and distant mining rigs, a place where flow rates and freight lists matter more than names or faces. In all this ordered movement, the pattern of one hidden pipeline can decide which settlements drink and which slowly choke. That is why the trail bends here, into the crowded arteries of shipping clerks and transit monitors, where a single misfiled route can mask an illegal cistern shifting quietly between worlds. Records have been patched, overwritten, and half-erased, but the seams show if you look close enough. Out on a dead rock, a damaged slate whispered of altered timetables; in Neon's alleys, haulers spoke of ghost tankers; every fragment points to someone steering water where no charter says it should go.
3414	773	1	QUST/CNAM	This is the only place his numbers can become irreversible action. The occupied base hums on off-the-books power, its corridors patrolled by mercenaries who are paid from accounts no one admits exist. Here, behind improvised blast doors and jammed comm relays, Deadlock is no longer a rumor in a ledger but the hand that signs the last transfers, settles old scores, and prepares to erase anyone who can still prove what he has done. The way the hirelings talk, low and careful, says they know one loose word can cost more than their contract. So far the trail has run from a stray dataslate in the dark to hushed dealings at a busy port and a nervous patrol crew sitting on falsified manifests, each step tightening the pattern around one man who turns debts into weapons.
3565	773	1	QUST/CNAM	Down here, beneath the polished surface of New Atlantis, the noise of pumps and crowded corridors covers the kind of quiet work Deadbolt always favored. The old hydro systems and jury-rigged power taps give him places to hide the patterns that never belonged on any official console, buried in the numbers of water flow and shift rosters. This is where he learned to read human lives as timing problems, where a few nudged schedules or delayed messages could steer whole crews without them ever knowing. So far the trail shows the same hand behind a forgotten dataslate in the black, altered orders on a courier, and a scrubbed Navy log; every step poisoned by small miscommunications, each one nudged just enough to shape the collision course you are now trying to unwind.
3770	774	1	QUST/CNAM	Gagarin Landing is where the stories keep changing, and that alone makes it the right place to start cutting through them. Dockside clerks swear the same convoys left on safe, straight corridors, while haulers hunched over cheap drinks insist the routes bent at the last minute, always into the same patch of bad sky. Manifests and traffic records here are the first hard ground under all that shifting talk, the only way to see whether the lanes were rewritten in transit or in some back office with a quiet payoff. So far all I have are murmurs from captains about familiar paths that should not match, a few redacted insurance notes that spike around the same dates, and a name spoken with that wary mix of respect and dread people reserve for ghosts and debt collectors.
4061	774	1	QUST/CNAM	Neon Starport is the one place he cannot fully script the outcome: too many ships cycling grav drives, too many maintenance crews chasing quotas, too many innocent bystanders who will take the brunt of any failure he chooses to prove a point with. Here he can vanish into the noise of refit schedules and falsified inspections, finish seeding his backdoors into outbound traffic, and walk away while the Settled Systems slowly tear themselves apart. The pattern that began in a quiet frontier facility, wound through a cold orbital clue, and surfaced in a drifting SysDef hull now narrows to this single, crowded dock; every record points to the same mechanic, the same signature stress patterns, and a message that stays maddeningly clear yet hard to pin to anyone but him.
4532	774	1	QUST/CNAM	The trail bends through this forgotten research module because this is where someone got careless first. A half-sanitized console, a misfiled routing key, one experiment left running on background cycles long after its sponsor pulled funding; small oversights that let a quiet data-thief splice new geometry into corporate networks. What was once a routine telemetry node became a hidden hinge, quietly relaying altered jump corridors and storm maps toward a place he considers safe to test his theories. Out on that backwater homestead, the weather went wrong by degrees; in the abandoned listening post, warnings cut out mid-stream; now the disrupted theft chain, half-scrubbed logs, and converging contract codes all trace back to the same unseen hand re-drawing the sky.
3649	775	1	QUST/CNAM	Out here the old relay hangs against the dark, a dead node on every official chart, yet its arrays still whisper on hidden bands no one bothered to decommission. Vector chose this place because forgotten procedures never stopped listening, never stopped folding stray grav noise into the silent patterns she worships. Every jump echo, every misaligned lane she has engineered funnels back through these antique circuits, feeding the proof she needs to vindicate herself and condemn the rest. If she completes her work here, those echoes harden into routes others will blindly follow. So far the trail has run through stolen UC sensor logs, Slayton debrief fragments, and relay data that all showed the same impossible reflections, each pointing back to her hand on the lanes.
3849	775	1	QUST/CNAM	The GC-5222 Stockwind hangs dead in the dark, yet its holds hum with the kind of silence only a bank-funded courier can afford. This is where GalBank buried the numbers behind the stories, where route audits and risk models were meant to keep corridor manipulation theoretical, not lethal. If Zuri ever tested a prototype outside Trident, the echoes of that first deviation would be archived here, wrapped in encryption and insurance jargon, half-forgotten by the clerks who filed it. Whatever version of the tale started all this has already been sanded down by rumor. So far, the trail runs through a lonely cache on some backwater rock, a corrupted beacon in orbit, and scattered traffic reports, all pointing to someone quietly rewriting how ships move between the stars.
3979	775	1	QUST/CNAM	High above Neon's glow, where maintenance rails meet the crackle of the Conduction Grid, the air is full of forgotten routines: old alignment pings, defunct landing protocols, guidance sweeps no one bothered to shut down. Up here, those abandoned systems still tug at shipboard software, gently bending approach vectors into the same narrow band of sky. That quiet, mechanical habit is what the cartographer has been riding, hiding his edits inside the pulse of a city that never sleeps.  \n\nSo far the trail runs from a stray dataslate in backcountry rock to a buried monitoring pod full of censored telemetry, each pointing to the same conclusion: someone has been folding new routes into old habits, letting obsolete systems whisper his patterns into every passing drive.
3542	776	1	QUST/CNAM	The Freestar Security hulk hangs in its decaying orbit like a bad decision that never quite finished falling, her hull scarred by an overstrained drive and the kind of precision failure that does not happen by chance. This is where the paper trail of burned-out coils and missing ships becomes more than rumor; freighters do not die this cleanly unless someone has been testing the same pattern over and over. Inside her frozen corridors, system logs and routing records will show which lanes were altered, who signed off, and how far his work has already spread. So far the trail runs from a forgotten beacon buried in rock to whispers in freight yards and redacted reports in UC files, every scrap pointing to one navigator quietly rewriting how ships move through the dark.
3696	776	1	QUST/CNAM	Out here, the abandoned shipping depot is more than rusted loaders and forgotten crates; it is where the paperwork died and the cargo kept moving. Every misrouted pallet, every container quietly written off, passed through places like this until Amal learned to bend those blind corners into escape routes. The depot's dormant scanners, dead records, and empty loading bays give her exactly what she needs to vanish one last time, folding new thefts into old losses until no auditor can untangle the trail. The scattered consoles and sealed manifests still carry the fingerprints of your route in: a stray dataslate on a lonely rock, nervous corporate whispers in a lab, a dead relay humming with false vectors, each step carving faint grooves that finally all converged here.
3793	776	1	QUST/CNAM	If any trace of his work exists outside hidden relays and dead freighters, it will be here, buried in the quiet corners of a station that has seen too many wars and rewritten too many charts in the name of mercy. The Clinic sifts every anomaly and medical oddity in the Settled Systems, its archives thick with grav-drive case files, misjump trauma reports, and sensor logs no one else bothered to read. Somewhere in that tangle, his patterns will surface, if they were ever recorded at all. So far the trail is a chain of almost-coincidences a corrupted dataslate in the back of nowhere, falsified manifests on a wandering freighter, a military log that does not agree with itself every step pointing to a vanished navigator whose routes keep intersecting with missing ships.
3411	778	1	QUST/CNAM	Ebbside is where Neon breathes out its lies, and the air down here tastes like rust, Aurora, and recycled sweat. Every back wall has a pipe humming behind it, and the people who live under those pipes swear someone has been whispering new rules into the flow: sudden pressure drops, cloudy taps, tankers loading at hours no schedule admits. If there is a pattern, it will surface first in the mouths of the desperate, drunks and dockhands arguing over whether they saw a Dryline crew tapping a line or just imagined it through the haze. So far, all I have are a corrupted slate from some nowhere rock and scattered complaints that the water tastes wrong wherever her name is spoken, but the shape of the story keeps circling Neon and the kind of work no one files paperwork for.
3646	778	1	QUST/CNAM	Out on this forgotten rock, the cargo ledgers are still written in grease and guesswork, not encrypted cores. This is where a tug with the wrong hull ID could vanish into a "clerical error," where one harried dockhand and a misheard decommission code might quietly reroute an entire ship's fate. The records here are crooked but honest about it; buried in their crossed-out entries and duplicated manifests is the first clean bend in Rivet's trail, the moment his courier slipped from official hands into the graveyard circuit. So far the path runs from a stray slate and half-remembered yard gossip to a grieving relative's recording and a hint of altered traffic logs, all pointing toward one burned cutter and the way someone used paperwork and neglect to make him disappear.
3494	779	1	QUST/CNAM	It had to end down here, where his life with LIST began, among the recycled air and humming conduits that fed the surface its comforts while the people below drowned in backlog. The Well is his last instrument, a place wired deep into the colony grids and routing archives he once tended, perfect for purging records, rewriting risk models, and priming the next wave of "acceptable losses" before anyone notices the pattern. By the time you arrive, those slow changes he set in motion have nearly hardened into policy. Out there, a stray dataslate in the wilderness led to an orbital beacon, then to buried files on a dead ice colony and corporate whispers in Neon. Each clue tightened the arc around a LIST coordinator who never stopped editing the fate of other people's homes.
3474	780	1	QUST/CNAM	The old barracks sit half-buried in dust and bad memories, the kind of place paperwork said was cleared years ago, which is exactly why a scavenger crew can work here without anyone asking questions. Salvage Crown Union have stripped wiring from the walls and pried plates from the floor, but they have not touched the heart of the records room, too busy chasing quick metal to notice what the consoles still remember. One missed shutdown order, one archive never properly wiped, and the past has been looping quietly ever since, listing bodies that never made it home. All you have, so far, is a blood-stained tent outside Akila, a clerk in Gagarin whispering about impossible death payouts, and a rumor from New Atlantis that a spacer walked away from their own recorded demise.
3818	780	1	QUST/CNAM	Neon's underside is where the city forgets to pretend it cares, and that neglect is exactly why he chose it. Under the Conduction Grid's crackle, between leaking conduits and back-alley data stalls, hazard warnings blur into background noise and nobody looks twice at another survey tech obsessively checking air quality. Here, his patterns of "calibration anomalies" can hide inside a hundred other scams, and the same familiarity that keeps Underbelly regulars alive has dulled them to any new danger he brings. The trail to this place began with a stray dataslate on a dead rock, led through orbital debris and a quiet Trade Authority hulk, each clue pointing to doctored worlds, desperate settlers, and one surveyor determined to prove that no one really reads the fine print.
3854	782	1	QUST/CNAM	This dead relay station sits exactly where the altered corridors start to drift, a quiet kink in the map no one admits to owning. Its dishes still listen, just enough power bleeding through the bones for buried code to ride the static. That is why it matters; every recalculation, every quiet course correction that nudged ships off the main lanes passed through here first, scrubbed and forwarded by hands who knew better than to ask why. Cipher Blackfire holds it now, hired to guard a story whose first telling is already smothered under revisions. So far the trail runs from a forgotten outpost, to a glitched beacon in orbit, to a derelict courier full of mismatched traffic logs, all pointing toward someone rewriting the sky and paying killers to keep the edits unchallenged.
3815	783	1	QUST/CNAM	Trade Authority does not lose ships like this, not without twenty layers of paperwork and a salvage crew already inbound, which makes the Starborne tumbling dark and alone feel wrong from the first scan. Its cargo holds are empty of goods but thick with movement in the manifests, the same names and routes echoing across different runs like someone rehearsing the same trick over and over. Whatever this freighter was forwarding for him, it passed through legitimate ledgers often enough to look like chance until the patterns started to stack. So far I have a corrupted slate from a forgotten rock, a string of altered entries tied to this derelict's haul history, and a growing list of "coincidental" crossings where ships on those paths either arrived early, late, or not at all.
4163	783	1	QUST/CNAM	A place that measures burn rates and timing windows is the only groundside spot where his math ever touches dirt, so the trail runs through these tanks and ledger screens whether anyone meant it to or not. The crew squatting here now were hired to watch fuel, not secrets, but shifts in contracts, cut corners, and old favors turned a simple depot into a choke point for quiet diversions. Schedules bent a little, then a little more, and nobody reset them when the original planners moved on, leaving the proof half-buried in routine refills. So far the pattern shows a dead relay on the edge of nowhere, a missing stretch of corridor carved out of official charts, and a string of migrant launches from HopeTown whose fuel draws all lean toward the same off-angle shadow in the sky.
3577	785	1	QUST/CNAM	Wind-scoured fields and broken irrigation lines make this place the perfect blind spot; no patrols, no curious neighbors, just ruined rows where a man like Dustback can finish what others only started. The abandoned farm still carries the memory of tainted trials and quiet cover-ups, the kind of ground he trusts more than any safehouse, because everyone who mattered here already walked away without ever understanding what they set in motion. Now he uses that neglect as shelter, tying off the last threads of his work where no one thinks to look. So far we have followed scattered data from a forgotten cache, half-scrubbed logs in a dead research site, and corporate whispers in a remote module, all pointing to the same freight hand who never really stopped working these fields.
4012	785	1	QUST/CNAM	Ryujin Tower is where stories go to be rewritten in contract language, and somewhere deep in its labs is the first trace of how this one started to bend. The samples locked behind those glass doors are more than just experimental biomatter; they are patterned in the same strange way her jump trails are, quiet fingerprints of a pilot who keeps slipping between official narratives. Whatever she traded them for, it happened here, under security cams and non-disclosure clauses, long after the first rumor of a lost squadron began mutating in spacer bars. So far, all you really have are scattered bar talk about a Vanguard wing that never came home, a LIST convoy that got improbably lucky in bad space, and a name that keeps showing up on altered routes and corrupted insurance logs.
3443	786	1	QUST/CNAM	Out here the relay clings to a dust-scoured moon, half-forgotten by the traffic it once watched, which is exactly why the broker chose it.  \nIts isolation lets manifests drift off the official grid and into quieter ledgers, the kind smugglers and route-cutters trust more than any central archive.  \nAnything tracing back to manipulated jumps and profitable wrecks would pass through a place like this, tucked into back rooms where conversations die to murmurs the moment a stranger steps in.  \nThe same hushed voices pointed you here: a found dataslate in the backcountry, a spooked crew on a small freighter who had seen the same accident pattern twice, then a relay-side fence who flinched at the name of a navigation analyst and hinted that some routes only exist in the margins.
3720	786	1	QUST/CNAM	The research module is the kind of place procedures go to sleep: half-lit corridors, unattended consoles, maintenance drones still cycling through routines no one has monitored in years. Somewhere in the stacks, a misconfigured process has been quietly following off-pattern traffic, filing away jump data and cargo tags long after the project that created it was shut down and forgotten. If anything still remembers where her diversions really went, it is buried in those obsolete schedulers and half-archived logs. So far the trail is a string of neglected habits and lingering code: an outpost that kept logging the same ship twice, lab records that aligned with no official corridor, and a remote relay that continued recording phantom transits long after its operators walked away.
4330	786	1	QUST/CNAM	It has to be here, hung in the thin hush above an unremarkable world, where traffic is sparse and sensor noise is low enough that a single altered route can stand out like a scar across the sky. The ship holding position ahead, the VR-3488 Crossline, sits just off standardized lanes, anchored in a pocket of empty space no autopilot would choose. Whoever seeded this orbit knew how to hide in plain geometry, trusting that most captains would dismiss the stories as spacer gossip, misread beacons, or exaggerations from nervous haulers. You have already chased a discarded lead from a lonely rock and sifted the gutted logs of a silent courier; each fragment pointed to the same handwriting in the vectors, the same careful hand turning storms and empty space into shelter for one man.
3354	788	1	QUST/CNAM	The old relay bunker still hums under the dust, a leftover nerve ending from when the patrol grid actually mattered out here. Someone cut the staffing, locked the doors, walked away but never quite killed the systems; the scanners kept sweeping the sky on autopilot, quietly catching what no one was supposed to see. Buried in those half archived sweeps are the tracks of a ship that slipped through restricted airspace again and again, always on the same heading, moving like a man who knows where the blind spots are because he helped design them. So far the chase has turned up a forgotten dataslate on a nowhere rock and carved patterns in a gutted yard, both pointing to a salvage hand with old ties to UC lanes and a habit of treating every battlefield like it still belongs to him.
4041	788	1	QUST/CNAM	Neon's underbelly is where paper trails come to hide behind neon runoff and steam, where manifests are just as likely to be sold, forged, or buried as filed. If anyone is quietly routing ships through gaps in patrol coverage, their fingerprints will be down here in the rusted lockers and off-the-books ledgers the dock crews pretend not to see. The people who work these corridors live on looking away at the right time; whatever points to her paths will be tucked into that blind spot where fear of asking questions meets the need to get paid. So far the trail runs from that lonely frontier homestead to a broken beacon in high orbit, then to a derelict courier with its routes twisted just off standard lanes, each step tightening around the same pilot's invisible hand on the charts.
3468	789	1	QUST/CNAM	The Deserted Colony War Barracks is where the lie began to feel normal, a place built to process bodies until no one bothered to count them closely anymore. Walls that once echoed with triage calls now swallow the sound of bootsteps, and in that silence a medic who knew every corner could turn complacent record-keeping into a perfect blind spot. Here, among rusting bunks and faded casualty charts, she has been reworking histories for years, shuffling names between the living and the dead while Freestar and UC both looked away. The trail to this moment started with a forgotten dataslate in the dust, then a blood-stained tent outside Akila and a nervous clerk on Gagarin, finally circling through a buried UC relay where altered orders proved the pattern of carefully managed losses.
3863	789	1	QUST/CNAM	This backwater patch of ground is where the trail stops being theory and turns into stain. Whatever she tested here bled into the soil and air, a chemical fingerprint for the way she has been bending routes, contracts, and people without leaving neat records behind. Sampling it in place, surrounded by the same wind-scoured rock and forgotten equipment she used, is the only way to separate her work from all the other quiet poisons drifting through the Settled Systems. So far the picture is stitched from a half-corrupted log on a lonely outpost, a misaligned ping in high orbit, and a vault ship's inconsistent manifests, each fragment pointing in roughly the same direction while insisting on different details, as if everyone who touched this story remembered it just a little wrong.
4160	789	1	QUST/CNAM	HopeTown is where departures stop being stories on a LIST brochure and turn into stamped cargo, hull numbers, and fuel tallies, which means this is the only place the math of his vanishings might still be written down. Dock rats swear they remember a quiet pilot who always left on half-full tanks yet logged the same routes as everyone else, and old maintenance slates carry ghost entries that do not line up with the ships that actually left. Piecing it together from frayed manifests, half-wiped terminals, and a tired clerk's memory, the trail so far looks like this: an anonymous cache of nav data on a nowhere rock, a gutted relay whose logs were sliced into nonsense, and the same clean, uncanny jump profile repeating at every point where a colony's future simply fell off the map.
4309	790	1	QUST/CNAM	This place is the only ground that makes sense for her to stand on. The Abandoned Deimos Scrapyard is everything she ever believed in and everything she was thrown away with, stacked into canyons of dead steel and half-born hulls. Here she can erase evidence with a torch stroke, cut loose any ship that might betray her, and vanish her ghost fleet back into the bones of the system if given a few more hours. The truth behind all of it feels simple enough to touch and yet slippery in the details: a wreckwright proving how fragile the lanes are. We traced the pattern from a forgotten dataslate in a backwater shed, to a silenced listening post where her maintenance tags were scrubbed, to a drifting Trade Authority support hulk wired with her weld signatures and falsified cargo trails.
4521	790	1	QUST/CNAM	Out here, the relay husk still hums with ghost signals, its dishes frozen mid-swing toward a sky Vector has been quietly reshaping for years. This is one of his blind corners, a shell on the ground that anchors the misaligned constellations overhead, where he can rewrite flight paths, mute storm warnings, and route whatever the Master Archive is about to broadcast. If he finishes severing or retuning these channels, every settlement that ever trusted the sky will be flying on lies for good. Back on the fringe station, at that forgotten listening post, even the techs who showed me corrupted insurance logs and odd storm telemetry looked away when his callsign appeared. On the vault ship, GalBank records, LIST pings, and sensor contracts all bent toward the same quiet hand in orbit.
3147	791	1	QUST/CNAM	It had to end here, under the dripping conduits and humming grav trains, because this is where it started to go wrong for her. The queues outside the LIST office, the families sleeping on metal benches, the quiet bribes and desperate eyes all pressed Grid into the shape she finally chose; this warren of stairwells and service tunnels is the cradle of her anger and the market for her lies. From here she can disappear into crowds, erase herself in a dozen overlapping data trails, or slip one final batch of doctored approvals into the system before some new frontier dies for it. The pattern of dead applications, the poisoned farmstead, the broker in Neon, and the derelict cutter in deep orbit all point the same way now, back to the depths where she first learned how to bend the grid.
3759	792	1	QUST/CNAM	Out here with the GB-3498 Stockwind tumbling in silent orbit, there is no PR officer, no broker, no claims adjuster to polish the numbers; only frozen corridors and abandoned cargo holds where the real balances were kept. GalBank will swear this loss was random misfortune on a certified corridor, but the way the hull is holed, the way emergency beacons were never armed, says somebody modeled the odds and stacked them. Somewhere in this dead ship are the ledgers and route amendments that tie a quiet navigator to calculated disasters and carefully timed payouts. Back in Gagarin I heard captains whisper about unlicensed lanes that all bent the same way, and every story about Vector since has circled the same pattern of low-risk routes that somehow only ever fail for the right clients.
4121	792	1	QUST/CNAM	The remote research module clings to the dark like it wants to be forgotten, yet its racks still hum with archived traffic the corporations swore they never kept. This is where side channels bled into black budgets, where quiet analysts fed routing experiments to clients who did not want their fingerprints on the math. Whatever was pulled from the chain here bent an entire relay network off true, and buried inside those records is the inflection point that turns rumor into a heading. Every tech, clerk, and broker who whispered about the ghost in the charts swears they heard it from someone else: a scorched dataslate on a derelict outpost, a scrubbed relay spewing ghost vectors, a nervous contact hinting that UC claims and Ecliptic payouts kept crossing the same name in the margins.
4549	792	1	QUST/CNAM	Out on the plant perimeter, the air hums with stripped conduits and aging compressors, every pipe and silo still tuned to the same Helium-3 flows that once made entire colonies rise or fall on a spreadsheet. If anyone wanted to rewrite those numbers at the source, to bend extraction yields and shipping manifests beyond audit, it would have to be here, in the blind spot where ore becomes collateral and no one checks twice. Whatever Luc Schmit is about to do, this place lets it echo through ledgers from Narion to Cheyenne before anyone can agree what really happened. All we know for certain is a forgotten data-slate in the dust, odd discrepancies buried in Gagarin contracts, and a silent vault ship that should have been empty but carried echoes of the Credit Ghost instead of closure.
3186	793	1	QUST/CNAM	Whichever way you tilt the sensors, this patch of orbit keeps sliding between stable solutions, a mathematical crossroads where two grav routes brush against each other without ever quite touching; it is exactly the kind of place a former stress analyst would use to hide a decision point in his models. The data out here was never meant for traffic control or survey charts, only for someone who knows how to read the split between safe lane and soft spot, and every hushed story you have heard in bars and backrooms treats this region like a name best not spoken too loudly. Up to now the trail has been a doctored accident report in a quiet lab, a cast-off slate of frantic equations, and a New Atlantis paper trail that suggests his work was quietly pushed off-world rather than corrected.
4047	793	1	QUST/CNAM	Out here on an unremarkable rock, the wind does most of the erasing. Sensor masts lean, soil scarred where someone set up more than a simple survey, then broke it down in a hurry. Whatever they were feeding into the local biosphere started in makeshift labs like this, far from auditors and after-action reports, where samples could be tested on quiet ground and any mistakes buried under dust and time. No one logged what was really mixed or released; all that remains is residue in the dirt and a few mismatched inventory tags. So far the trail has jumped from that abandoned frontier homestead with its unnatural calm, to the drifting beacon in orbit, to a courier whose routes were bent off the books, every step hinting at experiments tested in the dark and then scrubbed from the record.
3709	796	1	QUST/CNAM	Nobody trusts what comes through this relay anymore, which is exactly why it matters. The place is dead on paper, yet its dishes still track passing hulls a little too closely, and rumor says someone rewired its heart to listen for cargo that is supposed to be gone. Lost Legion took it over quietly, like they were babysitting a story they do not want spreading: ex-soldiers watching an abandoned node no one officially maintains, waiting for patterns only they recognize. So far the trail is all whispers and half-logs: a misfiled ping on a lonely rock, corrupted records from a research station that never logged a distress call, and dockhands back in civilized space swearing they heard a tug's signature twice on the same approach while their supervisors insisted they were imagining things.
4259	796	1	QUST/CNAM	Out here, the planet is just a cold disc below and the real traffic runs along invisible lines, where one altered signal can nudge thousands of lives a fraction off course. This orbiting node matters because it sits dead center in that tangle, a quiet splice where sanctioned routes and someone else's corrections overlap. The freighter standing guard is no accident either; years of captains taking slightly faster paths, brokers shaving risk margins, and one navigator rewriting tolerances have all converged on this anonymous hull and the data it shields. So far, the trail has led from a buried cache of corrupted nav work on a forgotten world to a shaken colonist's testimony about a torn-apart convoy near an old homestead, each fragment pointing to the same hand quietly bending the lanes.
3300	798	1	QUST/CNAM	Gagarin's rusted gantries and humming server stacks are exactly where someone would hide the paperwork for stolen weather, buried among freight schedules and corporate maintenance chatter no one ever audits. The same off-world firms that gutted this place now rent floor after floor of storage and processing, a perfect blind for quietly shunting atmospheric data and shipment records through machines nobody claims to own. Whatever passes through here changes hands without leaving fingerprints, and the locals have learned which questions not to ask, which file names not to say aloud. So far the trail runs from a forgotten prefab, to a dead hunter's fractured report, to crop yields that defy their own forecasts; each stop adds another layer to the pattern she has been drawing across the sky.
3968	798	1	QUST/CNAM	The junked drilling platform drifts just off the main lane, a forgotten node still whispering into the patrol grid with data nobody officially logged and nobody wants to talk about. Whatever has been guiding condemned hulls off their manifests is riding that signal, hiding behind obsolete tags and routine course corrections, and every day it stays live the pattern can shift again, burying the trail under a new layer of lies. Dockside gossips swear they know which routes to avoid, then fall quiet when you ask for specifics, suddenly unsure which stories they are allowed to repeat. So far all I have is a dead spacer's slate full of angry notes and a corrupted buoy that should never have carried retired UC codes, both pointing at a careful hand rewriting where broken ships are meant to die.
3937	799	1	QUST/CNAM	The fields around the abandoned farm should have gone fallow years ago, yet they still glow faintly under the thin sky, stalks whispering against derelict fencing like they are keeping watch. This is where MacLeod drew his line, grafting Kade's designs into desperate soil and then wrapping the place in improvised traps and drilled settlers until it could stand alone. When the crops soured and the militia scattered, someone was meant to come back, sanitize the ground, erase the data, put a clean story on the records. No one did. Now the same quiet war that began with a stray dataslate and hushed testimony in lonely waystations has narrowed to a pattern of armed homesteads, missing reports, and one Scotsman's signature embedded in every security override you have chased across the frontier.
4443	799	1	QUST/CNAM	The lattice of sensors hanging over this forgotten world is not just watching; it is carrying her work between sky and soil, masking chem drops as background noise and laundering signatures for anyone who knows where to look. As long as it hums in the dark, data can be rewritten, blame redirected, and every altered heartbeat below dismissed as bad weather or frontier nerves. Cutting it loose here, above the clouds, is the only way to see which coordinates and dosing schedules were real and which were stories sold to nervous officials. So far, all you have are the relay's corrupted buffers, a stack of quiet autopsies from a grain world, and a smuggler's half-truth about "cleaning agents" routed through a dead station, each source saying less on the record than the evidence on their floors.
3767	800	1	QUST/CNAM	The collapsed command post still smells of burned propellant and dust, a half-buried reminder that someone else already tried to turn the fugitive's patterns into a kill box and paid for the attempt in blood. This is where the planning stopped mid-thought, where maps and firing arcs froze at the moment everything went wrong, and where the only person who truly understood how to spring that trap never came back to refine it. Picking through the rubble here means inheriting their homework and their blind spots both. So far the trail has run from hushed complaints in a freighter den to doctored routes on a drifting GalBank transport and coded betting ledgers tied to Neon's underlevels, all sketching the same three-branched paths and the same ghost navigator dancing just ahead of every ambush.
3065	801	1	QUST/CNAM	Behind Ryujin glass and brushed metal, the air tastes sterilized, but the logs buried in their servers still smell of war wards and burned synapses. If any corporation kept a quiet key to the old UC conditioning trees, it would be the one that turned neural tricks into profit, and it would hide that key where only executives and their cleaners ever walk. Security footage loops, access timestamps disagree, and testimony from junior analysts contradicts itself, as if something in the building has been editing memory as efficiently as it edits code. So far, the trail reads like a bad case history: a forgotten slate on a backwater, a dead ship broadcasting mangled orders, a scrubbed SysDef hull, each step tightening around the same medic who never quite stopped following his original directive.
3343	801	1	QUST/CNAM	Gagarin Landing is where his trail stops pretending to be random burn marks and bad luck and starts to look like design; this is where records, debts, and bloodlines knot together. In the industrial slums, shipwrights, crane operators, and quiet GalBank clerks all touch the same flow of credits and scrap, the perfect place to hide a route back into the graveyard he favors. Someone tried to smother the pattern in doctored yard logs and quiet transfers, but the people here talk after shift, and whispers about a returning tug and familiar sigils have been building for months. So far, the chase has turned up a stray dataslate in the back end of nowhere, a stripped yard full of his marks, and a buried relay full of redacted sensor trails all pointing, indirectly, back to this drift haunted life.
3462	801	1	QUST/CNAM	The research module hangs alone over a dead rock, long since scrubbed from official schedules, which is exactly why someone used it to chase a data trail nobody wanted public.  \nHere, far from auditors and traffic, logs could be spliced, routes compared, and quiet thefts mapped until the same analyst's name kept appearing just upstream of each "unfortunate" misjump.  \nSomewhere in these abandoned consoles is the moment that string of coincidences turned into a pattern, the fork where the watcher stopped believing in random failures.  \nSo far the hunt has yielded corrupted telemetry from a drifting freighter, a nameless slate pulled off a scavenger, and the half-finished notes of one UC operative who realized too late that all those accidents curved toward the same small set of corridors.
3480	801	1	QUST/CNAM	The abandoned UC relay bunker is where raw sky is turned into numbers; every patrol, every contrail, every grav ripple once passed through these walls before being scrubbed and forgotten. If those atmospheric scans caught a ship where no ship should have been, this is where the mistake first became data, then secret, then leverage. The deserter chose this place because buried here, in obsolete buffers and mislabelled archives, a single unchecked anomaly could grow into a permanent blind spot that an outlaw navigator could use again and again. All we know so far is that an old listening post showed readings that did not match the public charts, and a missing tech walked away from his station with logs that traced a solitary ship cutting through restricted air above a supposedly quiet sector.
4090	801	1	QUST/CNAM	Neon's underside is where bad numbers finally hit flesh. Down here, beneath the conduction grid's crackle and the trade lights' fake daylight, ledgers are rewritten in back rooms and lives balanced on the edge of a transfer confirmation. This is where Ghostline's edits land in real time, where his clients drink on borrowed names and his proxies watch for hunters on flickering feeds. He has come here to sever his last ties to GalBank and the people he protected, scrubbing trails, collapsing safes, preparing one final set of identities that leave everyone else holding the debt. The trail began with that stray dataslate in the dust, sharpened with orbital anomalies and quiet reversals on backwater worlds, and hardened aboard a silent UC hull where someone had torn ledger code out by the roots.
3417	802	1	QUST/CNAM	The patrol ship hangs in the dark, systems on minimal draw, like someone wanted it forgotten but not quite dead. This is where accounts were meant to be invisible, buried in routine inspections and quiet corrections that never reach a courtroom. Freestar Security paperwork carries weight out here; if a manifest aboard this hull shows its numbers bent the wrong way, it proves Deadlock has been reaching into law enforcement itself, tilting seizures and releases to suit his unseen ledgers. The crew are gone, but the silence feels practiced, as if anyone who knew too much learned to keep their opinions measured. So far the trail runs from an unmarked slate in the black to cautious whispers at a crowded port, all of it pointing to a single auditor who turned compliance tools into a private noose.
4306	804	1	QUST/CNAM	For a station that supposedly sees no trouble, the Den has a lot of dark corners where trouble likes to sit and smoke. This is the one place in the Wolf system where corporate route planners, bored Vanguards, and long-haul captains all pass through the same airlock and quietly adjust their stories before they file them. Somewhere in those half-redacted reports and "misplaced" briefing notes is the first honest trace of who has been rewriting jump profiles and why the mishaps all curve the same way, but no one wants to be the one who admits they saw it. Up to now the trail is thin: a bitter hauler's log on a dead rock, a whisper about a nameless navigator who fixes jumps too well, and a growing sense that the margins on official maps are where the real work gets done and then quietly forgotten.
3843	805	1	QUST/CNAM	Out here, the telemetry buoy hangs on the edge of mapped space, still spitting half-corrupted readings into a network that long ago stopped listening. It is the kind of infrastructure nobody owns loudly, a relic patched by whoever was on shift that day, every minor adjustment and misread echo compounding into a ghost corridor he has learned to exploit. Clearing this node out of the sky will strip away one more layer of confusion he hides behind and force the truth of his routes to stand on its own. So far I have a dead settlement on bad coordinates, a silenced cargo hull that slipped through Trade Authority checks on a clerical shrug, and a murmur from Neon's forgotten machinery, all hinting that his greatest allies are not people at all, but the small mistakes everyone else leaves uncorrected.
4336	805	1	QUST/CNAM	This is where the storm finally has nowhere left to run. The thin air claws at every seal, dust riding the wind like ground glass, and the small civilian shelter beneath you is the last place in this system that can still see the sky clearly enough to feed Stormline the data she needs. Here she has been stitching together live readings and half-broken instruments into one last corridor, a final route that could spirit war criminals, black ledgers, or entire settlements off official charts if she finishes her work. Cut the link here and the map dies with her. All anyone can say for certain is that it started with scattered settler reports at a Ranger outpost, then a dead UC warship haunted by her old callsign, each hint pointing toward a pilot who rides storms and erases the evidence behind her.
3323	806	1	QUST/CNAM	Out here, hanging just off the main lanes where patrol sweeps grow thin and transponders blur into background noise, the small things that steer whole convoys never make it back to official charts; they live in quiet emitters, forgotten buoys, and the kind of ship that survives by hauling scrap through blind spots. Whatever signal is tucked into this orbit was placed with her kind of precision, bending jump solutions a fraction at a time until frightened captains start calling the detour normal and everyone else decides not to ask why. So far the trail is a salvaged dataslate on a backwater rock, wreck reports that share the same odd entry vector, freight logs on Jemison that agree a little too neatly, and now a relay that seems to hum on a frequency halfway between superstition and convenience.
3363	806	1	QUST/CNAM	The Windcrier TA-6451 drifts just off the lanes, a dead Trade Authority hauler turned hollow echo chamber for every bad deal that ever rode its wake. Its hull is scarred but intact, systems left in that uneasy state between powered down and waiting, as if someone wanted the ship to vanish from manifests without quite letting it die. Buried in its nav banks and sealed cargo nodes is the pattern you have been circling around since the first whispered mention of a corridor that cheats fuel and fate, the thread that links a single grav-cartographer's private obsession to ships disappearing along an unmarked line in space. This is where her work touched official trade, where quiet compromises and small shortcuts stacked up until whole crews went missing and a routine drink in Neon turned into a hunt.
3138	808	1	QUST/CNAM	On a station born from an old political betrayal and repurposed as a sanctuary, the paperwork is supposed to be pristine, every vial and patient accounted for. Yet tucked between legitimate treatment routes and research transfers lies a forked set of records, one chain feeding corporate buyers, the other ghosting toward places that no longer appear on official charts. Untangling which path belongs to Catalyst and which to those trying to erase her means committing to a version of her story that has been retold, redacted, and twisted by fear in every retelling. So far, the trail runs from a stripped courier loaded with misrouted chems to veterans whispering about a medic who appears where supply lines fail, each account overlapping just enough to prove she is real before drifting into superstition.
3422	809	1	QUST/CNAM	The spaceport is where all the quiet manipulations become visible, if you know where to look. Docking queues, waiver slips, delayed clearances the staff grumble about and then accept as "just how it is" all pass through the terminals here. Whatever routes have been bent to shelter a ghost banker and his clients will be encoded in these comings and goings, hidden in the rhythm of freighters that always seem to get a berth when others wait. Strip that pattern bare and you not only narrow the search, you also threaten the leverage he holds over every captain on his leash. So far the trail has gone from a dead slate in the black to hushed hints at a crowded port, and enough unlikely overlaps between pirate strikes and redirected traffic that coincidences piled up until they stopped feeling like chance.
3667	809	1	QUST/CNAM	It had to end where the numbers were first twisted into silence. The tower was built to make distant stars predictable, its labs full of instruments that could have proved or disproved everything long before ships started coming apart in grav space. Someone scrubbed the records instead, sealed floors, reassigned staff, and pretended the strange neurology reports were statistical noise. Vector came back here because this is where the oversight began, where a regulator can be tuned to push past every safety margin and broadcast one last, catastrophic data point to the Settled Systems. Rumors from a backworld informant, broken orbital telemetry, then redacted reports pried loose from that quiet annex below New Atlantis all pointed here as the place the truth was buried and the whispers refused to die.
4015	809	1	QUST/CNAM	The old garrison hangs over the landscape like a verdict that was never delivered, its comm towers dead yet still watching the lanes. UC pulled out years ago, but the infrastructure remains intact enough for someone who understands traffic systems to turn it into a private command deck, a place to rewrite who lives and dies between the stars. Here, Vector can tap forgotten sensor grids and encrypted relays, clearing one final corridor for herself while collapsing others behind her. If she finishes purging the archives and seizing that data, entire sectors will never know why their routes failed. All we have so far are a lost dataslate from the fringe, fuel records that do not match declared paths, and a derelict scout ship whose logs show elegant, impossible courses repeating the same careful hand.
3100	810	1	QUST/CNAM	This lonely orbit is where the story first bent out of shape, a derelict drifting just far enough off its projected path to bother the right kind of analyst. Whatever is broadcasting from this husk is not a simple hazard beacon; it is a rewritten script, carving safe corridors for some ships and blind spots for others, burying its alterations in the noise of ordinary telemetry. If this pattern keeps spreading unchecked, every later disappearance will be blamed on bad luck and old war debris, and whatever really happened will be argued over in bars instead of logged in reports. So far, all you have is a half-corrupted dataslate from a forgotten outpost and a handful of drone diagnostics that repeat the same strange signature, enough to prove someone is tampering with the lanes, not enough to say who.
4075	811	1	QUST/CNAM	This patch of orbit looks harmless at a glance, just another empty lane ships cut through on their way to more important places, and that is exactly why it works. When a system gets logged as safe often enough, pilots stop checking the numbers, supervisors stop re-running the stress models, and anything slipped into that blind spot can run for years without a second look. If Torque has been testing how far he can push grav fields before they scream, it would be out here, where routine bred laziness. So far I have a blurred chain: a half-forgotten surface log about anomalous spin, an unregistered cache adrift where no one should have built anything, and a growing list of ships with drive readings that do not match their flight histories, all pointing toward someone quietly using our habits against us.
3568	812	1	QUST/CNAM	Out here, pinned in quiet orbit above anonymous cloud and rock, is the one place his adjustments can be seen without all the planetary noise. Away from port auditors and Harmonization filters, the traffic offsets he sold to pirates and nervous captains resolve into clean geometry, revealing which windows were genuine rescues and which were sharpened into blades. Whoever helped him build this layer of the scheme made sure no one on the ground had to say its name; the absence in every report is almost louder than the data. So far, the trail runs through a forgotten dataslate, a compromised courier, and a scrubbed Navy patrol, then down into the under-levels of New Atlantis where his habits began; each step tightening the circle around a man who moves ships by leaving all the most important words unsaid.
3804	813	1	QUST/CNAM	Out here, in a base the UC forgot even before the paint peeled, the wrong kind of tech can sit unnoticed for years, passed from one petty outfit to the next until it becomes part of the scenery. The Razor Strays are not guarding this place for nostalgia; they are guarding something they barely understand, inherited from some old officer who never filed the right shut-down order. Left alone, it will keep seeding the lanes with bad math and worse ideas for anyone willing to pay. So far the trail has been a stack of small mistakes a corrupted slate on a lonely rock, a "clerical error" in a Trade Authority hold, half-sanitized sims in a bunker like this each one an oversight someone thought they would fix later, each one another step in the path of a navigator who learned how to turn neglect into a weapon.
3259	815	1	QUST/CNAM	Down here the ceilings sweat and the walls carry every rumor; this is where routes get rewritten for credits, and where someone like him would hide a key inside ordinary traffic. In the Well, shiphands, off-duty LIST clerks, and GalBank debtors all move through the same narrow corridors, their secrets pressed close, their voices kept low so no analyst up top can triangulate loose talk. Whatever pattern he left pointing toward that hidden homestead would have to pass through a place like this, disguised as a scrap of nav code or a forgotten contract, buried where only those already drowning in numbers would dare to look. So far the trail runs from a stray dataslate in the black, to corrupted orbitals, to whispered mentions of failed basins and a pilot who keeps turning safe worlds into statistical ghosts.
3054	816	1	QUST/CNAM	The trail starts in this quiet research module because this is where someone first tried to erase the lines she drew and failed. The stolen routing work that passed through these servers did not vanish, it smeared its fingerprints across cached telemetry, half-scrubbed backups, and error logs no one bothered to purge. If she hijacked a data-theft chain here, then the patterns she was hiding from and the ones she was creating both brushed the same systems, leaving just enough residue for someone patient to reconstruct a direction of travel. So far all I know is that analysts saw impossible approach curves in their feeds, then someone upstream ordered a cleanup, and the only reason any of it still exists is that past edits were lazy, leaving faint echoes of corridors that should not intersect where they do.
4458	816	1	QUST/CNAM	Cydonia's fringe is where the city's light thins and the dust takes over, a no-man's land of dead loaders, rusting refinery towers, and forgotten survey shacks humming with old UC telemetry. Out here Vector can splice herself into the traffic grid without too many eyes noticing when a lane bends the wrong way, and she has ringed the outskirts with portable beacons tuned to scramble every approach that relies on sanctioned charts. If she hard-burns her private atlas through those rigs, the Settled Systems inherit her routes without her, and nobody will ever agree whether that is justice or convenience. From the buried slate on that remote rock to the redacted files in New Atlantis and the orbital clue pried from an Ecliptic screen, every line has curved toward this pilot rewriting the map in her own image.
3459	817	1	QUST/CNAM	Gagarin Landing is all scaffolds and secondhand promises, a place where yesterday's industry was gutted and today's work happens in back rooms no one audits.  \nIf any station in the Settled Systems would quietly trial hardware built from skewed data, it would be this one, with its mix of desperate locals and cost-cutting offworld executives.  \nSomewhere in these refurbished bays is the piece that proves Vector's math is not just theory, a system tuned to the same crooked pattern that keeps surfacing in wreck telemetry.  \nSo far all I have are fragments and ghost paperwork; a nameless slate from a forgotten outpost, misaligned jump traces off a crippled freighter, and a half-redacted log from an isolated agent, all pointing to ships dying the same strange way without a single clean record explaining why.
3551	817	1	QUST/CNAM	This lonely orbit has been a dumping ground for deferred problems for years, a quiet holding pattern where old refuel nodes, dead beacons, and forgotten contracts drift until someone remembers to clean the slate. That habit of leaving things circling, unresolved, made it the perfect anchor for a navigation construct designed to outlast memories and overwrite patrol charts in slow, invisible increments. Left intact, it keeps bending ships along the same narrow band of space, feeding Vector the predictable traffic she needs to stay ahead of every pursuit. Earlier, a stray dataslate in the black mentioned altered routes, and a gutted freighter's logs confirmed impossible course corrections; now, this orbital clue is where those stories start to intersect, pointing to a single hand quietly reshaping the lanes.
3303	818	1	QUST/CNAM	The fragment of shattered drive housing drifts where no one ever meant it to matter, spinning lazily in a thin ring of junked metal and dead satellites; yet the telemetry echoing from its scorched casing ties together pressure lines, ship routes, and storm signatures that keep repeating in your files. Whatever calibration was once done here has been reused, repurposed, nudged a little further each time until this forgotten orbit became a quiet hinge between smugglers, old UC hardware, and an engineer who prefers to stand nowhere she was officially assigned. So far you have followed a trail from a lonely outpost in the dust, to a dead hunter's battered ship, to freight records in a rusting factory town and altered harvests on the frontier, each step shifting the pattern closer to this unseen axis in the sky.
3309	819	1	QUST/CNAM	A husk like the FC-9470 Prairiefire is where bad habits go to calcify; a bounty cutter once meant for clean contracts and short-term holds, now adrift with its databanks still humming, auto-archiving side deals no one bothered to erase when the lights went out. If brokers were quietly hiring someone to bend storms around smuggling routes, this is where the first retainers would have been filed, a "temporary" workaround that became standard practice with every unreported payout. Strip those records out here and the pattern of who bought favorable weather, and where they needed it most, will finally start to show. Up to this point the trail has been fragments: a lonely stash in the dust, a wrecked hunter's half-burned log, and a frontier manifest full of shipments that somehow always sailed between the storms.
4174	820	1	QUST/CNAM	On this little cargo module clinging to a dead moon, ships only stop long enough to shed weight and disappear from questions, which makes it the one place where a nervous broker could hide records that never should have existed. The station hums with old generators and half-paid docking fees, a perfect limbo for manifests that list ships twice, captains who deny ever owning them, and routes that dead-end in empty space. Here, in the gaps between official ledgers, the pattern of a quiet auditor's hand might still be pieced together, if the fragments have not already been scrubbed. So far the trail is only a broken complaint slate from an abandoned shack and hangar gossip about underpriced hulls changing names too often, more rumor than record, with nothing yet that explains how the first ship was really taken.
3068	821	1	QUST/CNAM	The signal only exists out here, in the thin static between worn orbital paths where no registry admits anything was ever parked. Whatever is broadcasting rides the same curve as old medical transports and unscheduled evac flights, too regular to be random, too quiet to be honest, as if some forgotten routing order is still echoing long after the war that birthed it was filed away. Scans disagree on how many relays are in the chain, timestamps smear across different campaigns, and every recovered log looks like it has been rewritten at least once by an uncredited hand.  \nSo far all we can pin down are fragments: a nameless cache on a backworld, a dead hulk whispering scrambled commands, a gutted UC frame with its history carved out, each pointing toward a medic who has never truly stepped off the triage line.
4006	821	1	QUST/CNAM	Neon Starport is the only place she could choose to finish this, a tangle of launch lanes and grav beacons where every route out of the city narrows to a handful of controlled vectors. Here, under the noise of freight traffic and tourist liners, she can hide one decisive burn inside the churn of a hundred departures, then vanish into the same anomaly that stole her squadron. UC watchers, Freestar eyes, and corporate ghosts all crowd the manifests, each waiting to see whether she escapes with what her implants remember or dies with those seconds still locked inside her skull. From a quiet corporate office you trailed erased flight plans and Ryujin drift data, then out in dead Vanguard metal you found proof that something was cut from the record; every line, every rumor, has bent you inexorably toward this dock.
4078	821	1	QUST/CNAM	Out here, the outpost sits half-forgotten above a nameless rock, humming just loud enough to pass for routine. If Torque cached the first drafts of his collapse doctrine anywhere, it would be in a place everyone thinks they already understand, where old logs roll by unchecked and no one bothers to ask why the stress models do not match the traffic. The techs who pass through argue in low voices about whether that waste ring failure years back was bad luck, bad metal, or something worse, but the talk always trails off when someone important walks in. So far I have a patchwork: a single remote station that recorded anomalous spin, a drifting cache in empty orbit crammed with tampered drive data, and a trail of "accidents" whose reports all disagree on the details but point, quietly, toward the same careful hand.
4400	821	1	QUST/CNAM	The Den is exactly the sort of place people forget about until they need something left off the books. UC colors on the bulkheads, Vanguard uniforms in the corridors, and a station assignment nobody fights for because nothing ever happens in this system, officially. That makes it perfect for burying the kind of paperwork that turns derelicts into ghosts and missing crews into accounting entries. Whatever someone locked away here was meant to sleep under layers of routine inspections and disinterest.  \n\nSo far it has been a string of accidents that felt like luck: a misfiled cache on a backworld rock, an offhand comment in a quiet bar, a pattern in drift data that did not match its story. One coincidence is chance. Three start to look like intent, all pointing toward a salvager who only exists in the margins.
4529	821	1	QUST/CNAM	Down here, beneath Neon's gloss, the air tastes of metal and spilled Aurora, and every cable-strung corridor feels like part of a nervous system somebody rewired in a hurry. This is where off-the-books processors move through gloved hands, where nav code and storm data can be traded like street chems, and where a cautious engineer could hide the blueprint for disappearing between sensor gaps. If there is a pattern that can point the way to him, it lives in these jury-rigged stacks and smuggled thoughtware, not in any clean corporate tower. Out on that forgotten rock the first rumor surfaced; at the abandoned station, recordings cut off mid-sentence; by the time the stories reached the shadows of Neon, every retelling bent the same direction, as if the whole trail had always been sliding toward this underbelly.
3094	822	1	QUST/CNAM	This forgotten Deimos scrapyard is where every missing shipment, every ghost-hauler rumor, finally stops being theory and becomes steel under your boots. The place is built for him: towers of gutted hulls wired into a single nervous system of chained drones, jury-rigged turrets, and cutter arms that only someone who lived their life in maintenance bays could truly command. From here he can vanish cargo, erase sensor echoes, and, if given a little more time, turn the surrounding trade lanes into a minefield of weaponized debris no traffic controller could ever untangle. The trail from that drifting tug in orbit to the grease-stained garage pointed the same way each time, through altered firmware and TS-? signatures, through dockside whispers about ghost salvage and workers getting quiet help from an unseen hand.
3895	823	1	QUST/CNAM	The Deserted Relay Station hangs in the dark like a forgotten nerve in a severed limb, still wired into the same grav-lane mesh Vector has been twisting for years. Its dishes are old enough to be ignored by modern traffic audits, yet vital enough that any signal pushed through here ripples across half a sector. This is where he has nested his final experiment, feeding stolen buoy keys and corrupted drift tables into a spine nobody bothered to decommission, preparing to bend routes until another convoy dies the way the first one did. Too many captains, too many clerks, saw the anomalies and filed them away as glitches. All I have so far are a burned buoy core in high orbit, packet ghosts from an abandoned listening post, and the same signature threaded through both, repeating like a warning nobody wanted to hear.
3985	825	1	QUST/CNAM	The sealed monitoring pod sits deep under rock and old fear, a place built for people who watch patterns for a living and then pretend nothing is wrong. Down here, the air tastes of stale power and rerouted protocols, all those quiet updates and altered schedules that slipped in over years while no one with rank bothered to ask why. Whatever is buried in these records is where the cartographer first brushed up against someone the UC was not supposed to be running, and where their routines began to bend together.  \n\nSo far, the trail goes from a forgotten cache in the back end of nowhere to this analyst's hideaway full of half-erased telemetry, and now to a classified file that mentions the same name and an unnamed companion in the same breath, just before ship movements started to drift off their expected lines.
3801	826	1	QUST/CNAM	Whatever the truth of the story, this is where it started to grow legs. The old recon hide still squats above a dead valley, half its arrays stripped, but the hardened recorders inside were built to see what no one was supposed to talk about. UC overwatch once watched this region for smugglers and deserters; now the only thing worth trusting is what those lenses caught when a certain navigator slipped their net. If there is any unedited glimpse of how he moves through the dark, it will be buried in this bunker. So far the trail runs from a forgotten rock with a corrupted slate, to falsified cargo logs on a wandering freighter, to war-era simulations that do not match their own summaries and every retelling in bars and briefing rooms points back to one quiet mathematician whose paths keep intersecting missing ships.
3809	826	1	QUST/CNAM	A station like this was supposed to host short-term trials and emergency protocols, not keep them humming in the background for generations. But habits harden, staff change, and what began as provisional containment has settled into routine: anonymous specimens tagged, stored, and fed through machines that no one bothers to question anymore. If any trace of what he is trying to map was ever captured in flesh or residue, it will be catalogued here as just another anomaly in a system that forgot it was temporary. So far the trail runs from a corrupted slate on a nameless rock, to falsified records on a wandering freighter, to a forgotten military archive each step pointing to someone quietly turning improvised workarounds into standing practice, and bending those practices into a way to move unseen between the lanes.
3717	827	1	QUST/CNAM	The abandoned depot is where forgotten cargo comes to rest and paperwork comes to die, which is exactly why this place still matters. Its racks are full of containers that never matched their manifests, tagged with routing codes no one admits to issuing, overseen by contractors who swear they only guard "generic assets." Grid Warbrand holds the ground with the bored focus of people paid to ignore the fine print, but the routing clusters here still hum with patterns that do not belong to any sanctioned lane. So far the trail has been built from things everyone pretends not to remember: a stray signature from that lonely rock, incomplete schedules from the quiet lab, a shuttered relay that logged traffic after shutdown, and dockside gossip in Gagarin Landing about a tug that always left light and was never challenged.
3776	828	1	QUST/CNAM	A GalBank contract hauler should never drift this far off its lane, yet BX-1113 Creditforge hangs in the dark like a cancelled debt, its running lights dead, its registry still quietly billing hours no one has checked in months. This is where the numbers and the routes intersect, where a logistics workhorse doubled as a vault for the wrong kind of ledger, humming along the same corridors Vector once calibrated. In its cargo logs and nav cores, you are not just chasing one man, but the silent tolerance that let his corrections ride unchallenged across the network. So far the trail has been a forgotten dataslate on a fringe rock and buried notes from a nervous corporate contact, all pointing toward altered corridors, missing ships, and a cartographer whose fingerprints keep surfacing in the margins of official records.
3912	828	1	QUST/CNAM	The farm sits exactly where her math needs it to be, a quiet notch between patrol sweeps and commercial lanes, a place early LIST planners marked as convenient refuel and every smuggler since learned to forget. Here the airfields and broken silos hide a ship that can spin up without drawing distant eyes, and the soil still holds cables from when this was a refit stop for haulers testing risky shortcuts. Now Vector folds her grief and stolen telemetry into one last set of calculations, close enough to the line she has been sketching across half the map. No one out here knows the full story, only fragments traded in low voices: a burnt courier's slate on a dead rock, a shaken Fleet liaison in a rusting drop shelter, murmurs in Neon's shadows that her routes draw an invisible curve back to a convoy that never came home.
4512	828	1	QUST/CNAM	Ebbside is where the city forgets what time it is, where shifts blur together and nobody notices when one more crate starts moving under the wrong name. If someone wanted to buy adjustments to their weather and tuck the payments into everyday freight, this is where the paperwork would vanish into the background noise of liquor runs, chem drops, and replacement filters. Hidden in those routine manifests is the list of who has been paying for storms, and from that, a pattern of worlds she keeps circling back to.  \nUp to now the trail has only given me fragments: an anonymous tip from the fringe, cautious files at a support post, refinery readings that did not match their own reports; all hinting that what began as "special deliveries" became standard practice long before anyone thought to ask who signed for the skies.
3693	829	1	QUST/CNAM	Out here in high orbit, this sliver of hardware is the only thing that still remembers how the lanes really run. The array was never meant to be interesting a maintenance waypoint, a passive relay, the kind of thing captains ignore while they worry about fuel and docking slots. Then its update schedule slipped, its handshake pattern shifted by a few milliseconds, and someone rerouted a patrol to sit on top of it without changing the public charts. A Spacer hull like BR-8628 Shatterjaw does not park over dead metal for nothing; whatever is buried in that signal trail is worth guarding in gun range. So far the trail is nothing but altered timetables and traffic rumors quiet changes in approach windows, new vectors filed under old codes, routines that bent a little each week until nobody could remember when they started.
4312	829	1	QUST/CNAM	The Voyager AX-1329 hangs cold and lightless, a Trade Authority hulk that should have been towed long ago, if its last manifests had matched what the docks expected to see. Instead, it slipped between schedules and signatures, stranded in a patch of quiet space where no one would question a little missing cargo or a few extra welds. Its idle cranes and frozen conveyors mark it as the only place where freight, identity, and trajectory could have been rewritten cleanly enough to hide a moving yard in plain sight. The trail up to here is a chain of near-misses and overlooked warnings: a forgotten slate in a remote shed, monitoring logs at an abandoned relay that flagged unregistered work barges, then half-scrubbed entries in an old listening post that hinted someone was bending the lanes without ever quite breaking them.
3082	830	1	QUST/CNAM	Where the debris thins and the stars feel too close, the last working machinery in this graveyard is still quietly doing its job, shunting phantom triage routes and evac paths along a line nobody remembers authorizing. As long as that logic loop keeps running, wounded ships and desperate crews will keep drifting the same way, and he will always have a reason to be waiting at the end of it. Breaking the chain here means cutting into the nervous system of some forgotten war protocol before it can drag anyone else into his hands.  \nSo far all I have are fragments of a pattern: an anonymous cache on a dead rock, a derelict patrol frame still obeying half-erased orders, and a cleaned-up account of a massacre that leaves one medic unaccounted for, all hinting that something old and automatic has been steering him for years.
4507	830	1	QUST/CNAM	The Helium-3 plant hums like a caged storm, its vats and stacks bleeding heat into the thin air, the kind of place someone obsessed with the sky would hijack without ever setting foot planetside. Whatever she seeded into this line is feeding off the reactors and telemetry here, bending data and weather both, and as long as it lives in the machinery, every refinery ping and atmospheric readout is suspect. Cut it out here and the path she has been hiding behind those signals finally stands alone.  \nSo far the trail runs from a nameless fringe tip to guarded files at a frontier post, then to odd refinery diagnostics; in every room where this work is whispered, certain names vanish mid-sentence, replaced by shrugs and careful pronouns that all seem to circle back toward the same missing scientist and her unfinished storm.
4239	831	1	QUST/CNAM	Out here, where the relay hangs in a thinning orbit no one admits still exists, she can work without oversight or witnesses, cutting and splicing grav lanes through a node that was quietly erased from every official chart. The old UC hardware still trusts her credentials, feeding her live routes and transponder chatter as she shapes a final correction that will send multiple ships into the same blind corridor, then burn the last proof of how she has been steering deaths and rescues for years. If she finishes, the pattern vanishes with the station, and everyone gets to pretend they never saw it coming. All I have are a discarded dataslate from a dead-end rock, half-sober rumors traded over Aurora in Neon, and blackened SysDef logs pulled from a drifting tactical hull, each one sketching the same unseen hand in the lanes.
3127	832	1	QUST/CNAM	The old relay was never meant to live this long a stopgap node left running on borrowed power, its protocols flagged for decommissioning in some forgotten UC docket. Somewhere along the way, the patches and workarounds hardened into habit, and the station slipped from oversight into shadow, perfect cover for someone clever enough to feed new routes through old code. Now Vermin Gravepack squat in its hollowed corridors like rats in the wiring, guarding a single cache of traffic records and smuggler notes that does not match any official chart, a document that will show where the lanes have really been bending. So far the trail is faint a bloodied dataslate in a remote outpost, rumors of manufactured accidents in spacer bars, a damaged tug captain swearing a calm voice rewrote his course and paid him to forget the details.
3629	832	1	QUST/CNAM	Out here, this prefab box of metal and dust is where bad luck gets written down and quietly misfiled, which is exactly why the trail has to be lifted from here and not from some polished office on Akila. The deputy's notes are messy, half for a local dispute and half for a string of implant failures no one ever officially linked, all cross-referenced on a personal tablet because the main system was "too busy" that day. One minor oversight, one unsubmitted report, and the pattern sat here, growing in the dark while more colonists signed the same contracts and woke up with the same whispers in their heads. So far I have a frontier investigator who saw just enough to be scared, a scattered list of failed upgrades from outlying clinics, and a name that keeps surfacing in complaints that never make it into the official queue.
4250	832	1	QUST/CNAM	Out in the dim sliver of orbit where traffic control forgets to look, a lone Crimson Fleet hauler holds position just off the standard lanes, repeating the same lazy drift-and-burn pattern like a metronome. It has been doing that for weeks, maybe months, subtle shifts in timing that never quite rise to a violation, never quite trip an alarm. Rerouted freighters skim its shadow, patrol paths bend a few degrees wider, and each small adjustment disappears into routine until someone bothers to stack the plots side by side. I started with offhand complaints in a Neon lounge and half-scrubbed logs from a dead SysDef hull; now the private archive buried in Cydonia's back corridors and this ghost-patterned ship in orbit both point to the same conclusion, that her hand has been on these levers longer than anyone wanted to notice.
3109	833	1	QUST/CNAM	The remote research module is where the trail first bent out of sight, a half-forgotten node still tethered to corporate networks yet far enough from Neon's politics to be overlooked. Its servers once mirrored countless routine transfers, but someone with intimate access reached in and broke a single link in a data-theft chain, nudging stolen code and shipment logs just off their expected paths. In the process, they left the kind of hairline distortions only seen when you stack years of records together: routing quirks, repeating gaps, and an anomaly in the way certain neural design files simply never arrive where they should. Earlier sweeps of frontier clinics, smugglers' manifests, and a whisper from a nervous archivist all point back here, to the quiet machine that watched it happen and still remembers every deviation.
3133	833	1	QUST/CNAM	On this station that once ignited a war simply by existing in the wrong orbit, every corridor hums with the quiet certainty that medicine here is neutral, apolitical, clean. Yet the research decks and intake archives are precisely where small compromises become doctrine a misfiled case, an unchecked dosage pattern, a forgotten trial note, each a minor oversight that lets someone like Catalyst slip official protocols into the veins of people the system pretends not to see. Buried among years of emergency triage records and transfer authorizations is the thread she could not fully erase, a record of who she still treats and where they vanish afterward. So far, the trail has led from a dead courier freighted with diverted chems to whispers of a ghost medic aiding veterans and settlers, always just off the official manifests.
3276	833	1	QUST/CNAM	Out here, this quiet research module is where corporate paranoia and outlaw ingenuity first brushed against each other, and the scuff marks never quite faded. This is where competing routes were modeled, where data streams split and recombined, where someone with Vector's instincts could decide which paths lived and which were quietly erased. The local systems still hum with half-sanitized access logs and aborted transfers, the kind of digital crossfire that only matters to people who know how to weaponize information and jump corridors in the same breath. What started as a stray dataslate on a forgotten rock, then smeared beacon echoes in high orbit, then a Trade Authority hull with impossible waste cycles, has now become a stack of "lucky" overlaps and recycled names that stopped feeling like chance about two clues ago.
3366	833	1	QUST/CNAM	Neon's Astral Lounge is where routes are bought with whispers and lost with a single bad drink, so if she sold anyone a path the galaxy was not meant to see, the echo of that deal lives here. In the haze of Aurora and cheap soundproofing, smugglers and haulers trade more than stories; they pass on fragments of access, codes and ciphers scrawled on coasters then half-erased, like someone meant to come back and tidy the trail and simply never returned. Whatever was left behind in this corner of the lounge is not just another trinket; it is the one remaining thread tying her name to the shadow corridors everyone swears do not exist. Up to now all you have is a half-remembered rumor from barflies and the knowledge that certain haulers vanished after dealing with a Kyrgyz-born navigator whose work no one will admit to funding.
3773	836	1	QUST/CNAM	Out here, the old UC listening post hangs over the landscape like a forgotten accusation, its antennae still straining toward traffic patterns the Navy no longer admits exist. This is where Vector can work without interference, quietly rewriting the sky, tuning Grav Drives against the ghosts of archived signals pulsing through abandoned relays. Every encrypted ping he sends from here lets him stitch his ghost corridor closer to reality and scrub the last traces of his earlier tampering from official registries. If he finishes, the map itself changes and no tribunal will ever prove who moved the lanes. So far the trail has been a dataslate on a backworld, hushed corporate whispers in a quiet research module, and a derelict GalBank contract hauler stuffed with corrupted charts and one name threaded through every altered route.
3957	836	1	QUST/CNAM	If anyone is still keeping score on the missing ships, the numbers live here, in the rusted bones Deimos left to rot. The scrapyard squats on the edge of nowhere, a tangle of collapsed gantries and half-gutted frames, exactly the sort of place where routes get rewritten and manifests quietly disappear under new paint and old dust. Uniform Blacksteel holds the perimeter with the bored vigilance of people paid to look the other way, not to ask why so many condemned drives all died on the same corridors. The boardrooms and officers who ordered that pattern buried trusted time to smother the rumors, but the whispers never quite went away; a dead spacer's logs in orbit, then inconsistencies in yard reports, all hinting that someone has been steering wrecks into the dark and signing off on their erasure with the same careful hand.
3331	837	1	QUST/CNAM	The old industrial shell still hums faintly with forgotten power, its rusted conduits and half-dead consoles the last place anyone would look for something worth killing over, which makes it exactly where a careful thief would tuck away the tool that rewrites how ships move through space. Whatever she lifted from her former associates will not just be schematics or raw numbers; it will be the working memory of jumps already taken, the kind of data that shows not only where she has been steering traffic, but where she intends the next bend in the lanes to fall. So far the trail is a discarded slate on a backwater world, convoy reports that blame "malfunction" instead of admitting a pattern, and whispering Fleet deserters who all agree on one thing: something vital went missing right before their routes started turning strange.
4360	837	1	QUST/CNAM	No one built this pod to be found; it sits deep under regolith and rock, humming quietly against the planet's pulse, its consoles still listening to channels the UC pretends it shut down years ago. If any place would log a ghost crossing into restricted space, it is here, in the blind spot between sanctioned feeds and forgotten operations. The analyst who ran from this post knew enough to be afraid, but not enough to see how routine crossings and familiar callsigns had dulled their edge while someone slipped an unauthorized asset through the cracks. So far the trail is a frightened preacher's stories from a remote retreat, half corrupted schematics scraped from a lonely cache, and now a classified file that finally admits our fugitive once moved under official cover, right where no one was supposed to be watching too closely.
3211	838	1	QUST/CNAM	Down in Neon's lowest decks, under flickering grid-light and dripping coolant, records go to be forgotten rather than erased. This is where overworked techs and off-book captains stash the things that look too small to matter: misfiled service orders, unsigned firmware notes, a recall draft that never quite became official. If there is a place where the story was written plainly, then quietly buried under bad lighting and Aurora haze, it is here, between scavenged panels and repurposed junction boxes. Every step so far has been like that: a half-corroborated ping from a lonely shack, a freighter whose drive history did not match its manifest, a dead ship carrying a manifest that bent routes by a few innocent degrees, each hint straightforward on paper yet strangely slippery when you try to hold the whole pattern in your hands.
4543	838	1	QUST/CNAM	Out here, anchored beside a lonely beacon in high orbit, the sky itself is the archive. This is where he would tune his quiet corrections, nudging satellites and survey nets until entire worlds saw false trajectories as truth. The calibration data that slips through this node never touches official channels; it rides on test pings and maintenance checks, the kind of traffic no one audits until something falls out of the sky. Back on that forgotten rock, farmers only whispered about storms that learned new paths; at the abandoned relay, warning signals died mid-sentence; in the dead lab, grav experiments were left half-scrubbed. Every fragment has come secondhand, traded between people who insist they do not know the whole story, yet all their half-told versions curve the same way, toward an unseen hand repositioning the stars.
3071	839	1	QUST/CNAM	HM-7378 drifts like a sealed question in UC livery, its running lights cold but its transponder still dutifully pinging into a void no one answers anymore. If there is anywhere a buried set of routing orders might still be ticking over on autopilot, it is inside a forgotten SysDef hull whose crew never lived long enough to shut anything down properly. The silence feels procedural rather than abandoned, like a ward left prepped for patients who never arrived, systems still waiting on triggers written by officers who are now dust.  \nSo far I have chased fragments: an anonymous slate on a distant rock, a ghost signal in high orbit, hints of diverted evac flights and scrubbed medical logs, all suggesting that whatever directive turned a good medic into a roaming clinic is still active in the background, following its own schedule.
3974	839	1	QUST/CNAM	Out here in quiet orbit, the thing humming against the black is less a beacon than a scar in the traffic lanes, a slow, deliberate kink in how ships choose their jumps. It was never meant to exist this close to settled space; layer by layer someone bent the routes around it, until captains began to follow a curve they could not see. Left alone, it keeps teaching drives to lean toward the same blind corner of the map, tightening the pattern Starline has been sketching in other people's engines.  \n\nSo far, the trail runs through a forgotten datapad in backcountry rock, a buried analyst station full of censored telemetry, and whispers of a missing settler convoy whose last jumps echo the same wrong angles. Taken together, the numbers all tilt toward a second, unseen mass casting its shadow across every chart he has ever touched.
4481	840	1	QUST/CNAM	Gagarin is where the numbers first slipped their leash, even if nobody logged it that way. In the rusted shadows of the agro annex and the noise of loaders on the strip, someone threaded a new path into existing routes, a quiet edit that turned routine grain into a message only a careful reader could catch. Whatever was installed here touches every cargo link she has used since; without that pattern, everything you have heard about failed inspections and miracle harvests stays as bar talk and burned terminals. From what little survives, you can piece together that anonymous survey logs on a forgotten rock mentioned recall orders that never came, inspectors here muttered about shipments moving too fast for comfort, and somewhere between those two points, a single routing fragment keeps repeating like a nervous tick in the system.
4126	841	1	QUST/CNAM	Ryujin's tower in Neon is where numbers stop being theory and start buying silence; whatever was carved out of their internal ledgers will show which clients paid for routes that just happened to skirt disaster, and which accidents were never accidents at all. The trail of altered vectors disappears into their accounting stacks, where navigation experiments are buried as research write-offs and side-channel contracts, and if anything links corporate money to those ghost corrections, it will be here, half-redacted and mislabeled. So far, all anyone agrees on is this much: a burned slate on a forgotten relay showed the first pattern, freight captains in frontier bars swore the same unseen hand nudged their jumps, and a jittery analyst in New Atlantis confirmed that whole folders of anomaly data vanished the moment her name came up.
4291	843	1	QUST/CNAM	The old relay station hangs over the dead plain like a rusted crown, its dishes still clawing at the sky long after the UC crossed it off their maps. Out here the noise floor is low, clean enough for one mind to bend every beacon and emergency channel in a half-dozen systems. This is where years of quiet rerouting, falsified distress calls, and engineered "ghost rescues" converge into a single live grid, its cores running hot with civilian traffic that does not know who is holding the switch. If the work is cut anywhere else, it heals; sever it here, and the pattern breaks. From the first scorched dataslate on that nameless rock to the gutted drone lab and the bunker tech clutching stolen sensor traces, every lead has pointed to one architect, one hidden hand inside the emergency network, drawing everything toward this silent node.
3217	844	1	QUST/CNAM	The hut squats alone against the wind-scoured ridge, its sensor masts half-frozen, lenses crusted with dust and ice. Out here, nobody bothers to clean up after a storm, or after a fugitive; they just let the monitors keep quietly recording heat and motion until the buffers fill and overwrite. This is the one place where the ground itself will have told the truth about who crossed it, how fast they moved, what they were running from or toward, long after the locals started shrugging and claiming they "did not see much that night." So far the trail is built on those kinds of omissions: a remote station that logged a spike and filed it under "atmospherics," a patrol pilot who swore his scopes glitched, a frontier sheriff who remembered a stranger's ship but not the direction it left, each testimony neat where it should have been messy.
3903	846	1	QUST/CNAM	The Freestar field command trailer is the only place where someone outside UC bothered to map the same warped routes you have been chasing, scribbled between patrol schedules and casualty tallies. Out here, away from polished briefing rooms, a deputy had time to notice which convoys kept vanishing after buying discount guidance, and which coordinates no one wanted to write into official reports. The air inside hums with generator noise and unasked questions; the few Rangers still working the board go quiet when traffic anomalies are mentioned, suddenly busy with anything that does not involve meeting your eyes. So far, the trail runs from a drifting buoy packed with falsified vectors to dockside manifests showing identical edits, all pointing toward a single hand quietly selling bad directions to anyone desperate enough to trust them.
4253	846	1	QUST/CNAM	If she ever left a fingerprint anywhere, it would be here, buried beneath Aurora haze and music that makes your bones vibrate. The lounge sits at the crossroads of half the Settled Systems; captains, smugglers, and data-fixers drift through with pockets full of half-scrubbed logs and stories they only tell when they think no one important is listening. Routing anomalies become bar talk, emergency advisories become drinking jokes, and the same odd timing in the lanes gets mentioned just enough to prove it is not coincidence anymore. So far I have a discarded slate from a forgotten rock, jittery rumors traded over Neon cocktails, and echoes in SysDef telemetry; taken together they show how an old shuttle disaster and a string of "lucky" saves bent people and traffic just enough to land me at this bar, listening for a ghost in the noise.
4033	848	1	QUST/CNAM	Neon's underbelly holds on to things time should have shaken loose; debts, bodies, and secrets all settle in the dripping steel and humming conduits beneath the lights. Vector chose this place precisely because nothing leaves here quickly, not cargo, not rumors, not witnesses. Down in the wet market shadows she can buy fuel, scrub transponders, and disappear experimental samples into a biotech gray zone that answers to no law but profit. Every false trail she and Rourke laid, every redirected shipment and vanished homestead, has been angling them toward this bolt-hole beneath the city that never forgets what it swallows. Earlier we found the first crooked data at that lonely outpost, then strange telemetry in high orbit, and finally a courier's gutted hold; together they sketched one truth, that their route always bent back toward Neon.
4189	848	1	QUST/CNAM	The combat hulk hanging dead in space is more than wreckage; it is where financial models and weapons doctrine were spliced together, then abandoned when the operators realized the currents they were testing ran deeper than any patrol route. Only here, in the frozen CIC of this UC SysDef vessel, do the cross-linked transfer logs and engagement priorities still lie side by side, untouched by GalBank censors or naval tribunals, a record of how Ledger's work was folded into war games by officers who walked away before understanding what they had set in motion. Back in Neon's shadows, ledgers and whispered rumors first tied her numbers to criminal traffic; now the trail has climbed from undercity lockers to a lost warship, and the pattern looks less like a heist and more like someone teaching the Settled Systems how to weaponize a bank run.
4112	849	1	QUST/CNAM	Survey buoys do not usually sit this far off the standard lanes, and they do not usually whisper coordinates that disagree with every official chart by the same precise margin. Whatever has been nudging jump data sideways chose this empty orbit on purpose; adjust trajectories here and whole trade routes, patrol paths, and escape vectors drift without anyone noticing until it is too late. Letting that anchor point remain hidden means every later trace of the target's movements will be built on warped space. Up to now the trail has been small, crooked signatures on forgotten worlds, a scratched dataslate in the dust, a beacon whose heartbeat never matched its traffic, and a dead SysDef hull whose own logs argued with themselves, all hinting that someone has been editing both paths and fates from the shadows for longer than anyone realized.
4129	850	1	QUST/CNAM	The abandoned listening post still remembers every whisper the UC tried to bury; its dishes sit crooked under a dead sky, but the racks below hum just enough to prove someone repurposed its ears. Hotel Hardstrike did not set up here for nostalgia they are guarding whatever beacon data survived deletion, the off-angle pings that show where lanes were bent, not broken. Whoever sold them this watch claims the contract came from a friend of a friend, no names attached, every story passed down secondhand until truth and cover blend. So far the trail runs like this a ghost relay spilling corrupted timings, freight captains in frontier dives swearing the same unseen hand nudged their jumps, a nervous analyst in New Atlantis watching anomaly folders vanish, then corporate ledgers in Neon quietly acknowledging routes no one will admit authorizing.
4271	851	1	QUST/CNAM	The relay was never meant to matter; just another aging node left to hum along on stale firmware at the edge of anyone's responsibility. That is exactly why someone chose it. One forgotten maintenance window, one unsupervised access change, and the traffic through this place started to warp: distress calls stretched, ship IDs misfiled, routes quietly bent away from prying eyes. The Starbreak Salvors squatting in its corridors think they are guarding a lucky glitch in the network, a tap on unclaimed signals, but whatever was nudged here has been snowballing for years. All anyone really knows so far is that a discarded dataslate in a remote landing site hinted at closed claims on missing ships, and word from station bars says those same registry numbers keep reappearing in the kind of off-ledger salvage auctions that should not exist at all.
4044	852	1	QUST/CNAM	This tower is where theory quietly becomes hardware, where someone's off-the-record experiment slipped past review and kept being funded because shutting it down would mean admitting it ever existed. Whatever Rourke is shaping out on the fringes started with samples and figures like these, and Vector will keep finding safe landing pads as long as the data backing their work remains buried in institutions that refuse to own their mistakes. Fractured Phalanx holding the doors suggests a small security favor grew into a permanent shadow contract, another oversight no one wanted to untangle. So far the trail runs from that isolated homestead, to the crooked beacon in high orbit, to the gutted courier and its doctored routes, then down into Neon's lower decks, each step pointing toward the same pattern of quiet approvals and redirected research.
3130	853	1	QUST/CNAM	This forgotten Colony War barracks is where her story always bends back a place built for breaking bodies and patching them just enough to send them out again. The rusted cots and dead med scanners are more than ruins to her; they are familiar instruments, now wired into a final lab where she can refine the same stimulants and counter-chems that slipped from field improvisations into black contracts and frontier dependence. Here, away from oversight, she can stabilize a last generation of formulas and sever any trail that points back to the veterans and settlers relying on her work. The courier stripped in deep space, the doctored manifests, the discreet interventions traced through orbital medicine all left faint patterns in routing codes and dosage signatures that narrow, step by step, to this one bunker where Catalyst has chosen to stand.
3898	854	1	QUST/CNAM	The deserted UC listening post sits at the exact hinge of the traffic web Vector has been bending, an old ear left humming on the edge of nowhere while newer arrays took the spotlight. Its consoles still remember what passed through them, even after the crews rotated out and the inspections stopped paying attention; familiarity bred complacency, and in that blind spot he buried the patterns that point straight to him. Now a local gang has sprawled through the corridors, more interested in cover and contraband than in the half-wiped logs under their boots, giving his secrets a layer of noisy, human camouflage. All I know walking in is this: an orbital relay burned with falsified routes, dockside records showed matching edits in freight manifests, and the same signature rode both, hiding in the static while everyone called it a harmless glitch.
4515	854	1	QUST/CNAM	This lonely orbital node hangs where nobody bothers to look anymore, a forgotten cog in an old refinery network still dutifully sampling skies no one thinks to question. That is exactly why her fingerprints would linger here: spliced into legacy routines that kept running long after their operators rotated out, quietly folding her altered readings and storm tracks into every weather model downstream. Pulling the raw telemetry from this vantage is the only way to see which worlds her corrections keep bending toward, without the filters added later to hide them.  \nUp to now the trail has come from a nameless fringe tip, guarded files at a support post, and shipping records in Neon's shadows; together they suggest someone has been riding the same narrow band of routes, letting obsolete systems carry work no one officially remembers authorizing.
3141	855	1	QUST/CNAM	Out here, where a UC listening post once sifted whispers from the dark, only dead consoles and cold antennae remain, the perfect place to bury something meant to be half-forgotten. The Renegade Guard have taken to using the abandoned arrays as their own filter, catching and trimming any transmission that still dares to speak Catalyst's name, cutting and splicing casualty traffic until no one can say what really happened to the people she treated off the books. What survives is scattered across corrupted logs, half-burned debriefs, and field reports annotated in three different hands, none of them entirely honest. So far, the trail begins with a gutted courier loaded with misrouted chems and continues through a medical station's split routing codes, each fragment pointing toward a medic who keeps rewriting her own story in other people's blood.
3256	855	1	QUST/CNAM	An abandoned farm is the one place his models were never meant to survive; here, no patrol routes or corporate scanners complicate the lines, only wind across empty plots and the echo of a life that should have been ordinary. Vector has chosen ground like this to run his last calculation, close enough to failing homesteads to hear what his numbers have done, far enough from New Atlantis and Neon that LIST, Argos, and UC analysts can still claim ignorance. Each misaligned landing pad, each stripped hab, has funneled him toward this quiet edge where he can erase the last proof of his manipulated routes or vanish into another statistical anomaly. The pattern behind these deaths is brutally straightforward, yet every dataslate, every hushed testimony from a spacer bar or a back table in the Well has somehow made that simplicity harder to pin down.
4383	856	1	QUST/CNAM	HM-6310 drifts between beacons with its running lights dead, a Navy hull abandoned to slow tumble and the thin hiss of leaking atmosphere. Whatever was done to its comms was not an accident; relays cut clean, antenna feeds scorched, the kind of work that takes time and access codes, not raiders with bolt-cutters. If there is any trace left of when the ship went quietly dark, it will be in the records still trapped inside these bulkheads, not in the sanitized traffic summaries sitting on some desk in New Atlantis. The way the stories stack up, the blackouts did not start with explosions and screaming but with small adjustments to schedules, slight delays in escorts, a convoy reassigned here, a patrol pulled there, until ships like this ended up alone in the wrong lane at the wrong hour and no one could quite remember who signed which order when.
3357	858	1	QUST/CNAM	The Deimos yard is where old hulls come to be argued over, both in scrap value and in stories people wish they had not heard. Whatever was spilled at that Vanguard hulk has leeched into the metal here, into the residue pooled in cracked tanks and forgotten drums. The ex-military crew watching over this place walk patrols like they are still on someone else's clock, swapping versions of the same operation under their breath: some say it was a clean strike, others mutter about civilian signatures and doctored logs, but every time someone gets too close to naming names, the conversation drifts back to pay and patrol rotations. So far the trail has run from a lonely rock with a discarded record, to this graveyard of Deimos steel, each step hinting that his route through the wreck fields is tied to whatever truth those soldiers refuse to say out loud.
3661	858	1	QUST/CNAM	Whoever set this run up understood how the Settled Systems look past anything wearing Trade Authority colors; a courier like this drifts through customs and crosschecks without anyone asking what rides in its data spine. Out here, with power failing and registry tags flickering, the ship is finally honest about what it became a moving splice node between corporate vaults, UC traffic, and the shadow channels Synapse favors. The hull groans in the quiet, lights stuttering over consoles that once carried routine manifests and now hum with patterns meant to be forgotten, archived in motion so no world ever held them for long. Earlier, the trail began with a burned slate in the dust, then half spoken warnings in Neon's bright center; those hints all pointed to altered records, missing routes, and a single engineering signature threaded through it all.
3351	859	1	QUST/CNAM	The orbital node hangs just outside the usual traffic lanes, a quiet watcher that only a shipbreaker or surveyor would think to ask for directions. Its telemetry buffers are cluttered with half corrected coordinates and aborted course updates, the kind of messy trail that forms when different pilots, different contracts, and different lies all tug a route a few degrees off in their own favor. Buried under those minor contradictions is the composite pattern that matters a repeating arc toward the same strip of dead space where his tugs always vanish, a path no one ever meant to reveal so clearly. Up to this point, the search has chased a forgotten dataslate, carved marks in a gutted yard, buried sensor echoes in an old bunker, and a hijacked service line in Gagarin Landing all hinting that his orbit around old wrecks is neither random nor solitary.
4297	859	1	QUST/CNAM	Out on this forgotten pad, the robotics sheds are just shells, walls stripped for scrap and gantries hanging like broken ribs, but the acoustics are perfect for catching what should not be there. The crews working this place are grave-robbers of metal and code both, and they have staked their claim on whatever fragment of the emergency grid washed up here. If anything survived the purge of official logs, if any trace of her hand bled into test rigs or maintenance drones, it will be buried under their haul and their guns. The Claim Jumpers guard it not because they understand it, but because someone paid well to make sure it never leaves this dustbowl intact. So far all anyone really has are pieces: a scorched slate by a dead beacon, rumors of hijacked rescue calls, and a quiet pattern in UC telemetry that keeps circling the same missing architect.
3097	861	1	QUST/CNAM	This maintenance garage matters because it is where the wrong kind of questions have been asked for too long, and the answers were written into metal instead of reports. Someone has been gutting old tugs and drones here, rebuilding them to run off-pattern, siphoning diagnostics and traffic data through a single buried core no official auditor ever signed off on. The Bloodied Phalanx watch the floor with veteran stillness, the kind you learn in briefing rooms where opinions stop one sentence short of insubordination; they have the look of people who were told once too often that curiosity was a liability. Crates marked for routine refit hide navigation slates and jump sequences, the same signature you first saw on the derelict in orbit and again in altered work logs, all pointing toward a single engineer who turned lane safety into a personal weapon.
3051	863	1	QUST/CNAM	The beacon is buried in an asteroid field the charts treat as background noise, a scattering of rock and old test debris where signal reflections knot together into something that only a pilot like her would trust. If she is splicing new corridors off the bones of a weapons range, then this is where the geometry first gets bent, where her numbers and the navy's old scars overlap in ways no official lane will ever admit. Locking onto this transmitter means choosing to believe the uglier version of the story, the one where someone has been stitching shortcuts through places that were never meant for traffic. Up to now, all you have are telemetry fragments from that quiet corporate post and a pirate relay full of half-decoded calls; every retelling of how she flies and what she wants has come secondhand, changing slightly with each mouth that repeats it.
3115	863	1	QUST/CNAM	The moonside cargo relay hangs low over bare stone, a hollow bone in orbit, its traffic feeds choked with half-sanitized routes and anonymous handoffs that never appear on official charts. This is where smugglers and brokers reconcile the numbers no one wants audited, where manipulated beacons and missing freight quietly resolve into profit, and where the paths Gravline has been carving through emergency lanes finally take on shape. Buried in its local records is the pattern of his movements, a thread only someone with his training would think to weave through rescue corridors and claim cycles, and someone here clearly started tracing it before going dark midstream. All we have so far is a dead beacon shack on a forgotten rock, corrupted diagnostics from an automated plant, and a set of partial manifests tying his accidents to very deliberate payouts.
4403	863	1	QUST/CNAM	Down here the air tastes of rusted brine and old power surges, the whole underbelly humming like a grav-drive on the edge of misjump. This is where Vector would come to ground his equations, buried under neon and secrecy, splicing himself into forgotten relay trunks while gangs and corporate fixers look the other way. The maze of conduits and flooded service halls gives him proximity to the traffic he has been bending for years, and enough noise to hide the last adjustments he needs to turn Neon's lanes into another "corrected" knot in his invisible map. Freighters diverted at impossible angles, corrupted buoys around distant homesteads, half-erased telemetry from dead UC ships, and a data-runner's quiet confession beneath the city all point the same way: someone has been rewriting routes, and no one wants to admit how long the pattern has been there.
4294	864	1	QUST/CNAM	On the surface this bunker should be dead, just another relic the UC forgot to decommission properly, yet the walls still thrum with low-duty cycles no one logged and antennae still track a sky no one is supposed to be watching. Whatever legacy routines survived here have been quietly repurposed, turning this place into a blind mirror of the patrol grid she once helped design, catching echoes of ships that never appeared on official reports. If those echoes can be read, they will show how she has been slipping through restricted airspace, testing the same gaps her superiors once ordered her to ignore. So far the trail runs from a gutted robotics site rigged for clandestine upgrades to stolen atmospheric scans showing a single signature ghosting through secured lanes, all pointing back toward forgotten UC infrastructure where someone is still listening.
3781	865	1	QUST/CNAM	Down here, beneath Neon's gloss and lightning, signals slip between dripping conduits and rusted catwalks where no official registry bothers to listen. This is where smugglers and failed technicians hide their experiments, where a nav-savant could bury something that talks to Grav Drives without ever tripping a corporate monitor. If there is a device bending lanes around patrol nets, its heartbeat will echo best in this tangle of forgotten relays and jury-rigged boosters, half-maintained by people who swear they saw "ghost jumps" flicker on backroom scanners while others laugh it off as Aurora paranoia. So far the trail has been a half-scrubbed slate on a lonely rock and guarded notes from a research team, all hinting at altered corridors, missing ships, and one vanished contractor whose fingerprints keep surfacing in the margins of other people's data.
4242	865	1	QUST/CNAM	The derelict hull drifting ahead once flew under UC colors, its silhouette as familiar to patrol charts as a commuter shuttle, and that is exactly why no one looked too closely when it went dark. A SysDef frame disappearing during a quiet operation is the sort of loss buried in routine, the kind of absence that lets a controller slip experiments into live traffic and blame the void when ships do not arrive. Whatever survived inside this carcass is a record of that comfort, of favors traded and anomalies waved through because the uniforms were the right shade. So far the trail runs from a forgotten dataslate on a remote rock to half-whispered rumors in Neon's upper terraces; now the missing logs and corrupted pings from this lost patrol hint that her hand has been inside military corridors as surely as civilian lanes, and none of them wanted to admit it.
4518	865	1	QUST/CNAM	The Ranger outpost is where nervous stories go to be filed away and forgotten, unless someone bothers to read them like a weather map instead of a complaint list. Settlers passing through here talk about strange clouds and broken forecasts only in low voices, as if the wrong adjective might summon more trouble from the sky, and the liaison has been stitching those whispers together into something that looks uncomfortably like a pattern. Buried in those incident notes is the first honest record of where she has passed and how the air changed after she left.  \nSo far all I have is a vague tip from the fringe and a sense that official channels are pretending not to notice; this is the first place where people who actually watched the storms form have tried to put what they saw into words, then lowered their voices and hoped no one important was listening.
3931	866	1	QUST/CNAM	The orbit here is cluttered with old traffic ghosts and discarded buoys, the kind of junk ring no one charts anymore because it is safer to give it wide berth. That is exactly why someone has been using it, stitching subtle course corrections into the noise so passing ships slide into one of two invisible lanes without ever knowing who guided them. The Crimson Fleet hull sitting watch on the edge of this debris is not here for charity; they are guarding a sliver of sky worth killing over, a tool that decides which convoys live, which vanish, and which storms arrive right on time. So far, the trail runs from a frozen lab full of twisted signals to a ranger's hut tracking twin scars in the dust, and now to a derelict Navy run that bent too close to shear, all touched by the same unseen hand before everyone involved drifted away, leaving the pattern behind.
4504	866	1	QUST/CNAM	Out here in thin orbit, away from ports and patrol routes, the only witnesses are dead satellites and the faint smear of exhaust on vacuum. This is where someone in a hurry would dump raw navigation work, splice it into an automated relay, and trust that nobody ever looks twice at telemetry meant for dust storms and refinery yield charts. The vectors she has been riding between storm-torn farms, old research shells, and fuel-rich rocks will only line up cleanly from this vantage, where gravity, magnetosphere, and flight paths can be seen in one sweep instead of scattered logs.  \nSo far the trail has run from a nameless backwater tip, to guarded files at a frontier post, to strange readings along a Helium-3 line, then into Neon's underlevel wiring and an abandoned raider chart; each step tighter, each rushed decision leaving a small, crooked mark behind.
3306	867	1	QUST/CNAM	Out here the sky is empty and the ground is nothing but scrub and wind, the kind of place freight captains and smugglers both use when they want their paperwork to quietly slip between jurisdictions. Whatever list was compiled here, it would have been built from a dozen minor favors and half-heard instructions, a route stitched together by dispatchers who misread storm warnings, handlers who rounded up coordinates, and pilots who logged their cargo under the wrong codes on purpose. That is why this backwater matters: it is where the little errors and quiet lies converge into a clear pattern of ships moving under engineered weather. So far the trail has run from a lonely stash in the dirt, to a bounty-hunter hulk with half its records burned out, to a derelict orbiting grid and a rusting company town whose harvests refuse to match their own climate models.
3203	868	1	QUST/CNAM	The beacon sits alone in high orbit, a pinprick of engineered light anchored where traffic lanes thin and patrol routes pretend not to notice. That makes this the only place a full map of those off-chart jumps could be stored without triggering alarms, and explains why a gunship like AR-1006 Warshade is babysitting empty space. Whatever pattern is encoded out here ties Navy vectors, missing freighters, and a freelance technician's wandering repairs into something more deliberate, the kind of truth that gets downgraded to "operational nuance" in briefings and quietly buried in classified archives. So far the trail runs from a forgotten slate in the dust, to jittering signals in an outpost shack, to a dead hauler with the wrong drive history, each clue delivered by people who chose their words very carefully once they understood what they were really seeing.
3231	869	1	QUST/CNAM	The rocks here are thick enough to drown most signals and slow even a careful pilot, which is exactly why a man obsessed with broken orbits would hide his calculations among them; anything mapped out here was meant to be read only by those already fluent in wreckage and misalignment. The device tucked into this clutter listens to grav-wakes the way others listen to gossip, charting every ship nudged off course toward some unseen gathering point, and anyone who ever tried to talk about it in the open either fell quiet or disappeared from the flight rosters. So far the trail has given you a lonely dataslate on a backwater world, a dead relay full of mismatched pings, a gutted garrison with doctored beacons, and a deserted barracks whose logs all bent around the same engineer's careful hand, teaching everyone involved to keep their opinions carefully measured.
3790	869	1	QUST/CNAM	The Red Mile is the only place he can work without drawing questions about risk or missing runners; here, disappearances are entertainment, and grav anomalies can be folded into the legend of a brutal blood sport. Vector has wrapped himself in that noise, using the constant flux of contestants, wagers, and emergency medevacs to mask his last adjustment to the charts, one final attempt to bend the Silent Corridor into a predictable weapon. If he finishes here, every faction that ever touched his work gets a new way to make ships vanish and blame it on bad luck. The coincidences have stacked up until they no longer feel random: the corrupted dataslate in the wilderness, falsified manifests aboard a Trade Authority hauler, buried telemetry in an abandoned bunker, and clinical reports at the edge of legality all point to the same quiet hand reshaping the lanes.
4135	869	1	QUST/CNAM	The Dogstar plant hangs in the dark like a forgotten bolt in a dead machine, conveyors idle, loader arms frozen mid-haul. This place was designed to store and sort mass for years without complaint, to hold cargo in tight orbits until someone somewhere needed it moved. Starline has turned that instinct into a weapon, nesting her prediction mesh in the factory's autonomous routines, letting them herd ships, drones, and data streams into holding patterns she alone can break. Here she is seconds from locking a whole sector's traffic in place, a test run for something far larger.  \n\nThe trail to this moment runs through a dead slate on a lonely rock, strange shipping shifts whispered over coffee in New Atlantis, a shaken family on a dusty yard still paying for a lost registry, and an orbital breadcrumb that proved her fingerprints were on every diverted route.
3220	870	1	QUST/CNAM	Out here, where the rock swallows every signal and the sky is just a thin crack overhead, the patterns finally have nowhere else to go; if he really wanted to end his work, he would choose a place that cannot drift, cannot burn up, cannot be quietly towed away. They say Vector picked this cave because the stone reminds him of armor plating, because he can carve his last equations straight into the walls and let the dust keep his secrets. Others mutter that UC and Deimos forced him planetside, flushing him out of his wreck-constellations until this was the only blind spot left between their sensors. Hard to tell what is true anymore: only that the first dataslate in that lonely backwater, the silent relay where echoes would not die, the gutted merc outpost, and the factory full of hijacked guidance code have all traced the same careful hand, drawing you here.
4372	870	1	QUST/CNAM	This Deserted Relay Station is where the old war habits work in your favor; the place still trusts any signal wearing the right uniform, and long familiarity has dulled what few safeguards remain. Its consoles speak the same language as the cargo hulk you first boarded, the same obsolete protocols Hart once served under, which is why the routing you need would pass unnoticed anywhere else but glows here like a buried vein. Bloodied Unit holds the corridors with the casual discipline of soldiers who have guarded too many forgotten secrets, certain no one is paying attention anymore. So far the trail has given you a dead Navy freighter with surgically cut comms, scattered audit fragments hinting at non-standard blackout trials, and rumors of frontier outposts paid off in quiet, all pointing to someone higher than Hart who learned to hide malice inside routine.
4535	870	1	QUST/CNAM	Whatever he left woven into this place had to pass through a node no one watches anymore, and that makes the abandoned listening post the only place his hand would show clean. The old UC dishes still rake the sky out here, catching the faint spill from misaligned satellites and hushed transmissions that never make it into official logs. If there is a thread connecting his altered storm bands and bent grav lanes, it brushes this station first, before anyone can smooth it away. Back on that lonely rock, farmers only muttered about wrong weather when no recorders were running; in the last relay I checked, half the warning audio simply stopped mid-sentence; now even the salvagers squatting in these corridors lower their voices when they mention redirected traffic and ghost jump routes, like saying too much might be enough to make whatever is listening look back.
3454	871	1	QUST/CNAM	Out here, away from the traffic lanes and official eyes, this little rock and its abandoned camp are exactly where someone would stash notes you do not want filed in any UC archive.  \nThe agent who was watching Vector chose distance over backup, which means whatever they wrote down never made it to a tribunal and has been fermenting in the dark ever since.  \nLocals argue over the story in low voices, each version shifting blame a little, but no one ever insists on being right; the last person who pushed too hard stopped asking questions altogether.  \nSo far my trail is a broken chain of evidence and hearsay: strange misjump telemetry off a crippled freighter, a nameless slate in the backcountry that whispered the same skewed vectors, and now a rumor that one UC watcher tried to piece it all together out here and did not live long enough to file the report.
3580	871	1	QUST/CNAM	The remote research module hangs in the dark like a forgotten thought, power throttled back, only the faint hum of life support keeping its data banks from freezing into silence. This is where the transfer paths knot together, where half-legal experiments and quiet corporate audits once shared the same servers until priorities shifted, budgets moved on, and no one bothered to cleanly erase the past. Logs were rerouted, ownership changed hands, and what began as routine record-keeping slowly became an accidental dead drop, leaving critical traces where no one originally meant them to settle. So far the trail runs from an unmarked cache in the wilds to abandoned terminals in a shuttered lab, and now to this forgotten node where freight manifests and tampered accounts finally begin to rhyme with the stories told about a hauler who never stopped working the dust.
3560	872	1	QUST/CNAM	This husk of machinery drifting over the planet is where his pattern stops being theory and hardens into proof. Its position sits just off the main grav lanes, nested in a blind patch no navigation authority admits exists, quietly reshaping jump telemetry for anyone routed through Deadbolt's handiwork. Whatever he has been modeling in secret hinges on this node staying intact, turning shipping accidents into rehearsals and pirate raids into timed demonstrations. Bringing it down here fractures the spine of his system before it can be fully weaponized. So far the trail runs like this: a forgotten dataslate in the dark, falsified courier orders on a paid-for ship, Navy records scrubbed yet echoing the same delay codes, and now this silent construct in orbit that proves someone tried to bury the truth, but every frightened captain's story kept the whispers alive.
4351	872	1	QUST/CNAM	New Atlantis looks clean from orbit, a perfect holo of order and regulation, but everything that gets buried up here slides downhill somewhere. Whatever was used to carve people out of the registries would have needed access close to the heart of the system, somewhere the right kind of clearance opens doors and the wrong question closes them. That makes this city the only place where a gap in the records does not look like a glitch but a choice. You are not the first to come asking; the way clerks pause mid-sentence and security eyes wander past you says there is a shared understanding about what not to say aloud. Still, the trail started with a stray slate in the dark, led to mismatched accounts in a branch that swore nothing was wrong, then to stories in the underlevels about a second voice on old calls that made difficult cases disappear instead of resolve.
3707	873	1	QUST/CNAM	Perched on the airless rock, the cargo relay feels like a rumor given structure: a few patched hab modules, a tangle of antennae, and a petty broker who somehow knows too much about freight that never officially existed. This is where manifests are shaved, containers renamed, and whole shipments turned into ghost stories before they ever reach an insurer's desk. Somewhere in the broker's hoard is the thread that shows which vanished loads were accidents and which were quietly steered into the dark, a pattern only visible from this halfway house between lanes. So far the trail is a chorus of half-believed sightings and nervous denials: a stray dataslate on a forgotten rock, incomplete logs in a quiet lab, a relay repeating traffic no one admits to sending, and dockhands who swear a tug drifted wrong while their supervisors insist nothing unusual happened at all.
4081	874	1	QUST/CNAM	The relay station hangs dead between stars, stripped of its ident tags and left to rust just far enough off the main lanes that no one asks why its dishes still twitch. Once it fed clean credit traffic between colonies; now its gutted halls hum with rerouted power and the thin whine of overclocked routers, the perfect place to vanish a man and the records he carries. Here, spliced into the old grid, he is trying to drag one last surge of wealth out of black accounts and bury every trace of who paid and who was saved, before GalBank and the Fleet can rewrite the story. The urgency is simple: if he finishes, the pattern of stolen foreclosures, doctored manifests on that moonside module, and impossible absolved debts on that empty farm will be scrubbed as if they never were, and the quiet effort to erase him will finally succeed after the whispers led you this far.
4233	874	1	QUST/CNAM	The moonside cargo relay was built to be invisible, just another anonymous hinge in Trade Authority's supply chain, and that is exactly why this is where the trail tightens. Years of routine traffic, rubber-stamped inventories, and bored shift rotations have turned it into a blind spot, a place where manifests could be bent and whole hulls could slide between columns without raising alarms. The broker buried here has been skimming those omissions, turning quiet discrepancies into private leverage, and somewhere in his hoard lies the pattern of ships that paid to vanish along the same shadowed paths. Familiar routes and familiar signatures lulled everyone into thinking nothing unusual was passing through, until erased vectors in that forgotten hangar and off-book chatter from nervous captains made it clear the same hand had been nudging traffic just out of sight.
4366	874	1	QUST/CNAM	If there is a place where stories warp into scripture, it is this ridge top shelter, where tired settlers trade fears over thin coffee and the wind steals half of every sentence before it reaches the next listener. Whatever was first said about the visiting engineer has already been retold, softened, sharpened, turned into warning and rumor, but here the missioner tried to catch it on a screen before it slipped away. Their notes are the only map left to those who disappeared after seeking "help" with failing air, the closest thing to a clean trace through all this speculation. So far all I know is that an unnamed fixer walks between struggling habitats, leaves systems running too hot, and moves on before the failures start, and that every frightened account eventually winds up echoed in this retreat, like all their paths are bending toward the same unseen point.
3915	876	1	QUST/CNAM	Neon is where routes are born in the cracks between legal manifests and back-alley bets, and where the lines on a screen can matter more than the streets themselves. Down in Ebbside, the noise of the grid and the weight of the storms above give smugglers cover to test patterns no patrol will ever see, and Vector has been using that cover longer than most captains have been flying. If she hid the key to her curve anywhere, it would be here, buried amid routine simulations and crooked ledger work that security stopped looking at years ago. Out in the drop shelter, a pirate fixer pointed to this district when the pressure rose, and before that a dead courier's slate hinted at the same signature noise; all the fragments say the same thing, that her invisible path was refined under this city while everyone else assumed the traffic here was just more of the usual grind.
3448	877	1	QUST/CNAM	Gagarin Landing wears its new corporate gloss like a thin coat of paint over rust, but the real business still happens in the alleys between Arc Might catwalks and forgotten mech bays.  \nDown here, the waste drums and cargo stacks are where routes get rewritten and inconvenient records disappear, if someone remembers to finish the job.  \nThe one you are after should have been scrubbed weeks ago; instead it sits untouched, half-buried under newer shipments, as if the person meant to tidy this particular mess was called away mid-move.  \nSo far the trail has run through a discarded dataslate in the backcountry, strange jump vectors pulled from a damaged freighter, and now whispered directions in this settlement from salvagers and route brokers who all describe the same quiet analyst whose predictions keep putting ships in the wrong place at the worst possible time.
3714	877	1	QUST/CNAM	Gagarin Landing is where temporary fixes come to die slowly. Emergency grav-drive patches, provisional cargo routings, "just-for-now" overrides in the tugyard software, all layered until nobody remembers what the original settings were meant to do. Somewhere in that tangle, the engineers have been feeding a sliver of anomalous traffic into routine checks for so long that the anomaly itself is now part of the standard workflow, an invisible companion to every refit and recalibration. If there is a trace of her signature left anywhere, it will be here, buried under institutional laziness and old workarounds. So far the trail runs through an abandoned outpost where a stray dataslate logged the wrong ship twice, a research station whose incomplete logs lined up with no known route, and a deserted relay still echoing traffic its operators swore they shut down years ago.
3253	880	1	QUST/CNAM	Down here in recycled air and permanent shadow, the lines between freight and contraband blur until only the handlers can tell the difference, and even they pretend not to see. This is where manifests get rewritten, serials shaved off, and whole shipments are quietly reclassified from charity relief to salvage, then to something with no name at all. If a navigator wanted to move parts and data through official space without leaving a trail, these back corridors would be the first waypoint; everyone knows to talk in nods and half-phrases, to let certain names slip away mid-sentence and point instead at crates, routes, and favors owed. So far, the trail begins with an anonymous cache in a forgotten yard beyond the city, and a whisper in a workers' canteen about rerouted colony ships, a missing LIST planner, and star charts that never match the ones on the public boards.
4084	880	1	QUST/CNAM	The moonside cargo relay module sits where official routes blur into private arrangements, a quiet choke point where credits change hands long before any ledger admits it. Its stacked containers and half-lit corridors hide the only full picture of how certain shipments kept dodging fees, penalties, and the kind of attention that gets routes shut down. Here, buried in a broker's private cache, is the pattern of diverted loads and forgiven balances that traces back to a single guiding hand, the kind of map no bank or pirate will willingly leave intact. Back on that empty farm, the foreclosure that canceled itself looked like a glitch; now, with a dead spacer's half-burned notes in mind, the same signature corrections keep appearing along this smuggling chain, and every whisper about a rogue auditor twisting the tides of credit feels less like rumor and more like design.
4501	880	1	QUST/CNAM	Down here, under the Span where the lightning feeds the city and the runoff of a thousand bad decisions trickles through rusted grates, the noise is loud enough to hide what needs hearing. This is where illicit power is spliced, where anonymous packets ride stolen current, and where a mind like hers would lean on the grid without ever touching an official terminal. The pattern you have been chasing lives in the static and hum, encoded in routes that cross storms, Helium-3 lines, and forgotten farm skies, and only a place that drinks directly from Neon's heartbeat could hold a clean echo of it.  \nSo far the trail has run from a stray lead in the back end of nowhere, through cautious files at a frontier support post and odd diagnostics along a fuel operation; all of it pointing, step by step, toward her habit of hiding inside the places everyone else takes for granted.
4192	882	1	QUST/CNAM	Neon's underbelly is where the city forgets itself, where old wiring, rerouted power, and unpaid favors tangle into something no administrator tracks anymore. Down here, a single mislabelled conduit or unreported junction can live for years, feeding back rooms, side hustles, and quiet schemes under the Conduction Grid. Somewhere along the line, a tech skipped a form, a contractor cut a corner, and a whole layer of sublevel links slipped past official schematics, becoming the perfect skeleton for someone who thinks in flows and failures. The first whispers of this came from a shaken broker on Akila and half-burned notes drifting near Gagarin; along with a locker of marked freight claims below Neon's lights, they all suggested the same thing: someone is using forgotten infrastructure as their private balance sheet, and the trail starts in the ducts no one bothered to fix.
3265	883	1	QUST/CNAM	If it had to end anywhere, it would be here, under leaking conduits and flickering gridlight, where nobody asks how a ship crossed a lane it should not have survived. Neon's lower decks are where Kade's believers drink beside her casualties, where Vector's name is spoken with equal parts envy and dread, and where a pilot who knows too much about ghost jumps can disappear into a crowd that owes him favors. The Underbelly hums with outlaw tech and bad bets, the perfect place for him to cut one last deal, bury one last data trace, and slip away toward whatever Echo he thinks is waiting. Faces around the bars remember a burned courier staggering into dock, a fight in a gutted test bay on Gagarin, strange blackbox fragments traded through a Neon broker, and that drifting Trade Authority hull, all sketching the same pattern of impossible vectors and ships that never came home.
4342	883	1	QUST/CNAM	Out on the fringe, this little Ranger post is the only place where all the half-spoken stories actually touch the same wall. Settlers drift through with dust on their boots and static in their hair, arguing over what they saw in the storms and how many ships really vanished, but no one wants their name on an official complaint. Here the liaison pins their conflicting accounts side by side, ink bleeding through cheap paper, while the comms console crackles with weather alerts no central office will ever read. If there is a pattern hiding in the noise, it lives in these cramped corridors and coffee-stained logs. So far, all you know is that frontier families describe the same quiet pilot threading convoys through impossible weather, insurers insist every loss was a simple navigational error, and both sides fall silent the moment you ask for something you can actually file.
3886	884	1	QUST/CNAM	Out in far orbit, where traffic thins to silence and only old signals drift, this is the one place the pattern can be seen without interference. The VR-6919 Ghostforge sits on the edge of the well like a knife on a map, hull lights dark, listening and relaying in directions no public chart admits exist. Whatever passes through its arrays ties the nameless gas giant, the drifting graveyards, and the hidden barge into one geometry of jumps that only a navigator obsessed with control would design.  \nSo far the trail runs from that forgotten rock where the first dataslate turned up, through crooked dock records near Neon and a smuggler's ledger in a sweating cavern. Each retelling of how those pieces connect shifts a little in the mouths of spacers, but the same shadow keeps showing up at the edge of every route chart anyone is brave enough to mention in more than a whisper.
4069	884	1	QUST/CNAM	Down here the air tastes like coolant and cheap Aurora runoff, and the walls sweat with every storm that hits the Span above. If someone wanted to hide the pattern behind ships coming and going, behind which hulls get pushed past safe load and which ones drift out to die, they would bury it in these back corridors, between unmarked freight offices and terminals no one admits to owning. The Underbelly is where dockhands talk off-shift, where Sanctum zealots whisper about endings, where LIST surveyors trade rumors for a drink; paper trails do not survive here, only schedules traded hand to hand. So far, all I have are those fragments: a stray log from a lonely surface outpost, an orbital cache that should not have existed, and a derelict SysDef hull whose records were scrubbed too neatly for chance. Everywhere I go, different people tell the same story with different names.
3312	886	1	QUST/CNAM	Out here, the old UC listening post still hums faintly, its dishes fixed on dead lanes and forgotten wars, the perfect shell for someone who lives inside signals and silence. Starline chose this place because its arrays were built to hear what others miss; tied into them, she can scrub beacons, bend civilian routes, and finish rewriting the maps that have killed convoys and led hunters into graveyards. Every false corridor, every doctored jump, has been steering traffic toward a pattern only she fully sees, and now she is seconds from locking that pattern in, purging the last raw logs that prove how many lives were spent to draw her lattice across the stars. Backwater contracts, a stray dataslate, wrecked haulers, a gutted scrapyard trail, and a corrupted orbital clue have all converged on one truth: her charts were never accidents, just small choices layered into a design.
3268	887	1	QUST/CNAM	Skyclipper TA-1174 drifts where the lanes thin out and the patrol grids look the other way, the kind of place a Trade Authority hauler can go missing without anyone filing more than a delayed-shipment note. Its numbered hull and corporate transponders make it look routine, harmless, but that is exactly why records tied to dangerous routes and unregistered jumps would be buried here rather than on any flagged smuggler's ship. The air inside will still taste of processed cargo dust and burnt electronics, a quiet reminder that someone thought this was the safest place to hide the pattern behind impossible transits and ships that never arrived. So far the trail has been fragments and whispers: a discarded dataslate on a backwater rock, scrambled beacon logs from a broken orbit, and stories of a pilot who keeps appearing on the edges of misjumps no one wants to audit too closely.
3124	889	1	QUST/CNAM	Out here in far orbit, where dead satellites drift like slow shrapnel and old war hulls still stain the scans, the quiet anomalies finally resolve into a single, deliberate line. The device anchored among them is not just another dusty aid to navigation its geometry mirrors the strange adjustments you have seen bleeding through traffic updates, a silent metronome teaching every passing ship to favor one distant, forgotten quadrant. As long as it keeps pulsing, rumor and misdirection win; stories of "unlucky" convoys and bad UC math stay comfortably vague, passed around in backrooms until no one remembers who first changed the numbers. So far the trail has run from a bloodied dataslate in a forgotten stopover to a dead surface relay with altered logs, each step proving that someone inside the system has been bending courses for years while the truth was quietly polished smooth.
3687	889	1	QUST/CNAM	Out here the Deserted Relay Station is more than scrap and silent dishes it is the knot where every tampered lane and falsified beacon converges. Its antique arrays still see what official eyes pretend to miss, and Vector has folded them into a single choke point, using their reach to rewire traffic across half a dozen systems. She is here to finish what started with those quiet anomalies, to purge the last raw telemetry, lock her algorithms in place, and decide who lives or dies in the corridors between stars. In dockside bars and GalBank offices, people only mention this system in half sentences and lowered voices, as if an open word might flip some unseen switch. So far the trail has run from an anonymous dataslate on a backworld rock to an orbital clue guarded by jumpy Spacers, then into a drifting UC cargo hull whose logs proved the accidents follow a pattern, not chance.
3751	890	1	QUST/CNAM	The deserted UC listening post hangs in the dark like a bad habit the Navy never quite managed to quit. Its dishes are dead, but the buried servers still whisper on backup power, quietly cycling through intercepts and salvage telemetry no one officially admits exist. If there is a key to the pattern behind her derelicts, it lives here, in the gap between what was supposed to be temporary surveillance and what quietly became a permanent shadow ledger. Vanguard Direwolf sits on it like a hired conscience, guns and contracts wrapped around something their employers do not want questioned. Back on that lonely rock where a stray dataslate turned up, in the cramped monitoring bunker where censored reports piled too neatly, and in the dead corridors of this same station, small anomalies stacked atop each other until they stopped feeling like coincidence and started reading like a map.
3144	891	1	QUST/CNAM	The Widebeam AX-1562 hangs in a slow, ugly roll, navigation lights dead, hull paint scoured away until only the Trade Authority markings remain like a bad joke. Whoever stripped her did it in a hurry and in anger, leaving torn cabling and half-wiped consoles that tell three different stories depending on which log you believe. Some entries swear she jumped clean from Gagarin, others show a detour through a med station she was never licensed to approach, all of them looping around the same quiet gaps where routing data should be. What is consistent, buried under conflicting time stamps and overwritten manifests, is a pattern of medical shipments threaded toward places no longer on standard charts. So far the trail amounts to a dead hauler full of the wrong cargo and a handful of veterans in backwater bars talking about a combat medic who shows up when official channels look away.
4138	892	1	QUST/CNAM	It had to be here, coasting in high orbit where traffic thins and only the patient machines remain, a quiet bend in space where someone like her could stack routes and wait for patterns to converge. The processing hub below hums through its cycles, blind to the BR-1331 Riftblade holding station like a knife in the dark, its guns and sensors tied into whatever narrowcast threads she left behind. This is where separate paths knot together  automated schedules, drift corrections, and those strange timing offsets you have seen before, all sliding toward the same solution as if pulled by gravity itself.  \n\nSo far the chase has moved from a dead slate on a lonely rock to strange shipping talk over coffee, then to dirt and debt where a mechanic replayed an old argument, each step confirming that diverted routes, buried logs, and missing ships all curve back toward her predictive hand.
3315	894	1	QUST/CNAM	Only out here, suspended above a nameless world where the traffic lanes thin to whispers, can you see how someone has been carving new paths into the dark and erasing the cuts afterward. The fragment you are after drifts in the quiet between shipping routes, just far enough from scrutiny that its readings are dismissed as noise, yet close enough that a patient hand has been nudging jump solutions toward it for years. Whatever is encoded there ties together the detours that killed settlers, the missing survey partner no one files reports on, and the Va'ruun transmissions scrubbed from official archives, details everyone knows but folds away in the same drawer. So far the trail has been a discarded dataslate in the back end of nowhere, hushed complaints from wrecked haulers, salvaged logs from a gutted scrapyard, and now a pattern of altered routes that lines up too neatly to ignore.
3060	895	1	QUST/CNAM	Out here in the dim halo of a forgotten orbit, the wrecked trail of engines and broken hull plating feels less like salvage and more like a discarded thought, pushed just far enough from traffic that no one sane would come looking. This is the kind of graveyard a combat medic would choose to bury data in, far from scanners yet close enough to slipping lanes for a clean escape, and the presence of a gun-heavy escort suggests the secret inside those fragments is still very much alive. Sensor echoes, corrupted transponders, and overlapping combat logs paint different versions of how this ship died, but each insists on the same thing in its own distorted way. We began with a lone dataslate on a backwater world, then chased altered patients, tampered medical couriers, and UC marks through empty orbits and a silent SysDef hull, always circling the same surgically neat pattern in his wake.
3431	895	1	QUST/CNAM	Out here the old Ecliptic garrison hangs over the rock like a bad memory, its gun decks long cold, its corridors lit by failing strips no one bothered to replace. It is perfect for work no faction wants traced back to them, a blind spot in UC records and a forgotten asset in mercenary ledgers, left for someone like Vector to inherit. He has stripped the place down to its wiring, feeding stolen grav models and beacon code through consoles meant for fire-control, turning a derelict battlestation into the nerve center of his private experiment while the official caretakers looked away and never came back. Every phantom misjump, every encrypted warning from freight captains and LIST dispatchers, every fragment of data exhumed from that buried base and the gutted depot has pointed here, to the abandoned guns, the unclaimed power, and the man quietly rewriting the lanes from their shadow.
3545	895	1	QUST/CNAM	The asteroid field is exactly where you hide something you do not want found, tucked between drifting rock and old collision scars, broadcasting just softly enough that only a curious fool or a determined hunter would ever notice. The signal here is crooked in all the right ways, nudging ships a few degrees off sanctioned lanes, humming on an interval that looks like noise until you stare too long and realize there is a mind behind it. Whatever hand has been rewriting routes would anchor their work somewhere like this, where broken hulls are just more clutter and traffic reports never quite agree. Before this, all you had were half-erased incident logs, redacted names in UC debriefs, and freight-yard stories about drives that remembered shortcuts nobody filed, each rumor quietly insisting that someone has been bending the lanes for years while the official record pretends otherwise.
4143	895	1	QUST/CNAM	The old relay bunker still hums faintly beneath its dust, a forgotten node in the patrol grid that once watched every breath of air over this sector. Whatever was pulled from its systems cut a clean hole in official history, and only here  in the raw telemetry still buried under corrosion and cobwebbed cables  does the shape of that absence become clear. The deserter chose this place because it sat between duty and silence, because a single set of scans could prove who really crossed restricted sky and when. The truth is likely straightforward, just wrapped in omission and misdirection until it feels unreal.  \n\nSo far the trail runs from a dead slate on a lonely rock to subtle shipping anomalies whispered over coffee, then to a quiet farm's strange traffic patterns  each step tightening the same loop of diverted routes, buried logs, and one navigator's invisible hand on the lanes.
3334	896	1	QUST/CNAM	Out in this thin band of orbit, the stars feel slightly out of place, like someone has been tugging the sky a few degrees at a time. The sensor hub anchored here drinks in stray radiation no one bothers to catalogue, then quietly nudges jump plots by fractions, enough to send whole convoys skimming a different stretch of dark. Whatever has been watching the lanes from this vantage has been doing it for a long time, long enough that course corrections and "harmless" detours have started to stack into a pattern nobody will admit seeing. From a forgotten slate on a frontier rock, to convoy reports that all blamed the same phantom malfunction, to a derelict node full of stolen Fleet math, every fragment I have touched points toward someone mapping a second set of routes underneath the official ones, as if the Settled Systems have been walking in their sleep along a path they never chose.
3195	897	1	QUST/CNAM	The UC warship hanging cold in the dark is where the patterns finally start to line up; only a combat ship with classified telemetry and sealed routing orders could carry the kind of navigational truth everyone else has been careful to obscure behind jargon, half-redacted reports, and convenient memory lapses. Its designation still whispers authority, even as the hull scars and powered-down guns say it was written out of the official story, a perfect vault for records nobody wants to acknowledge exist. Here, buried in Navy systems, is where whispers about bad drives, missing recalls, and engineered failures either converge into something solid or dissolve into sanctioned amnesia. So far the trail runs like this: a stray slate in the dust, scattered logs in a lonely outpost, glitching data on a small, drifting hull, and now a warship whose silence says more than any testimony ever has.
3150	898	1	QUST/CNAM	Only in the quiet between planets could she afford to be careless, stashing her trail in the shadow of a drifting hull and trusting that no one would look twice at another dead ship in a busy grav lane. Out here, far from city sensors and frontier gossip, familiar routines do the hiding for her: patrols skim past on autopilot, haulers file their standard reports, and yet one vessel hangs slightly off its declared vector, its systems humming just enough to keep a buried grid alive. Crack this shell and the pattern she has been flying suddenly has a spine, a plotted route back to the place she erased from every official record. So far the trail has been fragments and afterthoughts a stray slate in the back country, altered logs from a ruined farm, a nervous broker on Neon, a broken survey cutter full of curses and half a jump plan all pointing toward something she once called Hearthline.
3988	899	1	QUST/CNAM	The science facility hangs in the dark like a sealed wound, its official Reliant Medical transponder the perfect mask for what has been growing inside. Here Stitch has everything he needs in one sterile shell: containment fields for unwilling donors, chem labs for his counter-formulas, servers to house every forbidden triage decision he ever logged. The stolen stimulants, vanished organ tags, and black-box data all converge on this lab, feeding a single, coherent design to break the scarcity he blames on UC and corporate hands. If he secures his archive and stabilizes his latest blends, that design spills uncontrolled across the Settled Systems. Back at the maintenance bay, the first hint was a too-clean table and missing chems; at the blood-slick track, whispers and doctored logs proved he was still practicing, just out of sight of those who swear they saw nothing worth worrying about.
3787	900	1	QUST/CNAM	Out here the research module hangs quiet over nothing much at all, exactly the kind of place bureaucrats forget and contractors exploit. This is where analysts once pulled threads on stolen data, cross-checking corridor updates and ship manifests until their questions started drifting too close to someone's off-the-books routes. Whatever record survived will not be loud, just a buried file or half-archived trace that shows which jump patterns were nudged, when, and for whose benefit. A thousand tiny approvals, ignored discrepancies, and "temporary" fixes must have piled up in these systems until entire ships vanished off their own charts. So far the trail is a scrubbed slate on a lonely rock and scattered notes about disrupted theft chains, all pointing toward a navigator who has been working the gaps between what was reported and what really happened for far longer than anyone admitted.
3239	901	1	QUST/CNAM	The listening post sits at the edge of forgotten space, a rusting ear pointed toward the lanes long after its operators packed up and left, never bothering to ask what their machines kept hearing. The array buried here has been singing to itself for years, stitching together the subtle shoves and course corrections that turn routine jumps into slow-motion collisions, and the Salvage Crown Syndicate is only guarding it because they know anything this old and this secret has to be worth something. Whatever patterns have been recorded are anchored to this spot; pull them here and the whole map of nudged ships and curated wrecks shifts into focus. So far, all you have are a stray scrap of data from a backwater world and an abandoned relay humming with mismatched pings, both pointing to someone who started re-writing the lanes and then walked away before anyone understood what that would mean.
3965	904	1	QUST/CNAM	The automated harvesting platform drifts half-buried in the asteroid field, its cutters long silent, but its navigation spine still humming with course data no miner ever needed. This is where someone clever would hide a signal that piggybacks on routine telemetry, a quiet tug on any condemned ship routed along certain corridors, bending traffic toward the same patch of forgotten sky. The field itself keeps prying eyes away; only scavvers and the desperate risk threading these rocks, and even they give this hulk a wide berth without saying why. When the topic surfaces in mess halls and dock bars, the ones who work these lanes glance away, change subjects, pretend not to remember which wrecks vanished out here. So far the trail is a dead spacer's logs, a scrubbed patrol grid, and a deserter's stolen scans, all pointing to ships being steered off manifest into the dark by the same unseen hand.
4146	905	1	QUST/CNAM	The orbit here is crowded with junk traffic and idle sats, a forgotten ring of hardware looping a world nobody bothers to check twice. That is precisely why the cache matters  a tiny misfiled update, some long-abandoned protocol left running on auto, and over time the system learned to route more and more course corrections through this one quiet lane. Now a lone escort, the ST-6273 Starblade, circles the clutter like it is guarding nothing at all, which makes it the most suspicious ship in local space. Somewhere in that tangle sits the key that links her hidden station to the rest of the grid.  \n\nSo far the trail runs from a stray dataslate on a backwater rock, through odd shipment timing flagged in farm logs, then into a dead relay still watching the skies on forgotten orders, each step revealing the same pattern of diverted routes and one navigator quietly bending traffic around herself.
3178	908	1	QUST/CNAM	Only in high orbit does the pattern resolve: the beacon hangs in a thin sliver of space where grav readings slip between official survey grids, exactly the kind of blind angle a former stress analyst would trust more than any report. The Bloodwake holds position over it like a hired lock, Crimson Fleet gunners watching a prize they only half understand, guarding echoes of drive failures and lane distortions that have been traded as rumor and bar-talk so long the edges have worn smooth. Tapping this node here, at the point where his stolen models and real-space anomalies intersect, is the only way to separate myth from math and follow the chain back to its source. Up to now, the trail has been redacted incident logs in a quiet lab, frightened technicians hinting at tampered safety systems, and captains passing around distorted tales of a vanished analyst who keeps turning accidents into messages.
3214	909	1	QUST/CNAM	The Deimos yard is where old metal comes to be stripped of its identity, and that makes it the perfect place to hide a record no one wants to admit exists. Between rusted hull frames and half-gutted drive cores, the Hellbound Dustwalkers pick at whatever is left, selling stories about "bad jumps" and "cursed ships" to anyone who pays for drama, sanding the sharp edges off what really happened until it sounds like bar gossip instead of evidence. Somewhere under their grease-stained terminals and repurposed cores is the straight version, the one name and series of routes that keep showing up behind every quiet disaster. Up to now it is all been secondhand: a corrupted ping from a lonely outpost, a freighter log that did not match its manifest, a whispered account over cheap liquor in Neon and a half-joking warning from a freestar drifter about a hunter who follows broken drives instead of bounties.
4030	909	1	QUST/CNAM	The orbital-drop shelter is where the stories start overlapping, so if any place holds a trace of what really moved through those corridors, it is here among the scorched bulkheads and half-packed crates. Its battered consoles still hum with old traffic patterns, gaps and timing windows someone carved into the lanes and then tried to scrub away in a hurry. The liaison swore a navigator had threaded their runs through those gaps, but every retelling shifted a little: different rendezvous times, different exit points, always the same unseen hand. From manifests that do not balance at the mid-tier port, to a smuggler convoy that arrived early without extra burn, to whispers of charts marked with symbols no official route uses, every fragment points back to the same thing; someone is editing space itself, and this shelter is where their edits first brushed the people desperate enough to pay for them.
3118	910	1	QUST/CNAM	The autonomous factory is the first place the numbers stopped adding up and the machines started whispering someone else's intent, which is why the file you are after would be buried here, half-forgotten in a system no one thinks to audit. Its guidance arrays sit at the crossroads of production and transit, where altered routes and stray rescue-frequency echoes can be dismissed as software noise, and where a mercenary outfit can loiter under contract cover without raising corporate alarms. Forward Shadowline holds this ground like they expect someone to come back for what was started in the diagnostics then abruptly abandoned mid-entry, a trail of half-written logs and rerouted shipments left hanging in mid-process. So far, all we have is a dead tech at a remote relay, a pattern of nudged shipping lanes, and scattered stories of a rescue pilot who always arrives just before the reports go missing.
3273	910	1	QUST/CNAM	Down here in Neon's Underbelly, nothing ever really leaves; it just seeps into the corners, into the pipes, into the people no one looks at twice. If someone wanted to bleed off the traces of bad jumps, scrub drive signatures and dump whatever a Grav core should never carry, it would end up in these channels, where runoff and secrets share the same conduits. The grid hums overhead, lights strobing through steam, and every maintenance hatch looks like it has not been opened in years, despite the warmth of recent work on the seals. This place has a habit of holding onto cargo, chems, even bodies longer than anyone planned, and the same goes for data ghosts. So far the trail has been a crooked line: a discarded slate on a forgotten rock, smeared beacon logs in lonely orbit, and a derelict Trade Authority hauler whose corrupted records all whisper the same name and point, again and again, toward Neon.
3522	910	1	QUST/CNAM	Neon's rooftops are the only place he can see the whole grid he has been bending, a tangle of star lanes, corporate pads, and anonymous freighters lifting off into the storms beyond the Span. Up here, away from official flight control, Vector can patch directly into illicit nav buoys and shipboard relays, finalizing the jump lattice that will carry his most loyal captains beyond anyone's jurisdiction. If he finishes the work, his shadow routes harden into a permanent artery no faction can shut down without crippling their own traffic. A missed timestamp at a remote cache, a garbled Ryujin memo, and a SysDef analyst reading the wrong transponder log brought the trail here; a stolen dataslate in the hinterlands, quiet questions in a Neon tower, and a drifting tactical hull full of corrupted VectorSet runs all pointed to the same conclusion: someone has been rewriting how ships move through the dark.
3340	912	1	QUST/CNAM	Out here, among rusted hulls and half gutted frames, Deadlock is surrounded by the language he understands best; every twisted beam and stripped Grav Drive mount is a tool he has already weighed and repurposed in his head. The abandoned Deimos scrapyard sits just far enough from official lanes for SysDef to look the other way, and close enough to old contracts that he can bleed value from forgotten war steel while he finishes what he started with those stolen schematics. If he is going to lock his story into place forever, burying evidence or rigging one last structural collapse to erase his part in the Vanguard disaster, it will be here, where corporate ledgers already read "written off." They counted on time and paperwork to smother this mess, but yard logs in a quiet corner, a runaway field tech in a buried bunker, and loose tongues in Gagarin Landing kept dragging his name back into circulation.
3408	912	1	QUST/CNAM	Out here, away from ports and patrol routes, the orbital lane is almost empty, which is exactly why this fragment of navigation data matters. No station traffic to muddy it, no civilian relays rewriting it for convenience; only raw vectors showing where the hidden tankers break from registered routes and vanish toward whatever off-grid cistern Catalyst favors. The RD-1964 Scrapviper circling this rock is not here by chance; someone paid Spacers to sit on these numbers and make sure no one compares them to what Cydonia and Neon keep on file. Some haulers swear they have seen ghost convoys peeling off into dark space, others shrug and say it is just spacer exaggeration. So far the trail runs from a dead relay sheltering bad manifests, through whispered complaints in Neon's underlevels, to mismatched cargo records at the mining hub, all pointing to a single hand quietly redrawing where the water flows.
4277	912	1	QUST/CNAM	The retreat sits alone against the sky, a place people come to forget things and be forgotten in turn, which makes it the only fitting ground for a record that was never meant to survive. Its cabins and storm-scarred outbuildings shelter more ghosts than guests, and someone has threaded those ghosts into neat columns of names and dates, then cut the pages off where the stories turn ugly. Whatever was written here links the missing settlers, the quiet screenings, and that soft-voiced courier whose trail never quite lines up, but whole segments of memory feel shaved away, like everyone present agreed which parts would never be spoken of. So far the trail is simple on paper and twisted in the telling: a stray slate on a dead rock, altered logs in a backline clinic, a medic who remembered a Belizean accent, and an old missioner who kept careful lists of people who met the same woman and never came home.
3320	913	1	QUST/CNAM	If she has been feeding altered routes into the lanes, the only place to catch the pattern clean is at the heart of sanctioned traffic, where every freighter, courier, and shadow-run must file a story about how it came and went. New Atlantis hums with official versioned truth, but in its freight offices and backroom berths the real paths are whispered, sold, and quietly forgotten as long as the cargo keeps flowing. Buried among routine manifests and hushed arguments over who took which shortcut, there will be one thread that repeats the same off-lane approach too many times to be coincidence, a line no one will admit to plotting but everyone seems to have used. So far the trail is a stray dataslate on a backwater world, wreck reports from vanished settlers, and salvaged records from a stripped-out yard, all hinting that someone has been bending the safe corridors away from where the maps say they go.
3746	913	1	QUST/CNAM	This forgotten depot sits at the edge of every shipping lane and nobody's responsibility, a place where manifests go missing and hardware "tested to failure" is stacked out of sight. If someone wanted to slip a piece of code into the flow of cargo, to quietly rewrite how drives behave from the shadows, this is the kind of dead corner they would use as a staging ground. The Deadspace crew here watch their words as closely as their smuggling routes, like people who have seen what happens when you speculate too loudly about why certain ships never make it home. So far the trail has been a scattering of corrupted logs from a remote outpost and murmurs at a derelict yard, all hinting that someone has been tuning accidents into a pattern and that the next link in that chain was born right here, between rusting containers and men who have learned that survival means keeping your opinions carefully measured.
3869	913	1	QUST/CNAM	The old UC garrison sits half-swallowed by dust and neglect, its crest worn down to a pale shadow, yet the mainframe still breathes on emergency power, cycling through long-forgotten patrol grids as if the war never ended. This is where numbers were quietly nudged, where a single line of code could slide a convoy a few degrees off safety, and where no one bothered to check the logs once the banners came down. Now a salvage gang works the bones, Dead Orbit Claim Jumpers stringing lights through dead corridors, swearing they are only here for scrap while they stand watch over a core that has been shaping routes longer than anyone noticed. Back at the moonside relay, contraband manifests showed the same tiny course corrections repeated across years, and the first dataslate in that remote dustbowl flagged matching designations; the trail keeps circling back to one unseen hand rewriting risk into routine.
4186	913	1	QUST/CNAM	The Well is where her numbers were first written in flesh, where overdue notices and hunger taught her what a balance sheet never could; if she is going to prove that the core can be strangled the way the lower decks were, she has to do it from here, buried under New Atlantis where the city will feel every flicker. She has laced forgotten GalBank conduits into the grid, piggybacking old hydro controls and maintenance lines so one last simulated panic can lock accounts across the capital before anyone can cut power, and the murmur among locals is not outrage but uneasy hope that a little chaos might finally count in their favor. Earlier, ledgers in Neon's shadows and scrubbed audit files aboard a drifting SysDef hulk traced the same careful hand, the same rehearsed disaster, all pointing back to the woman who grew up in these corridors and decided the safest place to break the system was at its heart.
4230	913	1	QUST/CNAM	The dead moon was never meant to matter; just another UC listening post left to rot once newer arrays came online. Yet this is where the lattice tightens. Every dish, every buried relay, every forgotten buffer Omar ever bent to his own geometry converges here, feeding the phantom corridors that let ships slip off the starmap and never return. He is using the station as both shield and scalpel, realigning ancient hardware to push a belt of derelicts into living lanes and burn the last surviving record of his routes. The place feels half-erased, as if some clerk meant to decommission it and never came back, leaving a perfect blind spot for him to finish his work. Back at the first derelict hangar it was only erased flight plans and gossip; at the relay on that airless moon it became contraband manifests and altered hashes, all pointing to the same invisible road and the same quiet hand on the controls.
4149	914	1	QUST/CNAM	The fields look like any other out on the fringe  tilled soil, tired fences, a farmhouse patched more with hope than credits. That is why this place matters. Out here, a single extra antenna buried under corrugated scrap, a timing anomaly in the crop shipments, a power draw that does not match the tools on site  it all blends into the background until someone stares hard enough. Whatever has been riding the farm's signal out to orbit is small, consistent, and just clever enough to pass for noise. Strip that carrier down and the route it is feeding becomes obvious, even if the reason it was hidden stays stubbornly plain.  \n\nSo far the trail is little more than fragments  a stray dataslate on a lonely rock, whispers about impossible delivery windows, and now a homestead whose transmissions do not match the life it pretends to live, all hinting at one navigator quietly tightening her grip on the lanes.
3172	917	1	QUST/CNAM	Whoever met this agent chose a place far from any official channel, a patch of ground where uniforms and badges stop meaning anything and the only currency is what you whisper and who you trust not to repeat it. Whatever he managed to pull together out here will not exist in any sanctioned archive; if there is a thread that ties her falsified approvals to missing ships and off grid settlements, it will be in whatever he was too cautious to send over open comms. This is the sort of lead that gets traded in half sentences between old comrades, then buried when the wrong ears get close. So far all I have are those fragments a caseworker muttering about duplicated IDs, a ruined homestead with its logs scrubbed crooked, a broker on Neon fencing partial routes, and a derelict cutter whose last jump pointed into nameless dark all different pieces of the same story no one is willing to tell from start to finish.
3279	917	1	QUST/CNAM	Out here, the orbital lane looks empty, but the transponder chatter tells another story: rerouted freighters, misfiled cargo tags, course corrections that never got signed off by anyone with a name. If someone wanted to hide a pattern of impossible jumps, they would bury it in the paperwork of space itself, in manifests and drift reports that never quite matched what the beacons saw. This patch of sky is where those errors converge, where a crate that should have burned up in reentry is still tumbling cold, carrying the record of which ships slipped sideways through the dark and who was flying them. So far the trail has been a chain of small mistakes and quiet edits: a lost slate on a forgotten rock, smeared jump logs around a lonely planet, and a Trade Authority hull with waste cycles that did not match its registered route, all circling back toward the same pilot and the routes he refuses to let go of.
3425	917	1	QUST/CNAM	The trail runs through this forgotten depot because that is where freight stops being cargo and starts becoming leverage. Old containers sit stacked in the dust, manifests half-burned or rewritten, watched over by ex-military who know how to hold a perimeter and how to keep their mouths shut. Whatever crate the defectors chose to guard out here is not about its contents but about the routes and signatures attached to it, the quiet redirection of value from one set of hands to another. Among the Breakaway crew, stories about why they left and who gave the order never quite match, but no one presses; out here, arguing about the past is a good way to get shot in the present. So far the chase has moved from an anonymous slate in deep space to nervous dockside whispers and skewed port schedules, each step pointing toward a deliberate reshaping of traffic that always seems to benefit the same invisible banker.
3743	917	1	QUST/CNAM	Every broken hull that drifts through this pit leaves a little truth behind, buried under rust and spacer lies. Out here, where cutters work by lantern-glow and ownership papers are a joke, nobody audits where a datapack came from or why its casing was half-melted when it arrived. That makes this salvage trench the only place a saboteur could afford to throw away a fragment of their own flight path, trusting the noise of scavenger gossip to drown it. Word is the pack came off a ship that "just spun itself apart" near old war corridors; some say a ghosted drive, some swear a quiet hand pulled the failsafes. So far the trail has run from a nameless outpost slate to a dead freight yard and then into Neon's service guts, each step humming with the same pattern of bad jumps, missing annexes, and that angled mark in the logs that keeps showing up wherever engines die for reasons no one wants to put in writing.
3997	921	1	QUST/CNAM	The hangar is where her mathematics become metal. Here, on the edge of a forgotten strip, she can park stolen hulls under a failing atmosphere shield, spool her tugs in silence, and patch new vectors into the ghost-yards without orbital patrols noticing a blip. The walls remember hard burns and emergency landings; in that noise she can hide one last course correction, one last transfer of black-boxes and deadman triggers before the archive disperses beyond anyone's reach. Those closest to these flights stare at their boots when asked, unwilling to name the pilot who steers ships off their charts.  \n\nWe followed a stray dataslate from the back end of nowhere, then half-erased sensor logs in an old UC relay, then a Trade Authority freighter's falsified manifests. Every scrap of telemetry pointed to the same invisible hand, nudging wrecks just out of sight and rewriting the record one stolen vector at a time.
3166	922	1	QUST/CNAM	Down here, stories about her move through the pipes faster than the water; every time someone repeats them in the food line or outside the LIST door, a detail shifts, a date slips, a destination changes by a system or two. That is exactly why whatever she left buried in these cramped offices and backroom kiosks matters it is the only version of events that is not filtered through fear, gratitude, or spite. In the tangle of requisition logs, shipment timings, and quietly amended approvals, there will be a pattern that does not care who is listening, only where the cargo went next. So far all I have are fragments a wiped trail in a forgotten lab, a broken data chain pointing into deep space, a smug broker moving partial routes, and a derelict cutter with half a jump; different mouths tell it differently, but every version ends the same way, with people vanishing into a grid that no official chart admits exists.
3756	922	1	QUST/CNAM	The Red Mile is the only place loud enough to drown out the screams that still follow a man like this; its crater is a kill box carved into a betting floor, a perfect blind where a navigator who lives on probabilities can hide his last throw of the dice behind Mauler roars and cheering drunks. Here, under the storm-lit sky and the neon promises of easy money, he can test one final route in real time, slipping a broadcast through the chaos or erasing the last logs that tie his corridors to so many drifting hulls. If he finishes the Run, every faction watching will rewrite their charts around whatever he does next. All we really know is this much; back in Gagarin I heard captains whisper the same three-pointed pattern, and in that drifting GalBank transport I found routes massaged to fail in all the right places, but the order of those sins and who paid him when is lost in redacted logs and dead men's memories.
3889	922	1	QUST/CNAM	Neon's starport is where all the wrong cargo brushes shoulders with the right paperwork, where a mislabeled canister or a mistimed docking code can slip past a tired controller and vanish into the flow. If there is anywhere fragments of dust and hull scrap from forgotten battlefields could ride in unnoticed, it is here, clinging to freighters that swear they fly clean lanes. Buried in those traces is the shape of where they have really been jumping, the quiet detours one particular navigator keeps carving into the sky.  \nSo far, I have a forgotten rock with a stray dataslate, a hazy report from a frontier stop that never quite matches its own logs, and whispers in portside bars about routes that always arrive late yet never trigger fines. None of it lines up cleanly, but every discrepancy points back to the same kind of mistake: numbers nudged just enough that everyone shrugs, signs, and lets the slot clear.
4024	923	1	QUST/CNAM	The deserted relay station hangs alone in the dark, a broken tooth at the edge of a forgotten orbit, yet its arrays still sweep the void with mechanical patience. This is where she has tied together every stolen chart and corrupted timetable, bending an obsolete node into the fixed point her shifting routes could never otherwise have. The coils are overdriven, telemetry warped, the air thick with the hum of grav calculations seconds away from locking new corridors into place that no faction can see, let alone intercept. If she finishes here, the lanes change for everyone, and not even the UC SysDef interdiction teams will know why. Looking back, the smuggler's shelter with its altered manifests and the gutted warship with its sabotaged nav core felt like noise; only when the same notation surfaced in both did the coincidences pile up into a pattern that pointed straight to this station and the hand shaping it.
4236	923	1	QUST/CNAM	The hangar matters because it sits just outside anyone's official concern, a forgotten shell where flight plans can be rewritten and then left to rust. It is the kind of place a salvage crew claims as their own, stacking cut hull, splicing power from dead lines, and locking down any stray data core that looks more valuable than scrap. The gang squatting here are not guarding junk; they are sitting on the last clean imprint of a route correction made too quickly, a ghost in the circuitry that someone meant to wipe and never finished. Stray burns on the deck, half-cut cables, and a console frozen mid-overwrite say whoever touched it left in a hurry, and no one noticed what survived in the buffers. So far the trail has been fragments and rumor: a wiped nav rig in a derelict bay, nervous talk in spacer bars about freighters arriving early or not at all, and the same quiet signature buried in altered approach math.
3369	927	1	QUST/CNAM	Neon's lower decks were built to forget things, and that is exactly why she came here. In the tangle beneath the Conduction Grid, where Aurora haze and leaking conduits blur sightlines, it is easy to make people vanish and signals die in the noise. Gravlock has turned these alleys into her last relay, meeting brokers who wash her salvage records and arranging for key logs and payout trails to disappear into Trade Authority coffers. Tonight she is closing the loop, silencing anyone who can tie her altered distress queues to the lost settlers remembered on a lonely farm in Cheyenne. The dataslate in the dust of that first backwater outpost, the doctored manifests buried in a forgotten freight yard, and the encrypted tag behind a candlelit memorial have all said the same thing in different ways: the same hand moves the beacons, the same ship reaches the wrecks first, and the lies all lead down into Neon's underbelly.
3057	930	1	QUST/CNAM	Neon's Underbelly is the last place anyone checks for ghosts of UC programs, which is exactly why he chose it. Down here the air is thick with Aurora vapor and coolant leaks, the perfect cover for a medic who needs dim corridors, easy access to desperate bodies, and no questions about scars behind the ear. The noise of the city dies to a wet, electric hum that could hide any kind of white-noise loop still whispering in conditioned minds. If forgotten subroutines in his head ever woke up, they would have steered him somewhere like this, where Ryujin influence, GalBank shadows, and loose chem traffic keep official eyes away while old code quietly finishes its work. We started with a stray dataslate on a dead rock, followed the trail of altered patients and UC signatures through orbital debris and SysDef wreckage, and learned that wherever the stitched scars showed up, the same buried protocols were already there first.
4171	930	1	QUST/CNAM	Gagarin Landing is where industrial metal and bad paper were meant to be quietly reconciled, a place where refitted hulls and new loans pass under the same harsh lights until no one remembers who owned what first. If the pattern you have been chasing exists anywhere in full, it is in the grimy terminals and forgotten offices overlooking Arc Might's refurbished bays, where a diligent hand was supposed to tidy the numbers and then simply never finished the job. In half-closed kiosks and dusty archives, transactions trail off mid-correction, complaint tickets stop just short of escalation, and the outline of a hidden fleet begins to show through the gaps. So far the trail runs from a frightened broker's manifests on that lonely cargo hub to discrepancy logs and angry captains pointing at a vanished GalBank auditor with a Caracas accent, all telling the same story of ships that disappeared on screen first, then in space.
3250	932	1	QUST/CNAM	The PX-15 drifts in silent formation with ghosts of old patrol routes, its hull still bearing UC SysDef markings that once guaranteed order along the frontier skyways. For a navigator bent on rewriting how worlds connect, there is no better vault than a derelict combat ship wired into forgotten threat maps, jump interdiction data, and classified overlays of the Silent Span. Inside, amid dead consoles and flickering bulkheads, the patterns she has been etching into stolen corridor charts can finally be cross-stitched against military-grade surveys, turning rumor of a hidden refuge into a precise, inverted path no registry can trace. It is no accident the trail led here; a discarded slate on a backwater rock, odd route variants buried in an office beneath New Atlantis, then the hint of tampered projections in SysDef records, each small disturbance nudging the hunt toward this dead warship at the edge of sanctioned space.
3866	932	1	QUST/CNAM	Helium-3 flows through the plant in shimmering streams, every valve and pressure gauge tied to contracts, futures, and insurance tables written lightyears away; this is where numbers become propellant, where a single fluctuation can upend markets and erase settlements. Rafael chose it because the place already runs on risk, because one calculated overload here can turn abstract projections into a shockwave that justifies every quiet policy he once audited. He has wired his models directly into the refinery controls, feeding in raids, accidents, and your own approach, letting a lifetime of small compromises converge into one catastrophic proof. Earlier, a frightened broker in the moonside relay passed along contraband manifests that did not add up, and the abandoned garrison's logs showed patrols redirected moments before ambushes; together, they traced a pattern of minor adjustments leading, step by step, to this edge.
4300	932	1	QUST/CNAM	Out past the pressure domes, where Cydonia's glow thins into rust and rock, the old survey bunkers still sit wired into approach beacons no one bothered to decommission. It is here that quiet adjustments to traffic patterns can become collisions, here that one navigator with the right codes can turn every arriving ship into a loaded gun pointed at the city. Vector has nested himself in that blind spot, feeding on the same negligence that let his first disaster be buried, preparing to fold military and pirate traffic into one catastrophic crossing. This ends where his lines intersect. So far the trail runs clean: a forgotten dataslate on a dead rock, desperate warnings and half-solved equations; then whispers in the station bars, where route-sellers spoke of a ghost who fixed broken jumps; finally the gutted SysDef hulk, its nav core still echoing his signature, every vector bending back toward this dust-choked horizon.
3632	935	1	QUST/CNAM	The rusted ribs of the Abandoned Deimos Scrapyard are the only place Rivet would trust for his last move. Here, he knows every beam, every stress fracture, every forgotten crane cable he can turn into a noose. Deimos built the ships he spent a life cutting apart, and its castoff graveyard gives him all the raw metal and blind corners he needs to brace his final defenses and erase the last surviving records of that courier job before anyone can tie them back to the right names in New Atlantis. People say this is where his story ends, or began, or loops back on itself; every retelling shifts, as if the scrapyard itself is editing the truth to keep him half legend, half warning. We started with a stray dataslate on a nowhere rock, chased whispers from a lonely homestead to a derelict UC warship, and every step in between has narrowed the pattern to one stubborn shipbreaker and a single bad contract no one wants on the books.
3091	939	1	QUST/CNAM	GalBank does not leave a ship like GL-1355 Capitalwing adrift and unclaimed; an escort this valuable is either recovered quickly or written off very carefully, which makes its slow tumble in dead space the loudest kind of silence. Whatever was tested in its navigation core was important enough for someone to risk destroying a corporate asset and then scrub the ledgers clean, leaving only half-melted consoles and a flicker of altered routes behind. If you want to know who has been trimming risk ratings and pushing small ships toward the dark between charts, you have to start where the math first stopped adding up, inside the bones of this abandoned guardian. So far, all you have are rumors of a vanished settler transport, whispers that certain green-rated corridors were never properly signed off, and a pattern of erased beacons that feels less like bad luck and more like a decision made in a quiet office far from any viewport.
4118	939	1	QUST/CNAM	The deserted relay station sits like a dead nerve at the edge of the system, yet its consoles still pulse with faint, unsupervised traffic. This is where her shadow navnet converges, where all those tiny corrections and erased warnings are injected into the lanes, turning distant ships into wreck statistics. Every misaligned beacon and corrupted buoy you have chased leads back to this forgotten node; here she is routing one last cascade, tying off loose ends, purging proof that the disasters were designed, not random. The longer she works, the closer the Settled Systems drift toward a future where no route can be trusted. It started with a scorched dataslate in an out-of-the-way station and a nameless relay spewing ghost vectors, then a quiet Ryujin contact confirming corporate tampering and archived UC sims bearing her mathematical fingerprints; each step left just enough trace to reveal the same unseen hand shaping the sky.
4247	939	1	QUST/CNAM	In the quiet corners of the Cydonia residential decks, people trade favors and secrets more often than credits, and no one asks why a mid-level functionary needs extra storage tucked behind a false bulkhead. This is where incident reports are rewritten over dinner and grav-solution models are carried home on personal slates, where a careful ghost could slip fragments of a routing archive into private caches and trust that the noise of everyday life would hide them. Lately, though, too many civilian near-misses, too many scrubbed black box summaries, and too many "lucky" detours have traced back to the same timing, the same geometry, the same unseen hand. I started with half-drunken stories in a Neon lounge and a discarded slate on a rock no one visits, then found Kryx-era telemetry buried in a dead SysDef hull; taken alone they were coincidences, but lined up they spell a pattern that always bends the lanes the way she wants.
3121	941	1	QUST/CNAM	All the quiet damage starts here, in a relay no one has monitored in years, where update cycles kept humming after the last technician walked away and nobody bothered to notice when the timing slipped. Bit by bit, its dishes turned off their assigned beacons and began listening instead, feeding Vector everything she needed to bend convoys, mask ghost tugs, and carve her own corridor through UC and Freestar traffic like a scar only she could read. Now the station is a live nerve in her network, pulsing stolen telemetry and falsified routes toward whatever she is building on the edge of mapped space, and every minute it stays online is another ship nudged toward becoming wreckage. Up to this point the trail has led from a bloodied dataslate in a forgotten stopover to a dead relay full of altered logs, then to a sabotaged buoy in orbit, each step proving that the same precise hand has been rewriting the lanes for a very long time.
3284	942	1	QUST/CNAM	The Underbelly is where Neon breathes out what it does not want the towers to smell, and the grid techs down here are the ones who hear every irregular heartbeat in the conduits. Coil access, maintenance windows, "unscheduled" shutdowns; if Vector or anyone tuning drives for him is piggybacking on the city's power, the timing will be written into these work logs long before anyone admits it topside. Down here, people learn fast that asking why the same sectors keep going dark on nights when certain ships slip out is a good way to lose contracts, or teeth, so they talk in half-sentences and shrugs. So far the path has been a trail of careful omissions: a discarded slate with missing entries on a backwater rock, smeared jump data around a quiet orbit, and a Trade Authority record that skipped over an entire burn, each pointing with what they do not say toward Grav work being done in the shadows and a pilot who lives in those gaps.
3594	942	1	QUST/CNAM	The sky here never quite settles, thin and off-color, the kind of air people learn to live with until they stop asking what is riding on every breath.  \nThat is why he chose this forgotten installation, where a poor atmosphere is normal and a new instability feels like just another bad day.  \nEvery hijacker chip, every stolen microcell, every quiet retrofit of a tower or rig has been building toward this moment, a final test far from regulators and Rangers, where one last adjustment could push a marginal world past recovery before anyone understands what changed.  \nYou have trailed him from a dead survey site, through a courier gone cold in the Trade Authority's ledgers, across a grease-stained garage floor, and finally to a silent beacon in orbit; each step has confirmed the same pattern of tampered systems, missing hardware, and a man who learned that the easiest place to hide his work is where failure was already expected.
3617	944	1	QUST/CNAM	This forgotten Deimos scrapyard is where their ghosts are stacked in plain sight, hulls warped by bad math and quiet compromises, yet written off as obsolete hardware and left to rot under a thin veneer of corporate amnesia. If anywhere still holds a clean thread back to the hands that signed off those frames, it is here among the serial plates no one has bothered to scrub and the brace geometry someone has been carving fresh into rust. Executioner Warbrand have been hired to stand over the secrets and call it just another guard job, which only confirms there is something simple at the core of all this, made slippery by money and time. So far the trail has been fragments and half truths: a Ranger's off ledger notes about patterned failures, a dead drop dataslate full of angry schematics, whispers of a masked engineer saving some ships and gutting others, and every scrap of it pointing back toward one quiet name under Deimos steel.
3292	945	1	QUST/CNAM	The edge of Akila City's fields is the only place that makes sense for an ending like this; the climate towers hum over crops that should not have survived this season, their patched routines bearing the same eccentric signatures you have chased from one system to the next. Here, where hungry settlers depend on a sky she has quietly rewritten, Isobar is finishing what she started, tuning one last set of parameters to prove that her way works and to bury any trace of who really broke the first colony grid. Every minor override, every "temporary" fix, every favor for a desperate farmer has added up to this moment, a balance point where one more adjustment could ripple across Freestar breadbaskets. Looking back, it began with a stray slate in the dust, a dead hunter's half-burned log, a lonely prefab in the wilderness, then orbital telemetry that all whispered the same thing: someone has been steering the weather for a very long time.
4109	945	1	QUST/CNAM	On most worlds, chemical variance reports are dull compliance work; here, in a tower that has seen more black-budget projects than honest peer review, anomalies are how you tell where the bodies are buried. Whatever was tested on these levels needed controlled conditions and a lot of institutional blind spots, and the stories drifting through barracks and spacer bars say a rogue unit has been selling their experience to whoever wants deniable muscle around such experiments. If those records are not pinned down at the source, every later trace will look like natural noise. So far the trail is a farmer's reversed foreclosure in Freestar space, an orbital relay whose traffic did not match its own logs, a dead SysDef hull with cargo manifests arguing with themselves, and a quiet cache on a forgotten rock full of half-shredded drafts, all whispering the same thing: someone good with numbers has been practicing on both ledgers and lives.
3477	949	1	QUST/CNAM	The Deserted UC Listening Post hangs over silent rock like a question no one wants answered, its old sensor dishes still wired into grav-space in ways only a navigator would truly understand. Here, the network is thinnest and the data remains uncorrected, perfect for someone to splice in a new corridor without drawing immediate fire from MAST or Freestar eyes. Every console he touches folds official charts around his own overlays, turning this forgotten node into the keystone of a route that could tug unsuspecting ships off safe lanes before anyone knows why. Shut down anywhere else and the pattern persists; cut it here, at the source, and the experiment dies before it becomes doctrine. All anyone knows for certain is that earlier logs from this station did not match what the bunker tech carried when he ran, and that both pointed back to the same missing pilot and a trail of altered readings no two witnesses recount quite the same way.
3640	949	1	QUST/CNAM	Down in Neon's underbelly, where the grid hum drowns out official channels and every bulkhead has three owners, this is the only place Rivet's kind of secret could survive. The mechanics here speak in half-finished sentences and hand signals, deals scribbled on scrap and never properly logged. A route, a brace point, a quiet tweak to a transponder signature can pass from tongue to tongue and come out the other side as something entirely different, until no one is sure who asked for what or why. That is why the trail bends through these leaking corridors; misheard job orders, misfiled part numbers, a yard clerk on a distant rock reading the wrong note have all conspired to funnel your search here. So far you have followed a stray slate off a forgotten world, then sifted through yard gossip and a grieving family's recording, each step tightening the pattern around one burned contract cutter and the courier that should have died with him.
3875	949	1	QUST/CNAM	Everything narrows here, above the glare and noise, where air tastes of metal and ozone and the city's pulse falls away into the distant hum of the Span. Up on the rooftops Vector has no crowds to foul her lines; only clean sight angles, antenna spires, and the tight geometry of escape routes mapped years in advance. This height lets her ride Neon's relay lattice directly, splicing the last fragments of her archive into compromised beacons and outbound flight plans, one final correction that could bend entire shipping lanes if left to propagate. Down below, those who brokered her routes keep their eyes on their drinks, conversations dying whenever her callsign drifts too close. The trail to this edge started with a stray dataslate on an empty rock, then a quiet pattern in anonymous hauler logs near the starport, and finally an orbital clue that proved someone had been rewriting paths through graveyards since the war never really ended.
4540	950	1	QUST/CNAM	Whatever was tested here, it needed machinery that could mimic orbital stresses without attracting attention, and a robotics lab left to gather dust is the perfect place to do that in a hurry. Half-disassembled frames and scorched test bays still smell faintly of burned insulation, the kind of damage you get when someone pushes a system past its limits then walks away before the alarms finish logging. If he has been nudging gravity and weather in tandem, the first rough calculations would have run in rooms like this, not in any polished corporate array. Out on that nameless rock, the storms shifted a little too neatly; at the forgotten station, warning tapes ended mid-sentence; now the pattern of unauthorized experiments, scrambled telemetry, and hastily abandoned equipment all points to someone trialing new alignments, then leaving the mess behind for crews like Dead Orbit Breakers to pick over without realizing what they are guarding.
3048	951	1	QUST/CNAM	Hidden in the lee of a rock no one charts twice, the pirate relay shack is where signals go to disappear and get sold back as secrets. The broker here has been skimming more than traffic, hoarding pieces of conversations that cut across corporate lanes, Vanguard patrols, and the strange, knife-edge jumps only one pilot seems to fly with confidence. If any place holds a clean splice between her voice and the routes she favors, it is this hole where criminals trade in half-truths and misrouted pings. Pulling the right fragment now means choosing which pattern to believe and which to burn, before the story mutates again in someone else's hands. So far all we have are corrupted logs from a quiet lab and the nervous testimony of analysts who see the same signature curling through black box after black box, each insisting they heard of her from someone who swore they heard it from someone closer, but no one ever claims to have the whole thing.
3189	953	1	QUST/CNAM	The science facility looks ordinary from orbit, another block of steel and glass sunk into a quiet rock, but its drive bay has seen more grav stress than half the test ranges in UC space. Whatever Vector did started in places like this, where numbers matter more than people and maintenance logs are treated as gospel. Someone here captured the way a jump sounds when it is about to go wrong, and the Executioner Ash Syndicate moved in fast enough to tell me that data is worth killing for. Their presence turns every corridor conversation into a murmur; anyone who ever saw something odd in the readings learned to measure their words, if they are still breathing at all. So far I have a doctored incident report from a sealed lab, a discarded slate of frantic equations, and orbital telemetry that quietly matches "isolated" drive failures across two systems, all pointing back to a single analyst who stopped trusting the math everyone else swore by.
4152	956	1	QUST/CNAM	Out here, where war relics rot beneath dust and static, a forgotten base is the only place left where a man like this can work undisturbed. Old targeting arrays and comm towers give him the reach he needs to bend corridors, while its abandoned command bunkers offer enough hardened storage to hide every log that proves what he has done. He is not just running; he is recalculating, using the skeleton of a dead campaign to overwrite routes, purge manifests, and carve one last path toward that final coordinate he thinks will save him from judgment. Someone tried to bury all this under decommission orders, redacted briefings, and sealed hangars, but the numbers bled out anyway in stolen telemetry, drunken pilot stories, and files that refused to stay erased. We followed those whispers from that first stray dataslate, through a shuttered relay in the dust, and finally across a derelict Navy scout that carried his signature in every skewed jump log.
3245	958	1	QUST/CNAM	Someone killed the lights on this relay in a hurry, left panels hanging open and fuse racks half-pulled, then walked away before checking what the systems had already soaked up from the lanes; whatever stain the last signals left behind is still embedded in the hardware here, quietly warping anything that tries to talk past it. The Coldlight Sparks squatting in the corridors clearly only care about the scrap value, not the way comms hiss and stutter whenever a ship drifts through this sector, as if echoes from old distress calls are still being misrouted by a hand no one sees. If I can isolate what this place is leaking into traffic, I can trace where all those "unavoidable" misjumps began. Right now, all I know is a nameless rock held a fragment of altered navigation data, and somewhere between that and this dead station, a pattern of rushed shutdowns and overlooked interference has been nudging ships toward the same unmarked stretch of space.
3860	958	1	QUST/CNAM	This orbit was chosen because no one really looks at it anymore; tankers and bulk haulers have been skimming past this patch of sky for years, trusting old charts and tired habits. Whatever she tested out here relied on that comfort, a way to bend gravity just enough that ships could slide between patrol sweeps and traffic scans without anyone noticing they had gone slightly, dangerously wrong. Catching the device in the same quiet lane where it was first slipped into use is the only way to see how she is hiding her corridors, instead of just following the wreckage they leave behind. So far I have a half-buried report from a forgotten outpost, a misbehaving transmitter that everyone blamed on solar noise, and a drifting vault ship full of logs that almost line up; taken together they all say the same thing in different words, that someone has been using the most familiar routes in the Settled Systems as cover for something nobody wanted to see.
3112	962	1	QUST/CNAM	The abandoned Deimos scrapyard hangs in dead orbit like the inside of Gravline's head laid bare, a ring of gutted hulls and stripped avionics wired into one last, desperate experiment in control. Every grav sensor, every cut-down frame here has been turned into a single vast instrument panel, letting him reach into emergency channels and nudge ships toward disaster with the same precision he once used to pull them clear. This place is the sum of a thousand small compromises: a firmware tweak for "safety," a falsified beacon to shave response time, a single convoy allowed to drift a little too long. Left intact, the scrapyard will keep feeding his ledger, pushing the next accident just over the line from misfortune to massacre. I traced him here from the first dead relay on that lonely rock, through the quiet anomalies hidden in factory diagnostics, then the contraband cargo lists that danced every time his callsign flickered across a distress band.
3106	964	1	QUST/CNAM	The Abandoned Bionics Lab is the only place that fits the pattern: forgotten corporate hardware, intact neural bays, and enough dead registry space for someone to hide a spine of code meant to stitch scattered minds into a single, untouchable mesh. Old Ryujin markings still ghost the walls, a language Splice speaks better than anyone alive, and the Cerberus Slick Syndicate have moved in like they are guarding scripture they do not understand, swearing they have seen lights in the sealed wings while others scoff and call it all nerves. Whatever anchor she left behind will be wired into this rusting skeleton of implants and interface rigs, humming just low enough to dodge every official scan. Up to now the trail runs like this: a discarded dataslate in the wild, then a quiet corporate contact whispering about missing firmware, and finally a half-erased reference to a buried node out in this derelict lab where her work first began to bend off the books.
3954	964	1	QUST/CNAM	Out here, the old UC listening post hangs like a bad secret someone tried to forget, its dead dishes still aimed at the same debris fields where too many ships have gone silent. The place was built to hear everything the war left behind, and Rivet has turned that purpose inward, feeding its archives with doctored logs while its processors chew through the last untouched records of his work. Every purged file wipes one more wreck from history and makes it easier for higher-ups to claim nothing was ever wrong with those drives, those routes, those bodies. By the time the first patrol notices the station has gone quiet, his pattern of "acceptable losses" will be buried for good, and the accidents can start again without anyone seeing the shape. We traced the arc from a nameless buoy full of retired tags to a forgotten Deimos yard, found falsified inspections, vanished hull IDs, and one stubborn engineer's signature threaded through every quiet disaster.
3242	966	1	QUST/CNAM	These rocks are where the lanes fray, where stray cargo and broken hulls drift just far enough off the charts that no one argues over who lost them; if anyone wanted to keep quiet records on how ships really end up in graveyards, they would tuck them here, between shadows and sensor blind spots. The crate you are after has clearly changed hands more than once, scribbled over with conflicting claim codes and half-baked transponder tags, a victim of rushed handoffs and sloppy manifests that accidentally preserved what more careful edits might have erased. Hidden among this debris, the true pattern of diverted traffic and engineered "accidents" can be reconstructed before someone finally tidies it away. Up to this point, all you have is a lonely scrap of data from a forgotten world and a dead relay humming with mismatched pings, both hinting that a trail of minor oversights and quiet edits has been steering ships toward the same unmarked stretch of space.
3200	968	1	QUST/CNAM	Down here under Neon, the air tastes of ozone and old fry oil, and the Conduction Grid groans overhead like some caged storm; if anyone was going to sketch forbidden jump paths, it would be in a place where nobody asks what ships are being stripped or why certain hulls never reappear topside. The Underbelly is where captains whisper about off-chart test volumes and dead buoys, where mechanics trade drive logs like contraband, and where the people who know too much about misaligned vectors drink until they remember to keep quiet. Somewhere in this rusted maze lies the pattern that ties wrecked freighters, missing recall codes, and a bounty hunter's changing allegiances into one line of travel, thinned and redacted by omission. So far the trail runs from a stray slate in the dust, to fractured telemetry in a lonely monitoring shack, to a gutted ship whose drive history did not match the manifest, each step marked by what was almost said and then swallowed.
4475	969	1	QUST/CNAM	Waggoner Farm is where all of Mira's careful abstractions finally touch real soil; here, her designs are no longer numbers in a lab archive or freight codes buried in GalBank manifests, but towering stalks and choking pollen wrapped around a family's livelihood. She has turned this quiet homestead into a proof of concept and a dead man's switch at once, calibrating a strain that can either rescue half the frontier from famine or show HelioGen and their UC handlers exactly what their denial crops can do when unleashed. As you arrive, rival hunters close in and containment thresholds edge toward failure, seconds from tipping a local test into a sector-wide incident. Back at the factories and docks, you scraped scorch marks and altered manifests out of Gagarin, then pried financial ghosts from a drifting GalBank hulk, and the pattern they drew was simple enough to sketch yet strangely slippery, always circling the same name without ever quite landing on why.
4318	970	1	QUST/CNAM	The abandoned industrial compound is where every angle she has been plotting finally converges. Buried beneath rusted gantries and dead cranes sits the only place left in the system where she can run a grav core hot enough, quiet enough, to stitch her private corridors together and slip beyond anyone's reach. The old test chamber gives her the shielding, the isolation, and the dirty power feeds to burn all remaining logs or broadcast them in one last, devastating pulse that could rewrite blame across half the Settled Systems. Waiting any longer means watching UC, Crimson captains, and Trade Authority fixers inherit a weaponized map of space itself, all wrapped in the softer lies told in mess halls and backroom deals. So far the trail has led through a Freestar trailer packed with redacted Ranger notes, then to a scarred orbit where a drifting sensor buoy showed her signature threaded through the convoy's death, each clue more warped by rumor than the last.
3043	971	1	QUST/CNAM	The UC Vanguard hulk drifts in a slow, wounded roll, its transponders long silent but its systems still whispering to anyone who knows how to listen. Whatever Rahimi pulled from here, she chose this ship for a reason the Vanguard ran the same kind of high-stress combat lanes she once flew, its black boxes soaked in the exact drive responses and anomaly signatures she needs to refine her corridors beyond military oversight. Buried in its dead circuits is the only clean record of how her stolen math behaves in actual combat metal, a bridge between the corporate telemetry you pried out of that quiet research post and the rumors of wrecked haulers and missing couriers scattered along off-chart routes. So far the trail is a chain of corrupted nav logs, a nervous analyst tracing impossible vectors through restricted space, and scattered testimonies of ships that took a shortcut and never came back, all pointing to a single pilot tuning the grid to her own design.
3158	971	1	QUST/CNAM	Out here on the dark side of a nameless moon, this relay is the only place her trail could be both hidden and useful at the same time; every crate that passed through, every falsified manifest, bled a little of her pattern into the cargo logs, and this broker has been skimming those echoes for profit. The module sits just far enough off the main lanes that no official auditor ever checks its numbers, but close enough that smugglers and desperate settlers rely on it, letting the past settle into ledgers and routing tables that quietly nudge shipments toward an off grid canyon she wants kept fed. The crate tags from the abandoned farmstead, the altered figures behind the ruined homestead, the traffic flagged under the Trade Authority contact on Neon, and the queue anomalies traced in New Atlantis all point to the same conclusion someone has been bending the flow of supplies, inch by inch, toward a hidden settlement that does not exist on any sanctioned chart.
3360	975	1	QUST/CNAM	Out here, the Deserted UC Listening Post hangs between routes like a bad memory, still wired into ancient corridor telemetry the Navy never fully shut off. Its antennae drink in grav-drive noise from every passing ship, feeding Vector the raw data she needs to refine her illegal paths, scrub her own trail, and decide whose convoy lives or dies. Now she is using the post as both shield and knife, collating Echo Trench casualty records with fresh jumps, ready to erase the last evidence that those losses were ever more than numbers on a screen. If she finishes, the pattern behind years of vanished haulers and impossible ambushes dissolves into static and rumor again, another ghost story traded in dockside bars. All I have before stepping through that airlock are the half-truths bought over drinks on Neon and the corrupted Trade Authority logs drifting in that derelict support ship, each retelling of her routes bending a little differently under the weight of fear.
3079	977	1	QUST/CNAM	In this thin stretch of orbit, the debris fields all seem to lean the same way, as if every broken hull and dead satellite has been quietly sliding along an unseen current toward this exact point. Whatever is wired into the machinery out here is not just broadcasting; it is holding a pattern in place, keeping old triage routes and evacuation vectors from ever fully decaying, like muscle memory in a wounded limb that refuses to relax. Following that geometry means stepping into the same slow pull that has been guiding diverted transports, mislogged patrols, and one tireless medic from system to system without anyone quite noticing.  \nSo far I have chased an anonymous cache on a nameless rock, a derelict SysDef frame still obeying half-erased orders, and a curated war exhibit that accidentally admitted one medic walked away when the records say otherwise; every piece has curved me closer to this orbit, as if the whole investigation was always going to end up here.
3690	977	1	QUST/CNAM	Only a derelict like CM-1304 could hold what everyone else missed the first time through; its hull is still flagged as a routine loss, its orbit too quiet for anyone but insurance clerks and grave-robbers to care. The UC Navy walked away after the reports were signed, systems sealed, and flight data shunted into cold storage, never asking why a supposedly safe corridor tore this ship open on a perfect approach. Down its dark spine, the old navigation core still whispers in stored vectors and rejected routes, the place where her calculations brushed against official doctrine and were quietly buried. The crew and their overseers are long gone, promoted, transferred, or dead, having moved on before they understood what they had helped set in motion. So far the trail is a half-burned dataslate from a forgotten outpost, then an orbital beacon guarded by jumpy Spacers, all pointing to manipulated lanes and a controller who knew exactly which ships could be written off.
3574	978	1	QUST/CNAM	The Seamender hangs in the dark like it died mid-sentence, drives cold, running lights gone, only the faint echo of emergency power bleeding through its hull. Whatever was being moved for Trade Authority on this run was worth routing through a corridor no one admits exists, and worth silencing every transponder that might have remembered why. If there is any place left where the pattern of adjusted delays and missing ships has not been rewritten to fit the official story, it is inside this courier's forgotten logs, tucked behind the kind of encryption merchants reserve for debts and blackmail. So far, all anyone has are pieces: a stray dataslate pulled off a drifting rock, a Navy scout that vanished between pings, delay codes a nervous scheduler swears they never issued, and hushed talk in dockside bars about a controller who can bend routes like wire; no one holds the whole story, just fragments traded in low voices when they are sure they are not being recorded.
4496	978	1	QUST/CNAM	The broken command post is the first place her story frays in more voices than one, where the shouting stopped mid-order and only blast scars and buried data are left to finish the sentences. Here the raiders thought they understood her pattern well enough to spring a trap, charting her passes between outlying farms, forgotten labs, and lightning-choked ports, but whatever they learned died with them and their bodies do not talk. What remains in these splintered walls is the only unfiltered record of that study, written by hands that had no reason to protect reputations, where certain names are scratched out and pointed references turn into vague gestures and half-legible arrows on a map.  \nSo far the trail began with an anonymous lead in the back end of nowhere, firmed up by worried chatter at a frontier support post and anomalous readings near a Helium-3 line, and ended in this ruin where an overconfident crew tried to anticipate her route and vanished instead.
4268	981	1	QUST/CNAM	The FX-1555 drifts dark and silent, yet this is where the lines finally cross, where an old UC Navy hull still carries enough authority in its dead circuits to make or break every closed claim you have been chasing. Someone with registry expertise has been feeding war-era convoy logs into civilian loss reports, stitching a hidden lattice of routes and disappearances through its surviving cores; left untouched, that lattice becomes either a shield for the people who profited from those losses or a weapon in their hands. The ship is a junction, not a relic, and the traffic that once moved under its guns is the same traffic that kept vanishing just off its patrol paths, too often to pass as bad luck. Earlier, you found a discarded arbitration slate in the dust and a crippled relay spliced to throttle beacons, both pointing to the same pattern of ships written off and signals quietly strangled until coincidence stopped feeling like chance and started looking like design.
4132	983	1	QUST/CNAM	The deserted relay station sits at the edge of mapped space, an old UC bone left to bleach in vacuum, which makes it perfect cover for whoever has been whispering into the lanes. Its dishes look frozen and dead, but down in the control well the boards still flicker with low-power diagnostics, just enough to catch a faint, recurring spike in the traffic a tiny shift in timing, the same crooked signature that keeps turning routine jumps into wrecks. The Silk Collective are dug in here, smugglers using the blind spot for their own routes, unaware or uncaring that someone else has been riding their shadow to test corrections on passing haulers. The more you sift through old log fragments and burned-out cores, the clearer it is that none of this started today a missing convoy written off years ago, a relay quietly reactivated off the books, a pattern first glimpsed in a scorched dataslate and confirmed by a frightened analyst watching anomaly folders vanish in New Atlantis.
3040	988	1	QUST/CNAM	Out past the standard lanes, the Deserted UC Listening Post hangs in the dark like a rusting ear, still wired into the same deep-space channels that once carried classified test telemetry. It is the one place Rahimi can splice ancient sensor grids and fresh anomaly data without tripping modern oversight, turning a forgotten war relic into the keystone of her campaign against controlled skies. Here she has dragged every stolen fragment together the erased reports hinted at in that quiet research module, the corrupted vector chains recovered from the drifting Vanguard hulk and is using the station's long-range arrays to align a final corridor that will either expose the system's lies or tear open space around half the settled routes. From the scraps we trust, the trail began with a discarded slate of warped nav logs, sharpened through corporate telemetry, then confirmed by wreck-field data on a dead UC combat ship all pointing to one pilot reshaping the grid from the shadows.
3548	990	1	QUST/CNAM	This abandoned Ecliptic garrison sits on the intersection of too many lanes to be coincidence, a forgotten node where patrol charts, mercenary manifests, and traffic control feeds once crossed in quiet patterns. Its guns are cold now, but the buried relays still listen to every jump signature in a dozen systems, a perfect blind spot for someone who lives inside routes and probabilities. Here, Vector can finalize whatever she and Kraye have been building, tying together stolen nav-suites and altered patrol grids into a single, self-sustaining web before slipping away along a corridor only she can see. Too many captains vanished along those lines, too many "accidents" written off without question. We traced the first anomaly to a chance dataslate in the black, followed the trail through a freighter with impossible course changes and a silent beacon in orbit; each step pointed to one truth, that someone has been editing the map for years while everyone else looked the other way.
3034	991	1	QUST/CNAM	A GalBank protection ship does not simply vanish from the lanes, yet the CB-6735 Trustsphere hangs here in dead orbit, its hull scoured and its escorts conspicuously absent, as if every calculation that should have kept it safe had been nudged a fraction off course. This was the bank's armored promise that certain convoys could never be touched, which makes its ruin the perfect ledger of who has been quietly rewriting the odds; only inside this derelict will the protected manifests, jump chains, and loss files still speak in the language Vector understands best. The ship's silence feels less like an accident and more like a sum finally reaching its inevitable result, every misaligned route and insured disaster converging on this one piece of proof. Before this, all you had was a half-buried dataslate on a forgotten rock and muttered accusations in a worn-down quarter of Akila, talk of discount vectors and a ghost navigator who walked away when the numbers stopped favoring her.
3183	992	1	QUST/CNAM	New Atlantis wears its routine like armor: commuter trams humming, TerraBrew cups in every bin, corporate shipments cycling through waste bays so regular nobody really looks at the manifests anymore. That is why the trace has to be pulled here, in the one city where Vector knew every maintenance schedule, every inspection blind spot, and could slip dangerous math into the stream under the cover of habit. UC oversight, Calyx contractors, and shipwrights all passed their eyes over the same numbers for years, trusting familiar signatures while the anomalies tucked themselves deeper into background noise. Now, choosing this line of inquiry means committing to the idea that the rot started in plain sight, not at some distant frontier rock. So far the trail holds a falsified accident report from a quiet lab, a discarded dataslate of frantic equations, and orbital telemetry that matches buried drive failures, all hinting that someone inside the core worlds let this go on far too long.
3626	992	1	QUST/CNAM	The deserted robotics lab matters because this is where code and chassis first learned to move together without oversight, a forgotten testbed for exactly the kind of hybrid work the fugitive has been refining in the shadows. Bravo Razorpoint holding the floor means someone with deep pockets wants this place sanitized, not examined, and the way their patrol routes circle the data banks says the real prize is not the scrap on the lines but the map burned into their drives. The air hums with half-drained power and half-finished lies, and there is a low murmur under it all that feels like unease, as if everyone involved knows the truth sits somewhere between fear and convenience. So far the trail runs from a freestar investigator's half-redacted notes to implant failures in the frontier and suppressed logs out of Neon, each file pointing back to the same rogue technician and a pattern of erased clinics, missing firmware, and clients who vanish once their augments start to whisper.
3735	992	1	QUST/CNAM	In deep transit lanes where laws thin out and insurance clauses grow teeth, nothing hides better than a vault ship gone quiet. This one once ferried the secrets of clients and corporations, each deposit sealed behind armored bulkheads and GalBank legal muscle. Now its transponder stutters, its orbit decays, and its datastacks sit beyond any official audit, which makes it the one place a careful saboteur could stash a record that would embarrass both the UC and Deimos. Every corridor here hums with suppressed arguments about Cheyenne that never made it into reports, and the log you are chasing is the first time those voices were pinned to numbers instead of rumor. So far the trail has run through a dead outpost where a nameless dataslate surfaced, then a cargo yard where Vector's mark was etched into ghost code, each step confirming that the old stories about vented crews, missing annexes, and buried retrofits were not accidents but a pattern everyone saw and chose not to fight.
4195	992	1	QUST/CNAM	Gagarin Landing is where his ghosts and his grudges overlap, the one place that still remembers both the mechs he once guarded and the people he walked away from. The elevated catwalks and dead assembly lines give him sightlines, choke points, and power runs he helped design in another life, and now he is using them to erase the last proof of what he has done and who paid for it. You can feel the half-finished clean up in the darkened bays: data cores half-pulled, scorch marks scrubbed but not repainted, security shutters jammed halfway as if someone started tidying the scene and never came back. If he locks this place down, the story ends on his terms instead of the Settled Systems. So far the trail says only this much for certain: a dataslate in a forgotten outpost named a dead breacher, New Homestead whispered that his family history does not match the UC files, and a gutted SysDef scout in deep space confirmed someone has been hunting and hiding him off the books for years.
3169	994	1	QUST/CNAM	Out here in the quiet above the planet is where the stories say her work really happened, not in crowded offices or backroom bars, but in the numbers no one bothers to read twice. The listening posts, the survey nodes, all those old arrays left ticking along on forgotten firmware that smugglers and settlers swear she could talk to better than most people. If there is any place she would hide the map behind her maps, it is in a station like this, where course corrections and survey pings can be nudged a fraction of a degree without anyone on the ground ever knowing. So far everything I have is secondhand a caseworker muttering about duplicate IDs, a dead contact who complained of "vanishing" approvals, a broker in Neon fencing half finished routes, and a gutted cutter whose last jump pointed toward an unnamed patch of sky; every retelling twists the details, but the outline stays the same someone has been bending the grid itself to feed a settlement that officially does not exist.
3234	995	1	QUST/CNAM	This is where the official story was scrubbed clean, where a garrison full of hurried decisions and panicked signatures got boiled down into a single neat version of the past; if the record stays intact, every ship nudged into a graveyard remains just another "unavoidable loss" on a report no one can challenge. Iron Unit dug in here tells you how important that fiction is, veterans guarding a stack of pages like it is the last shield between them and what really happened in these halls when orders came too fast and people died in the wrong places. Erasing this account is the only way to force the truth back into the lanes, to make the patterns of redirected traffic and rearranged wrecks stand out against the silence. So far the trail is a stray data fragment from a forgotten rock, a relay that went dark with mismatched timestamps, and this abandoned post where beacon logs and casualty notes were clearly altered in haste, their consequences drifting unseen through space ever since.
4348	997	1	QUST/CNAM	The Tradewind LT-8645 drifts on the edge of sanctioned space like an account no one wants to close, powered just enough to keep its lights dim and its transponders polite. Trade Authority paint still clings to the hull, but the silence around it feels negotiated, as if too many people agreed not to ask why a fully capable support ship was left to rust between lanes. Inside those maintenance decks and cargo bays sit the untouched mirrors of transactions, ownership chains, and the subtle scars of someone who knew exactly where to cut. If there is a map to the hidden system that has been rewriting lives, it will be chained to this ship's records, not any public terminal. The unease in the air is the same you felt when that first stray dataslate surfaced out in the black, when the quiet anomalies in the city branch did not match the stories upstairs, when a tired lawyer in the underlevels spoke of a second voice on old calls that kept "simplifying" things until people vanished on paper.
3846	998	1	QUST/CNAM	Neon's rooftops are where routes become rumors given shape. Up here, above the glare of the Core and the stink of Ebbside, Zuri can see every ship threading Volii's sky, every corridor she has bent around tolls, patrols, and pirate nets. The antennas bristling from these towers are her last improvised array, bleeding stolen GalBank vault data into a final recalculation that could overwrite the lanes of half a dozen systems or wipe the only clean record of what Trident and its partners did in Dead Lane. She is seconds from locking in a new map, one that trades a thousand unseen lives for her vision of "safe passage," and once those corrections propagate there will be no pulling them back from the void. Earlier, scraps from a forgotten survey cabin, jittery logs in orbit, and that compromised vault ship all whispered the same thing in different voices, each source swearing it came from someone else first: Vector is still drawing, and the Settled Systems are already flying on her lines.
3295	1000	1	QUST/CNAM	Out here, where the planet is just a dim curve and the only weather is the static on your hull, the pattern she has been drawing across the Settled Systems finally resolves into something you can touch. The orbital net at this altitude is wired into the same forgotten monitoring lattice she once used for honest work; if she wanted a place to hide a master forecast, somewhere that could whisper to every frontier sky without anyone on the ground noticing, it would be in a grid like this, watched over by a gunship whose registry appears in no official shipping lanes. The briefings that sent you here skipped certain names, glided past who first flagged this orbit, as if everyone agreed not to say them out loud. So far you have followed a trail of corrupted logs from a lonely prefab, a dead hunter's derelict with half a bounty report burned away, and a string of remote outposts where the weather never quite matched the records, all pointing back toward the same careful hand on the controls.
3557	1001	1	QUST/CNAM	The deserted biotics lab is where every coincidence finally lines up and stops looking like chance. Its isolated power grid, independent sensor net, and abandoned life-support systems give Deadbolt a space he can lock down without interference from Harmonization protocols or Navy patrols, turning a forgotten research shell into a perfect, sealed test chamber for his timing games. Here he can reroute air, doors, security drones, even experimental equipment with the same cold precision he once used on grav lanes, while finalizing whatever algorithm, anomaly map, or blackmail package he has been building from stolen logs and ruined ships. Too many ambushes triggered at the same offset, too many "missing" freighters sharing identical delay orders, too many pirate strikes aligning with falsified corridor tags found on a dataslate in the dust, in altered couriers, in Navy scout records, and in a silent marker drifting over a nameless world; stacked together, the pattern shouted a single name.
3085	1004	1	QUST/CNAM	The Well is where routes are born and buried, where overworked clerks and forgotten terminals quietly decide which lives get a clean corridor and which ships vanish into a line item, so it is the only place she could twist the knife. Here, beneath the shining tiers of New Atlantis, Luna has spliced her private lattice into the transit grid, feeding on the same power and data that once made her indispensable to LIST. From this tangle of metal walkways and maintenance cubbies she is preparing to loose years of doctored charts and erased pings into every office that ever signed off on a convenient grav-drive failure, ready to redraw the politics of safe lanes in a single broadcast. Coincidences piled up to bring you to this junction: a gutted GalBank escort with route logs that did not match its manifest, an ambush in an asteroid field triggered the moment you touched a beacon carrying her signature checksum, patterns in traffic that stopped looking like noise and started to look like intent.
3155	1007	1	QUST/CNAM	If her work ever had a heartbeat, it was down here, where the queues knot around the LIST office and every name on a waiting slate is another pressure point she learned to twist. Buried in this tangle of ducts and drip stained bulkheads lie the silent tallies of who was moved forward, who was stalled, and who vanished into off grid promises; only here do the numbers line up with the faces that paid for them. The samples taken from these depths carry the faint, cumulative imprint of every quiet exception she pushed through, every application diverted to nowhere, the kind of subtle trace that can be followed back along the path she thought erased. So far the trail runs from a dead end contact in the back country to a sealed lab on a nameless world, to a nervous broker in Neon and a derelict survey ship with half a jump plan, and each step has confirmed the same pattern a hidden network of settlements threaded through the gaps in official records, all drawn to a point she once called Hearthline.
3228	1008	1	QUST/CNAM	The old barracks sit half-swallowed by dust and silence, a place built to train soldiers how to kill and then abandoned when the war moved on without them; if any records survived the sanitizing, they would cling to a place like this, layered under drill routines and casualty tallies no one officially kept. Wayward Taskforce holding this ground tells you enough about what is hidden here, ex-operatives guarding a past they have all agreed never to have seen, stepping around scorch marks and nameplates as if they were just flaws in the concrete. Somewhere in these dead halls the trajectories that keep guiding ships into graveyards will be written down, if only in corrupted logs or forgotten briefing slates. So far the trail has been a lonely data scrap on a backwater world, a silent relay full of mismatched timestamps, and a gutted garrison with beacon code that did not match the wrecks outside, all pointing toward someone who knows exactly which details everyone else has chosen not to remember.
3732	1016	1	QUST/CNAM	This forgotten freight yard is a dead space in every registry, a place where cargo goes to be lost and paperwork goes to die. That makes it perfect for work no one wants to admit exists; perfect for a final adjustment to a grav system no inspector will ever audit, and for a saboteur who needs shielding from eyes in New Atlantis and Akila alike. Here the containers are stacked like tombstones, humming with old power, ready to amplify whatever she has wired into the conduits. If Vector completes what she is calibrating in this rusted maze, the next "accident" will not be local to some unlucky hauler, it will echo along whole trade lanes before anyone can respond. The UC and Deimos hoped the incidents would blur into background noise, that the Cheyenne files and the first vented testbed would dissolve into rumor, but scattered engineers, a LIST foreman, and a few nervous GalBank clerks kept the pattern alive long enough for the trail of shards, ghost code, and vanished consultants to point straight here.
4288	1016	1	QUST/CNAM	Gagarin Landing has always been a waystation, never a destination, which is why people talk too freely here and think nothing lingers longer than the dust from old mech yards. That makes its loading rings and backline clinics the perfect catch-basin for stories no one bothered to write down, the place where her name is never spoken but her habits are. Dockhands remember a certain soft accent, customs techs recall tiny gaps in sensor sweeps, and someone always knows a ship that was logged two minutes before or after it really arrived. All those slips and shrugs left small bends in the paperwork, faint grooves in memory, guiding certain crates and certain people along the same quiet channels until they ended up far from where the manifests said they should be. So far the trail is this: a discarded slate on an empty rock, a clinic's scrubbed patient list, and now a port where gossip, altered timestamps, and half-forgotten favors all point toward the same invisible courier shaping routes from the shadows.
4027	1017	1	QUST/CNAM	The UC warship WK-9192 drifts in the dark like a monument to routine gone wrong, its hull marked by skirmishes everyone thought were already accounted for in the logs. This is where patrol routes, emergency deployments, and interdiction patterns were written and rewritten until the crew stopped questioning the math and simply trusted the console glow. Somewhere in that quiet confidence, her hand slipped in, bending familiar scripts into unseen corridors while officers signed off without a second glance. To understand how she has been hiding fleets in plain sight, the ship that trusted her calculations is the only place the pattern can be read clean. So far the trail runs from a nervous smuggler contact who swore their runs arrived early without burning extra fuel, to route discrepancies buried in customs reports, all of it pointing to one truth: someone with system-level access has been nudging traffic just far enough off expected vectors that no one noticed until ships started vanishing between lanes.
3971	1022	1	QUST/CNAM	The dead arrays of the deserted UC listening post still sweep the stars in slow, meaningless arcs, a relic that once heard every whisper along this stretch of space and then, somehow, missed the one that mattered most. Here, buried in half-scrubbed logs and obsolete grav telemetry, Starline could work unobserved, splicing his ghost corridors straight through the gaps in official attention. UC abandoned the place; he turned its quiet into a launchpad, feeding routes to captains while he watched which ships came back and which fell silent. You arrive as the last cycle completes, just as he moves to erase the final proof that his patterns ever ran through UC ears at all.  \n\nWe started with a stray dataslate in the back end of nowhere, then a buried analyst pod that hinted at doctored navigation reports, and finally a rigged beacon in high orbit broadcasting impossible jump solutions. Every step pointed to the same hand, the same spiral in the numbers, hiding in the blind spots everyone else chose not to see.
3440	1025	1	QUST/CNAM	This empty relay sits on the rim of real traffic, where civilian ships fall off the charts and only maintenance drones were ever meant to listen.  \nIts dishes still drink in background noise from the lanes, and that noise is the one thing Vector cannot fully scrub; every falsified route, every doctored misjump leaves a faint echo in its buffers.  \nHe has come here to collapse the pattern, purge the last record tying his algorithms to the wrecks scattered through Kessler's Veil and the test yards near Protectorate Systems.  \nIf he succeeds, the accidents become ghost stories, forever blamed on bad luck and faulty hardware no one can disprove.  \nThe trail to this place was stitched from half-heard bar talk in the hinterlands, a corrupted slate found where the first hint surfaced, garbled transponder logs pulled off a drifting hull, then contraband manifests pried from a frightened broker on that moonside module; no one ever had the full story, just fragments traded between people who learned to talk quietly.
3740	1028	1	QUST/CNAM	Down here, beneath the neon sheen and corporate gloss, the conduits run like exposed nerves, every junction tagged, rerouted, and quietly stolen from. This is where maintenance logs are falsified, power siphons are normalized, and a single mislabeled junction can divert half a city's traffic without anyone topside noticing. That same complacency makes this spine the only place a former inspector could sketch safe corridors through the chaos, turning forgotten service tunnels and unregistered airlocks into a private transit map no security sweep will ever catch. A minor oversight in access control became a habit, then a custom, and now an invisible highway that only one saboteur truly understands. The trail so far began with a stray slate at a dead outpost and a cargo yard humming with unexplained drive faults; together they painted the outline of someone who knows every shortcut, prefers to work in the blind spots, and has been using abandoned infrastructure as waypoints between ruined ships and redacted reports.
3530	1035	1	QUST/CNAM	Only up on the rooftops can you hear Neon without the walls lying for it. The hum of grav pads and private shuttles passing just low enough to skim the Span is where contracts change hands, off the record, passed between executives who do not want their own systems seeing the numbers. Whatever was logged about Vector and his routes was never meant to sit in a clean office downstairs; it lives up here, tucked into side-channel traffic and rooftop relays that only the desperate and the crooked bother to touch. Word is, a smuggler bragged in a corner booth that their miracle escape corridor came from someone who talks in coordinates instead of names, and a nervous clerk mentioned forged permits that always pointed one jump beyond the usual lanes. Out in the hinterlands, a LIST camp swore a clipped voice walked them past a storm, and a drifting cutter near UC space carried logs stamped with a familiar sigil. Taken alone, each story is just bar talk. Lined up against the skyline, they all start whispering the same direction.
3726	1039	1	QUST/CNAM	The abandoned garrison sits at the edge of nowhere, its sirens long silenced, its walls thick with old militia dust and newer scorch marks that do not match any logged engagement. Whatever was dragged into its bunkers was meant to be buried under Freestar jurisdiction and forgotten, far from UC eyes and the ships Rivet likes to cut open. The Stray Rust Syndicate were hired to stand watch on something they only half understood, then bled away as the pay dried up and the rumors sharpened, leaving hardened sentries guarding a secret none of them could name. If this place is left intact, the pattern Rivet has been tracing between wrecks, stolen drives, and vanished convoys will find another outpost to infect. So far, the trail runs like this: a stray slate in deep space whispering about a shipbreaker with too many aliases, soil-stained scrap on a quiet farm stamped with Deimos marks, and now a deserted Freestar site where Syndicate guns loiter over tech that hums in the same wrong frequency as the anomaly pinned in UC archives.
4274	1040	1	QUST/CNAM	The Helium-3 plant is the last place she can work unseen, its automated rigs and sealed conduits perfect camouflage for someone who lives between manifest lines and maintenance schedules. Every pipe is a route, every pressure chamber another room where a mind can be tuned and a witness made to forget why they came here. Quietline needs these reactors to power and mask the neuroamps she has folded into the plant's control lattice, one final attempt to cut herself free of every record and every debt before UC, Freestar, or worse can close in. If she finishes rewriting the staff and the logs, she walks away as a ghost and the station becomes another blind spot in the Settled Systems, its crew loyal to a woman they cannot name. All we know for certain is this: a stray dataslate in the dark, half-scrubbed signatures around a backline clinic, and the altered testimony of a raider and a farmstead led from a quiet rock, through Gagarin's alleys and a hard-bitten refuge, to a courier whose trail never quite lines up with the reports.
4282	1042	1	QUST/CNAM	Down here, where the grid hums overhead and leaking pipes keep their own slow time, this is the only place her routes would be written down honestly. Customs offices and starport kiosks deal in official lanes; the real paths run underfoot, traded between haulers, chem runners, and anyone desperate enough to risk a shortcut that does not exist on any map. Somewhere among these rusted bulkheads is the pattern of ships she has bent to her purposes, the off-hour departures and unscheduled dockings that only a courier from this city would trust. Every dockhand has a different version of how she moves and who she serves, the tale shifting a little with each retelling, like fear and superstition sand down the details no one wants to own. So far the trail runs like this: a discarded slate on a dead rock, scrambled logs in a back-room clinic near Gagarin, a rattled runner who remembers a soft accent and the wrong sigil on the right crate, all pointing toward the same invisible corridors she has been carving through the Settled Systems.
3287	1045	1	QUST/CNAM	Out on the edge of the lane, the wreckage hangs in a slow tumble, its hull etched with scorch marks that do not quite match any honest misjump or weapons test. This is where stories diverge: freighter crews mutter about a ship that appeared sideways to its own trajectory, then sheared away like glass under a bad grav surge, while more sober traffic controllers dismiss it as panicked testimony and faulty sensors. The metal does not lie, though; the scoring and twisted struts sketch the kind of impossible turn only a pilot obsessed with shaving reality thin would attempt, and whoever was flying left just enough of their signature burned into the plating to trace the direction they were trying to escape in. So far, everything I have seen fits the same crooked outline: a forgotten rock with a half-wiped slate, beacons reporting ships where no flight plan put them, Neon's lower levels hiding power cuts nobody wants to log, and now this broken shell, floating exactly where all those rumors about ghost jumps insist something went wrong.
3485	1054	1	QUST/CNAM	Gagarin Landing looks the same on approach, all rusted gantries and tired floodlights, but the real work here has always been hidden in rote paperwork and unremarkable cargo runs. This is where freighters drift in from every direction, where manifests get adjusted, fees waived, and traffic patterns nudged a few degrees at a time without anyone raising their voice. If someone wanted to bend the lanes around a single pilot, to make their comings and goings disappear into a new normal, it would start in the ledgers and schedules no one reads twice. Only by pulling those quiet changes apart here can you see which ships began arriving early, which routes inexplicably rerouted around the same patch of sky, and how a forgotten station suddenly became a waypoint in everything from grain hauls to scrap deliveries. So far the trail runs from a ghost signal at an old listening post to buried scans in a relay bunker, each step showing the same unmarked ship cutting through restricted air while the official charts insist nothing unusual ever happened.
4327	1054	1	QUST/CNAM	It had to end at the edge of a city that lives on exhausted rock and old war ghosts, where ship lanes pinch low over the dust and every vector in and out passes through the same narrow sky. Out here, there is no crowd to vanish into, no storm corridor to ride; the only cover is the heat shimmer off Cydonia's scarred outskirts and the static whisper of overworked traffic beacons that Vector has tuned one too many times. He chose this place because its patterns are familiar, because a dozen minor route edits and quiet favors have slowly braided into a single escape line he thinks only he can see. Breaking that line here stops his last attempt to fold the map around himself before corporate cleaners or desperate smugglers turn his tricks into something far worse. So far the trail has run from a forgotten dataslate on a backworld, through a drifting Trade Authority courier and a silent orbital clue, each step tightening the graph of falsified routes, buried logs, and one navigator whose small compromises finally drew a hunter into his shadow.
3192	1059	1	QUST/CNAM	This forgotten cryo lab hangs between star systems like a discarded hypothesis, its power failing in fits and starts, emergency lights stuttering over frost-fogged corridors and half-dead monitors. It matters because Torque chose it, not for cover, but for control: a place where he can scrub signatures, reroute life support, and bury what he has become in rusted hardware no corporation will ever bother to audit. Here he has been unspooling Iyla Korr's trail and everyone else's, cross-checking crash logs from freighters and luxury liners alike, deciding which truths to exhume and which to freeze forever, and now he is close to erasing the last proof that any of this was engineered. If he finishes, the pattern of bad drives, missing recall orders, and dead witnesses will become just another rumor, like the oldest version of this story, already smudged by bar talk about a dataslate in the dust, a lonely hut full of glitching telemetry, a silent ship on the edge of nowhere, and a UC warship whose black-box reports were never meant to see daylight.
3088	1065	1	QUST/CNAM	No one logs a relay out here by mistake; an asteroid field this thin, this far from any declared corridor, exists to lose signals, not anchor them, which is exactly why someone like Luna would lace her work through its static. The rocks and dust give cover to whatever she tested first, the bad corridors and half-finished vanish routes that never made it onto official charts, and to anyone now hired to erase those traces before a hunter can read them. Out in this drift, there is no jurisdiction, no flight control, only the raw noise of grav drives and broken stone, and somewhere inside that noise is the pattern she has been refining since her first ship went missing. Stories about a ghost in the traffic have passed from LIST clerks to GalBank pilots and bar-front fixers, picking up new details every retelling, but the only solid things so far were a protection escort whose route logs did not match its manifest and whispers that certain beacons in dead space repeat the same warped checksum, like an echo waiting for someone stubborn enough to chase it.
3723	1077	1	QUST/CNAM	The empty barracks still hum with recycled air and old orders, a forgotten outpost built to outlast the Colony War and then quietly abandoned when the treaties came. Rivet chose this place because no one counts the dead here anymore, and because the walls are already wired for controlled demolitions and silent drills; it is the perfect frame to cut apart and vanish inside. His grav logs, stolen drives, and the star map that ties every gutted wreck together will be staged to jump from here, slipping past Freestar patrol routes and UC scrutiny alike. If he succeeds, the pattern he has been tracing in secret will move beyond anyone's reach, along with the last unedited record of what really happened in those forgotten battles. From the frozen carcass in deep space where a stranded cutter dropped Rivet's name, to the quiet farm where Waggoner soil hid Deimos-marked scrap, to the garrison stripped along precise load-bearing seams, every step has pointed to one hand testing structures, erasing witnesses, and following that same impossible signal through the wreckage.
3076	1081	1	QUST/CNAM	Places like The Clinic are supposed to scrub the blood off history, pin it behind glass with a comforting plaque, and call that healing. That is why the trail bends here: if anyone tried to turn a battlefield horror into a neat case study, it would be the station that survived a war by changing hands instead of course. Somewhere in its curated corridors there will be a sanitized version of what happened at that garrison, and tucked behind that, the parts the UC was glad to misplace and Freestar has no incentive to dig up. Staff whisper different stories when they think no one is listening; some fear what an unedited record might stir up, others like the safety that comes from not asking questions.  \nUp to now, the path has been fragments and contradictions: a stray slate on a forgotten rock, a derelict patrol ship still following half-erased orders, conflicting mentions of the same medic in logs that should never overlap. Everything points back to one incident no one wants to own, and a man who walked out of it still answering to commands nobody remembers signing.
3175	1085	1	QUST/CNAM	The Deserted Relay Station hangs at the edge of the system like a dead nerve in the grav lattice, perfectly placed where old UC traffic once converged and where Vector can now listen to every tremor in the lanes. Its dishes have been twisted into a spider's web of jury-rigged antennas, feeding his stolen diagnostics and anomaly models into a humming core that treats the whole sector as a laboratory. Here, at the intersection of abandoned infrastructure and unstable readings, he can attempt the final proof he has been chasing since the testbed freighter died, a localized grav twitch big enough to force the truth into the open or tear this orbit apart. A misrouted UC maintenance order, an unsigned transfer request in New Atlantis, and a delayed pirate intercept have all nudged this confrontation here, now. Earlier, the quiet failures at the research site, the corrupted logs in high orbit, and the redacted disputes buried in Calyx files all traced the same pattern of staged "accidents" and missing data, pointing to the same exhausted analyst running out of places to hide.
4087	1087	1	QUST/CNAM	The farm is the first wound on the map, a place the banks wrote off and the locals forgot, which makes it perfect for hiding the kind of record no one wants audited. Its fields lie fallow under a thin sky, but the power feed to the main house still hums, and there are fresh boot tracks in the dust that do not belong to settlers. Uniform Blackguard watch the place with the stiff patience of contractors told to guard something they are not allowed to open, their black-and-white marks stark against sun-bleached siding; whatever is on that farm terminal, it scared someone enough to pay for silence. In town, stories about the foreclosure and the family who vanished never quite match, and every time the argument starts over who was at fault, it ends in a shrug and a change of subject, like everybody agreed not to dig any deeper. So far the trail is thin but steady: a dead spacer clutching stolen audit clips, a homestead that settled its debts after it was already empty, and scattered whispers that the same unseen hand keeps touching accounts from Akila to forgotten LIST rocks.
3614	1104	1	QUST/CNAM	No court, no committee, would ever authorize a strike here, which is why he chose it; this forgotten Deimos scrapyard is where the company buried its mistakes under rust, slag, and sealed manifests, then agreed to never speak of them again. The ground is a lattice of failed grav mounts and warped frames, each plate stamped with dates and serials no one in New Atlantis admits exist, and Rivet has threaded himself through that history like a live wire. He has been stripping these carcasses for parts, building one last test frame and rigging the yard with "lessons" to collapse around anyone who gets close, all while consolidating the telemetry and design logs that prove who really cut corners. If he completes his work here, the evidence disappears in a plume of twisted metal and decompressed air, and the pattern of quiet disasters he followed from a Ranger's field notes to this very graveyard becomes just another rumor spacers pretend not to remember: anonymous schematics on a dataslate in the dust, erased audits on Deimos, and a trail of ships saved or shattered by the same invisible hand.
4303	1116	1	QUST/CNAM	The PX-3446 hangs dead in the dark, a UC SysDef hull that should have been quietly towed and buried but instead left drifting just outside the busy lanes, where only someone following the wrong kind of math would think to look. Inside, the blast-sheared corridors and frozen fire doors say "training accident" to any official report, yet every sealed compartment hums with the sense of work interrupted just before it named a culprit. This is where field data and private suspicions were burned into the ship's memory banks, far from the committee rooms where admirals now swear they saw only random failures. The wreck is less a tomb than a locked filing cabinet, holding the one record of how Diego's patterns bled into military jumps, and why those who noticed chose to keep that knowledge in vacuum, not daylight. Up to now the trail has been whispers and half-truths: a dying captain's complaints on a forgotten rock, nervous route-sellers speaking off the record in a station bar, and scattered flight plans marked "mishap" that all shared the same quiet signature curling back to the same hand on the console.
4202	1128	1	QUST/CNAM	Out here, the rock itself hums with the residue of what he has been doing. The mining complex was never built to host Grav Drive arrays, yet the shafts run straight into dense veins that bend readings, masking field tests from distant UC sensors and Freestar patrols alike. In these tunnels he can hide unstable prototypes between loaders and ore hoppers, burn stolen fuel, and dump irradiated slag into the walls while the workers call it a bad day in the drills. This is where his pattern converges where every anomalous route, every missing crate, every grav spike along the hauler lanes finally points. By the time the alarms trip, he will be one trigger pull from erasing the last proof of his part in the tender misjump and stepping fully into the shadows he helped Rhys open. The earliest version of how this began has already been traded away in bar stories and half wiped logs, but the trail is clear enough now remote datapads with scrambled signatures, a silent recorder drifting in orbit, hushed talk in a farming settlement, and a bruised asteroid field full of broken echoes all narrowing toward this buried heart.
4493	1129	1	QUST/CNAM	The skymaps all say this mining pit should be quiet rock and thin air, yet the clouds above it twist like something half-tamed and half-feral, caught between vacuum and storm. Stormglass chose this scar in the crust for a reason: the drills already pierce deep seams, the Helium-3 lines and old grav infrastructure hum beneath the surface, and the thin atmosphere responds faster than any regulated world. Here she can fold every lesson and every mistake into one last experiment, trying to rewrite the hyperstorm that ruined her life by bleeding reactor exhaust and microclimate tweaks into the open sky. A single miscalculated correction from her early models turned one settlement into a grave; left alone, what she is forcing through the rock and air here could echo across systems.  \nWe traced her from a stray dataslate in the back end of nowhere to Ranger logs and worried technicians at a supply post, then through a strained Helium-3 facility running odd atmospheric diagnostics and a raider command site choked in storm-scoured rubble; every step pointed to the same pattern of tampered skies and abandoned safeguards.
4345	1141	1	QUST/CNAM	The Well is where forgotten things are supposed to sink and stay down, drowned beneath tourist gloss and MAST rhetoric. Down here, records get lost, debts get rolled into shadows, and faces blur into the press of the crowd. For a man who lives by erasing people on paper, this undercity is the perfect last staging ground, close enough to GalBank's veins to tap them, low enough that no one in the towers wants to look too hard. He has been threading everything toward this point, consolidating false identities, liquidating hijacked claims, and preparing to cut loose from the Settled Systems with a ledger wiped clean. The quietly reassigned freighters in the drift, the altered case files beneath the plazas, the corrupted manifests hidden in Trade Authority holds were all pieces of the same exit strategy. Someone in the core tried to smother what they found, but the story kept leaking through bar talk and ruined captains. From that first stray dataslate in the black, to the nervous clerk in the city above, to the corrupted support ship parked off the main lanes, every whisper has led back to this pressure sink under New Atlantis.
3103	1142	1	QUST/CNAM	The Abandoned Bionics Lab sits at the end of every line you have pulled, a dead facility with live power and just enough automated systems left for someone like her to bend into a private theater. Here the tools are already in the walls: surgical bays, dormant prosthetic rigs, and half-coded interface suites she can wake with a keystroke, all buried far from regulators and still wired to old Ryujin standards she helped design. Out here she can finish stitching together the network hinted at in stolen firmware archives and smuggling ledgers, using the last intact equipment to tune a free mesh that would slip past any corporate leash, then ghost away behind her augmented clients. The scorched access door and a half-completed breach charge suggest another crew tried to end this and never made it past the first line of defenses. So far the trail reads like this: a forgotten dataslate in the back of beyond, ghost references to missing neuroamp designs in a quiet research outpost, then this same lab half-lit and full of erased logs, pointing to Splice circling back to weaponize the only place that still remembers how to build her.
3037	1152	1	QUST/CNAM	This part of Akila is where ships come to die slow, and the people who worked them are not far behind, which is exactly why any talk worth hearing sinks into the rust instead of floating up to the Core. Between leaning shacks and crooked repair stalls, actuators and grav rings pile in heaps, tagged with half-legible IDs from haulers that vanished on routes no insurance adjuster wants to audit too closely. The junction buried under all this clutter is not just scrap; it is a scar from a job that went wrong in a very specific way, a place where someone tested how far they could bend a flight path before it snapped. To pick through it here, at the edge of polite notice, is to step into a conversation every spacer in this quarter pretends they are not having, their words clipped short and eyes sliding away whenever timing, discounts, or a certain unseen navigator come up. So far, all you have are a half-burned dataslate from a forgotten camp and low-voiced rumors from worn-out haulers, enough to suggest that some jumps are being nudged off true and that the same quiet signature keeps surfacing wherever wreckage and bad luck pile together.
3161	1168	1	QUST/CNAM	This outpost was never meant to matter; just another research shell on a quiet rock, built for routine data pulls and then half forgotten as priorities drifted elsewhere. That is what makes it perfect for what she did to it. When departments shifted, staff rotated, and oversight thinned to the occasional automated ping, the traffic through here kept flowing on old schedules, half monitored and half ignored. Somewhere in that slow slide from purpose to neglect, someone rewired a single exchange a handshake that once just synced survey results now brushes past LIST archives, Trade Authority ledgers, and settlement queues before vanishing into blank space. If I can pry open what is left of that link, I can see which chains she broke on purpose and which ones she quietly grafted together. Up to now all I have are scattered signs a dead end contact who asked the wrong question, a sealed lab with its logs scrubbed too clean, a nervous broker on Neon fencing partial routes, a derelict survey cutter with half a jump plan and every fragment points to her carefully bending systems over time, until nobody remembers what they were built to do in the first place.
4265	1191	1	QUST/CNAM	The Abandoned Deimos Scrapyard is where her whole crusade was always heading, a place built on the lie that wrecks are just metal and not the people written out of the manifests. Here, among gutted hulls and stripped grav drives, she is threading the last of her stolen data through hidden cores, preparing to erase or broadcast everything the salvage ring buried under "administrative resolutions." UC and Freestar patrols turned blind eyes to this yard for years, calling it obsolete while she turned it into a fortress and an archive in one. The rusted cranes, mined walkways, and jury-rigged turrets are not simply defenses but levers; if she finishes locking her ledgers here, the ghost-insured ships become more than rumor and the factions complicit in their loss may burn or double down. This is the last gap before the graveyards belong entirely to her or are swallowed again by the same silence that let her work go unnoticed for so long. So far, the trail has run from a discarded report in the dust to a sabotaged relay that throttled distress calls, then into a derelict UC combat ship whose untouched logs showed military routes overlapping "accidental" civilian disappearances.
3031	1224	1	QUST/CNAM	Gagarin Landing is where the numbers finally stop being abstract and turn into rust, oil, and faces that remember who rewrote their skies. The industrial warrens sit at the junction of UC contracts, Trade Authority salvage, and the same tug crews Vector once flew beside, a perfect blind spot where corporate auditors look away while broken haulers sell their last components for another chance at a profitable run. Here, amid shipbreaker gantries and refit stalls, she can finish purging stolen black boxes and GalBank claim logs, sealing off the evidence that her vectors were never accidents but calculated leverage against the same boardrooms that cashed in on her dead crew; if she erases it now, the pattern of staged disasters collapses back into rumor and bad luck, and the next "optimized route" will just be another unremarked loss. From the first dataslate in a remote camp to bitter whispers in the outskirts of Akila and the wrecked protection ship drifting in deep space, every scrap of timing data, every altered manifest, and every frightened testimony has pointed to the same conclusion: someone has been quietly moving the lanes themselves, and the signature on those distortions all traces back to Vector.
