#en	zh
Rural Hold	乡野据点
Outer Depot	外围补给站
Covered Base	隐蔽基地
Secluded Post	幽僻哨站
Solitary Base	孤立基地
base location	基地位置
Discarded Camp	废弃营地
Ignored Outpost	无人问津的前哨
Peripheral Base	边缘基地
Desolate Parapet	荒凉壁垒
Destitute Bunker	破败地堡
Solitary Fortlet	孤立小堡
Unprotected Post	无防护哨站
Vacated War camp	空置战营
Cut off Barricade	孤立路障
Decayed Enclosure	破败围场
Disowned Barracks	废弃军营
Far flung Alcazar	遥远要塞
Forsaken Garrison	被弃军营
Fortified Station	加固站点
Peripheral Bunker	边缘地堡
Renounced Redoubt	废弃堡垒
Armored Watchtower	装甲哨塔
Destitute Armament	破败军械库
Destitute Barracks	破败军营
Encased Stronghold	封闭据点
Forsook Siege Camp	废弃攻城营地
Hardened Fire Base	加固火力基地
Removed Guard Post	撤除的哨所
Steel clad Bastion	包钢要塞
Steel clad Bulwark	包钢固防
Derelict Cantonment	废弃驻地
Desolate Blockhouse	荒凉碉堡
Lonely Holding Area	孤寂驻守区
Neglected Enclosure	荒废围场
Sequestered Redoute	幽闭堡垒
Sequestered Armament	幽闭军械库
Vacant Military Base	空置军事基地
Inaccessible Garrison	难以抵达的军营
LandscapeCutWorldSpace	景观切割世界空间
Metal clad War Station	金属包覆战备站
Far flung Fortification	遥远防御工事
Steel clad Staging Area	包钢集结区
Discarded Combat Outpost	废弃战斗哨站
Outlying Security Station	外围安保站
Safeguarded Military Post	受护军事哨所
Disregarded Command center	弃用指挥中心
Bulletproof Operational Base	防弹作战基地
Decayed Military Installation	破败军事设施
Unclaimed Military Encampment	无主军事营地
Forsaken Military Installation	被弃军事设施
Safeguarded Military Encampment	受护军事营地
Bar	酒吧
Startup	启动
Visited	已探访
Mech Lab	机甲实验室
Rogue AI	失控AI
Lone ship	孤舰
Boss Fight	首领战
Lone Storm	孤寂风暴
Mayhem Max	狂乱麦克斯
Starslayer	星辰屠戮者
Stop Stage	停止阶段
Viper Vega	蝰蛇织女星
Plunderlord	掠夺领主
Ammo Factory	弹药工厂
Faint Signal	微弱信号
Secure Vault	保险库
Spacestation	星际站
Trading Post	贸易站
Data Shipment	数据货物
Drug Shipment	药品货物
Food Shipment	食物货物
Grand General	大将军
Prophet Atpep	先知阿特佩普
Shadow Trader	暗影商人
Startup Stage	启动阶段
Stranded Ship	搁浅飞船
Techno-zealot	科技狂徒
Chunk-Mad Fred	痴迷块餐的弗雷德
Piracy Boarding	海盗登船
Repair Platform	维修平台
Ship Under Fire	遭袭飞船
Steelheart Jack	钢心杰克
Weapon Shipment	武器货物
Concealed Signal	隐蔽信号
Faction Skirmish	派系交锋
Farming Platform	农业平台
Stranded Banshee	搁浅女妖
Combat Signatures	战斗信号
Component Factory	部件工厂
Heretic Missonary	异端传教士
Lone Installation	孤立设施
Lone Trading Post	孤立的贸易站
CommsLink Platform	通讯链平台
Expensive Shipment	贵重货物
Explosive Shipment	爆炸货物
Faction Stronghold	派系据点
Spacesuit Shipment	宇航服货物
Black Market Signal	黑市信号
Crimson Fleet Vault	深红舰队保险库
Trade Vessel Mayday	贸易船遇险
Set ships aggressive	将飞船设为敌对
Deep Field Observatory	深空观测站
Lost Unmarked Shipment	遗失的无标记货物
Stranded Va'ruun Vigil	搁浅的瓦鲁警戒号
Trade Authority Trader	贸易管理局商人
Urgent Distress Signal	紧急求救信号
Xeno Warfare Field Lab	异兽作战部野战实验室
Hostile Warp Signatures	敌对跃迁信号
Installation Stronghold	设施据点
Player entered location	玩家进入地点
Powerful Hostile Signal	强敌对信号
Player Responded to Hail	玩家回应了呼叫
Trade Authority Platform	贸易管理局平台
Emergency Distress Signal	紧急求救信号
Stranded Ecliptic Cutlass	搁浅的黄道佣兵团弯刀号
stage 2 set hailing scene	阶段2：设置呼叫场景
Hostile Faction Stronghold	敌对派系据点
Trade Vessel Mayday Signal	贸易船求救信号
Player has entered location	玩家已进入地点
Hostile Faction Installation	敌对派系设施
Faction Skirmish Tides Turning	派系交锋形势逆转
Stranded Crimson Fleet Banshee	搁浅的深红舰队女妖号
Mines are super OP and can one shot you	水雷强得离谱，一击就能秒杀你
Scanner	扫描仪
Goliath	歌利亚
Blackbox	黑匣子
Delivery	递送
No Items	无物品
UC Files	联殖文件
Mail Disk	邮件磁盘
MedRunner	医疗快船
Contraband	违禁品
Geo-Imager	地质成像仪
Miners Log	矿工日志
Pathfinder	探路者
Eon Voyager	永世旅行者
Exploration	勘探
Infestation	生物侵扰
Ready stage	就绪阶段
Tool Bundle	工具包
Workers Log	工人日志
Delivery Box	递送箱
EMP Platform	电磁脉冲平台
Scan Results	扫描结果
Titan Dredge	泰坦采掘者
Delivery City	递送城市
Fuel Platform	燃料平台
Goliath Mk-IV	歌利亚Mk-IV
Goods Package	货物包裹
Machine Parts	机械部件
Manufacturing	制造业
Required Item	所需物品
Scan Complete	扫描完成
Complete Quest	完成任务
Delivery Start	递送开始
Infrastructure	基础设施
Mineral Sample	矿物样本
Miners Remains	矿工遗骸
Mission Failed	任务失败
SC-77 Starhawk	SC-77星辰鹰
Terrain Mapper	地形测绘仪
Worker Remains	工人遗骸
Aegis MedRunner	神盾医疗快船
Amount Required	所需数量
Covert Drug Lab	秘密毒品实验室
Frozen Asteroid	冰冻小行星
No Repair Parts	无维修部件
Xenowarfare Lab	异兽作战实验室
Litho-Prospector	岩芯勘探器
Mail Consignment	邮件托运
Medical Shipment	医疗货物
Mission Accepted	任务已接受
Mission Complete	任务完成
Mission Rejected	任务已拒绝
Recover the Item	找回物品
Repairs complete	维修完成
Rustborn Rotfang	锈生腐牙
Rustborn Voidrat	锈生虚空鼠
Stellar Coursier	星骏信使
Targetting Board	瞄准板
Calculate Rewards	计算奖励
Crimson Anchorage	深红锚地
Critical UC Files	关键联殖文件
Delivery Location	递送地点
Propaganda Beacon	宣传信标
Repair successful	维修成功
Rifling blueprint	膛线蓝图
Rustborn Ironhowl	锈生铁嚎
Rustborn Junkseer	锈生废料先知
Rustborn Scraprat	锈生废鼠
Rustborn Torchmaw	锈生炬喉
Scientists Report	科学家报告
Stolen Data Vault	失窃数据保险库
Subsurface Mapper	地下测绘仪
Zenith Pathfinder	天顶探路者
Autonomous Factory	自动化工厂
Dangerous Asteroid	危险小行星
Experiment Storage	实验储存
Heretical Writings	异教著作
Promising Asteroid	有前景的小行星
RogueTracker Array	游侠追踪阵列
Rustborn Gravemaul	锈生重锤
Rustborn Rivetback	锈生铆背
Rustborn Scrapmaul	锈生碎锤
Rustborn Scrapwolf	锈生废狼
Rustborn Wrecktide	锈生残潮
Scientists Remains	科学家遗骸
Delivery Successful	递送成功
Experiment Location	实验地点
Plasma Wave Inducer	等离子波诱导器
Rustborn Grindspire	锈生磨尖
Rustborn Gutterking	锈生阴沟王
Rustborn Hullreaver	锈生裂壳者
Rustborn Hullscythe	锈生船壳镰
Rustborn Rivetfiend	锈生铆魔
Rustborn Scorchfang	锈生焦牙
Rustborn Shatterjaw	锈生碎颚
Rustborn Wreckbarge	锈生残驳
Scanning the target	正在扫描目标
Cybersecurity Module	网络安全模块
Hijacked Spy Station	被劫持的间谍站
Infested Observatory	被侵染的观测站
Phased-Array Antenna	相控阵天线
Rare Metals Shipment	稀有金属货物
Recovery: The Clinic	回收：星际诊所号
Rustborn Grimetongue	锈生污舌
Rustborn Scrapbucket	锈生废桶
Rustborn Shatterbane	锈生碎祸
Rustborn Spannerjack	锈生扳手杰克
Stolen Mech Research	失窃机甲研究
Freebooters Stockpile	掠夺者储备
Frontline Launch Site	前线发射场
Rustborn Driftstalker	锈生漂猎者
Rustborn Gravescourge	锈生坟疫
Seismographic Scanner	地震记录扫描仪
Stolen Encryption Key	失窃加密密钥
Strike Assembly Point	突击集结点
Local Mission Terminal	本地任务终端
Neon Air Quality Probe	霓虹城空气质量探测器
Report Upload Terminal	报告上传终端
Crimson Hoard Transport	深红囤积运输舰
Critical Freestar Files	关键星联文件
Local Mission Dataslate	本地任务数据板
Remote Mission Terminal	远程任务终端
Secure Evidence Storage	安全证据储存
Stolen Medical Research	失窃医学研究
Critical Firmware Update	关键固件更新
DU Overtime User Created	暗宇宙加班：用户创建
Incriminating Data Slate	罪证数据板
Neon Water Quality Probe	霓虹城水质探测器
Regolith Extraction Unit	风化层提取装置
Potentially Rich Asteroid	可能富矿的小行星
Public Utility Blueprints	公共设施蓝图
Survey Equipment Location	勘测设备位置
Cosmos Care Services Board	宇宙关怀服务任务板
Seismological Spectroscope	地震光谱仪
Asteroid with Ore Potential	有矿石潜力的小行星
Stolen Patient Medical Data	失窃病患医疗数据
Stolen Xenowarfare Research	失窃异兽作战研究
Use Ship weapons to destroy	使用飞船武器摧毁
Collection: Midtown Minerals	收集：中城矿业
Experiment: Neon Air Quality	实验：霓虹城空气质量
Local Cargo Mission Terminal	本地货运任务终端
Local Cargo Mission Dataslate	本地货运任务数据板
Va'ruun Heretical Scriptorium	瓦鲁异教经库
Collection: Centaurian Arsenal	收集：半人马军械库
Experiment: Neon Water Quality	实验：霓虹城水质
Remote Space Mission Dataslate	远程太空任务数据板
Terraforming Procedure Manuals	地球化改造程序手册
Transfering delivery to target	正在向目标移交递送物
Collection: Neon Mining League	收集：霓虹城矿业联盟
Remote Planet Mission Dataslate	远程行星任务数据板
You deliever the requested items	你交付了所需的物品
Recovery: The Den Trade Authority	回收：巢穴站贸易管理局
You don't have the items required	你没有所需的物品
[Data Slate #A-471 | Secure Playback]	[数据板 #A-471 | 安全回放]
Recovery: New Atlantis Reliant Medical	回收：新亚特兰蒂斯城信实医疗
Starting repairs using some ship parts	正在使用部分飞船部件开始维修
Claims Assessment: New Atlantis GalBank	理赔评估：新亚特兰蒂斯城银河银行
You don't have the ship parts to repair this.	你没有维修所需的飞船部件。
Use this terminal to scan for nearby missions.	使用此终端扫描附近的任务。
Use this terminal to scan for remote missions.	使用此终端扫描远程任务。
Use this terminal to scan for nearby cargo missions.	使用此终端扫描附近的货运任务。
Order	订单
Amount	数量
Dropoff	交付点
Defeat <Alias=BountyTarget>	击败<Alias=BountyTarget>
Hijacked: <Alias=PrimaryRef>	遭劫持：<Alias=PrimaryRef>
Recover the Critical UC Files	找回关键联殖文件
Deliver Log to <Alias=FinalLocation>	将日志送至<Alias=FinalLocation>
Fabricate Component: <Alias=Evidence>	制造部件：<Alias=Evidence>
Deliver <Alias=Evidence> to The Clinic	将<Alias=Evidence>送至星际诊所号
Raw Materials: 15 <Alias=ResourceName>	原材料：15 <Alias=ResourceName>
Destroy Robot At <Alias=DungeonLocation>	摧毁位于<Alias=DungeonLocation>的机器人
Locate and Survey the <Alias=PrimaryRef>	找到并勘测<Alias=PrimaryRef>
Locate and repair the <Alias=PrimaryRef>	找到并维修<Alias=PrimaryRef>
Dismantle: Robots on <Alias=targetPlanet>	拆解：<Alias=targetPlanet>上的机器人
Infiltration: <Alias=TargetPlanetLocation>	潜入：<Alias=TargetPlanetLocation>
Deploy <Alias=Evidence> at the base of Neon	在霓虹城底部部署<Alias=Evidence>
Basic Manufacturing: 20 <Alias=ResourceName>	基础制造：20 <Alias=ResourceName>
Deliver <Alias=Evidence> to Midtown Minerals	将<Alias=Evidence>送至中城矿业
Chunks Delivery: <Alias=TargetPlanetLocation>	块餐递送：<Alias=TargetPlanetLocation>
Deliver Package: <Alias=TargetSystemLocation>	递送包裹：<Alias=TargetSystemLocation>
Advanced Manufacturing: 5 <Alias=ResourceName>	高级制造：5 <Alias=ResourceName>
Deliver <Alias=Evidence> to Centaurian Arsenal	将<Alias=Evidence>送至半人马军械库
Deliver Goods Package to <Alias=FinalLocation>	将货物包裹送至<Alias=FinalLocation>
Hauling: Goods Package on <Alias=targetPlanet>	运输：<Alias=targetPlanet>上的货物包裹
Medical Delivery: <Alias=TargetPlanetLocation>	医疗递送：<Alias=TargetPlanetLocation>
Survey Equipment: <Alias=TargetSystemLocation>	勘测设备：<Alias=TargetSystemLocation>
Defeat Test Subjects At <Alias=DungeonLocation>	击败位于<Alias=DungeonLocation>的测试对象
Deliver Terrain Mapper to <Alias=FinalLocation>	将地形测绘仪送至<Alias=FinalLocation>
Hauling: Terrain Mapper on <Alias=targetPlanet>	运输：<Alias=targetPlanet>上的地形测绘仪
Cataxi Infestation: <Alias=TargetPlanetLocation>	卡塔西虫侵扰：<Alias=TargetPlanetLocation>
Collect Goods Package at <Alias=DungeonLocation>	在<Alias=DungeonLocation>收集货物包裹
Collect the bounty at the <Alias=TargetLocation>	在<Alias=TargetLocation>领取赏金
Stolen Shipment: Antique on <Alias=targetPlanet>	失窃货物：<Alias=targetPlanet>上的古董
TerraBrew Delivery: <Alias=TargetPlanetLocation>	地球酿酒递送：<Alias=TargetPlanetLocation>
Collect Terrain Mapper at <Alias=DungeonLocation>	在<Alias=DungeonLocation>收集地形测绘仪
Deliver <Alias=Evidence> to New Atlantis Galbank 	将<Alias=Evidence>送至新亚特兰蒂斯城银河银行
Deliver Mail Consignment to <Alias=FinalLocation>	将邮件托运送至<Alias=FinalLocation>
Deliver Medical Shipment to <Alias=FinalLocation>	将医疗货物送至<Alias=FinalLocation>
Gastronomy Delivery: <Alias=TargetPlanetLocation>	美食递送：<Alias=TargetPlanetLocation>
Hauling: Mail Consignment on <Alias=targetPlanet>	运输：<Alias=targetPlanet>上的邮件托运
Hauling: Medical Shipment on <Alias=targetPlanet>	运输：<Alias=targetPlanet>上的医疗货物
Player left location - safe to clean up container	玩家已离开地点 - 可安全清理容器
Deliver <Alias=Evidence> to the Neon Mining League	将<Alias=Evidence>送至霓虹城矿业联盟
Predator Infestation: <Alias=TargetPlanetLocation>	掠食者侵扰：<Alias=TargetPlanetLocation>
Collect Mail Consignment at <Alias=DungeonLocation>	在<Alias=DungeonLocation>收集邮件托运
Collect Medical Shipment at <Alias=DungeonLocation>	在<Alias=DungeonLocation>收集医疗货物
Deliver <Alias=Evidence> to The Den Trade Authority	将<Alias=Evidence>送至巢穴站贸易管理局
Heetleech Infestation: <Alias=TargetSystemLocation>	热蛭侵扰：<Alias=TargetSystemLocation>
Hunt: Escaped test subjects on <Alias=targetPlanet>	狩猎：<Alias=targetPlanet>上逃脱的测试对象
Bounty: <Alias=BountyTarget> on <Alias=targetPlanet>	赏金：<Alias=targetPlanet>上的<Alias=BountyTarget>
Danger: <Alias=BountyTarget> on <Alias=targetPlanet>	危险：<Alias=targetPlanet>上的<Alias=BountyTarget>
Deliver 5 <Alias=ResourceName> to <Alias=PrimaryRef>	将5件<Alias=ResourceName>送至<Alias=PrimaryRef>
Strike: <Alias=BountyTarget> on <Alias=targetPlanet>	打击：<Alias=targetPlanet>上的<Alias=BountyTarget>
UC Recovery: Stolen UC Files on <Alias=targetPlanet>	联殖回收：<Alias=targetPlanet>上的失窃联殖文件
Deliver 15 <Alias=ResourceName> to <Alias=PrimaryRef>	将15件<Alias=ResourceName>送至<Alias=PrimaryRef>
Deliver 20 <Alias=ResourceName> to <Alias=PrimaryRef>	将20件<Alias=ResourceName>送至<Alias=PrimaryRef>
Deliver Cybersecurity Module to <Alias=FinalLocation>	将网络安全模块送至<Alias=FinalLocation>
Deliver Rare Metals Shipment to <Alias=FinalLocation>	将稀有金属货物送至<Alias=FinalLocation>
Deliver Stolen Mech Research to <Alias=FinalLocation>	将失窃机甲研究送至<Alias=FinalLocation>
Player arrives in target system - update quest target	玩家抵达目标星系 - 更新任务目标
Defeat <Alias=BountyTarget> At <Alias=DungeonLocation>	在<Alias=DungeonLocation>击败<Alias=BountyTarget>
Deliver Stolen Encryption Key to <Alias=FinalLocation>	将失窃加密密钥送至<Alias=FinalLocation>
Collect Cybersecurity Module at <Alias=DungeonLocation>	在<Alias=DungeonLocation>收集网络安全模块
Find <Alias=CorpseContainer> At <Alias=DungeonLocation>	在<Alias=DungeonLocation>找到<Alias=CorpseContainer>
Recover Rare Metals Shipment at <Alias=DungeonLocation>	在<Alias=DungeonLocation>找回稀有金属货物
Recover Stolen Mech Research at <Alias=DungeonLocation>	在<Alias=DungeonLocation>找回失窃机甲研究
Board <Alias=PrimaryRef> At <Alias=TargetPlanetLocation>	在<Alias=TargetPlanetLocation>登临<Alias=PrimaryRef>
Recover Stolen Encryption Key at <Alias=DungeonLocation>	在<Alias=DungeonLocation>找回失窃加密密钥
Defeat <Alias=PrimaryRef> At <Alias=TargetPlanetLocation>	在<Alias=TargetPlanetLocation>击败<Alias=PrimaryRef>
Deliver Critical Firmware Update to <Alias=FinalLocation>	将关键固件更新送至<Alias=FinalLocation>
Deliver Regolith Extraction Unit to <Alias=FinalLocation>	将风化层提取装置送至<Alias=FinalLocation>
Deliver Stolen Critical UC Files to <Alias=FinalLocation>	将失窃的关键联殖文件送至<Alias=FinalLocation>
Dismantle: Kill the Robot on <Alias=TargetPlanetLocation>	拆解：击杀<Alias=TargetPlanetLocation>上的机器人
Hauling: Regolith Extraction Unit on <Alias=targetPlanet>	运输：<Alias=targetPlanet>上的风化层提取装置
Recover the <Alias=Treasure> from <Alias=DungeonLocation>	从<Alias=DungeonLocation>找回<Alias=Treasure>
Stolen Shipment: <Alias=Treasure> on <Alias=targetPlanet>	失窃货物：<Alias=targetPlanet>上的<Alias=Treasure>
[The data slate contains information on a nearby mission]	[数据板含有附近任务的信息]
[The data slate contains information on a remote mission]	[数据板含有远程任务的信息]
Bounty: <Alias=PrimaryRef> at <Alias=TargetPlanetLocation>	赏金：<Alias=TargetPlanetLocation>的<Alias=PrimaryRef>
Danger: <Alias=PrimaryRef> at <Alias=TargetPlanetLocation>	危险：<Alias=TargetPlanetLocation>的<Alias=PrimaryRef>
Deliver Public Utility Blueprints to <Alias=FinalLocation>	将公共设施蓝图送至<Alias=FinalLocation>
Deploy <Alias=Evidence> at the Experiment Location in Neon	在霓虹城的实验地点部署<Alias=Evidence>
Destroy <Alias=PrimaryRef> At <Alias=TargetPlanetLocation>	摧毁位于<Alias=TargetPlanetLocation>的<Alias=PrimaryRef>
Hauling: Cybersecurity Module Unit on <Alias=targetPlanet>	运输：<Alias=targetPlanet>上的网络安全模块
Repair: <Alias=PrimaryRef> at <Alias=TargetSystemLocation>	维修：<Alias=TargetSystemLocation>的<Alias=PrimaryRef>
Survey: <Alias=PrimaryRef> at <Alias=TargetSystemLocation>	勘测：<Alias=TargetSystemLocation>的<Alias=PrimaryRef>
UC Recovery: Stolen Encryption Key on <Alias=targetPlanet>	联殖回收：<Alias=targetPlanet>上的失窃加密密钥
Collect Regolith Extraction Unit at <Alias=DungeonLocation>	在<Alias=DungeonLocation>收集风化层提取装置
Deliver <Alias=Evidence> to Reliant Medical in New Atlantis	将<Alias=Evidence>送至新亚特兰蒂斯城的信实医疗
Recover Critical Firmware Update at <Alias=DungeonLocation>	在<Alias=DungeonLocation>找回关键固件更新
Recover Stolen Critical UC Files at <Alias=DungeonLocation>	在<Alias=DungeonLocation>找回失窃的关键联殖文件
Boarding: <Alias=PrimaryRef> at <Alias=TargetPlanetLocation>	登船：<Alias=TargetPlanetLocation>的<Alias=PrimaryRef>
Bounty: Kill the Spacer Gang on <Alias=TargetPlanetLocation>	赏金：击杀<Alias=TargetPlanetLocation>上的太空劫匪团伙
Cargo Recovery: Rare Metals Shipment on <Alias=targetPlanet>	货运回收：<Alias=targetPlanet>上的稀有金属货物
Deliver Stolen Xenowarfare Research to <Alias=FinalLocation>	将失窃异兽作战研究送至<Alias=FinalLocation>
Hijacked: <Alias=PrimaryRef> at <Alias=TargetPlanetLocation>	遭劫持：<Alias=TargetPlanetLocation>的<Alias=PrimaryRef>
Recover Public Utility Blueprints at <Alias=DungeonLocation>	在<Alias=DungeonLocation>找回公共设施蓝图
Recovery: <Alias=PrimaryRef> at <Alias=TargetPlanetLocation>	回收：<Alias=TargetPlanetLocation>的<Alias=PrimaryRef>
Rustborn: <Alias=PrimaryRef> at <Alias=TargetPlanetLocation>	锈生：<Alias=TargetPlanetLocation>的<Alias=PrimaryRef>
Dark Site: <Alias=PrimaryRef> at <Alias=TargetPlanetLocation>	暗点：<Alias=TargetPlanetLocation>的<Alias=PrimaryRef>
Dark Site: <Alias=PrimaryRef> at <Alias=TargetPlanetLocation> 	暗点：<Alias=TargetPlanetLocation>的<Alias=PrimaryRef>
Data recovery: <Alias=ActivatorTarget> on <Alias=targetPlanet>	数据回收：<Alias=targetPlanet>上的<Alias=ActivatorTarget>
Recover Stolen Xenowarfare Research at <Alias=DungeonLocation>	在<Alias=DungeonLocation>找回失窃异兽作战研究
Deliver Terraforming Procedure Manuals to <Alias=FinalLocation>	将地球化改造程序手册送至<Alias=FinalLocation>
Missing Person: <Alias=CorpseContainer> on <Alias=targetPlanet>	失踪人口：<Alias=targetPlanet>上的<Alias=CorpseContainer>
UC Navy SOS: <Alias=PrimaryRef> at <Alias=TargetPlanetLocation>	联殖海军求救：<Alias=TargetPlanetLocation>的<Alias=PrimaryRef>
Bounty: Kill the Ecliptic Legion on <Alias=TargetPlanetLocation>	赏金：击杀<Alias=TargetPlanetLocation>上的黄道佣兵团军团
Cargo Recovery: Critical Firmware Update on <Alias=targetPlanet>	货运回收：<Alias=targetPlanet>上的关键固件更新
Data Collection: <Alias=ActivatorTarget> on <Alias=targetPlanet>	数据收集：<Alias=targetPlanet>上的<Alias=ActivatorTarget>
Freestar SOS: <Alias=PrimaryRef> at <Alias=TargetPlanetLocation>	星联求救：<Alias=TargetPlanetLocation>的<Alias=PrimaryRef>
Syndicate Recovery: Stolen Mech Research on <Alias=targetPlanet>	辛迪加回收：<Alias=targetPlanet>上的失窃机甲研究
UC Recovery: Stolen Xenowarfare Research on <Alias=targetPlanet>	联殖回收：<Alias=targetPlanet>上的失窃异兽作战研究
Cargo Recovery: Public Utility Blueprints on <Alias=targetPlanet>	货运回收：<Alias=targetPlanet>上的公共设施蓝图
Recover Terraforming Procedure Manuals at <Alias=DungeonLocation>	在<Alias=DungeonLocation>找回地球化改造程序手册
Collect data from <Alias=ActivatorTarget> At <Alias=DungeonLocation>	从<Alias=DungeonLocation>的<Alias=ActivatorTarget>收集数据
Boarding: Derelict <Alias=PrimaryRef> at <Alias=TargetPlanetLocation>	登船：<Alias=TargetPlanetLocation>的废弃<Alias=PrimaryRef>
Bounty: Kill the Crimson Fleet Brigade on <Alias=TargetPlanetLocation>	赏金：击杀<Alias=TargetPlanetLocation>上的深红舰队旅团
Cargo Recovery: Terraforming Procedure Manuals on <Alias=targetPlanet>	货运回收：<Alias=targetPlanet>上的地球化改造程序手册
Delivery Box at <Alias=TargetLocation> on <Alias=TargetPlanetLocation>	<Alias=TargetPlanetLocation>上<Alias=TargetLocation>的递送箱
Destroy Nest at <Alias=TargetLocation> on <Alias=TargetPlanetLocation>	摧毁<Alias=TargetPlanetLocation>上<Alias=TargetLocation>的巢穴
Destroy Stash at <Alias=TargetLocation> on <Alias=TargetPlanetLocation>	摧毁<Alias=TargetPlanetLocation>上<Alias=TargetLocation>的藏匿点
Recover the Antique from <Alias=DungeonLocation> on <Alias=TargetPlanet>	从<Alias=TargetPlanet>的<Alias=DungeonLocation>找回古董
Dark Universe: Overtime bounties now available from all bounty terminals.	暗宇宙：加班——所有赏金终端现已提供悬赏。
Destroy Predators at <Alias=TargetLocation> on <Alias=TargetPlanetLocation>	消灭<Alias=TargetPlanetLocation>上<Alias=TargetLocation>的掠食者
Destroy Heatleech Nest at <Alias=TargetLocation> on <Alias=TargetPlanetLocation>	摧毁<Alias=TargetPlanetLocation>上<Alias=TargetLocation>的热蛭巢穴
Pickup <Alias=Evidence> at <Alias=TargetLocation> on <Alias=TargetPlanetLocation>	在<Alias=TargetPlanetLocation>的<Alias=TargetLocation>拾取<Alias=Evidence>
Recover <Alias=Evidence> at <Alias=TargetLocation> on <Alias=TargetPlanetLocation>	在<Alias=TargetPlanetLocation>的<Alias=TargetLocation>找回<Alias=Evidence>
Transfer <Alias=Evidence> at <Alias=TargetLocation> on <Alias=TargetPlanetLocation>	在<Alias=TargetPlanetLocation>的<Alias=TargetLocation>移交<Alias=Evidence>
Deliver 3 <Alias=Evidence> to <Alias=TargetLocation> on <Alias=TargetPlanetLocation>	将3件<Alias=Evidence>送至<Alias=TargetPlanetLocation>的<Alias=TargetLocation>
Deliver 4 <Alias=Evidence> to <Alias=TargetLocation> on <Alias=TargetPlanetLocation>	将4件<Alias=Evidence>送至<Alias=TargetPlanetLocation>的<Alias=TargetLocation>
Deliver 5 <Alias=Evidence> to <Alias=TargetLocation> on <Alias=TargetPlanetLocation>	将5件<Alias=Evidence>送至<Alias=TargetPlanetLocation>的<Alias=TargetLocation>
Deliver 8 <Alias=Evidence> to <Alias=TargetLocation> on <Alias=TargetPlanetLocation>	将8件<Alias=Evidence>送至<Alias=TargetPlanetLocation>的<Alias=TargetLocation>
Sabotage Ecliptic Scanners at <Alias=TargetLocation> on <Alias=TargetPlanetLocation>	破坏<Alias=TargetPlanetLocation>上<Alias=TargetLocation>的黄道佣兵团扫描仪
Wipe Out Ecliptic Scanners at <Alias=TargetLocation> on <Alias=TargetPlanetLocation>	清除<Alias=TargetPlanetLocation>上<Alias=TargetLocation>的黄道佣兵团扫描仪
Burn the Heretical Writings at <Alias=TargetLocation> on <Alias=TargetPlanetLocation>	烧毁<Alias=TargetPlanetLocation>上<Alias=TargetLocation>的异教著作
Wipe Out Crimson Fleet Stockpile at <Alias=TargetLocation> on <Alias=TargetPlanetLocation>	清除<Alias=TargetPlanetLocation>上<Alias=TargetLocation>的深红舰队储备
Take Out Crimson Fleets Cave Stockpile at <Alias=TargetLocation> on <Alias=TargetPlanetLocation>	摧毁<Alias=TargetPlanetLocation>上<Alias=TargetLocation>的深红舰队洞穴储备
A new task awaits in <Alias=TargetSystemLocation>. Locate the <Alias=PrimaryRef> and overhaul it.	<Alias=TargetSystemLocation>有一项新任务等待处理。找到<Alias=PrimaryRef>并对其进行大修。
A repair job is posted in <Alias=TargetSystemLocation>. Locate the <Alias=PrimaryRef> and fix it.	<Alias=TargetSystemLocation>发布了一项维修工作。找到<Alias=PrimaryRef>并修复它。
I've discovered a data slate containing information on a a bounty landing on <Alias=TargetPlanet>.	我发现了一块数据板，上面记载着关于<Alias=TargetPlanet>上一处赏金目标的信息。
Deliver 4 <Alias=Evidence> to <Alias=TargetLocation> on <Alias=TargetPlanetLocation>. Chunks to go.	将4件<Alias=Evidence>送至<Alias=TargetPlanetLocation>的<Alias=TargetLocation>。块餐外送。
Deliver 5 <Alias=Evidence> to <Alias=TargetLocation> on <Alias=TargetPlanetLocation>. Chunks to go.	将5件<Alias=Evidence>送至<Alias=TargetPlanetLocation>的<Alias=TargetLocation>。块餐外送。
A brutal Spacer crew roams the sector with a C-class <Alias=PrimaryRef>. Destroy it for a hefty reward.	一支凶残的太空劫匪团伙驾驶C级<Alias=PrimaryRef>在该星区游荡。将其摧毁可获丰厚报酬。
A hidden facility orbits the planet, producing illicit substances. Destroy it to disrupt the drug trade.	一处隐蔽设施在行星轨道上生产违禁药物。摧毁它以破坏毒品交易。
A repair request has come in from <Alias=TargetSystemLocation>. Find and restore the <Alias=PrimaryRef>.	<Alias=TargetSystemLocation>传来一份维修请求。找到并修复<Alias=PrimaryRef>。
The <Alias=TargetSystemLocation> system needs repairs. Track down the <Alias=PrimaryRef> and service it.	<Alias=TargetSystemLocation>星系需要维修。找到<Alias=PrimaryRef>并对其进行维护。
A specialized device designed to gather and process loose surface materials from planetary or lunar terrains. 	一种专门用于采集和处理行星或卫星地表松散物质的设备。
Mining corporations have an interest in this asteroid. Verify its resource potential by conducting a thorough scan.	矿业公司对这颗小行星很感兴趣。通过彻底扫描来确认其资源潜力。
Critical systems await maintenance. Manufacture the necessary parts and expedite shipment to <Alias=TargetLocation>.	关键系统亟待维护。制造所需部件并尽快运送至<Alias=TargetLocation>。
A B-class <Alias=PrimaryRef> has terrorized the sector. Track it down and destroy it to collect a substantial reward.	一艘B级<Alias=PrimaryRef>在该星区肆虐。找到并摧毁它即可获得丰厚报酬。
<Alias=TargetLocation> on <Alias=TargetPlanetLocation> is running low on crucial supplies. Deliver 3 <Alias=Evidence>.	<Alias=TargetPlanetLocation>的<Alias=TargetLocation>关键物资告急。递送3件<Alias=Evidence>。
A hijacked surveillance facility orbits the planet under stealth. Destroy this dark site to end its covert operations.	一处被劫持的监视设施正隐身在行星轨道上。摧毁这个暗点以终止其秘密行动。
I've collected the log from <Alias=CorpseContainer>, I need report it to <Alias=FinalLocation> on <Alias=TargetPlanet>	我已从<Alias=CorpseContainer>处取得日志，需要将其上报给<Alias=TargetPlanet>上的<Alias=FinalLocation>
A heavily armed <Alias=PrimaryRef> has sparked a heretical uprising. Destroy it for a lucrative reward and restore peace.	一艘重装武装的<Alias=PrimaryRef>煽动了一场异教叛乱。摧毁它以获取丰厚报酬并恢复和平。
A B-class <Alias=PrimaryRef>, branded heretical, poses a grave threat. Destroy it for a hefty reward and restore stability.	一艘被认定为异端的B级<Alias=PrimaryRef>构成严重威胁。摧毁它以获取丰厚报酬并恢复稳定。
A deadly C-class <Alias=PrimaryRef> roams the star lanes. Disable it to earn a lucrative reward and safeguard local routes.	一艘致命的C级<Alias=PrimaryRef>在星际航道上游弋。瘫痪它以换取丰厚报酬并保障当地航线安全。
A Regolith Extraction Unit is needed at <Alias=FinalLocation>. Retrieve it from <Alias=DungeonLocation> and deliver to them.	<Alias=FinalLocation>需要一台风化层提取装置。从<Alias=DungeonLocation>取回并交付给他们。
An advanced antenna system made up of numerous individual radiating elements whose signals can be electronically controlled.	一种先进的天线系统，由众多独立辐射单元构成，其信号可通过电子方式控制。
A Cybersecurity Module Unit is needed at <Alias=FinalLocation>. Retrieve it from <Alias=DungeonLocation> and deliver to them.	<Alias=FinalLocation>需要一台网络安全模块。从<Alias=DungeonLocation>取回并交付给他们。
This disk holds important communications. Ensure it arrives intact at <Alias=TargetLocation> on <Alias=TargetPlanetLocation>.	这张磁盘存有重要通讯内容。确保它完好送达<Alias=TargetPlanetLocation>的<Alias=TargetLocation>。
A UC Navy distress call shows they are in combat with a <Alias=PrimaryRef> and it's allies. Join the battle to aid the UC Navy	联殖海军发来求救信号，他们正与一艘<Alias=PrimaryRef>及其盟友交战。加入战斗以支援联殖海军
Deliver 8 <Alias=Evidence> to <Alias=TargetLocation> on <Alias=TargetPlanetLocation>. You can purchase or cook these yourself.	将8件<Alias=Evidence>送至<Alias=TargetPlanetLocation>的<Alias=TargetLocation>。你可以自行购买或烹饪这些物品。
A new set of tools is needed for repairs at <Alias=TargetLocation> on <Alias=TargetPlanetLocation>. Deliver them without delay.	<Alias=TargetPlanetLocation>的<Alias=TargetLocation>维修需要一套新工具。请立即送达。
A violent Spacer crew terrorizes the sector from their B-class <Alias=PrimaryRef>. Neutralize them to collect a generous reward.	一支凶暴的太空劫匪团伙以B级<Alias=PrimaryRef>为据点在该星区制造恐慌。消灭他们即可获得丰厚报酬。
A covert fueling station orbits the planet, aiding pirate fleets. Disable it to deprive them of resources and curb their attacks.	一座隐蔽的加注站正在行星轨道上为海盗舰队提供补给。瘫痪它以切断其资源并遏制其袭击。
A notorious B-class <Alias=PrimaryRef> is causing chaos. Track it down, neutralize it, and collect the reward for restoring peace.	一艘臭名昭著的B级<Alias=PrimaryRef>正在制造混乱。找到并消灭它，领取恢复和平的报酬。
A request came from <Alias=TargetSystemLocation>. Secure 20 <Alias=ResourceName> for <Alias=PrimaryRef> to bolster their supplies.	<Alias=TargetSystemLocation>传来一份请求。为<Alias=PrimaryRef>筹备20件<Alias=ResourceName>以补充其物资。
The <Alias=PrimaryRef> is harboring dangerous forces in <Alias=TargetSystemLocation>. Destroy the station to end their operations.	<Alias=PrimaryRef>在<Alias=TargetSystemLocation>窝藏危险势力。摧毁该站点以终止其行动。
A violent C-class <Alias=PrimaryRef> is devastating trade routes. Destroy it to earn a substantial reward and restore safe passage.	一艘凶暴的C级<Alias=PrimaryRef>正在破坏贸易航线。摧毁它以获取丰厚报酬并恢复航道安全。
A Freestar Collective distress call shows they are in combat with a <Alias=PrimaryRef> and it's allies. Join the battle to aid them.	自由星系联盟发来求救信号，他们正与一艘<Alias=PrimaryRef>及其盟友交战。加入战斗以支援他们。
I've recovered the Stolen files from <Alias=DungeonLocation>, now I need to take it to <Alias=FinalLocation> on <Alias=TargetPlanet>	我已从<Alias=DungeonLocation>取回失窃文件，现在需要将其送到<Alias=TargetPlanet>上的<Alias=FinalLocation>
I've collected the Goods Package from <Alias=DungeonLocation>, now I need to take it to <Alias=FinalLocation> on <Alias=TargetPlanet>	我已从<Alias=DungeonLocation>取得货物包裹，现在需要将其送到<Alias=TargetPlanet>上的<Alias=FinalLocation>
A <Alias=PrimaryRef> has been discovered in <Alias=TargetSystemLocation>. Destroy it before it collides with important infrastructure.	在<Alias=TargetSystemLocation>发现一艘<Alias=PrimaryRef>。在它撞上重要设施之前将其摧毁。
A Rare Metals Shipment has been stolen on route to <Alias=FinalLocation>. Recover it from <Alias=DungeonLocation> and deliver to them.	一批运往<Alias=FinalLocation>的稀有金属货物途中遭窃。从<Alias=DungeonLocation>取回并交付给他们。
I've collected the Terrain Mapper from <Alias=DungeonLocation>, now I need to take it to <Alias=FinalLocation> on <Alias=TargetPlanet>	我已从<Alias=DungeonLocation>取得地形测绘仪，现在需要将其送到<Alias=TargetPlanet>上的<Alias=FinalLocation>
The <Alias=TargetSystemLocation> system requests help. Bring 15 <Alias=ResourceName> to <Alias=PrimaryRef> to maintain vital services.	<Alias=TargetSystemLocation>星系请求支援。向<Alias=PrimaryRef>运送15件<Alias=ResourceName>以维持重要服务。
A hidden stronghold circles the planet, serving as a rendezvous point for mercenaries. Attack and dismantle it to halt their offensive.	一座隐蔽据点环绕行星运行，充当雇佣兵的交汇点。进攻并拆毁它以阻止其攻势。
I've collected the Mail Consignment from <Alias=DungeonLocation>, now I need to take it to <Alias=FinalLocation> on <Alias=TargetPlanet>	我已从<Alias=DungeonLocation>取得邮件托运物，现在需要将其送到<Alias=TargetPlanet>上的<Alias=FinalLocation>
I've collected the Medical Shipment from <Alias=DungeonLocation>, now I need to take it to <Alias=FinalLocation> on <Alias=TargetPlanet>	我已从<Alias=DungeonLocation>取得医疗货物，现在需要将其送到<Alias=TargetPlanet>上的<Alias=FinalLocation>
Reports indicate the <Alias=PrimaryRef> is disrupting trade routes in <Alias=TargetSystemLocation>. Dismantle it to restore safe passage.	报告显示<Alias=PrimaryRef>正在扰乱<Alias=TargetSystemLocation>的贸易航线。拆毁它以恢复航道安全。
The <Alias=PrimaryRef> has been hijacked by rogue factions in <Alias=TargetSystemLocation>. Bring it down before they can expand further.	<Alias=PrimaryRef>在<Alias=TargetSystemLocation>被叛变势力劫持。在他们进一步扩张之前将其击落。
<Alias=Evidence> has been taken during transit. Travel to <Alias=TargetPlanetLocation> and reclaim it before it falls into the wrong hands.	一件<Alias=Evidence>在运输途中被夺走。前往<Alias=TargetPlanetLocation>，在它落入歹人之手前夺回。
<Alias=PrimaryRef> is installing new tech in <Alias=TargetSystemLocation>. They need 5 hard-to-find <Alias=ResourceName> to finish the job.	<Alias=PrimaryRef>正在<Alias=TargetSystemLocation>安装新技术。他们需要5件难以寻获的<Alias=ResourceName>来完成这项工作。
I've collected the Cybersecurity Module from <Alias=DungeonLocation>, now I need to take it to <Alias=FinalLocation> on <Alias=TargetPlanet>	我已从<Alias=DungeonLocation>取得网络安全模块，现在需要将其送到<Alias=TargetPlanet>上的<Alias=FinalLocation>
I've recovered the Rare Metals Shipment from <Alias=DungeonLocation>, now I need to take it to <Alias=FinalLocation> on <Alias=TargetPlanet>	我已从<Alias=DungeonLocation>取回稀有金属货物，现在需要将其送到<Alias=TargetPlanet>上的<Alias=FinalLocation>
I've recovered the Stolen Mech Research from <Alias=DungeonLocation>, now I need to take it to <Alias=FinalLocation> on <Alias=TargetPlanet>	我已从<Alias=DungeonLocation>取回失窃机甲研究，现在需要将其送到<Alias=TargetPlanet>上的<Alias=FinalLocation>
Recent breaches have put <Alias=TargetLocation> at risk. Construct a robust security system and ship it promptly for immediate installation.	近期发生的入侵事件使<Alias=TargetLocation>陷入险境。建造一套坚固的安全系统并尽快运送以便立即安装。
I've recovered the Stolen Encryption Key from <Alias=DungeonLocation>, now I need to take it to <Alias=FinalLocation> on <Alias=TargetPlanet>	我已从<Alias=DungeonLocation>取回失窃加密密钥，现在需要将其送到<Alias=TargetPlanet>上的<Alias=FinalLocation>
<Alias=PrimaryRef> in <Alias=TargetSystemLocation> is upgrading vital systems. Deliver 5 rare <Alias=ResourceName> to finalize their retrofit.	<Alias=TargetSystemLocation>的<Alias=PrimaryRef>正在升级关键系统。递送5件稀有<Alias=ResourceName>以完成其改装。
An <Alias=Evidence> has been taken during transit. Travel to <Alias=TargetPlanetLocation> and reclaim it before it falls into the wrong hands.	一件<Alias=Evidence>在运输途中被夺走。前往<Alias=TargetPlanetLocation>，在它落入歹人之手前夺回。
Anya Griffon has requested collection of a <Alias=Evidence> from <Alias=TargetPlanetLocation>. Apparently it could revolutionise rifling design.	安雅·格里芬请求从<Alias=TargetPlanetLocation>收集一件<Alias=Evidence>。据说它能彻底革新膛线设计。
I've collected the Regolith Extraction Unit from <Alias=DungeonLocation>, now I need to take it to <Alias=FinalLocation> on <Alias=TargetPlanet>	我已从<Alias=DungeonLocation>取得风化层提取装置，现在需要将其送到<Alias=TargetPlanet>上的<Alias=FinalLocation>
I've recovered the Critical Firmware Update from <Alias=DungeonLocation>, now I need to take it to <Alias=FinalLocation> on <Alias=TargetPlanet>	我已从<Alias=DungeonLocation>取回关键固件更新，现在需要将其送到<Alias=TargetPlanet>上的<Alias=FinalLocation>
A contract is open in <Alias=TargetSystemLocation>. Locate <Alias=PrimaryRef> and deliver 15 <Alias=ResourceName> they need for essential upkeep.	<Alias=TargetSystemLocation>有一份合约开放。找到<Alias=PrimaryRef>并交付其日常维护所需的15件<Alias=ResourceName>。
I've recovered the Public Utility Blueprints from <Alias=DungeonLocation>, now I need to take it to <Alias=FinalLocation> on <Alias=TargetPlanet>	我已从<Alias=DungeonLocation>取回公共设施蓝图，现在需要将其送到<Alias=TargetPlanet>上的<Alias=FinalLocation>
A supply order is active in <Alias=TargetSystemLocation>. Find <Alias=PrimaryRef> and provide 15 <Alias=ResourceName> to support their operations.	<Alias=TargetSystemLocation>有一份补给订单生效中。找到<Alias=PrimaryRef>并提供15件<Alias=ResourceName>以支持其行动。
A supply order is active in <Alias=TargetSystemLocation>. Find <Alias=PrimaryRef> and provide 20 <Alias=ResourceName> to support their operations.	<Alias=TargetSystemLocation>有一份补给订单生效中。找到<Alias=PrimaryRef>并提供20件<Alias=ResourceName>以支持其行动。
A Plasma Wave Inducer is a device designed to generate and control plasma waves, which are oscillations in the density and temperature of a plasma.	等离子波诱导器是一种用于产生和控制等离子波的装置，等离子波即等离子体密度与温度的振荡。
Arc-Might has a shipment of letters that need transported to <Alias=TargetLocation> on <Alias=TargetPlanetLocation>. Complete the delivery swiftly.	电弧之力公司有一批信件需要运送到<Alias=TargetPlanetLocation>的<Alias=TargetLocation>。请迅速完成递送。
Dangerous wildlife has claimed <Alias=TargetLocation>, disrupting operations on <Alias=TargetPlanetLocation>. Exterminate them to reclaim the area.	危险野生动物占据了<Alias=TargetLocation>，扰乱了<Alias=TargetPlanetLocation>的运作。消灭它们以夺回该区域。
I've recovered the Stolen Xenowarfare Research from <Alias=DungeonLocation>, now I need to take it to <Alias=FinalLocation> on <Alias=TargetPlanet>	我已从<Alias=DungeonLocation>取回失窃异兽作战研究，现在需要将其送到<Alias=TargetPlanet>上的<Alias=FinalLocation>
Healthcare teams at <Alias=TargetLocation> on <Alias=TargetPlanetLocation> are awaiting these crucial supplies. Complete the delivery without delay.	<Alias=TargetPlanetLocation>上<Alias=TargetLocation>的医疗团队正等待这批关键物资。请立即完成递送。
A Rustborn clan has taken a new <Alias=PrimaryRef> to add to thier armada. Track it down, either seize it intact or eliminate it, and end this threat.	一个锈生氏族夺取了一艘新的<Alias=PrimaryRef>以扩充其舰队。找到它，或完整夺取，或将其摧毁，终结这一威胁。
An invasive species is nesting in <Alias=TargetLocation>, forcing evacuations across <Alias=TargetPlanetLocation>. Remove the threat to restore order.	一种入侵物种正在<Alias=TargetLocation>筑巢，迫使<Alias=TargetPlanetLocation>各地疏散。清除威胁以恢复秩序。
I've recovered the Terraforming Procedure Manuals from <Alias=DungeonLocation>, now I need to take it to <Alias=FinalLocation> on <Alias=TargetPlanet>	我已从<Alias=DungeonLocation>取回地球化改造程序手册，现在需要将其送到<Alias=TargetPlanet>上的<Alias=FinalLocation>
The Seismographic Scanners readings will provide detailed topographic data, vital for safe navigation and resource planning at <Alias=TargetLocation>.	地震记录扫描仪的读数将提供详尽的地形数据，这对<Alias=TargetLocation>的安全导航与资源规划至关重要。
<Alias=PrimaryRef> has begun a high-level enhancement in <Alias=TargetSystemLocation>. Track down 5 specialized <Alias=ResourceName> to ensure success.	<Alias=PrimaryRef>已在<Alias=TargetSystemLocation>启动一项高级强化。找到5件特制<Alias=ResourceName>以确保成功。
A <Alias=PrimaryRef> has been discovered in <Alias=TargetSystemLocation>. Destroy it before anyone breaks the quarantine and the biohazards can spread.	在<Alias=TargetSystemLocation>发现一艘<Alias=PrimaryRef>。在有人打破隔离、生物危害扩散之前将其摧毁。
Deliver 4 <Alias=Evidence> to <Alias=TargetLocation> on <Alias=TargetPlanetLocation>. Delivering hot fresh coffee across the settled systems and beyond. 	将4件<Alias=Evidence>送至<Alias=TargetPlanetLocation>的<Alias=TargetLocation>。把热气腾腾的新鲜咖啡送达定居星系内外。
Deliver 5 <Alias=Evidence> to <Alias=TargetLocation> on <Alias=TargetPlanetLocation>. Delivering hot fresh coffee across the settled systems and beyond. 	将5件<Alias=Evidence>送至<Alias=TargetPlanetLocation>的<Alias=TargetLocation>。把热气腾腾的新鲜咖啡送达定居星系内外。
A powerful phased-array system is vital for interplanetary comms. Build the device to specification and deliver it to <Alias=TargetLocation> without delay.	一套强大的相控阵系统对行星际通讯至关重要。按规格建造该装置并立即送至<Alias=TargetLocation>。
A shipment of dangerous alien have escaped from a science facility. Track them down at <Alias=DungeonLocation> on <Alias=TargetPlanet> and neutralize them.	一批危险的外星生物从科研设施逃逸。前往<Alias=TargetPlanet>的<Alias=DungeonLocation>找到并消灭它们。
Researchers need precise core data from <Alias=TargetLocation> to understand ancient volcanic layers. Install the device to gather essential rock profiles.	研究人员需要<Alias=TargetLocation>的精确岩芯数据以了解远古火山岩层。安装该装置以采集关键岩石剖面。
Hostile creatures have overrun <Alias=TargetLocation>, threatening nearby settlements on <Alias=TargetPlanetLocation>. Destroy their nest to halt the spread.	敌对生物已占据<Alias=TargetLocation>，威胁<Alias=TargetPlanetLocation>附近的定居点。摧毁它们的巢穴以阻止扩散。
Security alerts warn that the <Alias=PrimaryRef> in <Alias=TargetSystemLocation> is heavily armed. Your mission is to eliminate it and neutralize the threat.	安全警报指出<Alias=TargetSystemLocation>的<Alias=PrimaryRef>重装武装。你的任务是消灭它并解除威胁。
UC files have been stolen and taken to <Alias=DungeonLocation>. A Strike team has gone dark. Retrieve the Stolen Files and return it to <Alias=FinalLocation>.	联殖文件失窃并被带至<Alias=DungeonLocation>。一支突击队已失联。取回失窃文件并交还<Alias=FinalLocation>。
I've discovered a data slate containing information on a nearby bounty target. The coordinates suggest it is at <Alias=DungeonLocation> on <Alias=TargetPlanet>	我发现了一块数据板，上面记载着附近一处赏金目标的信息。坐标显示它位于<Alias=TargetPlanet>的<Alias=DungeonLocation>
Intelligence reveals that the <Alias=PrimaryRef> has become a hostile stronghold in <Alias=TargetSystemLocation>. Shut it down before it launches another attack.	情报显示<Alias=PrimaryRef>已成为<Alias=TargetSystemLocation>中的敌对据点。在它发动下一次攻击前将其关闭。
LIST has requested a package be delivered to one of its members. Get the package to <Alias=PrimaryRef> in <Alias=TargetLocation> on <Alias=TargetPlanetLocation>.	独立盟请求将一个包裹送交其成员。将包裹送至<Alias=TargetPlanetLocation>上<Alias=TargetLocation>的<Alias=PrimaryRef>。
I've discovered a data slate containing information on a nearby Cataxi infection. The coordinates suggest it is at <Alias=DungeonLocation> on <Alias=TargetPlanet>	我发现了一块数据板，上面记载着附近一处卡塔西虫感染的信息。坐标显示它位于<Alias=TargetPlanet>的<Alias=DungeonLocation>
A Critical Firmware Update needed at <Alias=FinalLocation> has been stolen. Recover it from <Alias=DungeonLocation> and return it so the upgrades can be performed.	<Alias=FinalLocation>所需的关键固件更新遭窃。从<Alias=DungeonLocation>取回并交还，以便进行升级。
<Alias=FinalLocation> needs Public Utility Blueprints. Some have been located at <Alias=DungeonLocation>. Aquire them and return them so that research can continue.	<Alias=FinalLocation>需要公共设施蓝图。部分已在<Alias=DungeonLocation>找到。取得并交还，以便研究继续。
A group of scientists are doing a study on the water Quality around Neon. Pickup the Water Probe from <Alias=TargetPlanetLocation> and deploy it at the base of Neon	一群科学家正在研究霓虹城周边水质。从<Alias=TargetPlanetLocation>取得水质探测器，并将其部署在霓虹城底部
I've discovered a data slate containing information on a nearby Predator infection. The coordinates suggest it is at <Alias=DungeonLocation> on <Alias=TargetPlanet>	我发现了一块数据板，上面记载着附近一处掠食者感染的信息。坐标显示它位于<Alias=TargetPlanet>的<Alias=DungeonLocation>
I've discovered a data slate containing information on a robot that has gone rogue. The coordinates suggest it is at <Alias=DungeonLocation> on <Alias=TargetPlanet>	我发现了一块数据板，上面记载着一台失控机器人的信息。坐标显示它位于<Alias=TargetPlanet>的<Alias=DungeonLocation>
Scientists suspect hidden caverns beneath <Alias=TargetLocation>. Placing the Terrain Mapper will confirm the presence of subterranean structures and water deposits.	科学家怀疑<Alias=TargetLocation>下方存在隐秘洞穴。放置地形测绘仪可确认地下结构与水沉积的存在。
Heatleeches have burrowed into power conduits in <Alias=TargetLocation>, causing blackouts across <Alias=TargetPlanetLocation>. Destroy the nest to restore stability.	热蛭钻入<Alias=TargetLocation>的电力管道，导致<Alias=TargetPlanetLocation>大面积停电。摧毁巢穴以恢复稳定。
I've discovered a data slate containing information on a nearby Terrormorph sighting. The coordinates suggest it is at <Alias=DungeonLocation> on <Alias=TargetPlanet>	我发现了一块数据板，上面记载着附近一处惊惧兽出没的信息。坐标显示它位于<Alias=TargetPlanet>的<Alias=DungeonLocation>
A concealed <Alias=TargetLocation> serves as a key stockpile for the Crimson Fleet. Eliminate this cache to stop further illegal trade on <Alias=TargetPlanetLocation>.	一处隐蔽的<Alias=TargetLocation>是深红舰队的重要储备点。清除该藏匿处以阻止<Alias=TargetPlanetLocation>上的进一步非法交易。
Position this device to capture high-resolution scans of <Alias=TargetLocation>, revealing hidden fault lines and structural anomalies on <Alias=TargetPlanetLocation>.	架设此装置以高分辨率扫描<Alias=TargetLocation>，揭示<Alias=TargetPlanetLocation>上隐藏的断层线与结构异常。
<Alias=FinalLocation> needs Terraforming Procedure Manuals. Some have been located at <Alias=DungeonLocation>. Aquire them and return them so that research can continue.	<Alias=FinalLocation>需要地球化改造程序手册。部分已在<Alias=DungeonLocation>找到。取得并交还，以便研究继续。
Heatleeches have crippled vital machinery in <Alias=TargetLocation>, halting production across <Alias=TargetPlanetLocation>. Wipe out the infestation to resume operations.	热蛭破坏了<Alias=TargetLocation>的重要机械，导致<Alias=TargetPlanetLocation>生产停滞。清除侵扰以恢复运作。
I've discovered a data slate containing the location of a stolen shipment containing Armor. The coordinates suggest it is at <Alias=DungeonLocation> on <Alias=TargetPlanet>	我发现了一块数据板，上面记载着一批失窃装甲货物的位置。坐标显示它位于<Alias=TargetPlanet>的<Alias=DungeonLocation>
A <Alias=PrimaryRef> is retrofitting new hardware. They require 20 <Alias=ResourceName> to complete the upgrade. They are located in the <Alias=TargetSystemLocation> system.	一艘<Alias=PrimaryRef>正在改装新硬件。他们需要20件<Alias=ResourceName>来完成升级，位于<Alias=TargetSystemLocation>星系。
A swarm of predators has established a lair in <Alias=TargetLocation>, damaging critical systems on <Alias=TargetPlanetLocation>. Eliminate them before they cause more harm.	一群掠食者在<Alias=TargetLocation>筑巢，破坏了<Alias=TargetPlanetLocation>的关键系统。在它们造成更多损害前将其消灭。
Frequent tremors on <Alias=TargetPlanetLocation> demand better monitoring. Assemble this spectroscope and deliver it to <Alias=TargetLocation> for critical seismic analysis.	<Alias=TargetPlanetLocation>频繁的地震需要更完善的监测。组装此光谱仪并送至<Alias=TargetLocation>进行关键的地震分析。
The tactical systems at <Alias=TargetLocation> require precise alignment. Craft the board carefully and deliver it for immediate integration on <Alias=TargetPlanetLocation>.	<Alias=TargetLocation>的战术系统需要精确校准。精心制作该板并送达，以便立即在<Alias=TargetPlanetLocation>上集成。
A group of scientists are doing a study on the air quality around Neon. Pickup the Air Probe from <Alias=TargetPlanetLocation> and deploy it at the experiment location in Neon	一群科学家正在研究霓虹城周边空气质量。从<Alias=TargetPlanetLocation>取得空气探测器，并在霓虹城的实验地点部署
I've discovered a data slate containing the location of a stolen shipment containing a Weapon. The coordinates suggest it is at <Alias=DungeonLocation> on <Alias=TargetPlanet>	我发现了一块数据板，上面记载着一批失窃武器货物的位置。坐标显示它位于<Alias=TargetPlanet>的<Alias=DungeonLocation>
Technicians at <Alias=TargetLocation> require a robust device to harvest top-layer materials on <Alias=TargetPlanetLocation>. Construct the unit and ensure a secure transport.	<Alias=TargetLocation>的技术人员需要一台坚固的装置来采集<Alias=TargetPlanetLocation>的表层物质。建造该装置并确保安全运输。
Crimson Fleet pirates are assaulting <Alias=DungeonLocation> on <Alias=TargetPlanet>, endangering vital data and personnel. Move in, repel the invaders, and secure the outpost.	深红舰队海盗正在袭击<Alias=TargetPlanet>上的<Alias=DungeonLocation>，危及重要数据与人员。立即行动，击退入侵者并守住哨站。
I've discovered a data slate containing the location of a stolen shipment containing an Antique. The coordinates suggest it is at <Alias=DungeonLocation> on <Alias=TargetPlanet>	我发现了一块数据板，上面记载着一批失窃古董货物的位置。坐标显示它位于<Alias=TargetPlanet>的<Alias=DungeonLocation>
A UC Encryption Key has been stolen and taken to <Alias=DungeonLocation>. A Strike team has gone dark. Retrieve the Stolen Encryption Key  and return it to <Alias=FinalLocation>.	一枚联殖加密密钥失窃并被带至<Alias=DungeonLocation>。一支突击队已失联。取回失窃加密密钥并交还<Alias=FinalLocation>。
A Rustborn clan has taken vital UC data and stored it on <Alias=PrimaryRef>. Track it down and board the ship to recover the data. Do not destroy the ship as the data will be lost.	一个锈生氏族夺取了重要联殖数据并存储于<Alias=PrimaryRef>上。找到并登船取回数据。请勿摧毁该船，否则数据将丢失。
I've found a request for the transport of a Terrain Mapper. Retrieve it from <Alias=DungeonLocation> and deliver to <Alias=FinalLocation>. This is used to map subsurface structures.	我发现一份运输地形测绘仪的请求。从<Alias=DungeonLocation>取回并交付<Alias=FinalLocation>。该设备用于测绘地下结构。
I've discovered a data slate containing information on a experiment that needs its data broadcasting. The coordinates suggest it is at <Alias=DungeonLocation> on <Alias=TargetPlanet>	我发现了一块数据板，上面记载着一项需要广播数据的实验。坐标显示它位于<Alias=TargetPlanet>的<Alias=DungeonLocation>
Scientists at <Alias=TargetLocation> require a device to harness volatile energy bursts on <Alias=TargetPlanetLocation>. Assemble the inducer with precision and ensure safe delivery.	<Alias=TargetLocation>的科学家需要一台装置来利用<Alias=TargetPlanetLocation>上不稳定的能量爆发。精确组装诱导器并确保安全送达。
The Crimson Fleet has taken vital UC data and stored it on <Alias=PrimaryRef>. Track it down and board the ship to recover the data. Do not destroy the ship as the data will be lost.	深红舰队夺取了重要联殖数据并存储于<Alias=PrimaryRef>上。找到并登船取回数据。请勿摧毁该船，否则数据将丢失。
A group of Varuun have taken vital UC data and stored it on <Alias=PrimaryRef>. Track it down and board the ship to recover the data. Do not destroy the ship as the data will be lost.	一群瓦鲁人夺取了重要联殖数据并存储于<Alias=PrimaryRef>上。找到并登船取回数据。请勿摧毁该船，否则数据将丢失。
A group of Spacers have taken vital UC data and stored it on <Alias=PrimaryRef>. Track it down and board the ship to recover the data. Do not destroy the ship as the data will be lost.	一群太空劫匪夺取了重要联殖数据并存储于<Alias=PrimaryRef>上。找到并登船取回数据。请勿摧毁该船，否则数据将丢失。
Reports indicate a large store of valuable items held by the Crimson Fleet in <Alias=TargetLocation>. Wiping it out will cripple their smuggling routes on <Alias=TargetPlanetLocation>.	报告显示深红舰队在<Alias=TargetLocation>囤积了大量贵重物品。将其清除将重创他们在<Alias=TargetPlanetLocation>上的走私路线。
A group of Ecliptic have taken vital UC data and stored it on <Alias=PrimaryRef>. Track it down and board the ship to recover the data. Do not destroy the ship as the data will be lost.	一群黄道佣兵团成员夺取了重要联殖数据并存储于<Alias=PrimaryRef>上。找到并登船取回数据。请勿摧毁该船，否则数据将丢失。
UC Xenowarfare Research has been stolen and taken to <Alias=DungeonLocation>. A Strike team has gone dark. Retrieve the Stolen Xenowarfare Research and return it to <Alias=FinalLocation>.	联殖异兽作战研究失窃并被带至<Alias=DungeonLocation>。一支突击队已失联。取回失窃异兽作战研究并交还<Alias=FinalLocation>。
The <Alias=PrimaryRef> is loaded with spoils from recent raids. Intercept and destroy it at <Alias=TargetSystemLocation> to cut off their loot supply and restore safe passage to the region.	<Alias=PrimaryRef>满载近期劫掠所得。在<Alias=TargetSystemLocation>拦截并摧毁它，切断其赃物来源并恢复该地区的航道安全。
Although barren and uninhabited, <Alias=TargetPlanetLocation> hosts crucial infrastructure. A well-armed Ecliptic mercenary squad has targeted these facilities. Move in fast to secure the site.	尽管荒芜无人，<Alias=TargetPlanetLocation>却建有关键设施。一支装备精良的黄道佣兵小队已瞄准这些设施。迅速行动以守住该地。
Structures in <Alias=TargetLocation> have suffered major breaches from rampant Heatleeches, risking total collapse on <Alias=TargetPlanetLocation>. Eradicate the nest to prevent further damage.	<Alias=TargetLocation>的建筑因热蛭泛滥而严重破损，<Alias=TargetPlanetLocation>面临全面崩塌的风险。铲除巢穴以防止进一步损坏。
A critical firmware update was being transported on <Alias=PrimaryRef> but it has gone dark. Track it down and board the ship to recover the data. Do not destroy the ship as the data will be lost.	一项关键固件更新原由<Alias=PrimaryRef>运输，但该船已失联。找到并登船取回数据。请勿摧毁该船，否则数据将丢失。
A recovered data slate reveals the last known whereabouts of a missing person. The coordinates point to <Alias=DungeonLocation> on <Alias=TargetPlanet>. Investigate the site and uncover their fate.	一块寻回的数据板揭示了某位失踪者的最后踪迹。坐标指向<Alias=TargetPlanet>上的<Alias=DungeonLocation>。调查该地并查明其命运。
An instrument used to decompose seismic waves into their component frequencies. By examining these frequencies, scientists can identify distinctive wave signatures and gain insights into the origins.	一种用于将地震波分解为各组成频率的仪器。通过分析这些频率，科学家能够识别独特的波信号并洞悉其成因。
A request has come in for the transport of a Mail Consignment. Retrieve it from <Alias=DungeonLocation> and deliver to <Alias=FinalLocation>. This contains communications from home and will boost moral.	收到一份运输邮件托运物的请求。从<Alias=DungeonLocation>取回并交付<Alias=FinalLocation>。其中装有来自家乡的通讯，能提振士气。
A dangerous rogue robot has been detected on <Alias=TargetPlanetLocation>, threatening local settlements and disrupting operations. Eliminate the mechanical menace before it causes further damage or harm.	在<Alias=TargetPlanetLocation>检测到一台危险的失控机器人，它威胁当地定居点并扰乱运作。在这台机械祸害造成更多损害之前将其消灭。
A system designed to identify and prioritize targets for strategic or tactical operations. By collecting and analyzing real-time data, it ensures precise engagement and maximizes operational effectiveness.	一种用于为战略或战术行动识别并排定目标优先级的系统。通过收集和分析实时数据，它确保精确打击并最大化行动效率。
A band of pirates is assaulting a vital mining operation on <Alias=TargetPlanetLocation>, endangering workers and precious resources. Intercept their attack and secure the site before any more damage can be done.	一伙海盗正在袭击<Alias=TargetPlanetLocation>的重要采矿作业，危及工人与宝贵资源。拦截其袭击，并在造成更多损害前守住该地。
A stolen ship has been sighted at <Alias=TargetSystemLocation>, the Goliath Mk-IV features reinforced hull plating, modular drop bays, and automated defensive turrets to ensure safe deployment even in hostile zones.	一艘失窃飞船在<Alias=TargetSystemLocation>被发现。歌利亚Mk-IV配备强化装甲板、模块化投放舱与自动防御炮塔，即使在敌对区域也能确保安全部署。
A high-security installation at <Alias=TargetLocation> is housing the Crimson Fleets illicit goods. Infiltrate the compound and wipe out the stash before they can expand their influence on <Alias=TargetPlanetLocation>.	<Alias=TargetLocation>的一处高度设防设施存放着深红舰队的违禁品。潜入该设施并清除储备，以免他们在<Alias=TargetPlanetLocation>扩大影响力。
Mech Research has been stolen and taken to <Alias=DungeonLocation>. The report indicates that the Syndicate are the ones behind the theft. Retrieve the Stolen Xenowarfare Research and return it to <Alias=FinalLocation>.	机甲研究失窃并被带至<Alias=DungeonLocation>。报告指出辛迪加是盗窃的幕后黑手。取回失窃异兽作战研究并交还<Alias=FinalLocation>。
A band of pirates has targeted a cutting-edge research outpost on <Alias=TargetPlanetLocation>, threatening both staff and valuable findings. Move in quickly to repel the attack and protect the sites critical discoveries.	一伙海盗盯上了<Alias=TargetPlanetLocation>的一座尖端研究哨站，威胁到人员与宝贵发现。迅速行动击退袭击，并保护该地的关键发现。
A cache of banned texts has emerged at <Alias=TargetLocation>. Authorities have declared these writings heretical, ordering their complete destruction to preserve order on <Alias=TargetPlanetLocation>. Find and burn them.	<Alias=TargetLocation>出现了一批违禁文本。当局宣布这些著作属于异端，下令彻底销毁以维护<Alias=TargetPlanetLocation>的秩序。找到并烧毁它们。
The essential components that form the building blocks of mechanical devices and industrial equipment. They are typically crafted with precision and durability in mind, enabling smooth operation and efficient performance.	构成机械设备与工业装备基础的关键部件。它们通常以精密与耐用为原则制造，以确保运转顺畅、性能高效。
A band of pirates is assaulting a <Alias=TargetLocation> on <Alias=TargetPlanetLocation>, putting civilians and critical supplies at risk. Mobilize quickly, repel the attackers, and protect the civilians from further harm.	一伙海盗正在袭击<Alias=TargetPlanetLocation>的<Alias=TargetLocation>，危及平民与关键物资。迅速动员，击退袭击者，保护平民免受进一步伤害。
A request has come in for urgent transport of a Medical Shipment. Retrieve it from <Alias=DungeonLocation> and ensure safe, timely delivery to <Alias=FinalLocation>. These supplies could help save lives to handle with care.	收到一份紧急运输医疗货物的请求。从<Alias=DungeonLocation>取回并确保安全及时地送达<Alias=FinalLocation>。这些物资可能救人一命，务必小心处理。
Ecliptic mercenaries have deployed high-tech scanners at <Alias=TargetLocation> to monitor activity across <Alias=TargetPlanetLocation>. Disabling these devices will cripple their surveillance network and disrupt their operations.	黄道佣兵已在<Alias=TargetLocation>部署高科技扫描仪，以监视<Alias=TargetPlanetLocation>的活动。瘫痪这些设备将重创其监视网络并扰乱其行动。
A ruthless Crimson Fleet raiding party is assaulting <Alias=DungeonLocation> on <Alias=TargetPlanet>, threatening both key facilities and civilians. Deploy immediately to repel the pirates, protect vital systems, and restore order.	一支凶残的深红舰队劫掠队正在袭击<Alias=TargetPlanet>上的<Alias=DungeonLocation>，威胁关键设施与平民。立即出动击退海盗，保护重要系统并恢复秩序。
A ruthless band of Spacers is assaulting a <Alias=TargetLocation> on <Alias=TargetPlanetLocation>, putting civilians and critical supplies at risk. Mobilize quickly, repel the attackers, and protect the civilians from further harm.	一伙凶残的太空劫匪正在袭击<Alias=TargetPlanetLocation>的<Alias=TargetLocation>，危及平民与关键物资。迅速动员，击退袭击者，保护平民免受进一步伤害。
A squad of Ecliptic mercenaries has launched an assault on a strategic military facility on <Alias=TargetPlanetLocation>. Deploy immediately, repel their incursion, and secure any classified information from falling into enemy hands.	一支黄道佣兵小队对<Alias=TargetPlanetLocation>的一处战略军事设施发起进攻。立即出动，击退入侵，并确保机密信息不落入敌手。
Midtown Minerals is looking for fresh resources to keep its shelves stocked. Travel to <Alias=TargetPlanetLocation>, obtain the <Alias=Evidence>, and deliver it to the store so they can continue trading with travelers and prospectors.	中城矿业正在寻找新资源以补充货架。前往<Alias=TargetPlanetLocation>取得<Alias=Evidence>，并将其送到店里，好让他们能继续与旅行者和勘探者交易。
The Neon Mining League is on the verge of closing its doors. They urgently need a <Alias=Evidence> from <Alias=TargetPlanetLocation> to reignite their business. Secure the sample and bring it back to the shop to help them stay afloat.	霓虹城矿业联盟濒临倒闭。他们急需一份来自<Alias=TargetPlanetLocation>的<Alias=Evidence>来重振生意。取得样本并带回店里，帮他们渡过难关。
A request has come in for urgent transport of a valuable Goods Package. Retrieve it from <Alias=DungeonLocation> and ensure safe, timely delivery to <Alias=FinalLocation>. Failure could disrupt operations, so handle the cargo with care.	收到一份紧急运输贵重货物包裹的请求。从<Alias=DungeonLocation>取回并确保安全及时地送达<Alias=FinalLocation>。失败可能扰乱运作，务必小心搬运。
A spaceship has crashed, leaving behind a critical black box needed to process the insurance claim. Travel to the crash site on <Alias=TargetPlanetLocation>, retrieve the device, and safely return it to Galbank for further investigation.	一艘飞船坠毁，留下了处理保险理赔所需的关键黑匣子。前往<Alias=TargetPlanetLocation>的坠毁现场取回该设备，并安全交还银河银行以供进一步调查。
A cutting-edge expedition vessel designed for extended missions into the cosmic frontier, the Eon Voyager boasts a state-of-the-art navigation system and a modular research bay allowing its crew to explore the vast unknown without limits.	永世旅行者是一艘为深入宇宙边疆的长期任务而设计的尖端远航舰，配备最先进的导航系统与模块化研究舱，让船员能不受限制地探索广袤未知。
A band of Ecliptic mercenaries is threatening a newly established settlement on vibrant, resource-rich <Alias=TargetPlanetLocation>. Rush to defend the colony, protect its residents, and secure the lush environment against further hostilities.	一伙黄道佣兵正威胁<Alias=TargetPlanetLocation>上一座新建的、生机勃勃且资源丰富的定居点。火速前往保卫殖民地，保护居民，并守护这片沃土免受进一步侵扰。
A gang of pirates has launched a violent attack on a vital fracking station on <Alias=TargetPlanetLocation>, putting both the infrastructure and its workers at severe risk. Move in fast to repel their assault and safeguard this critical energy site.	一伙海盗对<Alias=TargetPlanetLocation>的重要压裂站发动猛烈攻击，使设施与工人陷入严重危险。迅速行动，击退其进攻并守护这处关键能源站点。
A band of Crimson Fleet pirates has launched a vicious assault on <Alias=DungeonLocation>, imperiling both its residents and valuable resources. Move in swiftly to repel the attackers, secure the area, and safeguard the settlement from further raids.	一伙深红舰队海盗对<Alias=DungeonLocation>发动凶残袭击，危及居民与宝贵资源。迅速行动击退袭击者，控制区域，并保护定居点免遭更多劫掠。
A specialized system designed to protect digital environments by monitoring, detecting, and mitigating security threats. It employs encryption, access controls, and threat intelligence to safeguard sensitive information and maintain system integrity.	一种专门用于通过监控、侦测与缓解安全威胁来保护数字环境的系统。它运用加密、访问控制与威胁情报来守护敏感信息并维持系统完整。
A well-organized group of Ecliptic mercenaries has targeted a valuable mining operation on <Alias=TargetPlanetLocation>, endangering both workers and resources. Deploy swiftly to defend the facility, repel the assault, and ensure continued production.	一支组织严密的黄道佣兵盯上了<Alias=TargetPlanetLocation>上一处宝贵的采矿作业，危及工人与资源。迅速出动保卫设施，击退进攻，并确保生产持续。
A Ecliptic mercenary group has targeted a research station devoted to studying <Alias=TargetPlanetLocation>s unique flora and fauna. Move quickly to defend the scientists, safeguard their work, and prevent the destruction of invaluable biological data.	一支黄道佣兵团盯上了一座专门研究<Alias=TargetPlanetLocation>独特动植物的研究站。迅速行动保护科学家、守护其成果，并防止无价的生物数据被毁。
Designed for high-speed emergency response, the Aegis MedRunner is a sleek, agile craft equipped with advanced triage bays, automated medical drones, and a state-of-the-art stabilization suite, ensuring critical care reaches the wounded in record time.	神盾医疗快船专为高速紧急救援而设计，是一艘流线敏捷的飞船，配备先进分诊舱、自动医疗无人机与最先进的稳定套件，确保重伤员能以最快速度获得救治。
A colossal strip-mining barge built for maximum resource extraction, the Titan Dredge is equipped with high-powered excavation beams, automated refinery systems, and massive cargo holds, capable of stripping entire asteroids down to their core minerals.	泰坦采掘者是一艘为最大化资源开采而建造的巨型露天采矿驳船，配备高功率挖掘光束、自动化精炼系统与庞大货舱，能将整颗小行星剥取到核心矿物。
A massive, heavily armored troop transport designed to deploy entire squads into the heart of battle, the Goliath Mk-IV features reinforced hull plating, modular drop bays, and automated defensive turrets to ensure safe deployment even in hostile zones.	歌利亚Mk-IV是一艘为将整支小队投送至战场核心而设计的巨型重装运兵舰，配备强化装甲板、模块化投放舱与自动防御炮塔，即使在敌对区域也能确保安全部署。
A state-of-the-art experimental ship has fallen into pirate hands, jeopardizing advanced technology and intelligence. The SC-77 Starhawk combines classic aerospace design with cutting-edge propulsion, making it a nimble predator in deep space dogfights.	一艘最先进的实验飞船落入海盗之手，威胁到先进技术与情报。SC-77星辰鹰融合经典航空航天设计与尖端推进技术，是深空缠斗中敏捷的猎手。
Engineered for long-duration cosmic surveys, the Zenith Pathfinder is outfitted with high-resolution planetary scanners, a reinforced hull for extreme environments, and an onboard research lab, making it suited for mapping the uncharted depths of space.	天顶探路者为长期宇宙勘测而打造，装备高分辨率行星扫描仪、适应极端环境的强化船体与船上研究实验室，适合测绘未知的深空。
Designed for speed and efficiency, the Stellar Coursier is a high-performance cargo transport featuring enhanced thrusters, and reinforced cargo bays, ensuring valuable shipments reach their destination swiftly and securely even through hostile territory	星骏信使专为速度与效率而设计，是一艘高性能货运舰，配备强化推进器与加固货舱，确保贵重货物即使穿越敌对区域也能迅速安全地抵达目的地
A band of pirates has fortified themselves deep within a remote cave on <Alias=TargetPlanetLocation>, using it as a base for raids on nearby settlements. Infiltrate their hideout, neutralize the threat, and put an end to their operations once and for all.	一伙海盗在<Alias=TargetPlanetLocation>的一处偏远洞穴深处设防，以此为据点劫掠附近定居点。潜入其巢穴，消灭威胁，彻底终结他们的行动。
A gang of pirates has launched a raid on a high-value industrial facility on <Alias=TargetPlanetLocation>, threatening vital production lines and the workforce. Your objective is to intervene swiftly, drive out the raiders, and ensure the facility remains	一伙海盗对<Alias=TargetPlanetLocation>一处高价值工业设施发动劫掠，威胁重要生产线与员工。你的目标是迅速介入，驱逐劫掠者，并确保设施得以保全
This asteroid contains mostly low grade iron ore with scattered traces of common silicates. Mineral density is weak making extraction efforts costly and inefficient. Not a worthwhile target for mining operations.	这颗小行星主要含低品位铁矿石，夹杂少量常见硅酸盐。矿物密度低，开采成本高且效率低下。不值得作为采矿目标。
This asteroid is composed mostly of inert rock with negligible amounts of usable minerals. Scans reveal weak metal presence and high impurity levels making extraction impractical. Not a worthwhile prospect for mining.	这颗小行星主要由惰性岩构成，可用矿物微乎其微。扫描显示金属含量低、杂质比例高，开采不切实际。不值得作为采矿目标。
This asteroid is composed mainly of brittle rock and low value carbon deposits with only minor traces of usable metals. Scans show poor mineral concentration making extraction unprofitable. Best to move on and search elsewhere.	这颗小行星主要由脆性岩石和低价值碳沉积物构成，仅有微量可用金属。扫描显示矿物浓度低，开采无利可图。最好另寻他处。
This asteroid is primarily made up of silicate rock with only faint traces of iron and nickel. Mineral concentration is too low to justify extraction making it an unprofitable target. Best to look elsewhere for richer deposits.	这颗小行星主要由硅酸盐岩构成，仅有微量铁与镍。矿物浓度过低，开采得不偿失。最好到别处寻找更富集的矿藏。
This asteroid consists mostly of dense basalt with minimal traces of useful minerals. Scans indicate low metal content and high impurity levels making extraction inefficient. Not worth the effort for any serious mining operation.	这颗小行星主要由致密玄武岩构成，有用矿物极少。扫描显示金属含量低、杂质比例高，开采效率低下。对任何正经的采矿作业都不值得尝试。
This asteroid contains a dense core of silver and tungsten with scattered pockets of vanadium. Mineral analysis suggests high purity levels making extraction efficient and rewarding. A prime candidate for a lucrative mining operation.	这颗小行星含有致密的银钨核心，并散布着钒矿脉。矿物分析显示纯度高，开采高效且回报丰厚。是获利丰厚的采矿首选目标。
This asteroid is packed with high quality iridium and osmium along with a steady presence of nickel. Scans indicate a strong yield with minimal waste material ensuring efficient extraction. A highly profitable find worth immediate attention.	这颗小行星富含高品质铱与锇，并稳定含有镍。扫描显示产出高、废料少，开采效率高。是极有利可图的发现，值得立即关注。
This asteroid contains rich deposits of platinum along with significant traces of rare earth elements. The mineral density suggests an excellent yield potential with minimal processing required. A highly profitable discovery for any mining operation.	这颗小行星富含铂矿，并含有可观的稀土元素。矿物密度显示产出潜力极佳，所需加工极少。对任何采矿作业而言都是极有利可图的发现。
This asteroid is rich in high grade cobalt and palladium with a notable presence of trace gold deposits. Mineral scans indicate strong extraction potential with minimal impurities. A highly valuable target for any mining crew looking for a profitable haul.	这颗小行星富含高品位钴与钯，并有明显的微量金矿。矿物扫描显示开采潜力大、杂质少。对任何寻求丰厚收获的采矿队来说都是极具价值的目标。
This asteroid is nothing more than a drifting pile of rubble with no redeeming mineral value. Scans reveal a near total absence of metals and an unstable structure prone to collapse. Any attempt to mine this rock would be an absolute waste of time and equipment.	这颗小行星不过是漂浮的碎石堆，毫无矿物价值。扫描显示几乎不含金属，且结构不稳、易于崩塌。试图开采这块岩石纯粹是浪费时间和设备。
This asteroid is a worthless mass of brittle stone and compacted dust with no significant mineral content. Scans show extreme instability with no viable extraction prospects. Any mining attempt would be a complete loss of time and resources. Best to avoid entirely.	这颗小行星是一团毫无价值的脆石与压实尘埃，没有值得一提的矿物含量。扫描显示极度不稳，无可行的开采前景。任何开采尝试都会彻底浪费时间和资源。最好完全避开。
This asteroid is a jackpot of valuable minerals featuring rich deposits of gold platinum and high grade titanium. Scans indicate exceptional purity with minimal impurities ensuring maximum extraction efficiency. A prime mining target with outstanding profit potential.	这颗小行星是贵重矿物的头奖，富含金、铂与高品位钛。扫描显示纯度极佳、杂质极少，可确保开采效率最大化。是最佳采矿目标，利润潜力出众。
This asteroid is little more than a floating chunk of worthless debris with almost no detectable mineral value. Scans show unstable composition with high fragmentation risk making even basic extraction a waste of resources. A completely useless find best left untouched.	这颗小行星不过是漂浮的无用碎石，几乎检测不到矿物价值。扫描显示成分不稳、碎裂风险高，连最基本的开采都是浪费资源。完全无用的发现，最好别碰。
This asteroid is a hollowed out husk of fractured rock and frozen dust with no measurable mineral value. Scans detect extreme instability with a high probability of structural collapse making any mining attempt both dangerous and pointless. A complete waste of time and effort.	这颗小行星是破碎岩石与冻结尘埃构成的空壳，没有可测的矿物价值。扫描检测到极度不稳，结构崩塌概率很高，任何开采尝试都既危险又无意义。纯粹浪费时间与精力。
This asteroid holds an abundance of valuable minerals including thick veins of titanium and a generous amount of nickel. Scans reveal a strong concentration of industrial grade metals making this a prime candidate for extraction. A worthwhile find with excellent profit potential.	这颗小行星富含贵重矿物，包括厚实的钛矿脉与大量镍。扫描显示工业级金属高度富集，是开采的首选目标。值得一探，利润潜力极佳。
Sysmic scanner data confirms a stable geological profile. Tectonic activity is minimal with only trace microquakes detected likely the result of natural planetary cooling. Soil samples indicate a well balanced mineral composition with high concentrations of silicates and trace amounts of rare metals. No significant subsurface anomalies detected. Ideal conditions for further study or potential outpost construction.	地震扫描数据证实地质剖面稳定。构造活动极少，仅检测到微量微震，很可能是行星自然冷却所致。土壤样本显示矿物成分均衡，硅酸盐浓度高，并含微量稀有金属。未检测到明显的地下异常。是进一步研究或建造前哨站的理想条件。
Sysmic scanner data shows no abnormal seismic activity. The planetary crust remains stable with only minor tremors detected deep below the surface. Soil analysis reveals a rich mixture of silicates and organic compounds suggesting a history of geological and possibly biological processes. Subsurface scans indicate steady thermal gradients with no evidence of volatile disruptions. Conditions are excellent for research and exploration.	地震扫描数据显示无异常地震活动。行星地壳保持稳定，仅在地表深处检测到轻微震动。土壤分析显示富含硅酸盐与有机化合物的混合物，表明该地曾经历地质乃至可能的生物过程。地下扫描显示热梯度稳定，无剧烈扰动迹象。条件极佳，适合研究与探索。
Sysmic scanner data indicates a calm and stable environment. Tectonic activity is nearly undetectable with only faint tremors recorded at extreme depths. Soil composition is rich in iron and magnesium with trace amounts of crystallized quartz suggesting long term geological stability. Subsurface readings show uniform thermal distribution with no signs of magma movement or pressure buildup. Conditions are highly suitable for continued monitoring and potential excavation efforts.	地震扫描数据显示环境平静稳定。构造活动几乎无法检出，仅在极深处记录到微弱震动。土壤成分富含铁与镁，并含微量结晶石英，表明长期地质稳定。地下读数显示热分布均匀，无岩浆活动或压力积聚迹象。条件非常适合持续监测与潜在的开挖作业。
Sysmic scanner data reveals mild tectonic shifts with occasional tremors recorded at mid crust levels. While not immediately hazardous these fluctuations suggest an active geological cycle. Soil samples contain a mix of stable silicates and loosely compacted sediment indicating gradual surface erosion. Subsurface scans detect minor thermal variations that could indicate pockets of geothermal activity. Conditions remain manageable but warrant continued observation for any signs of escalation.	地震扫描数据显示存在轻微构造位移，中地壳层偶有震动记录。这些波动虽无即时危险，却表明地质循环活跃。土壤样本含稳定硅酸盐与松散沉积物的混合，表明地表正逐渐侵蚀。地下扫描检测到轻微热变化，可能意味着存在地热活动区。状况尚可控，但需持续观察是否有加剧迹象。
Sysmic scanner data reveals frequent tremors with some reaching moderate intensity. Subsurface layers show signs of shifting plates which may indicate developing fault lines. Soil samples contain loosely packed sediment and fractured mineral deposits suggesting ongoing ground instability. Thermal readings fluctuate irregularly hinting at potential magma movement or deep crust stress points. Conditions are unpredictable and may pose risks for further exploration or settlement. Caution is advised.	地震扫描数据显示震动频繁，部分已达中等强度。地下层显示板块位移迹象，可能正在形成断层线。土壤样本含松散沉积物与破碎矿藏，表明地表仍在持续不稳定。热读数不规则波动，暗示可能存在岩浆活动或深地壳应力点。状况难以预测，可能对进一步探索或定居构成风险。建议谨慎行事。
Sysmic scanner data detects faint tremors at irregular intervals though they pose no immediate concern. The crust remains intact with only subtle shifts in deeper layers suggesting slow tectonic adjustments. Soil analysis shows a stable mix of silicates and compacted dust with minor traces of organic residue possibly from past atmospheric interactions. Thermal scans indicate slight variations but nothing outside normal geological activity. Conditions remain mostly steady with minimal risk of sudden changes.	地震扫描数据在不规则间隔检测到微弱震动，但无即时隐患。地壳保持完整，仅深层存在细微位移，表明构造正缓慢调整。土壤分析显示硅酸盐与压实尘埃的稳定混合，并含微量有机残留，可能源自过去的大气作用。热扫描显示轻微变化，但未超出正常地质活动范围。状况总体平稳，突变风险极低。
Sysmic scanner data shows low level tremors occurring intermittently but without significant movement in the planetary crust. The terrain appears largely stable though minor shifts in subsurface layers suggest slow geological activity. Soil analysis reveals a balanced mix of compact minerals and loose sediments with no immediate signs of disruption. Thermal readings indicate mild fluctuations but nothing out of expected parameters. Conditions remain mostly steady with only minor concerns for long term stability.	地震扫描数据显示低强度震动间歇发生，但行星地壳无明显移动。地形总体稳定，尽管地下层的细微位移表明地质活动缓慢。土壤分析显示致密矿物与松散沉积物的均衡混合，无即时扰动迹象。热读数显示轻微波动，但未超出预期范围。状况总体平稳，仅对长期稳定性有轻微担忧。
Sysmic scanner data detects continuous tremors with occasional strong quakes disrupting the terrain. Subsurface analysis reveals fractured fault lines and shifting rock layers indicating significant geological stress. Soil samples show a high concentration of loose sediment and unstable mineral deposits making surface conditions hazardous. Thermal scans register erratic heat spikes suggesting deep magma movement or rising geothermal activity. The environment is highly volatile and may become increasingly dangerous. Extreme caution is recommended.	地震扫描数据检测到持续震动，并伴有不时出现的强震扰动地形。地下分析揭示断裂的断层线与位移的岩层，表明存在严重地质应力。土壤样本含大量松散沉积物与不稳定矿藏，使地表状况危险。热扫描记录到不规则的热峰值，暗示深部岩浆活动或地热活动上升。该环境极不稳定，可能日益危险。建议极度谨慎。
Sysmic scanner data registers frequent minor tremors with occasional stronger pulses indicating gradual crust movement. Subsurface analysis shows early signs of shifting fault lines though no major fractures have formed. Soil samples reveal a mix of compacted minerals and loose sediment suggesting moderate surface erosion. Thermal readings display mild fluctuations with isolated heat pockets that could indicate low level geothermal activity. Conditions are somewhat unstable but remain manageable with proper precautions. Continued monitoring is advised.	地震扫描数据记录到频繁的轻微震动，并偶有更强的脉冲，表明地壳正逐渐移动。地下分析显示断层线已出现初期位移迹象，但尚未形成大裂缝。土壤样本含致密矿物与松散沉积物的混合，表明地表承受中度侵蚀。热读数显示轻微波动，并存在孤立的热区，可能意味着低强度地热活动。状况略显不稳，但采取适当预防措施仍可应对。建议持续监测。
The body is still, the suit pierced by multiple gunshot wounds. The reinforced fabric tried to self seal, but the damage was too extensive. The life support system failed minutes later, leaving only a dim red light blinking on the wrist module, signaling a distress call that was never answered.\r\n\r\nA datapad is clutched tightly in one hand, the screen cracked but still displaying scattered research notes. The final entry cuts off mid-sentence, the text uneven, as if typed in a hurry.	尸体静止不动，宇航服被多处枪伤穿透。强化织物试图自封，但损伤过于严重。生命维持系统几分钟后便失效，只剩手腕模块上一盏暗红指示灯闪烁，发出一个始终无人回应的求救信号。\r\n\r\n一只手紧紧攥着数据板，屏幕虽已开裂却仍显示着零散的研究笔记。最后一条记录写到一半便中断，文字歪斜，像是在匆忙中敲下。
The body is motionless, their suit punctured by multiple high-velocity impacts. The entry wounds are clean precision shots, the kind favored by Spacers who do not waste ammunition. The internal seals tried to compensate, but the ruptures were too severe. A slow oxygen leak did the rest.\r\n\r\nTheir datapad is still active, the last recorded log unfinished. Scattered sensor readings flicker on the screen, interrupted by a brief audio clip. a frantic breath, a muttered curse, then gunfire. The playback ends in silence.	尸体一动不动，宇航服被多处高速冲击穿透。伤口干净利落，是太空劫匪偏爱的精准射击——他们从不浪费弹药。内部密封试图补救，但破口过大。一场缓慢的氧气泄漏终结了一切。\r\n\r\n他们的数据板仍在运行，最后一条日志尚未写完。屏幕上散乱的传感器读数闪烁不定，其间插入一段简短的录音：一声急促的呼吸，一句低声的咒骂，接着是枪声。回放就此归于寂静。
The body is still, frozen in a twisted posture. The miners suit is scarred with deep, seared gashes. Clean, precise cuts left by a mining laser. The fabric around the wounds is charred, the metal plating warped from the heat.\r\n\r\nThe visor is intact, but the readouts on the helmet display flicker weakly, warning of catastrophic pressure loss. A single red light blinks on their wrist module. A final, unsent message. The laser cutter lies silent nearby, its energy cell depleted. Whether it was a weapon or a tool in their last moments is impossible to say.	尸体静止不动，以扭曲的姿势僵在原处。矿工服的裂口深而灼黑，是采矿激光留下的干净而精准的切痕。伤口周围的织物被烧焦，金属护板因高温而变形。\r\n\r\n面罩完好无损，头盔显示器上的读数却微弱闪烁，警告压力已灾难性流失。手腕模块上有一盏红灯在闪烁——一条最终未能发出的讯息。激光切割器静静躺在旁边，能量电池已耗尽。它在最后一刻究竟是武器还是工具，已无从知晓。
You find them slumped against a jagged rock, their spacesuit coated in a thin layer of dust. The visor of their helmet is fractured, reflecting the cold, empty void above. The faint glint of dried blood streaks across their chestplate, a silent testament to their final struggle.\r\n\r\nLife support systems are long dead. Readouts flicker weakly, warning of oxygen depletion hours ago. Their gloved hand still grips a data slate, the cracked screen frozen on an unfinished log. A distress signal was sent, but no one came in time. The vast silence of space has claimed another lost soul.	你发现他瘫靠在嶙峋的岩石上，宇航服覆着一层薄尘。头盔面罩已经破裂，映出上方寒冷空旷的虚空。胸甲上有一道干涸血迹的微光——那是他最后挣扎的无声见证。\r\n\r\n生命维持系统早已失效，读数微弱闪烁，警告氧气在数小时前就已耗尽。他戴着手套的手仍紧握着一块数据板，裂纹屏幕上停在一篇未写完的日志。求救信号曾发出，却无人及时赶到。浩瀚而寂静的太空又吞没了一个迷失的灵魂。
The body is motionless, the suit scorched and torn. Signs of a struggle are clear. Dents in the armor, a severed strap, a utility tool lying just out of reach. The worker never had a chance.\r\n\r\nThe life support display flickers weakly, its last recorded vitals long since flatlined. A faint red smear trails across the chest plate where hands once clutched at fatal wounds. The cause of death is clear multiple close range strikes, precise and ruthless.\r\n\r\nA symbol has been carved into the suits plating, jagged and unmistakable. The Crimson Fleet does not leave witnesses. Whatever this worker saw, whatever they were fixing, it was enough to sign their death warrant.	尸体一动不动，宇航服被烧焦撕破。搏斗的痕迹清晰可见：护甲上的凹痕、断裂的束带、一件停在伸手不及处的工具。这名工人毫无生还机会。\r\n\r\n生命维持显示器微弱闪烁，最后一次记录的生命体征早已归零。胸甲上拖着一道暗淡的血痕，那是双手曾试图捂住致命伤口的地方。死因显而易见：多次近距离攻击，精准而残忍。\r\n\r\n宇航服护板上被刻下一个符号，锯齿般扭曲，不容错认。深红舰队从不留活口。无论这名工人看到了什么、正在修理什么，都足以成为他的死刑判决。
The body is still, their suit perforated by ballistic impacts. The self sealing fabric tried to compensate, but against this many shots, it never stood a chance. The scientists helmet display flickers weakly, warning of critical system failure.\r\n\r\nA datapad is clutched in one hand, the cracked screen still displaying a series of incomplete readings. A final log entry is partially typed, trailing off midsentence:\r\n\r\nThey saw me. No time to...\r\n\r\nA Spacer insignia is scrawled across the suit in deep knife gouges, a crude signature of those who kill without reason. The weapon fire was precise, deliberate. Whatever the scientist was studying, someone did not want them to finish.	尸体静止不动，宇航服被弹道冲击贯穿。自封织物试图补救，但在如此密集的射击下毫无机会。科学家的头盔显示器微弱闪烁，警告系统已严重失效。\r\n\r\n一只手攥着数据板，开裂的屏幕仍显示着一串未完成的读数。最后一条日志只打了一半，便在半句处中断：\r\n\r\n他们看到我了。来不及……\r\n\r\n宇航服上以刀痕深深刻着太空劫匪的徽记——那是滥杀之人粗陋的签名。射击精准而有预谋。无论这位科学家在研究什么，总有人不希望他完成。
The body is still, the suit torn open by brutal close quarters strikes. The emergency seals failed, leaving jagged gaps where the reinforced fabric was punctured. A weak signal pulses from the wrist module, a distress call that was never answered.\r\n\r\nA battered tool lies nearby, its surface stained. The worker tried to defend themselves, but the outcome was never in question. The utility belt has been ransacked, pockets turned inside out, tools missing. Whatever they were repairing, someone did not want it fixed.\r\n\r\nA crude symbol is scratched into the chest plate, a calling card left behind without care. The pirates took what they wanted, and the worker became just another casualty in their path.	尸体静止不动，宇航服被残酷的近距离打击撕开。应急密封失效，强化织物被刺穿处留下参差的裂口。手腕模块传出微弱的脉冲——一个始终无人回应的求救信号。\r\n\r\n旁边躺着一件破损的工具，表面沾满污迹。这名工人曾试图自卫，但结局早已注定。工具腰带被洗劫一空，口袋被翻了个里朝外，工具不翼而飞。无论他们在修理什么，总有人不希望它被修好。\r\n\r\n胸甲上被刮出一个简陋的符号，像是随手留下的名片。海盗拿走了他们想要的东西，而这名工人不过是他们沿途留下的又一具尸体。
The body lies still, the suit punctured by deep, deliberate blade wounds. The self sealing material failed to contain the damage, leaving dark stains where the life support system struggled and lost. A weak signal blinks from the wrist module, a final alert that no one answered.\r\n\r\nA worn-out tool lies nearby, its handle slick with blood, as if the worker tried to fight back. The utility belt is half unfastened, the pockets rifled through. Whatever was taken, the killers knew what they were looking for.\r\n\r\nA crude insignia has been slashed into the chest plate, a jagged mark left behind like a signature. The Crimson Fleet does not leave loose ends, and this worker became just another example of their methods.	尸体静静地躺着，宇航服被深而蓄意的刀刃创伤刺穿。自封材料未能封住损伤，留下深色污渍——那是生命维持系统挣扎后失守的地方。手腕模块上有一盏微弱的灯在闪烁——一个无人回应的最后警报。\r\n\r\n旁边躺着一件磨损的工具，柄上沾满血迹，仿佛这名工人曾试图反抗。工具腰带半解着，口袋被翻得杂乱。无论被拿走了什么，凶手都很清楚自己在找什么。\r\n\r\n胸甲上被划出一个粗陋的徽记，歪斜的痕迹如同签名。深红舰队从不留后患，而这名工人不过是他们行事手法的又一例证。
Outlaw Station	法外之徒站
Station Interior	站点内部
This is choice 1	这是选项1
This is choice 2	这是选项2
This is the choice text	这是选项文本
The is the body of the message	这是讯息正文
Locate and Board the <Alias=PrimaryRef>	找到并登临<Alias=PrimaryRef>
Defeat the <Alias=BountyNpc> on <Alias=PrimaryRef>	在<Alias=PrimaryRef>击败<Alias=BountyNpc>
Sweep <Alias=PrimaryRef>	清扫<Alias=PrimaryRef>
Cleanse <Alias=PrimaryRef>	清剿<Alias=PrimaryRef>
Raid on <Alias=PrimaryRef>	突袭<Alias=PrimaryRef>
Take Out <Alias=BountyNpc>	除掉<Alias=BountyNpc>
Deal With <Alias=BountyNpc>	处理<Alias=BountyNpc>
Take Down <Alias=BountyNpc>	拿下<Alias=BountyNpc>
Clear <Alias=BountyNpc>'s Gang	清剿<Alias=BountyNpc>的帮派
End <Alias=BountyNpc>'s Crusade	终结<Alias=BountyNpc>的圣战
Crimson Fleet: <Alias=BountyNpc>	深红舰队：<Alias=BountyNpc>
Pirate Bounty: <Alias=BountyNpc>	海盗悬赏：<Alias=BountyNpc>
Serpent's End: <Alias=BountyNpc>	蛇之终结：<Alias=BountyNpc>
Spacer Bounty: <Alias=BountyNpc>	太空劫匪悬赏：<Alias=BountyNpc>
Spacer Target: <Alias=BountyNpc>	太空劫匪目标：<Alias=BountyNpc>
Strike Against <Alias=BountyNpc>	打击<Alias=BountyNpc>
Zealot Bounty: <Alias=BountyNpc>	狂徒悬赏：<Alias=BountyNpc>
Bounty: <Alias=BountyNpc>, Spacer	悬赏：<Alias=BountyNpc>，太空劫匪
Va'ruun Target: <Alias=BountyNpc>	瓦鲁目标：<Alias=BountyNpc>
Ecliptic Target: <Alias=BountyNpc>	黄道佣兵团目标：<Alias=BountyNpc>
Bounty: <Alias=BountyNpc>, Ecliptic	悬赏：<Alias=BountyNpc>，黄道佣兵团
Mercenary Bounty: <Alias=BountyNpc>	佣兵悬赏：<Alias=BountyNpc>
Breach <Alias=PrimaryRef>'s Defenses	突破<Alias=PrimaryRef>的防御
End <Alias=BountyNpc>'s Pirate Reign	终结<Alias=BountyNpc>的海盗统治
Clear Pirates from <Alias=PrimaryRef>	清剿<Alias=PrimaryRef>的海盗
Evict Spacers from <Alias=PrimaryRef>	驱逐<Alias=PrimaryRef>的太空劫匪
Scuttle <Alias=BountyNpc>'s Operation	挫败<Alias=BountyNpc>的行动
Silence <Alias=PrimaryRef>'s Fanatics	消灭<Alias=PrimaryRef>的狂信徒
Purge <Alias=BountyNpc>'s Va'ruun Cult	清除<Alias=BountyNpc>的瓦鲁教派
Dismantle <Alias=BountyNpc>'s Operation	瓦解<Alias=BountyNpc>的行动
Hunt <Alias=BountyNpc> at <Alias=PrimaryRef>	在<Alias=PrimaryRef>猎杀<Alias=BountyNpc>
Eliminate <Alias=BountyNpc> on <Alias=PrimaryRef>	在<Alias=PrimaryRef>消灭<Alias=BountyNpc>
A gang of Spacers under <Alias=BountyNpc> are squatting on <Alias=PrimaryRef>. Evict them permanently.	一群听命于<Alias=BountyNpc>的太空劫匪强占了<Alias=PrimaryRef>。将其彻底驱逐。
Crimson Fleet operatives under <Alias=BountyNpc> have turned <Alias=PrimaryRef> into a black market hub. Shut it down.	<Alias=BountyNpc>手下的深红舰队特工把<Alias=PrimaryRef>变成了黑市中心。将其关停。
<Alias=BountyNpc> has declared <Alias=PrimaryRef> sovereign Crimson Fleet territory. Remind them it's not theirs to claim.	<Alias=BountyNpc>宣称<Alias=PrimaryRef>为深红舰队的独立领地。让他们明白那块地方不属于他们。
<Alias=BountyNpc> is using <Alias=PrimaryRef> as an Ecliptic weapons depot. Board the mining station and put an end to it.	<Alias=BountyNpc>把<Alias=PrimaryRef>当作黄道佣兵团的武器库。登临这座采矿站，终结这一切。
<Alias=BountyNpc> has been broadcasting threats from <Alias=PrimaryRef> demanding tribute from passing ships. Silence them.	<Alias=BountyNpc>一直在<Alias=PrimaryRef>上广播威胁，向过往飞船索要贡品。让他们闭嘴。
No one docks at <Alias=PrimaryRef> anymore since <Alias=BountyNpc> took over with their Spacer crew. Take back the station.	自从<Alias=BountyNpc>带着太空劫匪船员占据<Alias=PrimaryRef>后，再没人敢在那里停靠。夺回该站。
<Alias=BountyNpc> has erected Great Serpent shrines throughout <Alias=PrimaryRef>. Tear them down and drive the Va'ruun out.	<Alias=BountyNpc>在<Alias=PrimaryRef>各处竖起了大蛇神龛。将它们推倒，把瓦鲁人赶出去。
<Alias=BountyNpc> is funneling ore from <Alias=PrimaryRef> to fund Va'ruun operations. Board the station and shut them down.	<Alias=BountyNpc>正把<Alias=PrimaryRef>的矿石偷运出去，为瓦鲁的行动提供资金。登临该站并将其关停。
The hab decks of <Alias=PrimaryRef> have been overrun by Spacers loyal to <Alias=BountyNpc>. Clear the station room by room.	<Alias=PrimaryRef>的居住甲板已被效忠<Alias=BountyNpc>的太空劫匪占据。逐舱清理该站。
Ore shipments from <Alias=PrimaryRef> have stopped since <Alias=BountyNpc> and the Crimson Fleet moved in. Retake the facility.	自从<Alias=BountyNpc>和深红舰队进驻后，<Alias=PrimaryRef>的矿石运输便中断了。夺回该设施。
<Alias=BountyNpc> is smelting ore at <Alias=PrimaryRef> to forge Va'ruun ceremonial blades. Destroy the forge and eliminate them.	<Alias=BountyNpc>正在<Alias=PrimaryRef>冶炼矿石，锻造瓦鲁仪式用刃。摧毁锻造炉并消灭他们。
Haulers are being hijacked near <Alias=PrimaryRef> by Spacers working for <Alias=BountyNpc>. Eliminate the source of the problem.	运输船在<Alias=PrimaryRef>附近遭<Alias=BountyNpc>手下的太空劫匪劫持。根除问题的源头。
Spacers under <Alias=BountyNpc> killed the mining crew at <Alias=PrimaryRef> and took the operation for themselves. Make them pay.	<Alias=BountyNpc>手下的太空劫匪杀害了<Alias=PrimaryRef>的采矿队并霸占了作业。让他们付出代价。
<Alias=BountyNpc> is broadcasting fake distress signals from <Alias=PrimaryRef> to lure in unsuspecting vessels. End the deception.	<Alias=BountyNpc>正从<Alias=PrimaryRef>发出虚假求救信号，诱骗毫无戒心的飞船。终结这场骗局。
<Alias=BountyNpc> is converting the inhabitants of <Alias=PrimaryRef> to the Great Serpent's cause. Intervene before it's too late.	<Alias=BountyNpc>正把<Alias=PrimaryRef>的居民拉入大蛇神的信仰。趁还来得及，出手干预。
The crew of <Alias=PrimaryRef> have gone silent since <Alias=BountyNpc> and the Va'ruun arrived. Board the station and find out why.	自从<Alias=BountyNpc>和瓦鲁人到来后，<Alias=PrimaryRef>的船员便再无音讯。登临该站查明原因。
The crew of <Alias=PrimaryRef> sent a distress signal before <Alias=BountyNpc> jammed their comms. Move in and rescue the survivors.	<Alias=PrimaryRef>的船员在被<Alias=BountyNpc>干扰通讯前发出了求救信号。立即行动，营救幸存者。
Va'ruun pilgrims loyal to <Alias=BountyNpc> are fortifying <Alias=PrimaryRef> as a sanctuary. Breach the hab decks and disband them.	效忠<Alias=BountyNpc>的瓦鲁朝圣者正把<Alias=PrimaryRef>加固为避难所。突入居住甲板并瓦解他们。
<Alias=BountyNpc> has welded armor plating across the mining bays of <Alias=PrimaryRef>. Breach the station and root out the Spacers.	<Alias=BountyNpc>在<Alias=PrimaryRef>的采矿舱上焊满了装甲板。突入该站，铲除太空劫匪。
Spacer gangs under <Alias=BountyNpc> have turned <Alias=PrimaryRef> into a black market bazaar. Board the station and clear them out.	<Alias=BountyNpc>手下的太空劫匪帮派把<Alias=PrimaryRef>变成了黑市集市。登临该站并将其清空。
<Alias=BountyNpc> has fortified <Alias=PrimaryRef> as an Ecliptic forward base. Dismantle their operation before reinforcements arrive.	<Alias=BountyNpc>把<Alias=PrimaryRef>加固成了黄道佣兵团的前沿基地。在援军抵达前瓦解他们的行动。
Ecliptic engineers under <Alias=BountyNpc> are retrofitting <Alias=PrimaryRef> to manufacture armaments. Destroy their production line.	<Alias=BountyNpc>手下的黄道佣兵工程师正改造<Alias=PrimaryRef>以生产军械。摧毁他们的生产线。
Va'ruun zealots led by <Alias=BountyNpc> are extracting rare compounds from <Alias=PrimaryRef> for unknown rituals. Seize the facility.	<Alias=BountyNpc>率领的瓦鲁狂徒正从<Alias=PrimaryRef>提取稀有化合物，用途不明。夺取该设施。
<Alias=BountyNpc> is running double shifts on the ore processors at <Alias=PrimaryRef> to fuel Ecliptic expansion. Shut down production.	<Alias=BountyNpc>让<Alias=PrimaryRef>的矿石处理设备连轴运转，为黄道佣兵团的扩张提供支持。关停生产。
Spacer thugs under <Alias=BountyNpc> are stripping <Alias=PrimaryRef> for anything they can sell. Stop them before the station is gutted.	<Alias=BountyNpc>手下的太空劫匪暴徒正在拆光<Alias=PrimaryRef>上一切能卖的东西。在该站被掏空前阻止他们。
<Alias=BountyNpc> and their Va'ruun zealots have claimed <Alias=PrimaryRef> as a temple. Purge the station before their influence spreads.	<Alias=BountyNpc>及其瓦鲁狂徒宣称<Alias=PrimaryRef>为神庙。在他们的影响力扩散前清剿该站。
<Alias=BountyNpc> is auctioning off the mineral rights to <Alias=PrimaryRef> to the highest bidder. Board the station and cancel the sale.	<Alias=BountyNpc>正把<Alias=PrimaryRef>的采矿权拍卖给出价最高者。登临该站，取消这笔交易。
Patrols have spotted Crimson Fleet ships docking at <Alias=PrimaryRef> under <Alias=BountyNpc>. Board the station and scatter their fleet.	巡逻队发现深红舰队飞船在<Alias=BountyNpc>的指挥下停靠<Alias=PrimaryRef>。登临该站并驱散其舰队。
<Alias=BountyNpc> has contracted Ecliptic mercs to hold <Alias=PrimaryRef> and control its mining output. Break their grip on the facility.	<Alias=BountyNpc>雇了黄道佣兵守住<Alias=PrimaryRef>并控制其矿石产量。打破他们对设施的掌控。
<Alias=BountyNpc> has rigged the docking bay of <Alias=PrimaryRef> to trap visiting ships. Board from an alternate entry and take them down.	<Alias=BountyNpc>在<Alias=PrimaryRef>的停靠舱设下陷阱，专坑来访飞船。从其他入口登船并解决他们。
Spacer scavengers led by <Alias=BountyNpc> are tearing apart the mining rigs at <Alias=PrimaryRef>. Salvage what you can and eliminate them.	<Alias=BountyNpc>率领的太空劫匪拾荒者正在拆解<Alias=PrimaryRef>的采矿钻机。能抢救多少算多少，然后消灭他们。
<Alias=BountyNpc> is running an Ecliptic command post from <Alias=PrimaryRef>. Eliminate their leadership before they launch further attacks.	<Alias=BountyNpc>正以<Alias=PrimaryRef>为黄道佣兵团指挥所。在他们发动更多攻击前除掉其指挥层。
<Alias=BountyNpc> is running a protection racket from <Alias=PrimaryRef> in the <Alias=TargetSystemLocation> system. Put them out of business.	<Alias=BountyNpc>在<Alias=TargetSystemLocation>星系以<Alias=PrimaryRef>为据点收取保护费。让他们关门大吉。
Spacers loyal to <Alias=BountyNpc> are sabotaging competing mining operations from <Alias=PrimaryRef>. Board the station and put an end to it.	效忠<Alias=BountyNpc>的太空劫匪正从<Alias=PrimaryRef>破坏竞争对手的采矿作业。登临该站，终结这一切。
Surveillance drones near <Alias=PrimaryRef> confirm <Alias=BountyNpc> is stockpiling refined metals for the Crimson Fleet. Seize the reserves.	<Alias=PrimaryRef>附近的监视无人机证实，<Alias=BountyNpc>正在为深红舰队囤积精炼金属。夺取这些储备。
<Alias=BountyNpc> has turned <Alias=PrimaryRef> into a Spacer junkyard in the <Alias=TargetSystemLocation> system. Reclaim the mining facility.	<Alias=BountyNpc>把<Alias=TargetSystemLocation>星系的<Alias=PrimaryRef>变成了太空劫匪的废料场。夺回该采矿设施。
<Alias=BountyNpc> is stockpiling processed ore at <Alias=PrimaryRef> for a Va'ruun war effort. Board the station and confiscate their reserves.	<Alias=BountyNpc>正为瓦鲁的战争在<Alias=PrimaryRef>囤积加工过的矿石。登临该站并没收其储备。
<Alias=BountyNpc> is recruiting new Crimson Fleet members from the population of <Alias=PrimaryRef>. Put a stop to it before their numbers grow.	<Alias=BountyNpc>正从<Alias=PrimaryRef>的居民中招募深红舰队新成员。在他们壮大前加以阻止。
Raw materials from <Alias=PrimaryRef> are being diverted to Ecliptic shipyards by <Alias=BountyNpc>. Seize the station and cut the supply chain.	<Alias=BountyNpc>正把<Alias=PrimaryRef>的原材料转运至黄道佣兵团的船坞。夺取该站并切断供应链。
Spacer crews under <Alias=BountyNpc> are dumping toxic waste from <Alias=PrimaryRef> to keep patrols away. Push through and reclaim the station.	<Alias=BountyNpc>手下的太空劫匪船员从<Alias=PrimaryRef>倾倒有毒废料以逼退巡逻队。强行突入并夺回该站。
The refinery at <Alias=PrimaryRef> is being used by <Alias=BountyNpc> to cook chem supplies for Spacer gangs. Destroy the lab and deal with them.	<Alias=BountyNpc>利用<Alias=PrimaryRef>的精炼厂为太空劫匪帮派制毒。摧毁实验室并处置他们。
<Alias=BountyNpc> is holding <Alias=PrimaryRef> as leverage in a ransom scheme targeting the <Alias=TargetSystemLocation> system. Neutralize them.	<Alias=BountyNpc>扣押<Alias=PrimaryRef>，作为针对<Alias=TargetSystemLocation>星系的勒索筹码。将其清除。
<Alias=BountyNpc> has commandeered <Alias=PrimaryRef> to harvest resources for a Va'ruun crusade. Seize the mining station and cut off their supply.	<Alias=BountyNpc>征用了<Alias=PrimaryRef>，为瓦鲁圣战采集资源。夺取该采矿站并切断其补给。
<Alias=BountyNpc> has claimed <Alias=PrimaryRef> as personal territory in the <Alias=TargetSystemLocation> system. Show them it's not theirs to take.	<Alias=BountyNpc>把<Alias=TargetSystemLocation>星系的<Alias=PrimaryRef>占为私人领地。让他们明白那地方不能据为己有。
Crimson Fleet crews under <Alias=BountyNpc> are using <Alias=PrimaryRef> to launder stolen goods through fake ore manifests. Expose and eliminate them.	<Alias=BountyNpc>手下的深红舰队船员利用<Alias=PrimaryRef>，通过伪造矿石舱单洗白赃物。揭露并消灭他们。
Va'ruun fanatics under <Alias=BountyNpc> have overrun the mining rigs at <Alias=PrimaryRef>. Drive them out of the <Alias=TargetSystemLocation> system.	<Alias=BountyNpc>手下的瓦鲁狂信徒占领了<Alias=PrimaryRef>的采矿钻机。把他们逐出<Alias=TargetSystemLocation>星系。
<Alias=BountyNpc> has turned <Alias=PrimaryRef> into an Ecliptic supply depot in the <Alias=TargetSystemLocation> system. Sever their logistics network.	<Alias=BountyNpc>把<Alias=TargetSystemLocation>星系的<Alias=PrimaryRef>变成了黄道佣兵团的补给仓库。切断其后勤网络。
An Ecliptic cell led by <Alias=BountyNpc> has seized <Alias=PrimaryRef> in the <Alias=TargetSystemLocation> system. Board the station and restore order.	<Alias=BountyNpc>率领的一支黄道佣兵小队夺取了<Alias=TargetSystemLocation>星系的<Alias=PrimaryRef>。登临该站并恢复秩序。
Crimson Fleet smugglers under <Alias=BountyNpc> are hiding contraband in the ore holds of <Alias=PrimaryRef>. Seize the station and confiscate the goods.	<Alias=BountyNpc>手下的深红舰队走私者把违禁品藏在<Alias=PrimaryRef>的矿石舱中。夺取该站并没收货物。
Spacers under <Alias=BountyNpc> are using <Alias=PrimaryRef> to ambush travelers passing through the <Alias=TargetSystemLocation> system. Shut them down.	<Alias=BountyNpc>手下的太空劫匪以<Alias=PrimaryRef>为据点，伏击途经<Alias=TargetSystemLocation>星系的旅人。将其关停。
<Alias=BountyNpc> and a crew of Spacers have seized <Alias=PrimaryRef> for its ore. Reclaim the mining station in the <Alias=TargetSystemLocation> system.	<Alias=BountyNpc>和一伙太空劫匪为夺取矿石而强占了<Alias=PrimaryRef>。夺回<Alias=TargetSystemLocation>星系的采矿站。
<Alias=BountyNpc> is jamming communications in the <Alias=TargetSystemLocation> system from <Alias=PrimaryRef>. Board the station and restore the network.	<Alias=BountyNpc>正从<Alias=PrimaryRef>干扰<Alias=TargetSystemLocation>星系的通讯。登临该站并恢复网络。
<Alias=BountyNpc> has turned <Alias=PrimaryRef> into a Spacer den in the <Alias=TargetSystemLocation> system. Clear the station before they hit more ships.	<Alias=BountyNpc>把<Alias=TargetSystemLocation>星系的<Alias=PrimaryRef>变成了太空劫匪巢穴。在他们袭击更多飞船前清空该站。
<Alias=BountyNpc> has claimed <Alias=PrimaryRef> and is charging a toll on every mining hauler in the <Alias=TargetSystemLocation> system. End their racket.	<Alias=BountyNpc>占据了<Alias=PrimaryRef>，向<Alias=TargetSystemLocation>星系所有采矿运输船收取通行费。终结他们的敲诈。
<Alias=BountyNpc> has turned <Alias=PrimaryRef> into a pirate haven in the <Alias=TargetSystemLocation> system. Clear them out before more ships go missing.	<Alias=BountyNpc>把<Alias=TargetSystemLocation>星系的<Alias=PrimaryRef>变成了海盗避风港。在更多飞船失踪前将其清除。
<Alias=BountyNpc> is harboring wanted pirates aboard <Alias=PrimaryRef> in the <Alias=TargetSystemLocation> system. Storm the habitat decks and bring them to justice.	<Alias=BountyNpc>在<Alias=TargetSystemLocation>星系的<Alias=PrimaryRef>上窝藏通缉海盗。强攻居住甲板并将他们绳之以法。
<Alias=BountyNpc> is selling stolen minerals from <Alias=PrimaryRef> to fund Crimson Fleet raids across the <Alias=TargetSystemLocation> system. Cut off their income.	<Alias=BountyNpc>出售从<Alias=PrimaryRef>掠夺的矿物，为深红舰队在<Alias=TargetSystemLocation>星系的劫掠提供资金。切断其收入来源。
Va'ruun missionaries under <Alias=BountyNpc> have seized <Alias=PrimaryRef> and are broadcasting sermons across the <Alias=TargetSystemLocation> system. Silence them.	<Alias=BountyNpc>手下的瓦鲁传教士夺取了<Alias=PrimaryRef>，并向<Alias=TargetSystemLocation>星系广播布道。让他们闭嘴。
<Alias=BountyNpc> has turned the extraction bays of <Alias=PrimaryRef> into a Crimson Fleet armory. Dismantle the operation in the <Alias=TargetSystemLocation> system.	<Alias=BountyNpc>把<Alias=PrimaryRef>的提取舱改成了深红舰队军械库。瓦解其在<Alias=TargetSystemLocation>星系的行动。
<Alias=BountyNpc> has rigged the refinery on <Alias=PrimaryRef> to process stolen ship components. Shut down their chop shop in the <Alias=TargetSystemLocation> system.	<Alias=BountyNpc>改造了<Alias=PrimaryRef>的精炼厂，用于处理偷来的飞船部件。关停其在<Alias=TargetSystemLocation>星系的拆解窝点。
Va'ruun forces under <Alias=BountyNpc> are using <Alias=PrimaryRef> to refine fuel for a pilgrimage fleet. Seize the station in the <Alias=TargetSystemLocation> system.	<Alias=BountyNpc>手下的瓦鲁部队利用<Alias=PrimaryRef>为朝圣舰队提炼燃料。夺取<Alias=TargetSystemLocation>星系的该站。
Supply shipments to the <Alias=TargetSystemLocation> system are being intercepted by Spacers operating from <Alias=PrimaryRef> under <Alias=BountyNpc>. End the blockade.	运往<Alias=TargetSystemLocation>星系的补给船队屡遭<Alias=BountyNpc>手下、以<Alias=PrimaryRef>为基地的太空劫匪拦截。终结这场封锁。
Weapons caches linked to <Alias=BountyNpc> have been tracked to <Alias=PrimaryRef> in the <Alias=TargetSystemLocation> system. Seize the station and confiscate the arms.	与<Alias=BountyNpc>有关的武器藏匿点被追踪到<Alias=TargetSystemLocation>星系的<Alias=PrimaryRef>。夺取该站并没收军火。
Neon Viper's Va'ruun	霓虹蝮蛇的瓦鲁套装
The Marauder's SysDef	劫掠者的联殖防务套装
Gutter Snake's Cydonia	阴沟蛇的赛多尼亚套装
The Plunderer's Cydonia	掠夺者的赛多尼亚套装
The Specialist's Ranger	专家的游骑兵套装
The Butcher's Shocktroop	屠夫的突击队套装
Scrapper's Trackers Alliance	拆解者的追踪者联盟套装
The Butcher's Pirate Raiding	屠夫的海盗劫掠套装
The Closer's Ranger Spacesuit	终结者的游骑兵宇航服
Void Touched's UC Shock Armor	虚空触碰者的联殖突击护甲
Coil Priest's Mercenary Spacesuit	线圈祭司的佣兵宇航服
Rust Devil's Va'ruun Space Helmet	锈魔的瓦鲁太空头盔
Deadlock's Deep Recon Space Helmet	死锁的深空侦察太空头盔
Freebooter's UC AntiXeno Spacesuit	掠夺船员的联殖反异种宇航服
Hull Breach's SysDef Ace Spacesuit	破壳者的联殖防务王牌宇航服
Scarlet Tide's Navigator Spacesuit	猩红潮汐的领航员宇航服
Junkyard King's Deimos Space Helmet	废车场之王的火卫二太空头盔
Void Rat's UC Ace Pilot Space Helmet	虚空鼠的联殖王牌飞行员太空头盔
Gutter Snake's Deep Recon Space Helmet	阴沟蛇的深空侦察太空头盔
Rust Lung's Constellation Space Helmet	锈肺的星宿座太空头盔
Silent Ledger's UC Marine Space Helmet	沉默账本的联殖陆战队太空头盔
The Scavenger's Ground Crew Space Helmet	拾荒者的地勤太空头盔
Zero Trace's Pirate Charger Space Helmet	零痕迹的海盗战马太空头盔
Iron Maw's Trackers Alliance Space Helmet	铁颚的追踪者联盟太空头盔
Hostile Takeover's UC Sec Spaceriot Helmet	恶意收购的联殖安保太空暴徒头盔
No Witness's Trackers Alliance Space Helmet	无证人的追踪者联盟太空头盔
Blackbeard's Ghost's Pirate Assault Space Helmet	黑胡子幽灵的海盗突击太空头盔
Armor worn by the infamous Deadlock. Claimed as a trophy.	臭名昭著的死锁所穿的护甲。已作为战利品夺回。
Armor worn by the infamous Iron Maw. Claimed as a trophy.	臭名昭著的铁颚所穿的护甲。已作为战利品夺回。
Armor worn by the infamous Scrapper. Claimed as a trophy.	臭名昭著的拆解者所穿的护甲。已作为战利品夺回。
Armor worn by the infamous Void Rat. Claimed as a trophy.	臭名昭著的虚空鼠所穿的护甲。已作为战利品夺回。
Armor worn by the infamous Rust Lung. Claimed as a trophy.	臭名昭著的锈肺所穿的护甲。已作为战利品夺回。
Armor worn by the infamous Freebooter. Claimed as a trophy.	臭名昭著的掠夺船员所穿的护甲。已作为战利品夺回。
Armor worn by the infamous Neon Viper. Claimed as a trophy.	臭名昭著的霓虹蝮蛇所穿的护甲。已作为战利品夺回。
Armor worn by the infamous No Witness. Claimed as a trophy.	臭名昭著的无证人所穿的护甲。已作为战利品夺回。
Armor worn by the infamous Rust Devil. Claimed as a trophy.	臭名昭著的锈魔所穿的护甲。已作为战利品夺回。
Armor worn by the infamous The Closer. Claimed as a trophy.	臭名昭著的终结者所穿的护甲。已作为战利品夺回。
Armor worn by the infamous Zero Trace. Claimed as a trophy.	臭名昭著的零痕迹所穿的护甲。已作为战利品夺回。
Armor worn by the infamous Coil Priest. Claimed as a trophy.	臭名昭著的线圈祭司所穿的护甲。已作为战利品夺回。
Armor worn by the infamous Hull Breach. Claimed as a trophy.	臭名昭著的破壳者所穿的护甲。已作为战利品夺回。
Armor worn by the infamous The Butcher. Claimed as a trophy.	臭名昭著的屠夫所穿的护甲。已作为战利品夺回。
Armor worn by the infamous Gutter Snake. Claimed as a trophy.	臭名昭著的阴沟蛇所穿的护甲。已作为战利品夺回。
Armor worn by the infamous Scarlet Tide. Claimed as a trophy.	臭名昭著的猩红潮汐所穿的护甲。已作为战利品夺回。
Armor worn by the infamous The Marauder. Claimed as a trophy.	臭名昭著的劫掠者所穿的护甲。已作为战利品夺回。
Armor worn by the infamous Void Touched. Claimed as a trophy.	臭名昭著的虚空触碰者所穿的护甲。已作为战利品夺回。
Armor worn by the infamous Junkyard King. Claimed as a trophy.	臭名昭著的废车场之王所穿的护甲。已作为战利品夺回。
Armor worn by the infamous Silent Ledger. Claimed as a trophy.	臭名昭著的沉默账本所穿的护甲。已作为战利品夺回。
Armor worn by the infamous The Plunderer. Claimed as a trophy.	臭名昭著的掠夺者所穿的护甲。已作为战利品夺回。
Armor worn by the infamous The Scavenger. Claimed as a trophy.	臭名昭著的拾荒者所穿的护甲。已作为战利品夺回。
Armor worn by the infamous The Specialist. Claimed as a trophy.	臭名昭著的专家所穿的护甲。已作为战利品夺回。
Armor worn by the infamous Hostile Takeover. Claimed as a trophy.	臭名昭著的恶意收购所穿的护甲。已作为战利品夺回。
Armor worn by the infamous Blackbeard's Ghost. Claimed as a trophy.	臭名昭著的黑胡子幽灵所穿的护甲。已作为战利品夺回。
rg_poi_cubbykv857	小舱站 KV-857
rg_poi_penpt627	围栏站 PT-627
rg_poi_cagewr515	囚笼站 WR-515
rg_poi_hovelnj893	陋屋站 NJ-893
rg_poi_cellarft571	地窖站 FT-571
rg_poi_warrenmz161	迷宫站 MZ-161
rg_poi_hellholexz354	地狱洞站 XZ-354
rg_poi_coopmz432	囚笼站 MZ-432
rg_poi_cathousegr327	猫屋站 GR-327
rg_poi_ratholegr261	鼠洞站 GR-261
rg_poi_bilgevr262	底舱站 VR-262
rg_poi_cribsv122	棚屋站 SV-122
rg_poi_cribkl779	棚屋站 KL-779
rg_poi_berthts018	泊位站 TS-018
rg_poi_bunkhouseqr388	工棚 QR-388
rg_poi_annexbr201	附属站 BR-201
rg_poi_annexux086	附属站 UX-086
rg_poi_ashpitnx506	灰坑站 NX-506
rg_poi_furnacepx104	熔炉站 PX-104
rg_poi_smelterwz299	冶炼站 WZ-299
rg_poi_forgegz366	锻造站 GZ-366
rg_poi_pitqq818	矿坑站 QQ-818
rg_poi_hacksawpx792	钢锯站 PX-792
rg_poi_heappx522	废料堆站 PX-522
rg_poi_forgenx707	锻造站 NX-707
rg_poi_rustworkswz297	锈蚀工场 WZ-297
rg_poi_crusherhv298	碾碎站 HV-298
rg_poi_clinkerxr637	熟料站 XR-637
rg_poi_boneyardbr509	骸骨场 BR-509
rg_poi_junkworkssl955	废品工场 SL-955
rg_poi_smelternk989	冶炼站 NK-989
rg_poi_gutworksfg687	内脏工场 FG-687
rg_poi_cinderhm250	焦渣站 HM-250
rg_poi_ladlejr395	浇包站 JR-395
rg_poi_cindersl147	焦渣站 SL-147
rg_poi_breakerzk540	破碎站 ZK-540
rg_poi_crucibletx720	坩埚站 TX-720
rg_poi_dockyardpd273	船坞 PD-273
rg_poi_workshopdp813	工坊 DP-813
rg_poi_furnacecl638	熔炉站 CL-638
rg_poi_storehouserg782	仓储站 RG-782
rg_poi_warehouseod020	仓库 OD-020
rg_poi_forgexj420	锻造站 XJ-420
rg_poi_heapjj595	废料堆站 JJ-595
rg_poi_smeltersz871	冶炼站 SZ-871
rg_poi_tinworksgz984	锡器工场 GZ-984
rg_poi_grindersz972	研磨站 SZ-972
rg_poi_breakerfk015	破碎站 FK-015
rg_poi_chopshoplz765	拆船厂 LZ-765
rg_poi_burnholejj588	烧孔站 JJ-588
rg_poi_chopshoppx172	拆船厂 PX-172
rg_poi_cuttersvz206	切割站 VZ-206
Adrian Cole	艾德里安·科尔
Adrian Cole Crew Notes	艾德里安·科尔船员笔记
Adrian Falkner	艾德里安·福克纳
Adrian Kellan	艾德里安·凯兰
Adrian Kessler	艾德里安·凯斯勒
Adrian Kessler Travel Records	艾德里安·凯斯勒旅行记录
Adrian Kestrel	艾德里安·凯斯特雷尔
Adrian Kovacs	艾德里安·科瓦奇
Adrian Markell	艾德里安·马凯尔
Adrian Mercer	艾德里安·默瑟
Aigerim "Deadlock" Saparova	艾格丽姆·"死锁"·萨帕罗娃
Aigerim "Deadlock" Saparova Transcript	艾格丽姆·"死锁"·萨帕罗娃文字记录
Aisha "Vector" Al Mansoor	艾莎·"向量"·阿尔·曼苏尔
Aisha "Vector" Al Mansoor Service Entries	艾莎·"向量"·阿尔·曼苏尔服役条目
Aisha Navarro	艾莎·纳瓦罗
Aizada "Vector" Sultangazieva	艾扎达·"向量"·苏尔坦加济耶娃
Aizada "Vector" Sultangazieva Documentation	艾扎达·"向量"·苏尔坦加济耶娃文件
Alexis Rowe	亚历克西斯·罗
Alina Mercer	阿丽娜·默瑟
Alliance Unit Medic	联盟小队医疗兵
Alliance Unit Operations Logs	联盟小队行动日志
Alliance Unit Operator	联盟小队操作员
Alliance Unit Scout	联盟小队斥候
Alliance Unit Sensor	联盟小队传感器操作员
Amal "Ghostline" Bashir	阿迈勒·"幽灵线"·巴希尔
Amal "Ghostline" Bashir Shipboard Records	阿迈勒·"幽灵线"·巴希尔舰载记录
Amal "Vector" Al Mansoori	阿迈勒·"向量"·阿尔·曼苏里
Amal "Vector" Al Mansoori Memoranda	阿迈勒·"向量"·阿尔·曼苏里备忘录
Amara Chen	阿玛拉·陈
Amara Patel	阿玛拉·帕特尔
Amara Patel Crew Journals	阿玛拉·帕特尔船员日志集
Amel "Vector" Ben Aissa	阿梅尔·"向量"·本·艾萨
Amel "Vector" Ben Aissa Duty Records	阿梅尔·"向量"·本·艾萨值勤记录
Amelia Cho	阿梅莉亚·赵
Amina "Grid" Njoroge	阿米娜·"网格"·恩乔罗格
Amina "Grid" Njoroge Field Notes	阿米娜·"网格"·恩乔罗格野外笔记
Amira Chen	阿米拉·陈
Amira Cho	阿米拉·赵
Amira Collins	阿米拉·柯林斯
Amira Holt	阿米拉·霍尔特
Arben "Deadlock" Kelmendi	阿尔本·"死锁"·凯尔门迪
Arben "Deadlock" Kelmendi Crew Journals	阿尔本·"死锁"·凯尔门迪船员日志集
Aria Kestal	阿丽亚·凯斯塔尔
Arjun Calder	阿尔琼·卡尔德
Arjun Calder Memoranda	阿尔琼·卡尔德备忘录
Asha Moretti	阿莎·莫雷蒂
Blacksite Scrappers Cutter	黑站拆解队切割手
Blacksite Scrappers Hauler	黑站拆解队搬运工
Blacksite Scrappers Mapper	黑站拆解队测绘员
Blacksite Scrappers Ropper	黑站拆解队套索手
Blueglass Sisters Fixer	蓝玻璃姐妹掮客
Blueglass Sisters Lookout	蓝玻璃姐妹望风者
Caleb Dorne	凯莱布·多恩
Caleb Dorne Duty Journals	凯莱布·多恩值勤日志集
Caleb Drayton	凯莱布·德雷顿
Caleb Harker	凯莱布·哈克
Caleb Hartman	凯莱布·哈特曼
Caleb Mercer	凯莱布·默瑟
Caleb Morano	凯莱布·莫拉诺
Caleb Navarro	凯莱布·纳瓦罗
Caleb Okafor	凯莱布·奥卡福
Caleb Ordonez	凯莱布·奥多涅斯
Caleb Ordonez Diary	凯莱布·奥多涅斯日记
Caleb Ortiz	凯莱布·奥尔蒂斯
Caleb Ortiz Ship Notes	凯莱布·奥尔蒂斯舰上笔记
Caleb Rios	凯莱布·里奥斯
Caleb Rourke	凯莱布·鲁尔克
Caleb Strasser	凯莱布·斯特拉瑟
Caleb Stroud	凯莱布·斯特劳德
Calen Dravos	卡伦·德拉沃斯
Calen Harth	卡伦·哈斯
Calen Morrough	卡伦·莫罗
Calen Ortiz	卡伦·奥尔蒂斯
Calen Rourke	卡伦·鲁尔克
Calen Stroud	卡伦·斯特劳德
Calen Stroud Shift Reports	卡伦·斯特劳德轮班报告
Camila "Synapse" Mendieta	卡米拉·"突触"·门迭塔
Camila "Synapse" Mendieta Documentation	卡米拉·"突触"·门迭塔文件
Central Watch Deckhand	中央守望队甲板工
Central Watch Researcher	中央守望队研究员
Central Watch Steward	中央守望队乘务长
Central Watch Work Entries	中央守望队工作条目
Chrome Sisters Cook	铬姐妹厨师
Chrome Sisters Runner	铬姐妹跑腿
Chrome Sisters Shiv	铬姐妹短刀手
Chrome Sisters Skimmer	铬姐妹掠行者
Circuit Drifters Cook	电路漂流者厨师
Circuit Drifters Cracker	电路漂流者破解手
Circuit Drifters Dealer	电路漂流者毒贩
Circuit Drifters Sentry	电路漂流者哨兵
Circuit Drifters Shiv	电路漂流者短刀手
Claire Hoshino	克莱尔·星野
Coldlight Sparks Pusher	冷光火花药贩
Coldlight Sparks Reaper	冷光火花收割者
Coldvoid Operators Diver	冷空特工潜水员
Coldvoid Operators Pilot	冷空特工飞行员
Coldvoid Operators Stripper	冷空特工拆解手
Cole Hartmann	科尔·哈特曼
Cole Thatch	科尔·萨奇
Cole Vance	科尔·万斯
Cole Varron	科尔·瓦伦
Common Watch Communications	平民守望队通讯员
Common Watch Engineer	平民守望队工程师
Common Watch Mission Notes	平民守望队任务笔记
Common Watch Operator	平民守望队操作员
Common Watch Steward	平民守望队乘务长
Core Division Coordinator	核心师协调员
Core Division Observer	核心师观察员
Core Division Operations Logs	核心师行动日志
Core Division Specialist	核心师专家
Core Division Technician	核心师技术员
Damian Cortez	达米安·科尔特斯
Damian Kerrigan	达米安·凯里根
Damian Kovac	达米安·科瓦克
Damian Verrick	达米安·维里克
Damien Harlow	达米恩·哈洛
Damien Kovalenko	达米恩·科瓦连科
Damon Harker	达蒙·哈克
Damon Kellan	达蒙·凯兰
Damon Kessler	达蒙·凯斯勒
Damon Rivas	达蒙·里瓦斯
Damon Rusk	达蒙·拉斯克
Dana Corbett	达娜·科比特
Dana Kessler	达娜·凯斯勒
Dana Kostova	达娜·科斯托娃
Dana Rourke	达娜·鲁尔克
Dane Corbett	戴恩·科比特
Dane Corvo	戴恩·科尔沃
Dane Kovacs	戴恩·科瓦奇
Danica Harlow	丹妮卡·哈洛
Danika Hsu	丹妮卡·徐
Dante Kellar	但丁·凯拉
Dante Kellar Crew Journals	但丁·凯拉船员日志集
Dante Korran	但丁·科兰
Darian Holt	达里安·霍尔特
Darin Cole	达林·科尔
Darin Kovacs	达林·科瓦奇
Darin Voss	达林·沃斯
Darin Voss Ship Notes	达林·沃斯舰上笔记
Darion Cole	达里昂·科尔
Darius Chen	达里乌斯·陈
Darius Cole	达里乌斯·科尔
Darius Foyle	达里乌斯·福伊尔
Darius Holm	达里乌斯·霍尔姆
Darius Holm Daily Entries	达里乌斯·霍尔姆每日条目
Darius Holm Documentation	达里乌斯·霍尔姆文件
Darius Holmgren	达里乌斯·霍尔姆格伦
Darius Holt	达里乌斯·霍尔特
Darius Kellan	达里乌斯·凯兰
Darius Keller	达里乌斯·凯勒
Darius Kellerton	达里乌斯·凯勒顿
Darius Kellerton Voyage Notes	达里乌斯·凯勒顿航行笔记
Darius Kincaid	达里乌斯·金凯德
Darius Kovac	达里乌斯·科瓦克
Darius Kwan	达里乌斯·关
Darius Kwon	达里乌斯·权
Darius Okafor	达里乌斯·奥卡福
Darius Okafor Ship Notes	达里乌斯·奥卡福舰上笔记
Darius Patel	达里乌斯·帕特尔
Darius Pike	达里乌斯·派克
Darla Mendez	达拉·门德斯
Darla Mendez Duty Records	达拉·门德斯值勤记录
Darren Kade	达伦·凯德
Darren Kincaid	达伦·金凯德
Darren Kole	达伦·科尔
Darren Kopec	达伦·科佩茨
Darren Kovac	达伦·科瓦克
Darren Kovacs	达伦·科瓦奇
Darren Kove	达伦·科夫
Davin Kordel	达文·科德尔
Deadspace Outfit Breaker	死域装备帮破门手
Deadspace Outfit Gunner	死域装备帮炮手
Deadspace Outfit Lookout	死域装备帮望风者
Deadspace Outfit Mapper	死域装备帮测绘员
Deadspace Outfit Pilot	死域装备帮飞行员
Deadspace Outfit Ropper	死域装备帮套索手
Deadspace Outfit Tech	死域装备帮技师
Deepvoid Haulers Breaker	深空运输队破门手
Deepvoid Haulers Gunner	深空运输队炮手
Deepvoid Haulers Hauler	深空运输队搬运工
Deepvoid Haulers Mapper	深空运输队测绘员
Deepvoid Scrappers Cutter	深空拆解队切割手
Deepvoid Scrappers Loader	深空拆解队装填手
Deepvoid Scrappers Mapper	深空拆解队测绘员
Deepvoid Scrappers Scanner	深空拆解队扫描员
Deepvoid Scrappers Torch	深空拆解队焊枪手
Deepvoid Torchers Breaker	深空纵火帮破门手
Deepvoid Torchers Diver	深空纵火帮潜水员
Deepvoid Torchers Gunner	深空纵火帮炮手
Deepvoid Torchers Prybar	深空纵火帮撬棍手
Deepvoid Torchers Rigger	深空纵火帮装配工
Deepvoid Torchers Scanner	深空纵火帮扫描员
Deepvoid Torchers Spotter	深空纵火帮观察手
Delia Moreau	迪莉娅·莫罗
Derelict Pryers Loader	弃船撬棍队装填手
Derelict Pryers Patch	弃船撬棍队修补匠
Derelict Pryers Slicer	弃船撬棍队解码手
Derelict Pryers Stripper	弃船撬棍队拆解手
Derelict Salvors Loader	弃船打捞队装填手
Derelict Salvors Stripper	弃船打捞队拆解手
Devin Hargrove	德文·哈格罗夫
Devin Rooke	德文·鲁克
Diego "Torque" Salazar	迭戈·"扭矩"·萨拉萨尔
Diego "Torque" Salazar Overview	迭戈·"扭矩"·萨拉萨尔概述
Dimitar "Catalyst" Velev	迪米塔尔·"催化剂"·韦列夫
Dimitar "Catalyst" Velev Duty Records	迪米塔尔·"催化剂"·韦列夫值勤记录
Dorian "Stitch" Ionescu	多里安·"缝合"·约内斯库
Dorian "Stitch" Ionescu Documentation	多里安·"缝合"·约内斯库文件
Drift Cutters Foreman	漂流切割者工头
Drift Cutters Lookout	漂流切割者望风者
Drift Cutters Operations Logs	漂流切割者行动日志
Drift Cutters Scout	漂流切割者斥候
Drift Cutters Skimmer	漂流切割者掠行者
Drift Cutters Spotter	漂流切割者观察手
Drift Cutters Tech	漂流切割者技师
Dude Bebop	老兄·比波普
East Division Communications	东部师通讯员
East Division Handler	东部师领队
East Division Navigator	东部师领航员
East Division Overview	东部师概述
East Division Researcher	东部师研究员
East Division Technician	东部师技术员
Eero "Vector" Salonen	埃罗·"向量"·萨洛宁
Eero "Vector" Salonen Shift Reports	埃罗·"向量"·萨洛宁轮班报告
Einar "Vector" Sigurdsson	埃纳尔·"向量"·西古尔德松
Einar "Vector" Sigurdsson Diary	埃纳尔·"向量"·西古尔德松日记
Eitan "Vector" Shalev	埃坦·"向量"·沙莱夫
Eitan "Vector" Shalev Duty Records	埃坦·"向量"·沙莱夫值勤记录
Elena "Catalyst" Navarro	埃琳娜·"催化剂"·纳瓦罗
Elena "Catalyst" Navarro Diary	埃琳娜·"催化剂"·纳瓦罗日记
Elena Barros	埃琳娜·巴罗斯
Elena Carrow	埃琳娜·卡罗
Elena Halbrook	埃琳娜·哈尔布鲁克
Elena Kade	埃琳娜·凯德
Elena Markovic	埃琳娜·马尔科维奇
Elena Marquez	埃琳娜·马尔克斯
Elena Navarro	埃琳娜·纳瓦罗
Elena Park	埃琳娜·帕克
Elena Trask	埃琳娜·特拉斯克
Elena Varick	埃琳娜·瓦里克
Elena Vassik	埃琳娜·瓦西克
Elena Voronin	埃琳娜·沃罗宁
Elena Voronin Observation Notes	埃琳娜·沃罗宁观察笔记
Elena Vorsky	埃琳娜·沃尔斯基
Elena Ward	埃琳娜·沃德
Elias Brandt	伊莱亚斯·勃兰特
Elias Corbett	伊莱亚斯·科比特
Elias Corren	伊莱亚斯·科伦
Elias Draven	伊莱亚斯·德雷文
Elias Drayton	伊莱亚斯·德雷顿
Elias Drayton Statement	伊莱亚斯·德雷顿陈述
Elias Drummond	伊莱亚斯·德拉蒙德
Elias Kincaid	伊莱亚斯·金凯德
Elias Korrin	伊莱亚斯·科林
Elias Kwan	伊莱亚斯·关
Elias Marrow	伊莱亚斯·马罗
Elias Mercer	伊莱亚斯·默瑟
Elias Monroe	伊莱亚斯·门罗
Elias Moretti	伊莱亚斯·莫雷蒂
Elias Navarro	伊莱亚斯·纳瓦罗
Elias Rourke	伊莱亚斯·鲁尔克
Elias Trager	伊莱亚斯·特拉格
Elias Tranter	伊莱亚斯·特兰特
Elias Trenholm	伊莱亚斯·特伦霍姆
Elias Trenholm Status Reports	伊莱亚斯·特伦霍姆状态报告
Elias Trent	伊莱亚斯·特伦特
Elias Ward	伊莱亚斯·沃德
Elias Ward Crew Journals	伊莱亚斯·沃德船员日志集
Eliska "Vector" Novak	埃莉什卡·"向量"·诺瓦克
Eliska "Vector" Novak Activity Reports	埃莉什卡·"向量"·诺瓦克活动报告
Emre "Vector" Karaca	埃姆雷·"向量"·卡拉贾
Emre "Vector" Karaca Duty Journals	埃姆雷·"向量"·卡拉贾值勤日志集
Erika Draxler	埃里卡·德拉克勒斯
Erika Draxler Duty Records	埃里卡·德拉克勒斯值勤记录
Erin Cho	艾琳·赵
Erin Halbrook	艾琳·哈尔布鲁克
Erin Kovacs	艾琳·科瓦奇
Erin Lockwood	艾琳·洛克伍德
Erisa "Waypoint" Gashi	埃里萨·"航点"·加希
Erisa "Waypoint" Gashi Overview	埃里萨·"航点"·加希概述
Eszter "Stormglass" Toth	埃斯特·"风暴玻璃"·托特
Eszter "Stormglass" Toth Ship Notes	埃斯特·"风暴玻璃"·托特舰上笔记
Ethan Kwan	伊桑·关
Ethan Marrow	伊桑·马罗
Ether Kings Breaker	以太之王破门手
Ether Kings Hacker	以太之王黑客
Ether Kings Keeper	以太之王看守
Ether Kings Ripper	以太之王撕裂者
Evariste "Deadbolt" Ndayiragije	埃瓦里斯特·"死栓"·恩达伊拉吉耶
Evariste "Deadbolt" Ndayiragije Activity Reports	埃瓦里斯特·"死栓"·恩达伊拉吉耶活动报告
Ezra Valdez	埃兹拉·巴尔迪兹
Fahd "Vector" al-Sayeed	法赫德·"向量"·阿尔-萨义德
Fahd "Vector" al-Sayeed Operations Logs	法赫德·"向量"·阿尔-萨义德行动日志
Faris "Stitch" Al-Khatib	法里斯·"缝合"·阿尔-哈提卜
Faris "Stitch" Al-Khatib Observation Notes	法里斯·"缝合"·阿尔-哈提卜观察笔记
Fraser "Graft" MacLeod	弗雷泽·"嫁接"·麦克劳德
Fraser "Graft" MacLeod Service Entries	弗雷泽·"嫁接"·麦克劳德服役条目
Fraz Bebop	弗拉兹·比波普
Gareth "Torque" Llewellyn	加雷思·"扭矩"·卢埃林
Gareth "Torque" Llewellyn Crew Notes	加雷思·"扭矩"·卢埃林船员笔记
Gareth Monroe	加雷思·门罗
Gavin Mercer	加文·默瑟
Gavin Moretti	加文·莫雷蒂
Ghost Crew Dealer	幽灵船员毒贩
Ghost Crew Mixer	幽灵船员调音师
Ghost Crew Sentry	幽灵船员哨兵
Ghost Fangs Broker	幽灵獠牙经纪人
Ghost Fangs Pusher	幽灵獠牙药贩
Ghost Fangs Sentry	幽灵獠牙哨兵
Ghost Fangs Sniper	幽灵獠牙狙击手
Glowdust Crew Fixer	辉尘船员掮客
Glowdust Crew Scout	辉尘船员斥候
Glowdust Crew Skimmer	辉尘船员掠行者
Glowdust Crew Trigger	辉尘船员扳机手
Graveyard Boarders Foreman	墓场登船队工头
Graveyard Boarders Pilot	墓场登船队飞行员
Graveyard Boarders Torch	墓场登船队焊枪手
Graveyard Divers Diver	墓场潜水员潜水员
Graveyard Divers Gunner	墓场潜水员炮手
Graveyard Divers Patch	墓场潜水员修补匠
Graveyard Divers Skimmer	墓场潜水员掠行者
Graveyard Divers Torch	墓场潜水员焊枪手
Gravwell Boarders Breaker	重力井登船队破门手
Gravwell Boarders Cutter	重力井登船队切割手
Gravwell Boarders Foreman	重力井登船队工头
Gravwell Boarders Mapper	重力井登船队测绘员
Gravwell Boarders Pilot	重力井登船队飞行员
Gravwell Boarders Scout	重力井登船队斥候
Gravwell Boarders Spotter	重力井登船队观察手
Gravwell Riggers Cutter	重力井装配队切割手
Gravwell Riggers Hauler	重力井装配队搬运工
Gravwell Riggers Patch	重力井装配队修补匠
Gravwell Riggers Scanner	重力井装配队扫描员
Gravwell Riggers Scout	重力井装配队斥候
Gravwell Riggers Tech	重力井装配队技师
Grime Serpents Dealer	污垢蛇帮毒贩
Grime Serpents Lookout	污垢蛇帮望风者
Grime Serpents Pusher	污垢蛇帮药贩
Grime Serpents Shiv	污垢蛇帮短刀手
Grime Serpents Skimmer	污垢蛇帮掠行者
Grime Serpents Trigger	污垢蛇帮扳机手
Hamad "Vector" Al-Thani	哈马德·"向量"·阿尔-萨尼
Hamad "Vector" Al-Thani Transcript	哈马德·"向量"·阿尔-萨尼文字记录
Hannah Cortez	汉娜·科尔特斯
Harlan Mendez	哈兰·门德斯
Heat Ridge Breaker	热脊帮破门手
Heat Ridge Handler	热脊帮领队
Heat Ridge Keeper	热脊帮看守
Heat Ridge Mule	热脊帮骡子
Heat Ridge Scout	热脊帮斥候
Heat Ridge Shiv	热脊帮短刀手
Henri "Vector" Muller	亨利·"向量"·穆勒
Henri "Vector" Muller Crew Journals	亨利·"向量"·穆勒船员日志集
Hessa "Vector" Al-Masri	赫萨·"向量"·阿尔-马斯里
Hessa "Vector" Al-Masri Documentation	赫萨·"向量"·阿尔-马斯里文件
Horizon Staff Analyst	地平线参谋部分析师
Horizon Staff Communications	地平线参谋部通讯员
Horizon Staff Navigator	地平线参谋部领航员
Horizon Staff Observer	地平线参谋部观察员
Horizon Staff Technician	地平线参谋部技术员
Horizon Staff Transcript	地平线参谋部文字记录
Hullgrave Strippers Breaker	船骸拆解队破门手
Hullgrave Strippers Gunner	船骸拆解队炮手
Hullgrave Strippers Mapper	船骸拆解队测绘员
Hullgrave Strippers Scout	船骸拆解队斥候
Hullgrave Strippers Torch	船骸拆解队焊枪手
Idris "Rivet" Llewellyn	伊德里斯·"铆钉"·卢埃林
Idris "Rivet" Llewellyn Work Entries	伊德里斯·"铆钉"·卢埃林工作条目
Ingrid Voss	英格丽德·沃斯
Irina "Rivet" Dragomir	伊琳娜·"铆钉"·德拉戈米尔
Irina "Rivet" Dragomir Mission Notes	伊琳娜·"铆钉"·德拉戈米尔任务笔记
Isaac Mercer	艾萨克·默瑟
Isaac Mercer Memoranda	艾萨克·默瑟备忘录
Isabel Krane	伊莎贝尔·克莱恩
Isabel Krane Overview	伊莎贝尔·克莱恩概述
Isabella Hart	伊莎贝拉·哈特
Isabella Moretti	伊莎贝拉·莫雷蒂
Isla Mendez	艾拉·门德斯
Ivy Calder	艾薇·卡尔德
Jace Halbrook	杰斯·哈尔布鲁克
Jace Holloway	杰斯·霍洛威
Jace Korrigan	杰斯·科里根
Jace Morado	杰斯·莫拉多
Jace Morales	杰斯·莫拉莱斯
Jace Morello	杰斯·莫雷洛
Jace Morrell	杰斯·莫雷尔
Jamal "Ledger" Rolle	贾马尔·"账本"·罗尔
Jamal "Ledger" Rolle Crew Journals	贾马尔·"账本"·罗尔船员日志集
Jared Halden	杰瑞德·哈尔登
Jared Holcomb	杰瑞德·霍尔科姆
Jared Holt	杰瑞德·霍尔特
Jared Hoxley	杰瑞德·霍克斯利
Jared Kostin	杰瑞德·科斯汀
Jared Kostin Ship Notes	杰瑞德·科斯汀舰上笔记
Jared Koval	杰瑞德·科瓦尔
Jared Morrow	杰瑞德·莫罗
Jared Whitlow	杰瑞德·惠特洛
Jax Rourden	杰克斯·鲁尔登
Jax Rourden Shift Reports	杰克斯·鲁尔登轮班报告
Jaxon Hale	杰克森·黑尔
Jaxon Hale Overview	杰克森·黑尔概述
Jaxon Mire	杰克森·米尔
Jenna Sarin	珍娜·萨林
Jessamine Holt	杰萨敏·霍尔特
Jonah Kade	乔纳·凯德
Jonah Kaur	乔纳·考尔
Jonah Kincaid	乔纳·金凯德
Jonah Mercer	乔纳·默瑟
Jonah Meritt	乔纳·梅里特
Jonah Mireles	乔纳·米雷莱斯
Jonah Mireles Shift Reports	乔纳·米雷莱斯轮班报告
Jonah Park	乔纳·帕克
Jonah Patel	乔纳·帕特尔
Jonah Patel Diary	乔纳·帕特尔日记
Jonah Reyes	乔纳·雷耶斯
Jonah Sato	乔纳·佐藤
Jonas Creed	乔纳斯·克里德
Jonas Creek	乔纳斯·克里克
Jonas Eckhart	乔纳斯·埃克哈特
Jonas Hargrove	乔纳斯·哈格罗夫
Jonas Havel	乔纳斯·哈维尔
Jonas Herrera	乔纳斯·埃雷拉
Jonas Herrera Operations Logs	乔纳斯·埃雷拉行动日志
Jonas Kade	乔纳斯·凯德
Jonas Kessler	乔纳斯·凯斯勒
Jonas Kettering	乔纳斯·凯特林
Jonas Khatri	乔纳斯·卡特里
Jonas Kincaid	乔纳斯·金凯德
Jonas Markell	乔纳斯·马凯尔
Jonas Mercer	乔纳斯·默瑟
Jonas Mercer Notes	乔纳斯·默瑟笔记
Jonas Mercer Operations Logs	乔纳斯·默瑟行动日志
Jonas Mercer Summary	乔纳斯·默瑟摘要
Jonas Merrow	乔纳斯·梅罗
Jonas Recker	乔纳斯·雷克尔
Jonas Straka	乔纳斯·斯特拉卡
Jonas Verrick	乔纳斯·维里克
Jordan Kessler	乔丹·凯斯勒
Julian Hartley	朱利安·哈特利
Julian Mercer	朱利安·默瑟
Junkyard Jackals Handler	废车场豺狼领队
Junkyard Jackals Loader	废车场豺狼装填手
Junkyard Jackals Pilot	废车场豺狼飞行员
Junkyard Jackals Scout	废车场豺狼斥候
Junkyard Jackals Slicer	废车场豺狼解码手
Kade Ellison	凯德·埃里森
Kade Mercer	凯德·默瑟
Kade Mercer Diary	凯德·默瑟日记
Kade Morillo	凯德·莫里略
Kade Morrell	凯德·莫雷尔
Kane Madrigal	凯恩·马德里加尔
Kara Delvecchio	卡拉·德尔维奇奥
Kara Donnelly	卡拉·唐纳利
Kara Duval	卡拉·杜瓦尔
Kara Ellison	卡拉·埃里森
Kara Elwood	卡拉·埃尔伍德
Kara Linscombe	卡拉·林斯科姆
Kara Mendel	卡拉·门德尔
Kara Mendel Operations Logs	卡拉·门德尔行动日志
Kara Mendez	卡拉·门德斯
Kara Mendez Statement	卡拉·门德斯陈述
Kara Mendoza	卡拉·门多萨
Kara Mireles	卡拉·米雷莱斯
Kara Mitsuda	卡拉·光田
Kara Shimada	卡拉·岛田
Kara Vance	卡拉·万斯
Kara Velasquez	卡拉·贝拉斯克斯
Kara Veldt	卡拉·维尔特
Kara Velez	卡拉·贝莱斯
Kara Vescovi	卡拉·韦斯科维
Kara Vondras	卡拉·冯德拉斯
Kara Vondras Crew Notes	卡拉·冯德拉斯船员笔记
Karim "Deadweight" al-Najjar	卡里姆·"自重"·阿尔-纳贾尔
Karim "Deadweight" al-Najjar Operations Logs	卡里姆·"自重"·阿尔-纳贾尔行动日志
Karina Holt	卡琳娜·霍尔特
Kayla Rourke	卡伊拉·鲁尔克
Keira Holmstead	凯拉·霍姆斯特德
Keira Holmstead Travel Records	凯拉·霍姆斯特德旅行记录
Keira Maddox	凯拉·马多克斯
Keira Morrow	凯拉·莫罗
Keira Sundaram	凯拉·孙达拉姆
Keira Vondral	凯拉·冯德拉尔
Kellan Drayton	凯兰·德雷顿
Kellan Drayton Recount	凯兰·德雷顿记述
Kellan Duarte	凯兰·杜阿尔特
Kellan Ortiz	凯兰·奥尔蒂斯
Kellan Rourke	凯兰·鲁尔克
Kiera "Starline" Castillo	基拉·"星线"·卡斯蒂略
Kiera "Starline" Castillo Recount	基拉·"星线"·卡斯蒂略记述
Kira Dominguez	基拉·多明格斯
Kira Haldane	基拉·哈尔丹
Kira Montrose	基拉·蒙特罗斯
Kira Vance	基拉·万斯
Kira Vondral	基拉·冯德拉尔
Kyra Mendez	姬拉·门德斯
Lane Ortega	莱恩·奥尔特加
Layla "Vector" Al Mansoor	莱拉·"向量"·阿尔·曼苏尔
Layla "Vector" Al Mansoor Service Entries	莱拉·"向量"·阿尔·曼苏尔服役条目
Leah Markovic	莉亚·马尔科维奇
Leah Morante	莉亚·莫兰特
Leah Okafor	莉亚·奥卡福
Leah Orantes	莉亚·奥兰特斯
Leah Ortiz	莉亚·奥尔蒂斯
Leena Marrick	莉娜·马里克
Leila "Catalyst" Martinez	莱拉·"催化剂"·马丁内斯
Leila "Catalyst" Martinez Activity Reports	莱拉·"催化剂"·马丁内斯活动报告
Lena Carver	莉娜·卡弗
Lena Cho	莉娜·赵
Lena Cho Overview	莉娜·赵概述
Lena Corbett	莉娜·科比特
Lena Corbett Overview	莉娜·科比特概述
Lena Hartmann	莉娜·哈特曼
Lena Kade	莉娜·凯德
Lena Kovarik	莉娜·科瓦里克
Lena Kovarik Ship Notes	莉娜·科瓦里克舰上笔记
Lena Markovic	莉娜·马尔科维奇
Lena Moreau	莉娜·莫罗
Lena Moreau Field Notes	莉娜·莫罗野外笔记
Lena Moretti	莉娜·莫雷蒂
Lena Morozova	莉娜·莫罗佐娃
Lena Morrell	莉娜·莫雷尔
Lena Park	莉娜·帕克
Lena Park Ship Notes	莉娜·帕克舰上笔记
Lena Vorchak	莉娜·沃尔查克
Leyla "Vector" Rahimi	莱拉·"向量"·拉希米
Leyla "Vector" Rahimi Activity Reports	莱拉·"向量"·拉希米活动报告
Lila Park	莉拉·帕克
Luc Schmit	吕克·施密特
Luc Schmit Duty Journals	吕克·施密特值勤日志集
Luca "Vector" Moretti	卢卡·"向量"·莫雷蒂
Luca "Vector" Moretti Diary	卢卡·"向量"·莫雷蒂日记
Lucia Barrantes	露西亚·巴兰特斯
Lucia Barrantes Recount	露西亚·巴兰特斯记述
Luna "Vector" Paredes	露娜·"向量"·帕雷德斯
Luna "Vector" Paredes Documentation	露娜·"向量"·帕雷德斯文件
Maarika "Stitch" Tamm	玛丽卡·"缝合"·塔姆
Maarika "Stitch" Tamm Transcript	玛丽卡·"缝合"·塔姆文字记录
Malik Arden	马利克·阿登
Malik Haversham	马利克·哈弗沙姆
Malik Traynor	马利克·特雷纳
Malik Traynor Operations Logs	马利克·特雷纳行动日志
Malika "Starline" Rahmonova	马莉卡·"星线"·拉赫莫诺娃
Malika "Starline" Rahmonova Recount	马莉卡·"星线"·拉赫莫诺娃记述
Mara Ellison	玛拉·埃里森
Mara Ibarra	玛拉·伊瓦拉
Mara Kessel	玛拉·凯塞尔
Mara Kessel Notes	玛拉·凯塞尔笔记
Mara Kessler	玛拉·凯斯勒
Mara Kincaid	玛拉·金凯德
Mara Kincaid Recount	玛拉·金凯德记述
Mara Quintero	玛拉·金特罗
Mara Veskova	玛拉·韦斯科娃
Mara Veskova Recordings	玛拉·韦斯科娃录音
Mara Voss	玛拉·沃斯
Mara Whitfield	玛拉·惠特菲尔德
Marco Sato	马可·佐藤
Marcus Bellamy	马库斯·贝拉米
Marcus Delacourt	马库斯·德拉库尔
Marcus Delane	马库斯·德莱恩
Marcus Ellery	马库斯·埃勒里
Marcus Ellison	马库斯·埃里森
Marcus Haldane	马库斯·哈尔丹
Marcus Halden	马库斯·哈尔登
Marcus Hale	马库斯·黑尔
Marcus Havel	马库斯·哈维尔
Marcus Havelock	马库斯·哈夫洛克
Marcus Hollen	马库斯·霍伦
Marcus Kellan	马库斯·凯兰
Marcus Kellan Crew Notes	马库斯·凯兰船员笔记
Marcus Kepler	马库斯·开普勒
Marcus Kincaid	马库斯·金凯德
Marcus Reddick	马库斯·雷迪克
Marcus Renner	马库斯·伦纳
Marcus Rennick	马库斯·伦尼克
Marcus Rennick Memoranda	马库斯·伦尼克备忘录
Marcus Varela	马库斯·瓦雷拉
Marcus Veldt	马库斯·维尔特
Marcus Veldt Activity Reports	马库斯·维尔特活动报告
Marcus Velez	马库斯·贝莱斯
Marcus Viteri	马库斯·比特里
Marek Dulane	马雷克·杜兰
Marina Holt	玛丽娜·霍尔特
Marina Solanki	玛丽娜·索兰基
Maris Calder	玛里斯·卡尔德
Maris Duvall	玛里斯·杜瓦尔
Maris Elwood	玛里斯·埃尔伍德
Maris Havelock	玛里斯·哈夫洛克
Maris Houghton	玛里斯·霍顿
Maris Kestrel	玛里斯·凯斯特雷尔
Maris Teller	玛里斯·泰勒
Marisa Kwan	玛丽莎·关
Marisol "Vector" Aguilar	玛丽索尔·"向量"·阿吉拉尔
Marisol "Vector" Aguilar Shipboard Records	玛丽索尔·"向量"·阿吉拉尔舰载记录
Marko "Vector" Kovac	马尔科·"向量"·科瓦克
Marko "Vector" Kovac Memoranda	马尔科·"向量"·科瓦克备忘录
Markus Delane	马库斯·德莱恩
Marla Cartwright	玛尔拉·卡特赖特
Marla Ivers	玛尔拉·艾弗斯
Marla Keswick	玛尔拉·凯西克
Marleni "Quietline" Palacio	玛莱妮·"静默线"·帕拉西奥
Marleni "Quietline" Palacio Shift Reports	玛莱妮·"静默线"·帕拉西奥轮班报告
Marta Rios	玛塔·里奥斯
Mason Hargrove	梅森·哈格罗夫
Mason Kade	梅森·凯德
Mateo "Rivet" Castillo	马特奥·"铆钉"·卡斯蒂略
Mateo "Rivet" Castillo Transcript	马特奥·"铆钉"·卡斯蒂略文字记录
Mavluda "Stormline" Rahimova	玛芙露达·"风暴线"·拉希莫娃
Mavluda "Stormline" Rahimova Voyage Notes	玛芙露达·"风暴线"·拉希莫娃航行笔记
Maya Kaczarek	玛雅·卡扎雷克
Micah Rourke	迈卡·鲁尔克
Micah Rourke Duty Records	迈卡·鲁尔克值勤记录
Miguel Harran	米格尔·哈兰
Miguel Serrano	米格尔·塞拉诺
Mikal "Starline" Horbatovich	米卡尔·"星线"·霍尔巴托维奇
Mikal "Starline" Horbatovich Ledger	米卡尔·"星线"·霍尔巴托维奇账册
Mikkel "Deadset" Vestergaard	米克尔·"死心"·韦斯特高
Mikkel "Deadset" Vestergaard Crew Notes	米克尔·"死心"·韦斯特高船员笔记
Mila Corbett	米拉·科比特
Miles Harrow	迈尔斯·哈罗
Mina Dalcourt	米娜·达尔库尔
Mina Dalcourt Recordings	米娜·达尔库尔录音
Mina Kwan	米娜·关
Mira "Catalyst" Vukovic	米拉·"催化剂"·武科维奇
Mira "Catalyst" Vukovic Crew Journals	米拉·"催化剂"·武科维奇船员日志集
Mira Ashford	米拉·阿什福德
Mira Ashford Observation Notes	米拉·阿什福德观察笔记
Mira Calder	米拉·卡尔德
Mira Caldwell	米拉·考德威尔
Mira Chen	米拉·陈
Mira Galvez	米拉·加尔维斯
Mira Halbrook	米拉·哈尔布鲁克
Mira Halden	米拉·哈尔登
Mira Halvern	米拉·哈尔文
Mira Havel	米拉·哈维尔
Mira Hollis	米拉·霍利斯
Mira Kovacs	米拉·科瓦奇
Mira Kwan	米拉·关
Mira Salcedo	米拉·萨尔塞多
Mira Salgado	米拉·萨尔加多
Mira Solano	米拉·索拉诺
Morgan Ishida	摩根·石田
Mugisha "Vector" Nkurunziza	穆吉沙·"向量"·恩库伦齐扎
Mugisha "Vector" Nkurunziza Status Reports	穆吉沙·"向量"·恩库伦齐扎状态报告
Musa "Gravline" Nsubuga	穆萨·"重力线"·恩苏布加
Musa "Gravline" Nsubuga Travel Records	穆萨·"重力线"·恩苏布加旅行记录
Nadia "Vector" El-Baz	娜迪亚·"向量"·埃尔巴兹
Nadia "Vector" El-Baz Crew Notes	娜迪亚·"向量"·埃尔巴兹船员笔记
Nadia Cortez	娜迪亚·科尔特斯
Nadia Ellison	娜迪亚·埃里森
Nadia Harrow	娜迪亚·哈罗
Nadia Kestrel	娜迪亚·凯斯特雷尔
Nadia Korrigan	娜迪亚·科里根
Nadia Rourke	娜迪亚·鲁尔克
Nadia Serrano	娜迪亚·塞拉诺
Nadzeya "Signal" Rhee	娜杰娅·"信号"·李
Nadzeya "Signal" Rhee Activity Reports	娜杰娅·"信号"·李活动报告
Naledi Brant	娜莱迪·布兰特
Naomi Beltran	娜奥米·贝尔特兰
Naomi Calder	娜奥米·卡尔德
Naomi Carver	娜奥米·卡弗
Naomi Greaves	娜奥米·格里夫斯
Naomi Halberg	娜奥米·哈尔伯格
Naomi Kerrigan	娜奥米·凯里根
Naomi Kessel	娜奥米·凯塞尔
Naomi Kessel Activity Reports	娜奥米·凯塞尔活动报告
Naomi Khatri	娜奥米·卡特里
Naomi Kincaid	娜奥米·金凯德
Naomi Kwan	娜奥米·关
Naomi Park	娜奥米·帕克
Naomi Park Service Entries	娜奥米·帕克服役条目
Naomi Patel	娜奥米·帕特尔
Naomi Patel Overview	娜奥米·帕特尔概述
Naomi Reddick	娜奥米·雷迪克
Naomi Straker	娜奥米·斯特雷克
Naomi Vance	娜奥米·万斯
Naomi Varga	娜奥米·瓦尔加
Naomi Vargis	娜奥米·瓦尔吉斯
Naomi Verrick	娜奥米·维里克
Naomi Verrick Diary	娜奥米·维里克日记
Nasiba "Ledger" Rahmonova	纳西芭·"账本"·拉赫莫诺娃
Nasiba "Ledger" Rahmonova Service Entries	纳西芭·"账本"·拉赫莫诺娃服役条目
Nia Calder	妮娅·卡尔德
Nia Calder Notes	妮娅·卡尔德笔记
Nina Corbett	妮娜·科比特
Nina Halbrook	妮娜·哈尔布鲁克
Noah Bracken	诺亚·布拉肯
Noah Calder	诺亚·卡尔德
Noah Carrow	诺亚·卡罗
Noah Rhee	诺亚·李
Noah Rhee Crew Notes	诺亚·李船员笔记
Noah Varela	诺亚·瓦雷拉
Nora Vesk	诺拉·维斯克
Nyra Esquivel	奈拉·埃斯基维尔
Omar "Gravevector" Nassar	奥马尔·"坟墓向量"·纳萨尔
Omar "Gravevector" Nassar Mission Records	奥马尔·"坟墓向量"·纳萨尔任务记录
Oren Stavros	奥伦·斯塔夫罗斯
Owen Raddick	欧文·拉迪克
Owen Rasheed	欧文·拉希德
Prime Deckhands Engineer	精英甲板队工程师
Prime Deckhands Handler	精英甲板队领队
Prime Deckhands Mission Records	精英甲板队任务记录
Prime Deckhands Operator	精英甲板队操作员
Prime Deckhands Pilot	精英甲板队飞行员
Prime Deckhands Quartermaster	精英甲板队军需官
Primeway Flight Communications	精英航道飞行队通讯员
Primeway Flight Deckhand	精英航道飞行队甲板工
Primeway Flight Handler	精英航道飞行队领队
Primeway Flight Notes	精英航道飞行队笔记
Primeway Flight Steward	精英航道飞行队乘务长
Priya Desai	普里娅·德赛
Priya Desai Crew Notes	普里娅·德赛船员笔记
Priya Deshmukh	普里娅·德什穆克
Quinn Hargrove	奎因·哈格罗夫
Rafael "Dustback" Rivas	拉斐尔·"尘背"·里瓦斯
Rafael "Dustback" Rivas Operations Logs	拉斐尔·"尘背"·里瓦斯行动日志
Rafael "Ledger" Villalba	拉斐尔·"账本"·比利亚尔瓦
Rafael "Ledger" Villalba Recount	拉斐尔·"账本"·比利亚尔瓦记述
Rafael "Vector" Almeida	拉斐尔·"向量"·阿尔梅达
Rafael "Vector" Almeida Status Reports	拉斐尔·"向量"·阿尔梅达状态报告
Rafael Ivers	拉斐尔·艾弗斯
Rafael Mercer	拉斐尔·默瑟
Rafi Calder	拉菲·卡尔德
Rafiq "Vector" Sarin	拉菲克·"向量"·萨林
Rafiq "Vector" Sarin Daily Entries	拉菲克·"向量"·萨林每日条目
Rashid "Torque" Al-Haddad	拉希德·"扭矩"·阿尔-哈达德
Rashid "Torque" Al-Haddad Voyage Notes	拉希德·"扭矩"·阿尔-哈达德航行笔记
Raul Petrov	劳尔·彼得罗夫
Raya Mercer	拉娅·默瑟
Razor Strays Breaker	剃刀流浪帮破门手
Razor Strays Drifter	剃刀流浪帮漂泊者
Razor Strays Fixer	剃刀流浪帮掮客
Razor Strays Lookout	剃刀流浪帮望风者
Razor Strays Ripper	剃刀流浪帮撕裂者
Redshift Crew Gunner	红移船员炮手
Redshift Crew Handler	红移船员领队
Redshift Crew Hauler	红移船员搬运工
Redshift Crew Pilot	红移船员飞行员
Redshift Crew Prybar	红移船员撬棍手
Redshift Crew Spotter	红移船员观察手
Reese "Deadchannel" Hart	里斯·"死寂频道"·哈特
Reese "Deadchannel" Hart Crew Notes	里斯·"死寂频道"·哈特船员笔记
Rena Calder	蕾娜·卡尔德
Rena Vasquez	蕾娜·巴斯克斯
Renee Calder	蕾妮·卡尔德
Renee Kader	蕾妮·卡德尔
Renee Park	蕾妮·帕克
Renee Solano	蕾妮·索拉诺
Renna Vos	伦娜·沃斯
Rhea Calder	瑞亚·卡尔德
Rhea Callow	瑞亚·卡洛
Rhea Collins	瑞亚·柯林斯
Rhea Donnelly	瑞亚·唐纳利
Rhea Donnelly Ledger	瑞亚·唐纳利账册
Rhea Donovan	瑞亚·多诺万
Rhea Kallister	瑞亚·卡利斯特
Rhea Khatri	瑞亚·卡特里
Rhea Kostova	瑞亚·科斯托娃
Rhea Kozlova	瑞亚·科兹洛娃
Rhea Nakamori	瑞亚·中森
Rhea Navarro	瑞亚·纳瓦罗
Rhea Park	瑞亚·帕克
Rhea Park Notes	瑞亚·帕克笔记
Rhea Santoro	瑞亚·桑托罗
Rhea Solanki	瑞亚·索兰基
Rhea Vargan	瑞亚·瓦尔甘
Rhea Voss	瑞亚·沃斯
Rhea Voss Field Notes	瑞亚·沃斯野外笔记
Rhett Navarro	瑞特·纳瓦罗
Rhett Salgado	瑞特·萨尔加多
Rhys "Rivet" Vaughan	里斯·"铆钉"·沃恩
Rhys "Rivet" Vaughan Crew Notes	里斯·"铆钉"·沃恩船员笔记
Ria Calderon	瑞娅·卡尔德隆
Rian Kell	瑞安·凯尔
Rian Kovacs	瑞安·科瓦奇
Rian Merrow	瑞安·梅罗
Rico Dalhart	里科·达尔哈特
Rico Malloran	里科·马洛兰
Rico Navarrete	里科·纳瓦雷特
Rico Valdez	里科·巴尔迪兹
Rico Vance	里科·万斯
Rico Vardell	里科·瓦德尔
Rico Vargan	里科·瓦尔甘
Rik Halden	里克·哈尔登
Riley Korovin	莱利·科罗温
Riley Sandoval	莱利·桑多瓦尔
Riley Sato	莱利·佐藤
Riley Vance	莱利·万斯
Riley Voss	莱利·沃斯
Rin Calder	凛·卡尔德
Rina Calvert	丽娜·卡尔弗特
Rina Calvert Documentation	丽娜·卡尔弗特文件
Rina Kovarik	丽娜·科瓦里克
Rion Maddox	里昂·马多克斯
Riya Banerjee	瑞娅·班纳吉
Riya Banerjee Service Entries	瑞娅·班纳吉服役条目
Riya Calder	瑞娅·卡尔德
Riya Castell	瑞娅·卡斯特尔
Riya Halperin	瑞娅·哈尔佩林
Riya Kashyap	瑞娅·卡西亚普
Riya Kashyap Shift Reports	瑞娅·卡西亚普轮班报告
Riya Salazar	瑞娅·萨拉萨尔
Riya Sengupta	瑞娅·森古普塔
Roland Chao	罗兰·赵
Roland Chao Recordings	罗兰·赵录音
Ronan Havel	罗南·哈维尔
Ronan Kade	罗南·凯德
Ronan Keats	罗南·济慈
Ronan Slade	罗南·斯莱德
Ronan Vale	罗南·维尔
Ronan Vickers	罗南·维克斯
Rosa Velez	罗莎·贝莱斯
Rowan Creed	罗文·克里德
Rowan Detmer	罗文·德特默
Rowan Harker	罗文·哈克
Rowan Kade	罗文·凯德
Roxana Vale	罗克珊娜·维尔
Ruben Calvert	鲁本·卡尔弗特
Rustbelt Scrappers Diver	锈带拆解队潜水员
Rustbelt Scrappers Jumper	锈带拆解队跳跃者
Rustbelt Scrappers Ropper	锈带拆解队套索手
Rustbelt Scrappers Slicer	锈带拆解队解码手
Rustbelt Scrappers Stripper	锈带拆解队拆解手
Rylan Corsen	莱兰·科森
Rylan Corsen Daily Entries	莱兰·科森每日条目
Rylan Mercer	莱兰·默瑟
Rylan Merrow	莱兰·梅罗
Rylan Vance	莱兰·万斯
Sabine Kellar	萨宾·凯拉
Sabine Keller	萨宾·凯勒
Sable Cortez	赛博尔·科尔特斯
Sable Rourke	赛博尔·鲁尔克
Sable Rourke Observation Notes	赛博尔·鲁尔克观察笔记
Sara Holloway	莎拉·霍洛威
Sara Kadecna	莎拉·卡德克纳
Sara Kovacs	莎拉·科瓦奇
Sara Mendel	莎拉·门德尔
Scrapstar Haulers Lookout	废星运输队望风者
Scrapstar Haulers Stripper	废星运输队拆解手
Scrapstar Haulers Torch	废星运输队焊枪手
Second Flight Analyst	第二飞行队分析师
Second Flight Medic	第二飞行队医疗兵
Second Flight Navigator	第二飞行队领航员
Second Flight Specialist	第二飞行队专家
Second Flight Summary	第二飞行队摘要
Selene Armitage	塞勒涅·阿米蒂奇
Selene Armitage Summary	塞勒涅·阿米蒂奇摘要
Selene Carver	塞勒涅·卡弗
Selene Marris	塞勒涅·马里斯
Selene Park	塞勒涅·帕克
Selene Park Duty Journals	塞勒涅·帕克值勤日志集
Sera Halden	塞拉·哈尔登
Sera Mallin	塞拉·马林
Serena Falk	塞蕾娜·福尔克
Serena Falk Personal Records	塞蕾娜·福尔克个人记录
Serena Holt	塞蕾娜·霍尔特
Serena Locke	塞蕾娜·洛克
Serena Valdez	塞蕾娜·巴尔迪兹
Shattered Harvesters Handler	破碎收割者领队
Shattered Harvesters Mapper	破碎收割者测绘员
Shattered Harvesters Scanner	破碎收割者扫描员
Shattered Scrappers Gunner	破碎拆解帮炮手
Shattered Scrappers Hauler	破碎拆解帮搬运工
Shattered Scrappers Prybar	破碎拆解帮撬棍手
Shattered Scrappers Rigger	破碎拆解帮装配工
Shattered Scrappers Scanner	破碎拆解帮扫描员
Shattered Scrappers Scout	破碎拆解帮斥候
Sienna Korrigan	西耶娜·科里根
Sienna Park	西耶娜·帕克
Silas Okoye	赛拉斯·奥科耶
Silas Okoye Shipboard Records	赛拉斯·奥科耶舰载记录
Silk Collective Broker	丝绸联合体经纪人
Silk Collective Enforcer	丝绸联合体打手
Silk Collective Fixer	丝绸联合体掮客
Silk Collective Lookout	丝绸联合体望风者
Slick Lowborn Mixer	滑头下等人调音师
Slick Lowborn Runner	滑头下等人跑腿
Slip Girls Breaker	滑流女孩破门手
Slip Girls Drifter	滑流女孩漂泊者
Slip Girls Keeper	滑流女孩看守
Slip Girls Sniper	滑流女孩狙击手
Sofia Delane	索菲亚·德莱恩
Sofia Marquez	索菲亚·马尔克斯
Sofia Trent	索菲亚·特伦特
Spark Serpents Cook	火花蛇帮厨师
Spark Serpents Dealer	火花蛇帮毒贩
Spark Serpents Hacker	火花蛇帮黑客
Spark Serpents Ripper	火花蛇帮撕裂者
Spark Serpents Smuggler	火花蛇帮走私者
Spire Skulls Lookout	尖塔骷髅望风者
Spire Skulls Runner	尖塔骷髅跑腿
Spire Skulls Slicer	尖塔骷髅解码手
Spire Skulls Watcher	尖塔骷髅守望者
Spire Wreckers Drifter	尖塔破坏者漂泊者
Spire Wreckers Gunner	尖塔破坏者炮手
Spire Wreckers Lookout	尖塔破坏者望风者
Standard Wing Analyst	标准翼队分析师
Standard Wing Coordinator	标准翼队协调员
Standard Wing Crew Journals	标准翼队船员日志集
Standard Wing Engineer	标准翼队工程师
Standard Wing Medic	标准翼队医疗兵
Standard Wing Pilot	标准翼队飞行员
Starbreak Salvors Lookout	破星打捞队望风者
Starbreak Salvors Ropper	破星打捞队套索手
Starbreak Salvors Spotter	破星打捞队观察手
Starbreak Salvors Tech	破星打捞队技师
Static Hackers Lookout	静电黑客望风者
Static Hackers Scout	静电黑客斥候
Static Hackers Smuggler	静电黑客走私者
Static Line Ghost	静电线幽灵
Static Line Pusher	静电线药贩
Static Line Sentry	静电线哨兵
Synth Specters Hacker	合成幽灵黑客
Synth Specters Lookout	合成幽灵望风者
Synth Specters Scout	合成幽灵斥候
Synth Specters Skimmer	合成幽灵掠行者
Synth Specters Smuggler	合成幽灵走私者
Talia Morrow	塔莉亚·莫罗
Talia Rhee	塔莉亚·李
Talia Serrano	塔莉亚·塞拉诺
Talon Mercer	塔隆·默瑟
Talon Mercer Observation Notes	塔隆·默瑟观察笔记
Tamsin Harlow	塔姆辛·哈洛
Tanya Kwan	坦尼娅·关
Tara Imani	塔拉·伊玛尼
Tara Mendez	塔拉·门德斯
Tariq "Vector" Al-Sayeed	塔里克·"向量"·阿尔-萨义德
Tariq "Vector" Al-Sayeed Diary	塔里克·"向量"·阿尔-萨义德日记
Tess Marlowe	泰丝·马洛
Tessa Crowley	泰莎·克劳利
Tessa Marlow	泰莎·马洛
Tessa Marlowe	泰莎·马洛
Tessa Morane	泰莎·莫兰
Tessa Morrell	泰莎·莫雷尔
Tessa Valen	泰莎·瓦伦
Tessa Valen Field Notes	泰莎·瓦伦野外笔记
Thalia "Vector" Kouris	塔莉亚·"向量"·库里斯
Thalia "Vector" Kouris Duty Journals	塔莉亚·"向量"·库里斯值勤日志集
Tiana "Gravlock" Rolle	蒂安娜·"重力锁"·罗尔
Tiana "Gravlock" Rolle Shift Reports	蒂安娜·"重力锁"·罗尔轮班报告
Tomas Aguilar	托马斯·阿吉拉尔
Tomas Calder	托马斯·卡尔德
Tomas Calder Recount	托马斯·卡尔德记述
Tomas Graye	托马斯·格雷
Tomas Havel	托马斯·哈维尔
Tural "Vector" Aliyev	图拉尔·"向量"·阿利耶夫
Tural "Vector" Aliyev Service Entries	图拉尔·"向量"·阿利耶夫服役条目
Tycho Reddan	泰科·雷丹
Tycho Reddan Diary	泰科·雷丹日记
Unity Specialists Handler	联合专家队领队
Unity Specialists Navigator	联合专家队领航员
Unity Specialists Observer	联合专家队观察员
Unity Specialists Quartermaster	联合专家队军需官
Unity Specialists Shipboard Records	联合专家队舰载记录
Unity Specialists Technician	联合专家队技术员
Vacuum Pryers Foreman	真空撬棍队工头
Vacuum Pryers Handler	真空撬棍队领队
Vacuum Pryers Mapper	真空撬棍队测绘员
Vacuum Pryers Rigger	真空撬棍队装配工
Vahagn "Rivet" Sarkisyan	瓦哈格恩·"铆钉"·萨尔基相
Vahagn "Rivet" Sarkisyan Overview	瓦哈格恩·"铆钉"·萨尔基相概述
Valeria "Vector" Quispe	瓦莱里娅·"向量"·基斯佩
Valeria "Vector" Quispe Summary	瓦莱里娅·"向量"·基斯佩摘要
Vapor Drifters Ghost	蒸汽漂流者幽灵
Vapor Drifters Mixer	蒸汽漂流者调音师
Vapor Drifters Sentry	蒸汽漂流者哨兵
Victor Ansel	维克多·安塞尔
Victor Haines	维克多·海恩斯
Victor Haines Crew Journals	维克多·海恩斯船员日志集
Victor Halden	维克多·哈尔登
Victor Halden Personal Records	维克多·哈尔登个人记录
Victor Hanley	维克多·汉利
Victor Hanley Travel Records	维克多·汉利旅行记录
Victor Langley	维克多·兰利
Vittoria "Rivet" Moretti	维托丽娅·"铆钉"·莫雷蒂
Vittoria "Rivet" Moretti Voyage Notes	维托丽娅·"铆钉"·莫雷蒂航行笔记
Voltage Hackers Gunner	电压黑客炮手
Voltage Hackers Pusher	电压黑客药贩
Voltage Hackers Reaper	电压黑客收割者
Voltage Hackers Ripper	电压黑客撕裂者
Voltage Hackers Scout	电压黑客斥候
Voltage Hackers Skimmer	电压黑客掠行者
Yael "Catalyst" Ben-Ami	亚埃尔·"催化剂"·本-阿米
Yael "Catalyst" Ben-Ami Summary	亚埃尔·"催化剂"·本-阿米摘要
Zuri "Vector" Msuya	祖里·"向量"·姆苏亚
Zuri "Vector" Msuya Summary	祖里·"向量"·姆苏亚摘要
Hullborn Collective Crew Notes	舱生联合体船员笔记
Green Corridor Draft	绿色走廊草案
Ghost Lines of Triage	分诊幽灵航线
Triage Route Manifest	分诊航线舱单
Ghosts in the Wiring	线路里的幽灵
Echoes In The Grid	网格中的回响
Stolen Corridor Chain	失窃走廊链
Forked Vector Cache	分叉向量缓存
Grav Echo Ledger	重力回响账册
Bent Vectors	扭曲向量
Grave Spin Ledger	墓旋账册
Test Mission Slate	测试任务数据板
Test Info  Mission Slate	测试信息 任务数据板
Space Quest Test	太空任务测试
Lore Book	传说书
Kade Pocket Ledger	凯德袖珍账册
Whispers Beyond the Manifests	舱单之外的私语
Aegis Shadow Trace	神盾暗影踪迹
Feral Lancers Summary	野人枪骑兵摘要
Broken Grid Handshake	断裂网格握手
Whispers Between Jump Points	跃迁点之间的私语
Fractured Regiment Ledger	破碎团账册
Ghosts in the Supply Lines	补给线上的幽灵
Borderline Routing Log	临界航线日志
Renegade Guard Overview	叛徒卫队概述
Gravepack Relay Whispers	墓团中继私语
Gravline On The Wire	线路上的重力线
Gravline Route Index	重力线路线索引
Disavowed Guard Activity Reports	被否卫队活动报告
Mesh Trace Index	网格踪迹索引
Forsaken Regiment Crew Notes	被弃团船员笔记
Ghost In The Lanes	航线中的幽灵
Bloodied Phalanx Documentation	血染方阵文件
Aegis Drift Log	神盾漂流日志
Storms Bought In Silence	无声换来的风暴
Stormbroker Contract Notes	风暴经纪人合同笔记
Orbit Of Buried Truth	埋葬真相的轨道
Ghost Lane Audit	幽灵航线审计
Echo Fork Registry	回响分叉名录
Echo Vector Ledger	回响向量账册
Graves Along The Vectors	向量沿线的坟墓
Scorched Manifest	焦痕舱单
Stolen Vector Tablet	失窃向量石板
Diego "Vector" Arancibia Daily Entries	迭戈·"向量"·阿兰西比亚每日条目
Graves Along The Lanes	航线沿线的坟墓
Salvage Crown Syndicate Statement	打捞王冠辛迪加陈述
Iron Unit Statement	钢铁单位陈述
Wayward Taskforce Voyage Notes	任性特遣队航行笔记
Neon Ledger Lines	霓虹账册航线
Echoes On The Ridge	山脊上的回响
Thermal Drift Log	热漂流日志
Silent Drift Manifest	静默漂流舱单
Graveyard Burn Itinerary	墓场焚毁行程表
Fold Inversion Path	折叠反转路径
Graveyard Salvagers Operations Logs	墓场打捞队行动日志
Nullspace Salvagers Shipboard Records	空域打捞队舰载记录
Ledger Spiral Map	账册螺旋地图
Cinderfield Syndicate Mission Notes	焦原辛迪加任务笔记
Whispers In The Lanes	航线中的私语
Grim Cohort Ledger	冷酷大队账册
Outcast Detail Daily Entries	被逐分队每日条目
Breakaway Strike Group Overview	分裂打击群概述
Collateral Drift Manifest	抵押漂流舱单
Throat Of Neon	霓虹之喉
Dryline Manifolds Index	干线城市群索引
Ghost Window Chart	幽灵窗口图表
Ghosts Between the Lanes	航线之间的幽灵
Silent Vector	静默向量
Grey Track Manifold	灰色轨迹流形
Mutineer Platoon Notes	叛变排笔记
Grid Ghost Logs	网格幽灵日志
Haunted Corridors	闹鬼走廊
Aegis Shadow Routes	神盾暗影航线
Offset Transit Log	偏移过境日志
Echoes In The Lanes	航线中的回响
Gravline Audit Ledger	重力线审计账册
Phantom Corridor Logs	幻影走廊日志
Null Window Briefing	空窗简报
Bent Lanes Silent Signals	扭曲航线静默信号
Discarded Route Shard	被弃路线残片
Mutineer Division Travel Records	叛变师旅行记录
Black Drift Recovery Team Mission Notes	黑漂流回收小队任务笔记
Diego "Vector" Salazar Notes	迭戈·"向量"·萨拉萨尔笔记
Neglected Drift Logs	被忽略的漂流日志
Convergence Relay Log	汇聚中继日志
Deadline Guard Summary	死线卫队摘要
Dead Ledger Rising	死账册复苏
Relay Ghost Log	中继幽灵日志
Drift Into Catastrophe	漂流至灾难
Spiral Drift Log	螺旋漂流日志
Vector Fork Log	向量分叉日志
Paperwork to Nowhere	通往虚无的文牍
Redacted Lancers Daily Entries	隐去枪骑兵每日条目
Cold Brace Manifest	冷支架舱单
Whispers In The Circuit	电路中的私语
Drifting Clinic Log	漂流诊所日志
Salvage Crown Union Diary	打捞王冠工会日记
Shadow In The Framework	框架中的暗影
Grav Shadow Log	重力暗影日志
Crates On Lost Lanes	失落航线上的货箱
Frontier Drift Ledger	边境漂流账册
Dead Seed Ledger	死种账册
Duststorm Freight Ledger	尘暴货运账册
Paper Ghost Lanes	纸幽灵航线
Fragments In The Dark	黑暗中的残片
Blind Corridor Ledger	盲走廊账册
Windowmaker Drift Log	开窗者漂流日志
Whispers In The Grav\n\n	重力中的私语\n\n
Cheyenne Vector Log	夏延向量日志
Shadow On The Manifests	舱单上的暗影
Whispers In The Manifolds	流形中的私语
Ghost Corridor Index	幽灵走廊索引
Gravestone Claim Jumpers Crew Notes	墓碑抢矿队船员笔记
Lost Legion Crew Journals	失落军团船员日志集
Ghostlane Cargo Index	幽灵航线货运索引
Whispers on Dead Lanes	死航线上的私语
Quiet Yard Manifest	静默堆场舱单
Off-Axis Origin	离轴原点
Nameless Trails to Nowhere	通往虚无的无名轨迹
Silent Vector Brief	静默向量简报
Blind Airpath Logs	盲航路日志
Sundered Commandos Work Entries	断裂突击队工作条目
Echo Ledger Route	回响账册路线
Ghostlines In Transit	运输中的幽灵线
Echo Uplink Route	回响上行路线
Silent Vector Anomaly	静默向量异常
Phantom Corridor Slate	幻影走廊数据板
Cheyenne Approach Fragment	夏延接近残片
Echoes In The Void	虚空中的回响
Ghost Corridor Origins	幽灵走廊起源
Echoes In The Manifests	舱单中的回响
Overwatch Vector Trace	守望向量踪迹
Scrapline Breakers Status Reports	废料线破门队状态报告
Ghosts Between The Stars	星辰之间的幽灵
Ghostlane Access Log	幽灵航线访问日志
Null Vector Ledger	空向量账册
Ghost In The Manifests	舱单中的幽灵
Broken Vector Playbook	断裂向量行动手册
Dead Orbit Collective Duty Records	死轨联合体值勤记录
Turnpoint Claim Ledger	转折点索取账册
Ghost Inbound Traffic	幽灵入境流量
Ghost Salvage Log	幽灵打捞日志
Edge Of Harmonics	谐波边缘
Anchor Drift Log	锚点漂流日志
Moonside Manifest Fragments	月面舱单残片
Blacklisted Unit Documentation	列入黑名单单位文件
Whispers At The Stormline	风暴线上的私语
Twin Storm Corridors	双子风暴走廊
Grav Shear Ledger	重力剪切账册
Camila "Vector" Rojas Diary	卡米拉·"向量"·罗哈斯日记
First Threads Drawn	初绘的线
Shadow Route Ledger	暗影路线账册
Split Route Ledger	分岔路线账册
Graveyard Ledger Trail	墓场账册踪迹
Forsaken Shock Troop Voyage Notes	被弃突击队航行笔记
Graveyard Route Ledger	墓场路线账册
Minor Variance	微小偏差
Variance Drift Log	偏差漂流日志
Dead Orbit Claim Jumpers Status Reports	死轨抢矿队状态报告
Trail Of Bent Horizons	扭曲地平线之路
Obsidian Squadron Shift Reports	黑曜中队轮班报告
Exiled Company Transcript	流放连文字记录
Black Drift Union Recount	黑漂流工会记述
Relay Spine Schema	中继脊图式
Redrawn Lanes	重绘的航线
Quiet Grid Schematic	静默网格图式
Contracted Drift Signals	签约漂流信号
Grav Echo Slate	重力回响数据板
Silent Corrections	静默修正
Highland Shadow Ping	高地暗影脉冲
Vector Route Archive	向量路线档案
Quiet Triage Echoes	静默分诊回响
Shadow In The Jump	跃迁中的暗影
Shadow Asset Log	暗影资产日志
Outcast Phalanx Overview	被逐方阵概述
Grave Signal Drift	墓信号漂流
Split Corridor Manifest	分岔走廊舱单
Echoes In The Buffer	缓冲区中的回响
Crossroads of Silent Routes	静默路线交叉口
Vector Drift Log	向量漂流日志
Outcast Platoon Observation Notes	被逐排观察笔记
Grav-Shadow Echo	重力暗影回响
Red Beacon Collective Field Notes	红信标联合体野外笔记
Sundered Company Field Notes	断裂连野外笔记
Echoes In The Drift	漂流中的回响
Redacted Taskforce Recordings	隐去特遣队录音
Redacted Squadron Personal Records	隐去中队个人记录
Silent Exit Ledger	静默出口账册
Bloodied Unit Summary	血染单位摘要
Silent Harvest Signals	静默收割信号
Tidal Route Index	潮汐路线索引
Outcast Cohort Summary	被逐大队摘要
Soft Singularity	软奇点
Mutineer Division Field Notes	叛变师野外笔记
Spin-Balance Manifest	旋衡舱单
Whispers Along The Drift	漂流沿线的私语
Fractured Phalanx Status Reports	破碎方阵状态报告
Periapsis Route Ledger	近拱点路线账册
Ghost Lanes Awakening	幽灵航线觉醒
Graveyard Signal	墓场信号
Gravemarked Routes	坟标航线
Junkstar Scavengers Ship Notes	废星拾荒者舰上笔记
Grave Lattice Ledger	墓格账册
Gravities Of Omission	疏漏的重力
Interference Flight Archive	干扰飞行档案
Ghostlines First Echo	幽灵线首次回响
Kryx Return Path	克里克斯返航路径
Storm Table Fragment	风暴表残片
Ghosts In The Grid	网格中的幽灵
Threshold Yield Patterns	阈限产出模式
Dust-Shifted Lanes	尘移航线
Paper Ships	纸船
Shadow Manifests	暗影舱单
Tangent Relay Log	切线中继日志
Corridors of Vanished Light	消失之光走廊
Dishonored Detachment Ship Notes	受辱分队舰上笔记
Nullspace Scavengers Travel Records	空域拾荒者旅行记录
Zero Point Itinerary	零点行程表
Vectors In The Glow	辉光中的向量
Stormlines Of Omission	疏漏的风暴线
Dust Haze Corridor	尘霾走廊
Camila "Vector" Moreira Memoranda	卡米拉·"向量"·莫雷拉备忘录
Spiral Across the Stars	跨星螺旋
Spiral Dispatch Log	螺旋调度日志
Shadow Registry Map	暗影名录地图
Graveyard Signal Silence	墓场信号静默
Nullwake Load Schedule	空尾航载货日程表
Diego "Vector" Quiroga Statement	迭戈·"向量"·基罗加陈述
Silent Vectors	静默向量
Abort Horizon Log	中止地平线日志
Derelict Claim Jumpers Service Entries	弃船抢矿队服役条目
Ghost Corridor Log	幽灵走廊日志
Silent Routes Awakening	静默路线觉醒
Quiet Manifests Ledger	静默舱单账册
Silent Harbor Ledger	静默港湾账册
Gravelight Drift Log	墓光漂流日志
Graveyard Signal Theft	墓场信号失窃
Graveyard Route Index	墓场路线索引
Lies In The Lanes	航线中的谎言
Twinband Route Cache	双带路线缓存
Convergent Route Schema	汇聚路线图式
Bent Orbits Whisper	扭曲轨道低语
Driftlines In The Ledger	账册中的漂流线
Redacted Division Field Notes	隐去师野外笔记
Gravelight Balance Ledger	墓光平衡账册
Lanes Gone Silent	归于静默的航线
Silent Convoy Log	静默船队日志
Gravshadow at the Edge	边缘的重力暗影
First Wound On The Map	地图上的第一道伤口
Whispers In Thin Air	稀薄空气中的私语
Vanished Pilgrims Ledger	消失朝圣者账册
Dual Vector Manifest	双向量舱单
Bloodied Platoon Documentation	血染排文件
Drift Between The Lines	行间漂移
Silent Fireteam Duty Records	静默火力组值勤记录
Whispers In The Gale	狂风中的私语
Storm Echo Log	风暴回响日志
Quiet Eye Vector	静眼向量
Breakaway Taskforce Service Entries	分裂特遣队服役条目
Dead Orbit Breakers Work Entries	死轨破门队工作条目
Black Drift Syndicate Field Notes	黑漂流辛迪加野外笔记
Blueglass Access Path	蓝玻璃访问路径
Obsidian Regiment Mission Records	黑曜团任务记录
Whispers Before The Storm	风暴前的私语
Storm-Track Field Log	风暴轨迹野外日志
Second Horizon Fieldnotes	第二地平线野外笔记
Rogue Unit Crew Notes	恶棍小队船员笔记
Margins Of Treason	叛国的边缘
Catalyst of Silent Harvest	静默收割的催化剂
Sanctuary Yield Ledger	庇护所产出账册
Last Window Chart	最后窗口图表
Ghost Lines Uncharted	未标注的幽灵线
Drift Corridor Sketch	漂流走廊草图
Whispers In The Air	空中的私语
Silent Yard Ledger	静默堆场账册
Whispers On The Line	线上的私语
Silent Routes Rising	静默路线兴起
Underwriter Access Kernel	承保人访问核心数据
Diego "Vector" Arancibia	迭戈·"向量"·阿兰西比亚
Diego "Vector" Salazar	迭戈·"向量"·萨拉萨尔
Camila "Vector" Rojas	卡米拉·"向量"·罗哈斯
Diego "Vector" Quiroga	迭戈·"向量"·基罗加
Camila "Vector" Moreira	卡米拉·"向量"·莫雷拉
Destroy the <Alias=BountyTarget> At <Alias=DungeonLocation>	在<Alias=DungeonLocation>摧毁<Alias=BountyTarget>
Destroy the <Alias=PrimaryRef> At <Alias=TargetPlanetLocation>	在<Alias=TargetPlanetLocation>摧毁<Alias=PrimaryRef>
Locate the <Alias=BountyTarget> At <Alias=DungeonLocation>	在<Alias=DungeonLocation>找到<Alias=BountyTarget>
Locate the <Alias=BountyTarget> At Akila City Spaceport	在阿基拉城太空港找到<Alias=BountyTarget>
Locate the <Alias=BountyTarget> At Akila City The Stretch	在阿基拉城延伸区找到<Alias=BountyTarget>
Locate the <Alias=BountyTarget> At Cydonia Central Hub	在赛多尼亚中央枢纽找到<Alias=BountyTarget>
Locate the <Alias=BountyTarget> At Cydonia Residential Level	在赛多尼亚住宅层找到<Alias=BountyTarget>
Locate the <Alias=BountyTarget> At Gagarin Landing	在加加林着陆点找到<Alias=BountyTarget>
Locate the <Alias=BountyTarget> At HopeTown	在霍普镇找到<Alias=BountyTarget>
Locate the <Alias=BountyTarget> At Neon Astrall Lounge	在霓虹城星光酒廊找到<Alias=BountyTarget>
Locate the <Alias=BountyTarget> At Neon Core	在霓虹城核心找到<Alias=BountyTarget>
Locate the <Alias=BountyTarget> At Neon Ebbside	在霓虹城埃布赛德找到<Alias=BountyTarget>
Locate the <Alias=BountyTarget> At Neon Rooftops	在霓虹城屋顶找到<Alias=BountyTarget>
Locate the <Alias=BountyTarget> At Neon Ryujin HQ	在霓虹城龙神总部找到<Alias=BountyTarget>
Locate the <Alias=BountyTarget> At Neon Starport	在霓虹城星港找到<Alias=BountyTarget>
Locate the <Alias=BountyTarget> At Neon Underbelly	在霓虹城底层找到<Alias=BountyTarget>
Locate the <Alias=BountyTarget> At New Atlantis	在新亚特兰蒂斯城找到<Alias=BountyTarget>
Locate the <Alias=BountyTarget> At New Homestead	在新家园找到<Alias=BountyTarget>
Locate the <Alias=BountyTarget> At Red Mile	在红里找到<Alias=BountyTarget>
Locate the <Alias=BountyTarget> At The Clinic	在星际诊所号找到<Alias=BountyTarget>
Locate the <Alias=BountyTarget> At The Den	在巢穴站找到<Alias=BountyTarget>
Locate the <Alias=BountyTarget> At The Well	在深井区找到<Alias=BountyTarget>
Locate the <Alias=BountyTarget> At Waggoner Farm	在瓦戈纳农场找到<Alias=BountyTarget>
Locate the <Alias=PrimaryRef> At <Alias=TargetPlanetLocation>	在<Alias=TargetPlanetLocation>找到<Alias=PrimaryRef>
Make A Choice	做出选择
Read the Aegis Drift Log from Mason Kade	从梅森·凯德处阅读神盾漂流日志
Read the Aegis Shadow Routes from Kade Morrell	从凯德·莫雷尔处阅读神盾暗影航线
Read the Aegis Shadow Trace from Mira Calder	从米拉·卡尔德处阅读神盾暗影踪迹
Read the Blind Airpath Logs from Ruben Calvert	从鲁本·卡尔弗特处阅读盲航路日志
Read the Blueglass Access Path from Kayla Rourke	从卡伊拉·鲁尔克处阅读蓝玻璃访问路径
Read the Broken Grid Handshake from Ronan Havel	从罗南·哈维尔处阅读断裂网格握手
Read the Broken Vector Playbook from Lena Corbett	从莉娜·科比特处阅读断裂向量行动手册
Read the Cheyenne Approach Fragment from Lena Corbett	从莉娜·科比特处阅读夏延接近残片
Read the Convergence Relay Log from Jaxon Mire	从杰克森·米尔处阅读汇聚中继日志
Read the Discarded Route Shard from Nadia Serrano	从娜迪亚·塞拉诺处阅读被弃路线残片
Read the Drifting Clinic Log from Mara Quintero	从玛拉·金特罗处阅读漂流诊所日志
Read the Dryline Manifolds Index from Cole Varron	从科尔·瓦伦处阅读干线城市群索引
Read the Dual Vector Manifest from Nadia Harrow	从娜迪亚·哈罗处阅读双向量舱单
Read the Duststorm Freight Ledger from Nadia Cortez	从娜迪亚·科尔特斯处阅读尘暴货运账册
Read the Echo Fork Registry from Calen Rourke	从卡伦·鲁尔克处阅读回响分叉名录
Read the Forked Vector Cache from Rico Vargan	从里科·瓦尔甘处阅读分叉向量缓存
Read the Ghost Corridor Index from Lena Corbett	从莉娜·科比特处阅读幽灵走廊索引
Read the Ghost Corridor Log from Davin Kordel	从达文·科德尔处阅读幽灵走廊日志
Read the Ghost Window Chart from Kara Vescovi	从卡拉·韦斯科维处阅读幽灵窗口图表
Read the Ghostlane Access Log from Lena Vorchak	从莉娜·沃尔查克处阅读幽灵航线访问日志
Read the Grav Shadow Log from Tessa Crowley	从泰莎·克劳利处阅读重力暗影日志
Read the Grave Lattice Ledger from Darren Kopec	从达伦·科佩茨处阅读墓格账册
Read the Gravelight Drift Log from Rena Vasquez	从蕾娜·巴斯克斯处阅读墓光漂流日志
Read the Graveyard Route Ledger from Kade Mercer	从凯德·默瑟处阅读墓场路线账册
Read the Gravline Route Index from Riley Vance	从莱利·万斯处阅读重力线路线索引
Read the Grid Ghost Logs from Ria Calderon	从瑞娅·卡尔德隆处阅读网格幽灵日志
Read the Highland Shadow Ping from Lena Corbett	从莉娜·科比特处阅读高地暗影脉冲
Read the Interference Flight Archive from Marla Keswick	从玛尔拉·凯西克处阅读干扰飞行档案
Read the Kade Pocket Ledger from Jace Morales	从杰斯·莫拉莱斯处阅读凯德袖珍账册
Read the Ledger Spiral Map from Kellan Duarte	从凯兰·杜阿尔特处阅读账册螺旋地图
Read the Mesh Trace Index from Nadia Korrigan	从娜迪亚·科里根处阅读网格踪迹索引
Read the Moonside Manifest Fragments from Rico Malloran	从里科·马洛兰处阅读月面舱单残片
Read the Overwatch Vector Trace from Rico Navarrete	从里科·纳瓦雷特处阅读守望向量踪迹
Read the Phantom Corridor Logs from Sabine Kellar	从萨宾·凯拉处阅读幻影走廊日志
Read the Phantom Corridor Slate from Rhea Kozlova	从瑞亚·科兹洛娃处阅读幻影走廊数据板
Read the Quiet Manifests Ledger from Lena Corbett	从莉娜·科比特处阅读静默舱单账册
Read the Relay Ghost Log from Rhea Santoro	从瑞亚·桑托罗处阅读中继幽灵日志
Read the Second Horizon Fieldnotes from Darren Kovacs	从达伦·科瓦奇处阅读第二地平线野外笔记
Read the Shadow Asset Log from Kade Mercer	从凯德·默瑟处阅读暗影资产日志
Read the Shadow Manifests from Calen Rourke	从卡伦·鲁尔克处阅读暗影舱单
Read the Shadow Route Ledger from Darius Foyle	从达里乌斯·福伊尔处阅读暗影路线账册
Read the Silent Harbor Ledger from Naomi Varga	从娜奥米·瓦尔加处阅读静默港湾账册
Read the Silent Vector Brief from Calen Dravos	从卡伦·德拉沃斯处阅读静默向量简报
Read the Spiral Dispatch Log from Lena Corbett	从莉娜·科比特处阅读螺旋调度日志
Read the Split Corridor Manifest from Kara Veldt	从卡拉·维尔特处阅读分岔走廊舱单
Read the Split Route Ledger from Nina Corbett	从妮娜·科比特处阅读分岔路线账册
Read the Stolen Corridor Chain from Kane Madrigal	从凯恩·马德里加尔处阅读失窃走廊链
Read the Stolen Vector Tablet from Damon Kellan	从达蒙·凯兰处阅读失窃向量石板
Read the Storm Echo Log from Rosa Velez	从罗莎·贝莱斯处阅读风暴回响日志
Read the Storm-Track Field Log from Rico Dalhart	从里科·达尔哈特处阅读风暴轨迹野外日志
Read the Tangent Relay Log from Kara Delvecchio	从卡拉·德尔维奇奥处阅读切线中继日志
Read the Thermal Drift Log from Ethan Marrow	从伊桑·马罗处阅读热漂流日志
Read the Tidal Route Index from Kara Mendoza	从卡拉·门多萨处阅读潮汐路线索引
Read the Twinband Route Cache from Kara Delvecchio	从卡拉·德尔维奇奥处阅读双带路线缓存
Read the Vanished Pilgrims Ledger from Rhea Calder	从瑞亚·卡尔德处阅读消失朝圣者账册
Read the Variance Drift Log from Rico Valdez	从里科·巴尔迪兹处阅读偏差漂流日志
Read the Vector Drift Log from Kellan Ortiz	从凯兰·奥尔蒂斯处阅读向量漂流日志
Read the Vector Fork Log from Kara Mireles	从卡拉·米雷莱斯处阅读向量分叉日志
Recover the <Alias=BountyTarget> At <Alias=DungeonLocation>	在<Alias=DungeonLocation>找回<Alias=BountyTarget>
Recover the Abort Horizon Log from the PX-3446	从PX-3446处找回中止地平线日志
Recover the Anchor Drift Log from the GC-5222 Stockwind	从GC-5222 存风处找回锚点漂流日志
Recover the Blind Corridor Ledger from the Seamender AX-6874	从缝海者 AX-6874处找回盲走廊账册
Recover the Blind Corridor Ledger from the Tidewalker TA-7207	从潮行者 TA-7207处找回盲走廊账册
Recover the Borderline Routing Log from the Widebeam AX-1562	从宽带 AX-1562处找回临界航线日志
Recover the Cheyenne Vector Log from the GC-8466 Depositron	从GC-8466 储蓄者处找回夏延向量日志
Recover the Cold Brace Manifest from the OM-2098	从OM-2098处找回冷支架舱单
Recover the Collateral Drift Manifest from the FR-4274 Dustlance	从FR-4274 尘枪处找回抵押漂流舱单
Recover the Convergent Route Schema from the LX-6790	从LX-6790处找回汇聚路线图式
Recover the Drift Corridor Sketch from the Deepwater LT-7924	从深水 LT-7924处找回漂流走廊草图
Recover the Dust Haze Corridor from the Ironkeel TR-5394	从铁龙骨 TR-5394处找回尘霾走廊
Recover the Echo Ledger Route from the Starborne TA-3154	从星裔 TA-3154处找回回响账册路线
Recover the Echo Uplink Route from the Starwharf AX-3779	从星码头 AX-3779处找回回响上行路线
Recover the Echo Vector Ledger from the Skyclipper TA-1174	从天帆船 TA-1174处找回回响向量账册
Recover the Fold Inversion Path from the PX-15	从PX-15处找回折叠反转路径
Recover the Frontier Drift Ledger from the Silverwake AX-1824	从银尾流 AX-1824处找回边境漂流账册
Recover the Grav Echo Ledger from the YP-4360	从YP-4360处找回重力回响账册
Recover the Grav Echo Slate from the PX-9199	从PX-9199处找回重力回响数据板
Recover the Grav Shear Ledger from the PX-7708	从PX-7708处找回重力剪切账册
Recover the Grave Spin Ledger from the CB-6735 Trustsphere	从CB-6735 信球处找回墓旋账册
Recover the Gravelight Balance Ledger from the LX-2547	从LX-2547处找回墓光平衡账册
Recover the Graveyard Burn Itinerary from the JN-7547	从JN-7547处找回墓场焚毁行程表
Recover the Graveyard Route Index from the FX-1555	从FX-1555处找回墓场路线索引
Recover the Gravline Audit Ledger from the LF-2357 Highnoon	从LF-2357 正午处找回重力线审计账册
Recover the Green Corridor Draft from the GL-1355 Capitalwing	从GL-1355 资本之翼处找回绿色走廊草案
Recover the Grey Track Manifold from the Windcrier TA-6451	从风呼者 TA-6451处找回灰色轨迹流形
Recover the Kryx Return Path from the KN-9575	从KN-9575处找回克里克斯返航路径
Recover the Last Window Chart from the GL-7623 Assetguard	从GL-7623 资产卫队处找回最后窗口图表
Recover the Null Vector Ledger from the BX-1113 Creditforge	从BX-1113 信贷熔炉处找回空向量账册
Recover the Null Window Briefing from the KN-4320	从KN-4320处找回空窗简报
Recover the Nullwake Load Schedule from the Voyager AX-1329	从旅行者 AX-1329处找回空尾航载货日程表
Recover the Offset Transit Log from the VK-5408 Boneclaw cargo hold	从VK-5408 骨爪的货舱找回偏移过境日志
Recover the Periapsis Route Ledger from the Deepwater TR-9346	从深水 TR-9346处找回近拱点路线账册
Recover the Quiet Eye Vector from the KN-7893	从KN-7893处找回静眼向量
Recover the Quiet Grid Schematic from the WK-2921	从WK-2921处找回静默网格图式
Recover the Quiet Yard Manifest from the Longshore AX-7571	从长岸 AX-7571处找回静默堆场舱单
Recover the Relay Spine Schema from the WK-9192	从WK-9192处找回中继脊图式
Recover the Sanctuary Yield Ledger from the GA-2267 Securehaul	从GA-2267 安全运输处找回庇护所产出账册
Recover the Shadow Registry Map from the Tradewind LT-8645	从贸易风 LT-8645处找回暗影名录地图
Recover the Silent Convoy Log from the HM-6310	从HM-6310处找回静默船队日志
Recover the Silent Drift Manifest from the RS-8275 Riftblade cargo hold	从RS-8275 裂隙之刃的货舱找回静默漂流舱单
Recover the Silent Exit Ledger from the LX-3802	从LX-3802处找回静默出口账册
Recover the Silent Yard Ledger from the Northstar CT-278	从北极星 CT-278处找回静默堆场账册
Recover the Spin-Balance Manifest from the PX-2395	从PX-2395处找回旋衡舱单
Recover the Spiral Drift Log from the DS-1671 Scarrunner cargo hold	从DS-1671 疤痕快船的货舱找回螺旋漂流日志
Recover the Storm Table Fragment from the ZT-8387	从ZT-8387处找回风暴表残片
Recover the Stormbroker Contract Notes from the FC-9470 Prairiefire	从FC-9470 草原之火处找回风暴经纪人合同笔记
Recover the Threshold Yield Patterns from the ZT-7430	从ZT-7430处找回阈限产出模式
Recover the Triage Route Manifest from the HM-7378	从HM-7378处找回分诊航线舱单
Recover the Turnpoint Claim Ledger from the GB-3498 Stockwind	从GB-3498 存风处找回转折点索取账册
Recover the Underwriter Access Kernel from the CR-9292 Fundrunner	从CR-9292 资金快船处找回承保人访问核心数据
Recover the Vector Route Archive from the CM-1304	从CM-1304处找回向量路线档案
Recover the Windowmaker Drift Log from the BL-6924	从BL-6924处找回开窗者漂流日志
Recover the Zero Point Itinerary from the VG-5970	从VG-5970处找回零点行程表
Exit Vector	出口向量
Grav Echoes	重力回响
Grav Ledger	重力账册
Abort Vector	中止向量
Aegis Echoes	神盾回响
Broken Lanes	断裂航线
Choice Quest	选择任务
Ghost Berths	幽灵泊位
Isobar's Law	等压线法则
Blind Windows	盲窗
Dead on Paper	纸上死亡
Off-Grid Echo	离网回响
Offset Vector	偏移向量
Second Ascent	第二次攀升
Forked Vectors	分叉向量
Gravfall Audit	重力坠落审计
Ledger of Ruin	废墟账册
Lines Of Drift	漂流航线
Convergent Hand	汇聚之手
Core Of Silence	静默之核
Crossed Vectors	交叉向量
Diverging Lanes	分叉航线
Echoes Of Aegis	神盾回响
Echoes Of Array	阵列回响
Ghostline Relay	幽灵线中继
Highland Echoes	高地回响
Sanctuary Route	庇护所路线
Scar of Service	服役之疤
Split Corridors	分岔走廊
Vector Of Blame	罪责向量
Vectors of Ruin	废墟向量
Across The Drift	穿越漂流带
Anchor Of Intent	意图之锚
Below The Ledger	账册之下
Castillo Lattice	卡斯蒂略晶格
Cold Yard Ledger	冷堆场账册
Dustline Anomaly	尘线异常
Ghost Lane Relay	幽灵航线中继
Graveyard Vector	墓场向量
Grey Seeder Burn	灰播种者焚毁
Last Safe Vector	最后安全向量
Ledger Of Ghosts	幽灵账册
Margins Of Error	误差边缘
Neural Faultline	神经断层线
Origen Faultline	奥里根断层线
Silent Corridors	静默走廊
Stolen Corridors	失窃走廊
Twinband Shadows	双带暗影
Vectors of Mercy	仁慈向量
Anchorpoint Black	锚点黑
Breath On A Knife	刀锋上的呼吸
Cipher Of Failure	失败密码
Cold Decommission	冷退役
Crossed Corridors	交叉走廊
Dead Ledger Trail	死账册踪迹
Deadfile Protocol	死档协议
Debts In The Dark	黑暗中的债务
Dust In The Grain	谷粒中的尘埃
Echoes In Transit	运输中的回响
Fog in the Ledger	账册中的迷雾
Forked Sky Ledger	分叉天空账册
Ghost Fleet Audit	幽灵舰队审计
Ghosts Along Kryx	克里克斯沿线的幽灵
Ghosts Below Neon	霓虹城下的幽灵
Ghosts In Transit	运输中的幽灵
Ghosts On The Map	地图上的幽灵
Grav Atlas Cipher	重力图集密码
Grav Spiral Trail	重力螺旋踪迹
Gravline's Ledger	重力线的账册
Gravshadow Ledger	重力暗影账册
Grids of the Lost	失落者之网格
Heliotrope Vector	回光向量
Paper Trails Burn	纸迹焚毁
Relay of the Dead	亡者中继
Seeds of Collapse	崩塌之种
Shards In The Sky	天空中的碎片
Silent Exit Trail	静默出口踪迹
The Chemist's War	化学家的战争
Umbra Weatherline	暗影气象线
Anchor In The Dark	黑暗中的锚
Axis Constellation	轴心星宿座
Beacon In The Dark	黑暗中的信标
Breathfall Pattern	息落模式
Corridor Of Echoes	回响走廊
Depths of the Grid	网格深处
Echo Track Descent	回响轨迹下行
Echoes Before Jump	跃迁前的回响
Echoes In The Fork	分叉中的回响
Echoes In The Lane	航线中的回响
Echoes In The Silo	筒仓中的回响
Echoes Of The Grid	网格的回响
Echoes Of The Jump	跃迁的回响
Echoes Of The Null	虚无的回响
Echoes On The Edge	边缘上的回响
Forked Flightpaths	分叉航迹
Ghost Lanes Awaken	幽灵航线苏醒
Ghost Lanes Broken	幽灵航线断裂
Ghost in the Lanes	航线中的幽灵
Ghostline Failsafe	幽灵线失效保护
Ghosts On The Lane	航线上的幽灵
Ghosts On The Line	线上的幽灵
Grav Fault Horizon	重力断层地平线
Grav Scars In Soil	土壤中的重力伤痕
Grav Spiral Signal	重力螺旋信号
Gravemarked Orbits	坟标轨道
Graves In The Void	虚空中的坟墓
Graves in the Data	数据中的坟墓
Graveyard Currents	墓场洋流
Gravities Of Guilt	罪疚的重力
Inverting the Fold	反转折叠
Ledger In The Deep	深处账册
Ledger Of The Dead	亡者账册
Ledger Of The Lost	失落者账册
Ledger Of Thin Air	稀薄空气账册
Ledgerfall Salvage	账册坠落打捞
Neon Crossed Paths	霓虹城交叉路径
Routes Of The Lost	失落者路线
Rust Between Stars	星辰之间的铁锈
Seeds Of The Storm	风暴之种
Sketching The Void	描摹虚空
Spin Cascade Trail	旋瀑踪迹
Spiral Of Misjumps	错跳螺旋
Spiral Shots Fired	螺旋开火
Telemetry Of Doubt	怀疑的遥测
Tidal Ledger Trail	潮汐账册踪迹
Under Cask Shadows	桶影之下
Vectors of Silence	静默向量
Breaking The Ledger	打破账册
Breath Of Liability	责任之息
Corridor Above Neon	霓虹城上空的走廊
Credit Ghost Ledger	信贷幽灵账册
Cycles Beneath Neon	霓虹城下的循环
Drafting the Spiral	绘制螺旋
Drift Of Collateral	抵押漂移
Echoes In The Black	黑暗中的回响
Echoes Of Heelstone	踵石回响
Echoes Of Riftblade	裂隙之刃回响
Echoes Of The Quiet	静默的回响
Echoes Off The Lane	航线外的回响
Echoes in the Lanes	航线中的回响
Echoes in the Queue	队列中的回响
Echoes of Ward Zero	零号病区回响
Fault Lines Inbound	断层线入境
Forged In The Storm	风暴中锻造
Fracture In The Sky	天空中的裂缝
Ghost In The Drives	引擎中的幽灵
Ghosts In The Lanes	航线中的幽灵
Ghosts in the Drift	漂流中的幽灵
Ghosts in the Lanes	航线中的幽灵
Grav Ledger Silence	重力账册静默
Grav Lines Of Guilt	罪疚的重力线
Grav Shear Doctrine	重力剪切教条
Grav Whispers Above	上方的重力私语
Grav-Shear Catalyst	重力剪切催化剂
Gravblind Corridors	重力盲走廊
Grave Drift Silence	墓漂流静默
Graveyard Manifests	墓场舱单
Last Patient Ledger	最后病人账册
Ledger Of Harmonics	谐波账册
Lines of the Living	生者之线
Muted Fields Rising	沉寂场域兴起
Quiet Minds Falling	静默心智坠落
Rainfall In Transit	运输中的降雨
Redline Of The Lost	失落者红线
Relay Ghost Pursuit	中继幽灵追捕
Rust In The Ledgers	账册中的铁锈
Second Horizon Trap	第二地平线陷阱
Shadow In The Lanes	航线中的暗影
Shadowed Flightpath	阴影航迹
Shadows on the Grid	网格上的暗影
Shattering the Echo	粉碎回响
Silent Skies Logged	静默天空已记录
Skyline Of Omission	疏漏的天际线
Spiral in the Black	黑暗中的螺旋
Split Range Signals	分岔距离信号
Stress Test Signals	压力测试信号
Tides Of The Ledger	账册之潮
Turnpoint's Balance	转折点的平衡
Variance In Transit	运输中的偏差
Vector Of No Return	不归向量
Vectors In The Dark	黑暗中的向量
Vectors Of Omission	疏漏向量
Vectors in the Void	虚空中的向量
Vectors of Collapse	崩塌向量
Vectors of Omission	疏漏向量
Veil Of Broken Maps	破碎地图之幕
Whispers In The Log	日志中的私语
Windows In The Dark	黑暗中的窗
Ambushes In His Wake	他身后的伏击
Blind Corridor Trace	盲走廊踪迹
Corridor Of Omission	疏漏走廊
Corridors Of Silence	静默走廊
Course Of The Damned	受诅者航线
Deadbolt In The Dark	黑暗中的死栓
Divided Supply Lines	分裂补给线
Drift Among The Dead	亡者间漂流
Drift At The Margins	边缘漂移
Drift Toward Silence	漂向静默
Drifting Clinic Echo	漂流诊所回响
Echoes Along Vectors	向量沿线的回响
Echoes Between Lanes	航线间的回响
Echoes of False Suns	假太阳的回响
Echoes of Hearthline	炉线回响
Final Route Collapse	最终路线崩塌
Forked Signal Trails	分叉信号踪迹
Frontier Petri Lines	边境培养线
Ghosts In The Charts	图表中的幽灵
Ghosts In The Ledger	账册中的幽灵
Ghosts on the Roster	名册上的幽灵
Grav Echo Signatures	重力回响特征
Graveyard Of Signals	信号墓场
Last Vector Standing	最后的向量
Ledger Of Lost Minds	失落心智账册
Ledger Of Lost Quiet	失落静默账册
Liminal Cargo Vector	阈限货物向量
Meshwork Convergence	网格汇聚
Offset In The Charts	图表中的偏移
Overwatch Ghost Path	守望幽灵路径
Phantom Vector Trail	幻影向量踪迹
Protocol Of The Ward	病区协议
Quiet Current Rising	静默洋流兴起
Recall In The Gutter	阴沟中的召回
Recall of the Fallen	陨落者的召回
Registry Of The Lost	失落者名录
Riding The Stormline	驾驭风暴线
Shadow Of The Convoy	船队之影
Shadows Beneath Neon	霓虹城下的暗影
Shifts Beneath Stone	石下的变迁
Silence Before Drift	漂流前的静默
Silent Lattice Lines	静默晶格线
Skyline Ghost Trails	天际幽灵踪迹
Spliced Signal Trail	拼接信号踪迹
Stolen Lines Of Fire	失窃火线
Triage Of The Damned	受诅者的分诊
Vector Of The Unseen	不可见者向量
Vector of the Broken	破碎者向量
Vectors In The Blood	血脉中的向量
Vectors In The Storm	风暴中的向量
Vectors Into Silence	向量入静默
Vectors Of Contagion	传染向量
Warm Corridor Ledger	暖走廊账册
Weight Of The Wrecks	残骸之重
Anchor On The Horizon	地平线上的锚
Conduction Of Drought	干旱的传导
Converging Risk Lines	汇聚风险线
Corridors In The Dark	黑暗中的走廊
Drift Between Windows	窗口间漂移
Dryline Cargo Shadows	干线货运暗影
Dryline Vector Trails	干线向量踪迹
Echoes Of Drift Lanes	漂流航线的回响
Echoes Of Her Passage	她航程的回响
Echoes Of The Lattice	晶格的回想
End of the Ghost Lane	幽灵航线尽头
Forked Pressure Lines	分叉压力线
Ghost Insertion Paths	幽灵插入路径
Ghost Routes Unmasked	幽灵路线揭面
Ghostlane Spill Trail	幽灵航线泄漏踪迹
Ghostline Risk Ledger	幽灵线风险账册
Ghostlines Last Order	幽灵线最后指令
Ghosts Along The Line	沿线幽灵
Ghosts In The Ledgers	账册中的幽灵
Ghosts On Green Lanes	绿色航线上的幽灵
Ghosts Under The Span	桥跨下的幽灵
Ghosts in the Gravnet	重力网中的幽灵
Grav Lines Of Silence	静默的重力线
Grave Lanes Of Vector	向量的墓航线
Gravelight Echo Trail	墓光回响踪迹
Graves Along The Lane	航线沿线的坟墓
Graveyard Ledger Lock	墓场账册锁
Gravlines Of Betrayal	背叛的重力线
Gravlines Of The Lost	失落者的重力线
Gravshadow Approaches	重力暗影接近
Handshake in the Dark	黑暗中的握手
Ledger Of Echo Routes	回响路线账册
Ledger of Lost Worlds	失落世界账册
Listening Post Echoes	监听站回响
Red Account Reckoning	红色账目清算
Redline Harvest Trail	红线收割踪迹
Sealed Vector Pattern	密封向量模式
Shadow Lanes Collapse	暗影航线崩塌
Signal Along The Scar	伤痕沿线的信号
Signal Over Semaphore	信号塔上的信号
Silent Corridor Lines	静默走廊线
Silent Signals Rising	静默信号兴起
Storm Windows Burning	风暴之窗燃烧
Stormline Of The Void	虚空的风暴线
Triage Lines Unending	无尽分诊线
Underbelly Of Vectors	向量的底层
Variance In The Blood	血脉中的偏差
Vectors In The Ledger	账册中的向量
Vectors Of The Fallen	陨落者的向量
Accident Profit Scheme	事故牟利计划
Ashfall Retrofit Trail	灰落改装踪迹
Atmospheres On A Knife	刀锋上的大气
Audit Of Falling Lanes	坠落航线审计
Bracepoint Convergence	支撑点汇聚
Buried Corridor Ledger	埋葬走廊账册
Cairnward Trajectories	石冢向轨迹
Cassini's Quiet Ledger	卡西尼的静默账册
Chasing the Zero Point	追逐零点
Collateral Drift Route	抵押漂流路线
Confluence In The Dark	黑暗中的汇流
Creditforge Conspiracy	信贷熔炉阴谋
Crosshair In The Storm	风暴中的准星
Crossroads In The Void	虚空中的交叉口
Echoes Along Blueglass	蓝玻璃沿线的回响
Echoes Along Periapsis	近拱点沿线的回响
Echoes Along The Lanes	航线沿线的回响
Echoes In The Manifold	流形中的回响
Footprints In The Void	虚空中的脚印
Fractured Transit Node	破碎过境节点
Ghostlines Final Audit	幽灵线最终审计
Ghosts In The Corridor	走廊中的幽灵
Ghosts In The Firmware	固件中的幽灵
Ghosts Of The Nullwake	空尾航的幽灵
Graftlines In The Dust	尘埃中的嫁接线
Grav Drift Convergence	重力漂流汇聚
Gravelines Of Omission	疏漏的重力线
Gravelines of Omission	疏漏的重力线
Gravelines of the Lost	失落者的重力线
Graveyard Signal Chain	墓场信号链
Gravlines Of No Return	不归的重力线
Haunt Of The Chalkline	粉线的萦绕
Highland Lines Closing	高地线闭拢
Index Of Missing Lanes	失踪航线索引
Ledger Of Lost Vectors	失落向量账册
Mech Echoes In Transit	运输中的机械回响
Pattern of the Wounded	伤者模式
Second Horizon Vectors	第二地平线向量
Shadows In The Balance	平衡中的暗影
Silent Beacons Falling	静默信标陨落
Spin-Balance Reckoning	旋衡清算
Stacking The Semaphore	堆叠信号塔
Stains Along The Lanes	航线沿线的污渍
Trustsphere Trajectory	信球轨迹
Underbelly Echo Routes	底层回响路线
Underbelly Stress Test	底层压力测试
Windows Of Convergence	汇聚之窗
Beacon On The Outskirts	郊外的信标
Blind Vectors Threshold	盲向量阈限
Convergence of Misjumps	错跳的汇聚
Corridors Of The Unseen	不可见者的走廊
Diverging Traffic Paths	分岔交通路径
Echoes Along Dead Space	死域沿线的回响
Echoes Along Gravelight	墓光沿线的回响
Echoes Along Grey Track	灰轨沿线的回响
Echoes Along His Vector	他的向量沿线的回响
Echoes In The Shellband	壳带中的回响
Echoes Of A Deadchannel	死寂频道的回响
Echoes of Broken Orbits	破碎轨道的回响
Ghost Garden Trajectory	幽灵花园轨迹
Ghost Lanes Convergence	幽灵航线汇聚
Ghost Routes To Nowhere	通往虚无的幽灵路线
Ghostlane Blood Freight	幽灵航线血色货运
Ghosts In The Corridors	走廊中的幽灵
Ghosts In The Telemetry	遥测中的幽灵
Ghosts Of The Scrapline	废料线的幽灵
Gravebound Trajectories	墓向轨迹
Gravewake In The Wrecks	残骸中的墓尾航
Gravewardens Of FX-1555	FX-1555 的墓守卫
Graveyard Brace Pattern	墓场支撑模式
Graveyard Vector Routes	墓场向量路线
Harvest of the Catalyst	催化剂的收割
Harvested From Warnings	从警告中收割
Ledger of Broken Orbits	破碎轨道账册
Ledger of Silent Routes	静默路线账册
Lines Beneath The Lanes	航线之下的线
Lines Of Predicted Fire	预定火力线
Manifold Of Ghost Jumps	幽灵跃迁流形
Manifold Of Ghost Lanes	幽灵航线流形
Manifold of Ghost Lanes	幽灵航线流形
Periapsis Strain Trials	近拱点应力试验
Serpent in the Forecast	预报中的蛇
Shadowlines Convergence	暗影线汇聚
Shadowlines In The Dark	黑暗中的暗影线
Shroud In The Corridors	走廊中的裹尸布
Silence Across The Line	越过线的静默
Silent Frontier Culling	静默边境剔除
Smuggled Lines Of Sight	走私视线
Splitband In The Gutter	阴沟中的裂带
Stillness Before Impact	撞击前的静止
Trails In The Manifests	舱单中的踪迹
Underbelly Stress Lines	底层应力线
Undergrid Balance Sheet	下网格资产负债表
Borderline Supply Routes	临界补给路线
Crosswinds And Contrails	侧风与凝结尾迹
Echo Correlator Crossing	回响相关器交叉
Echoes Of The Driftfield	漂流场的回响
Echoes in the Grav Lanes	重力航线中的回响
Graveyard Traffic Echoes	墓场交通回响
Graveyard of Bent Orbits	扭曲轨道的墓场
Ledger Of Failing Worlds	衰败世界账册
Manifolds Of The Missing	失踪者的流形
Silent Corridor Specimen	静默走廊样本
Sublevel Balance Signals	子层平衡信号
Underbelly of the Signal	信号的底层
Vectors Of Contamination	污染向量
Vectors in Black Markets	黑市中的向量
Whispers Along The Pipes	管道沿线的私语
Backtrace Below The Lanes	航线下的回溯
Beacon On Broken Accounts	破碎账目上的信标
Clients Beneath The Storm	风暴下的客户
Conduits to the Threshold	通往阈限的管道
Discarded Lines Of Travel	被弃旅行线
Fractured Jump Arithmetic	破碎跃迁算术
Fragments On The Moonside	月面上的残片
Gravelight's Missing Mass	墓光的缺失质量
Graveyard Of Honest Ships	诚实之船的墓场
Gravflux Behind the Storm	风暴后的重力流
Gravlock's Hidden Vectors	重力锁的隐藏向量
Index Of Vanished Freight	消失货运索引
Ledger Of Quiet Periapsis	静默近拱点账册
Skylines of a False Orbit	假轨道天际线
Specterborn Freight Trail	幽魂生货运踪迹
Stormline's Silent Ledger	风暴线的静默账册
Underbelly of the Pattern	模式的底层
Vectors Toward Hearthline	朝向炉线的向量
Whispers In The Manifests	舱单中的私语
Cascade Of Missing Numbers	失踪数字的级联
Graveyard Of Broken Wrecks	破碎残骸的墓场
Hauler Of Forgotten Wrecks	被遗忘残骸的运输船
Lockdown In The Driftfield	漂流场中的封锁
Paths Through Silent Space	穿越静默空间的路径
Scarrunner's First Misjump	疤痕快船的首次错跳
Starlanes Of The Discarded	被弃者的星际航线
Telemetry Of The Forgotten	被遗忘者的遥测
Underwriters Silent Ledger	承保人静默账册
Whispers Along the Vectors	向量沿线的私语
Graveyard Of Flying Coffins	飞行棺材的墓场
Gravlock's Hidden Corridors	重力锁的隐藏走廊
Ledger Beneath Still Orbits	静止轨道下的账册
Grav-Scored Ghost Trajectory	重力刻痕幽灵轨迹
Schedules Of The Underwriter	承保人的日程表
Stormbroker's First Retainer	风暴经纪人的首份聘约
Substrate Of Quiet Periapsis	静默近拱点的基质
Through the Shoreline Window	穿过海岸线之窗
Vectors Through Silent Space	穿越静默空间的向量
Whispers Along Silent Routes	静默路线沿线的私语
Whispers Beyond Survey Lines	勘测线之外的私语
Info: <Alias=BountyTarget> on <Alias=targetPlanet>	情报：<Alias=BountyTarget> 在 <Alias=targetPlanet>
SpecInfo: <Alias=BountyTarget> on <Alias=targetPlanet>	特殊情报：<Alias=BountyTarget> 在 <Alias=targetPlanet>
Info: <Alias=PrimaryRef> At <Alias=TargetPlanetLocation>	情报：<Alias=PrimaryRef> 在 <Alias=TargetPlanetLocation>
Destroy: <Alias=PrimaryRef> At <Alias=TargetPlanetLocation>	摧毁：<Alias=PrimaryRef> 在 <Alias=TargetPlanetLocation>
I will scour the old relay data.	我会翻查旧中继数据。
I will check that old listening post.	我会去查那个旧监听站。
I will check the old UC relay bunker.	我会去查旧联殖中继掩体。
I will follow the crooked Neon routes.	我会追查霓虹城的歪门路线。
I will dig into Ryujin's hidden routes.	我会深挖龙神的隐藏路线。
I will dig into her trail in the queues.	我会深挖她在队列中的踪迹。
I'll check that quiet traffic lane cache	我会去查那条静默交通航线的缓存
I will dig through that old relay bunker.	我会翻遍那个旧中继掩体。
I will dig into Ryujin's tower data trail.	我会深挖龙神大厦的数据踪迹。
I will dig into that moonside cargo relay.	我会深挖那个月面货运中继。
I will dig into the cavern smuggler trail.	我会深挖洞穴里的走私者踪迹。
I will dig through the old UC flight scans	我会翻遍旧联殖飞行扫描记录
I will hit the old UC listening post next.	我接下来会去旧联殖监听站。
I'll dig into those underbelly mech refits	我会深挖底层那些机甲改装件
I will check that far-orbit listening post.	我会去查那个远轨监听站。
I'll dig through that old science wing logs	我会翻遍那个旧科学区的日志
I will dig into the rumors down in The Well.	我会深挖深井区里的传闻。
I will dig through that old UC relay bunker.	我会翻遍那个旧联殖中继掩体。
I will dig through the old barracks records.	我会翻遍旧营房记录。
I will trace those forgotten farm ring mods.	我会追踪那些被遗忘的农场环改装件。
I will check the relay and its cargo records.	我会去查那个中继和它的货运记录。
I will dig through the tower's sealed records	我会翻遍大厦的密封记录
I'll check that relay and its off-lane signal	我会去查那个中继和它的航线外信号
I'll dig through New Atlantis freight records	我会翻遍新亚特兰蒂斯城的货运记录
I will dig into that buried UC listening post.	我会深挖那个被掩埋的联殖监听站。
I will dig through Neon's underbelly manifests	我会翻遍霓虹城底层的舱单
I will dig through Neon's underbelly whispers.	我会翻遍霓虹城底层的私语。
I will hit the pirate relay shack for answers.	我会去海盗中继棚屋找答案。
I will shadow that Crimson hauler and see why.	我会跟踪那艘深红运输船，看看为什么。
I will sift that asteroid field for the crate.	我会在那个小行星带里筛找那个货箱。
I will dig through the Clinic's hidden records.	我会翻遍星际诊所号的隐藏记录。
I will follow the altered lanes in quiet orbit.	我会追查静默轨道上被改动的航线。
I will follow the trail into Neon's underbelly.	我会沿着踪迹深入霓虹城底层。
I will track that beacon in the asteroid field.	我会追踪小行星带里的那个信标。
I'll trace that stray beacon's signal in orbit.	我会追踪轨道上那个游离信标的信号。
I will check the Freestar field command trailer.	我会去查星联战地指挥拖车。
I will dig through Neon's Underbelly power logs.	我会翻遍霓虹城底层的电力日志。
I will dig through the Deimos scrapyard records.	我会翻遍得墨忒耳废船场的记录。
I will analyze that hidden orbital listening post	我会分析那个隐藏的轨道监听站
I will check that high-orbit rig and its traffic.	我会去查那个高轨钻台和它的交通。
I will check the asteroid field for his patterns.	我会在小行星带里查找他的模式。
I will check the old relay bunker telemetry logs.	我会去查旧中继掩体的遥测日志。
I will dig into the anomalies at Gagarin Landing.	我会深挖加加林着陆点的异常。
I will dig through Neon's Underbelly for answers.	我会翻遍霓虹城底层寻找答案。
I will analyze the old deep space recon grid logs.	我会分析旧深空侦察网格日志。
I will check out that moonside cargo relay module.	我会去查那个月面货运中继模块。
I will dig through Neons ledgers and rumor routes.	我会翻遍霓虹城的账册和传闻路线。
I will dig through that research module's records.	我会翻遍那个研究模块的记录。
I will dig through that salvage pit for her trail.	我会翻遍那个打捞坑寻找她的踪迹。
I will dig through the logs and stories down here.	我会翻遍这里的日志和传闻。
I will dig through the spaceport traffic patterns.	我会翻遍太空港的交通模式。
I will trace her routes through Neon's underbelly.	我会追踪她穿过霓虹城底层的路线。
I will track down that drifting route-hopper ship.	我会追踪那艘漂流的跳线船。
I'll dig through Neon's lower decks for her trail.	我会翻遍霓虹城下层甲板寻找她的踪迹。
I'll sweep that derelict plant for her stolen data	我会搜查那座弃置工厂找她偷走的数据
I will check the recon grid and those silent buoys.	我会去查侦察网格和那些静默浮标。
I will dig deeper into that abandoned robotics lab.	我会深入挖掘那个废弃机器人实验室。
I will dig through Neon's vent and climate records.	我会翻遍霓虹城的通风与气候记录。
I will dig through that deserted UC listening post.	我会翻遍那个荒废的联殖监听站。
I will survey that wreck and trace its flight path.	我会勘查那艘残骸并追踪它的航迹。
I will track the pattern through Neon's underbelly.	我会追踪霓虹城底层里的那个模式。
I'll check that sensor hub and its off-lane pattern	我会去查那个传感器枢纽和它的航线外模式
I will audit the fuel depot's records and schedules.	我会审计燃料库的记录和日程表。
I will check out the abandoned depot and its crates.	我会去查那个废弃仓库和它的货箱。
I will check that beacon in orbit for hidden routes.	我会去查轨道上的那个信标，找隐藏路线。
I will dig into New Atlantis and its buried numbers.	我会深挖新亚特兰蒂斯城和它掩埋的数字。
I will dig into the Underbelly rumors and schedules.	我会深挖底层的传闻和日程表。
I will dig through Neon's underbelly for her routes.	我会翻遍霓虹城底层寻找她的路线。
I will dig through the under-levels of New Atlantis.	我会翻遍新亚特兰蒂斯城的下层。
I will hit that old orbital node and pull telemetry.	我会去那个旧轨道节点提取遥测。
I will pull his jump pattern from that orbital node.	我会从那个轨道节点提取他的跃迁模式。
I will trace that forgotten orbit and its telemetry.	我会追踪那条被遗忘的轨道和它的遥测。
I will check that far-orbit array and its recordings.	我会去查那个远轨阵列和它的录音。
I will check the recon bunker and its old recordings.	我会去查侦察掩体和它的旧录音。
I will dig through Cydonia's quiet backroom archives.	我会翻遍赛多尼亚静默的后室档案。
I will dig through Gagarin Landing's traffic records.	我会翻遍加加林着陆点的交通记录。
I will dig through Gagarin's forgotten server stacks.	我会翻遍加加林被遗忘的服务器机架。
I will dig through Ryujin's Neon ledgers for answers.	我会翻遍龙神在霓虹城的账册寻找答案。
I will dig through The Clinic's records and whispers.	我会翻遍星际诊所号的记录和私语。
I will dig through those forgotten consoles and logs.	我会翻遍那些被遗忘的控制台和日志。
I will trace his forgotten splice in Gagarin Landing.	我会追踪他在加加林着陆点被遗忘的接驳点。
I will trace that forgotten signal in the rock field.	我会追踪岩石带里那个被遗忘的信号。
I will work the Neon Underbelly for forbidden routes.	我会在霓虹城底层查禁行路线。
I'll dig through Neon's underbelly for Rivet's trail.	我会翻遍霓虹城底层寻找铆钉的踪迹。
I will board that drifting cache and pull its records.	我会登船进入那个漂流缓存舱并提取记录。
I will dig into whatever Grid Warbrand is hiding here.	我会深挖网格战痕在这里藏了什么。
I will dig through HopeTown's shipyards and manifests.	我会翻遍霍普镇的船坞和舱单。
I will dig through Neon s underbelly for that pattern.	我会翻遍霓虹城底层寻找那个模式。
I will hit the Deimos scrapyard and pry out the truth.	我会去得墨忒耳废船场撬出真相。
I will track down that hidden orbital navigation data.	我会追踪那份隐藏的轨道导航数据。
I will track that hidden beacon in the asteroid field.	我会追踪小行星带里的那个隐藏信标。
I will audit the moonside relay's manifests and broker.	我会审计月面中继的舱单和经纪人。
I will check out that derelict Gunspire in empty orbit.	我会去查空轨上那座弃置的枪塔。
I will check that forgotten base and its hidden routes.	我会去查那个被遗忘的基地和它的隐藏路线。
I will check the Neon rooftops and those side channels.	我会去查霓虹城屋顶和那些侧信道。
I will crack that deserted relay and its altered lanes.	我会破解那个荒废中继和它被改动的航线。
I will dig through Ebbside freight and find her buyers.	我会翻遍埃布赛德货运，找出她的买家。
I will dig through HopeTown's departures and manifests.	我会翻遍霍普镇的离港记录和舱单。
I will dig through Ryujin's records and security loops.	我会翻遍龙神的记录和安全循环。
I will dig through the Clinic's buried anomaly records.	我会翻遍星际诊所号被掩埋的异常记录。
I will dig through the tugyard mess at Gagarin Landing.	我会翻遍加加林着陆点杂乱的拖船场。
I will investigate that far-orbit relay and its hauler.	我会调查那个远轨中继和它的运输船。
I will trace her signal through Neon's underbelly grid.	我会追踪她穿过霓虹城底层网格的信号。
I will trace that orbital signal and its hidden relays.	我会追踪那个轨道信号和它的隐藏中继。
I will trace those rooftop guidance patterns over Neon.	我会追踪霓虹城上空的那些屋顶引导模式。
I will trace those twin storm-cut corridors planetside.	我会追踪行星表面那两条被风暴切开的走廊。
I'll check out that relay and its buried traffic edits.	我会去查那个中继和它掩埋的交通篡改。
I will dig into this research tower's buried experiments	我会深挖这座研究塔掩埋的实验
I will dig through Gagarin's alleys and forgotten drums.	我会翻遍加加林的巷道和被遗忘的油桶。
I will dig through the station's buried medical records.	我会翻遍空间站被掩埋的医疗记录。
I'll trace that beacon's signal and see where it points.	我会追踪那个信标的信号，看它指向哪里。
I will check that orbital relay and its hidden telemetry.	我会去查那个轨道中继和它的隐藏遥测。
I will dig through Gagarin Landing's bays and back rooms.	我会翻遍加加林着陆点的隔间和后室。
I will investigate that moonside relay and its manifests.	我会调查那个月面中继和它的舱单。
I will trace Vector's power trail through Gagarin Landing	我会追踪“向量”在加加林着陆点的电力踪迹
I will trace that orbital pattern and see where it leads.	我会追踪那个轨道模式，看它通向哪里。
I'll check that drifting beacon and its old traffic logs.	我会去查那个漂流信标和它的旧交通日志。
I will check the deserted listening post traffic and logs.	我会去查荒废监听站的交通和日志。
I will check the signals hidden beneath Neon's underbelly.	我会去查藏在霓虹城底层之下的信号。
I will dig through Neon's lowest decks for buried records.	我会翻遍霓虹城最下层甲板寻找掩埋的记录。
I will inspect that forgotten buoy and its buried figures.	我会检查那个被遗忘的浮标和它掩埋的数字。
I'll comb the farm's records and see what drifts together.	我会梳理农场的记录，看看什么漂流到了一起。
I'll track that drifting beacon and trace where it points.	我会追踪那个漂流信标，查清它指向哪里。
I will chase his discarded routes through that salvage pit.	我会穿过那个打捞坑追查他被弃的路线。
I will check the orbital arrays and buried navigation data.	我会去查轨道阵列和掩埋的导航数据。
I will examine that collapsed command post's failed ambush.	我会检查那个坍塌指挥所的失败伏击。
I'll trace those contraband jump corrections back to source	我会把那些违禁跃迁修正追查到源头
I'll triangulate that drifting node and see where it leads.	我会对那个漂流节点三角定位，看它通向哪里。
I will trace his corrections through that high-orbit beacon.	我会通过那个高轨信标追踪他的修正数据。
I will dig through this forgotten research module's mistakes.	我会翻遍这个被遗忘研究模块的错误。
I will trace his masked shuttle path through orbital records.	我会通过轨道记录追踪他伪装的穿梭机航迹。
I'll dig through Ryujin's tower records and see who surfaces.	我会翻遍龙神大厦的记录，看谁会浮出水面。
I'll dig through that tower's records and trace the anomalies.	我会翻遍那座大厦的记录并追踪异常。
I will dig through Neon's underbelly and its forgotten systems.	我会翻遍霓虹城底层和它被遗忘的系统。
I will investigate the hidden sensor web in that asteroid belt.	我会调查那个小行星带里隐藏的传感器网。
I'll check that off-lane survey buoy and trace the distortions.	我会去查那个航线外勘测浮标并追踪畸变。
I will check that forgotten pirate relay and its stored traffic.	我会去查那个被遗忘的海盗中继和它存储的交通数据。
I will dig through that abandoned research module's buried logs.	我会翻遍那个废弃研究模块掩埋的日志。
I will investigate that Crimson Fleet-guarded junk ring in orbit.	我会调查轨道上被深红舰队看守的废料环。
I will investigate that unstable orbit and its hidden crossroads.	我会调查那条不稳定轨道和它隐藏的交叉口。
I will investigate that derelict harvesting platform in the field.	我会调查田野中那座弃置的收割平台。
I will investigate the guarded orbital cache and Starblade escort.	我会调查被看守的轨道缓存和星刃护航舰。
Axis Apex Core	轴心顶点核心
Grav Spine Log	重力脊日志
Cold Yard Index	冷堆场索引
Dustline Marker	尘线标记
Ghost Sky Trace	幽灵天空踪迹
Grav Echo Cache	重力回响缓存
Mesh Anchor Log	网格锚日志
Outlaw Terminal	亡命徒终端
Blind Echo Cache	盲回响缓存
Echo Vector Hull	回响向量船体
Ghost Triage Log	幽灵分诊日志
Ghost Vector Log	幽灵向量日志
Grav Echo Sample	重力回响样本
Grav Margin Memo	重力余量备忘
Grav Shear Trial	重力剪切试验
Lattice Echo Log	晶格回响日志
Storm Vector Log	风暴向量日志
USV Anomaly Core	USV 异常核心
Blind Conduit Map	盲管道地图
Cold Orbit Ledger	冷轨道账册
Deep Route Ledger	深处路线账册
Drift-Turn Debris	漂转残骸
Ghost Channel Log	幽灵频道日志
Ghost Drift Chart	幽灵漂流图表
Ghost Vector Ping	幽灵向量脉冲
Grav Choir Uplink	重力合唱上行
Grav Drift Beacon	重力漂流信标
Grav Drift Ledger	重力漂流账册
Grav Echo Readout	重力回响读数
Grav Ghost Beacon	重力幽灵信标
Grav-Flux Solvent	重力流溶剂
Gravshadow Anchor	重力暗影锚
Lattice Drift Key	晶格漂流密钥
Loss Ledger Shard	损失账册残片
Origen Uplink Map	奥里根上行地图
Quiet Current Log	静默洋流日志
Quiet Dock Rumors	静默码头传闻
Red Variance Core	红色偏差核心
Silent Vector Key	静默向量密钥
Spiral Route Drum	螺旋路线油桶
Vector Echo Stack	向量回响堆
Vent Cycle Ledger	通风循环账册
Warm Corridor Log	暖走廊日志
Anchor Vector Ping	锚点向量脉冲
Array Theta Sketch	阵列西塔草图
Broken Transit Log	破碎过境日志
Corridor Phase Map	走廊相位地图
Echo Triage Packet	回响分诊数据包
Fracture Sky Shard	裂空碎片
Ghost Berth Ledger	幽灵泊位账册
Ghost Fleet Ledger	幽灵舰队账册
Ghost Vector Crate	幽灵向量货箱
Ghost Vector Index	幽灵向量索引
Grav Echo Manifold	重力回响流形
Grav-Scored Barrel	重力刻痕油桶
Gravgate Manifests	重力门舱单
Grey Seeder Sample	灰播种者样本
Highland Route Map	高地路线地图
Horizon Vector Map	地平线向量地图
Last Cohort Vector	最后大队向量
Off-Lane Echo Grid	航线外回响网格
Quiet Hand Routing	静默之手路由
Silent Farm Uplink	静默农场上行
Split Odds Archive	分岔赔率档案
Split Range Beacon	分岔距离信标
Cask Vector Overlay	桶向量叠加图
Cohort Anchor Array	大队锚阵列
Cohort Drift Signal	大队漂流信号
Cohort Routing Core	大队路由核心
Cold Room Telemetry	冷室遥测
Crimson Route Ghost	深红路线幽灵
Drift-Edge Manifest	漂缘舱单
Dual Chain Manifest	双链舱单
Echo Coil Schedules	回响线圈日程表
Echo Correlator Log	回响相关器日志
Echo Drift Manifest	回响漂流舱单
Echo Waste Manifold	回响废料流形
Ghost Corridor Seed	幽灵走廊种子
Grav Drift Manifest	重力漂流舱单
Grav Runner Dossier	重力跑者卷宗
Gravblind Route Map	重力盲路线地图
Grave Vector Beacon	墓向量信标
Grey Orchard Vector	灰果园向量
Hidden Drift Ledger	隐藏漂流账册
Lattice Hauler Logs	晶格运输日志
Ledger Drift Beacon	账册漂流信标
Queue Depth Samples	队列深度样本
Redline Harvest Log	红线收割日志
Shadow Ledger Cache	暗影账册缓存
Skyline Relay Token	天际中继令牌
Spin Cascade Ledger	旋瀑账册
Spiral Vector Draft	螺旋向量草案
Split Vector Ledger	分岔向量账册
Storm Client Ledger	风暴客户账册
Umbra Forecast Grid	暗影预报网格
Underbelly Risk Map	底层风险地图
Undergrid Audit Key	下网格审计密钥
Anchor Alignment Log	锚对齐日志
Anchor Trace Residue	锚踪迹残留
Aphelion Test Window	远日点测试窗口
Cairn Approach Chart	石冢接近图表
Conduction Spill Map	传导泄漏地图
Drift Bloom Cultures	漂流藻华培养物
Drift-Lane Manifests	漂流航线舱单
Dryline Intake Rumor	干线进气传闻
Echo Manifold Sample	回响流形样本
Entropy Seed Archive	熵种档案
Forgotten Muster Log	被遗忘集结日志
Forked Docket Routes	分叉卷宗路线
Gagarin Route Sketch	加加林路线草图
Ghost Audit Schedule	幽灵审计日程表
Ghost Lane Manifolds	幽灵航线流形
Ghost Vector Lattice	幽灵向量晶格
Ghostlane Routechart	幽灵航线路线图
Grav Silence Residue	重力静默残留
Graveyard Anchor Map	墓场锚地图
Iridium Shadow Cache	铱影缓存
Meridian Drift Array	子午漂流阵列
Muted Farm Telemetry	沉寂农场遥测
Node-V0 Cascade Core	节点-V0 级联核心
Offset Jump Manifold	偏移跃迁流形
Periapsis Vector Log	近拱点向量日志
Quiet Orbit Manifold	静默轨道流形
Redline Drift Vector	红线漂流向量
Redlined Grow Schema	红线培育图式
Rust-Scored Junction	锈痕接合点
Second Shadow Vector	第二暗影向量
Silent Airflag Stack	静默风旗堆
Silent Horizon Array	静默地平线阵列
Silent Skyhand Route	静默天手路线
Silent Triage Sample	静默分诊样本
Silent Vector Beacon	静默向量信标
Split Corridor Cache	分岔走廊缓存
Split Vector Archive	分岔向量档案
Splitband Access Key	裂带访问密钥
Stormpath Seed Cache	风暴径种子缓存
Sublevel Circuit Map	子层电路地图
Underwell Access Key	井下区访问密钥
Veiled Vector Beacon	蒙面向量信标
White Corridor Chart	白色走廊图表
Anomaly Window Schema	异常窗口图式
Brace Pattern Archive	支撑模式档案
Cascade Variance Logs	级联偏差日志
Cask Transit Schedule	桶过境日程表
Chalkline Transit Map	粉线过境地图
Convergent Lane Cache	汇聚航线缓存
Crossroads Triage Log	交叉口分诊日志
Deimos Ghost Registry	得墨忒耳幽灵名录
Dryline Departure Log	干线离港日志
Fog Corridor Manifest	雾走廊舱单
Ghost Approach Buffer	幽灵接近缓冲区
Ghost Corridor Marker	幽灵走廊标记
Ghost Shift Manifests	幽灵轮班舱单
Ghost Vector Manifold	幽灵向量流形
Ghostlane Vector Node	幽灵航线向量节点
Grav Shroud Prototype	重力裹布原型
Grave Drift Telemetry	墓漂流遥测
Graveyard Orbit Pings	墓场轨道脉冲
Graveyard Vector Plot	墓场向量图
Harmonic Fault Cipher	谐波断层密码
Off-Grid Vector Cache	离网向量缓存
Rainline Transfer Log	雨线转移日志
Shoreline Fuel Window	海岸线燃料窗口
Silent Corridor Draft	静默走廊草案
Silent Cycle Manifold	静默循环流形
Silent Graveyard Echo	静默墓场回响
Silent Lattice Schema	静默晶格图式
Skyline Vector Ledger	天际向量账册
Split Vector Manifold	分岔向量流形
Ashfall Retrofit Specs	灰落改装规格
Blind Anchor Blueprint	盲锚蓝图
Cassini Black Manifest	卡西尼黑色舱单
Confluence Drift Array	汇流漂流阵列
Confluence Relay Chart	汇流中继图表
Crucial Lead on Target	目标关键线索
Deimos Transfer Ledger	得墨忒耳转移账册
Divergent Beacon Cache	分岔信标缓存
Driftfield Return Path	漂流场返航路径
Echo Corridor Snapshot	回响走廊快照
Forked Approach Beacon	分叉接近信标
Ghost Vector Residuals	幽灵向量残差
Gravewake Drift Sample	墓尾航漂流样本
Gravflux Trial Mixture	重力流试验混合物
Gravshadow Survey Ping	重力暗影勘测脉冲
Hearthline Return Path	炉线返航路径
Orbital Service Beacon	轨道服务信标
Periapsis Drone Beacon	近拱点无人机信标
Protocol Recall Marker	协议召回标记
Resonance Chain Beacon	共振链信标
Rooftop Drift Corridor	屋顶漂流走廊
Semaphore Access Stack	信号塔访问堆栈
Silent Corridor Sample	静默走廊样本
Spiral Targeting Suite	螺旋瞄准套件
Split Beacon Telemetry	分岔信标遥测
Split Vector Telemetry	分岔向量遥测
Underbelly Brace Route	底层支撑路线
Underbelly Mech Vector	底层机甲向量
Wellroot Timing Ledger	井根计时账册
Catalyst Broadcast Core	催化剂广播核心
Donor Transfer Protocol	供体转移协议
Frontier Culture Medium	边境培养基
Ghostline Backtrace Log	幽灵线回溯日志
Grav Corridor Manifests	重力走廊舱单
Gravelight Vector Pings	墓光向量脉冲
Graveyard Drift Samples	墓场漂流样本
Graveyard Route Overlay	墓场路线叠加图
Graveyard Routing Table	墓场路由表
Gravshadow Drift Sample	重力暗影漂流样本
Offset Manifolds Ledger	偏移流形账册
Periapsis Growth Medium	近拱点生长培养基
Periapsis Substrate Log	近拱点基质日志
Sanitized Battle Ledger	净化战斗账册
Serpent Pressure Vector	蛇形压力向量
Silent Shellband Sketch	静默壳带草图
Silent Transit Schedule	静默过境日程表
Smuggler Route Manifold	走私者路线流形
Smuggler's Approach Log	走私者接近日志
Spacer Satellite Beacon	太空劫匪人造卫星信标
Underbelly Recall Cache	底层召回缓存
Bifurcated Lagrange Path	二分支拉格朗日路径
Collateral Routing Crate	抵押路由货箱
Contraband Vector Schema	违禁向量图式
Crimson Satellite Beacon	深红人造卫星信标
Displaced Mech Telemetry	移位机甲遥测
Drift-Corrupted Manifest	漂流损坏舱单
Dustback Drift Manifests	尘背漂流舱单
Garrison Archive Exhibit	驻防档案展品
Ghost Corridor Telemetry	幽灵走廊遥测
Ghostlane Spill Manifest	幽灵航线泄漏舱单
Graveyard Vector Lattice	墓场向量晶格
Gravline Pattern Archive	重力线模式档案
Hearthline Drop Schedule	炉线投放日程表
Sanctuary Route Firmware	庇护所路线固件
Semaphore Approach Stack	信号塔接近堆栈
Underbelly Load Schedule	底层装货日程表
Underbelly Vector Routes	底层向量路线
Bifurcated Telemetry Node	二分支遥测节点
Breathfall Trajectory Log	息落轨迹日志
Ecliptic Satellite Beacon	黄道佣兵团人造卫星信标
Graveyard Shipping Markup	墓场航运标价
Hearthline Vector Archive	炉线向量档案
Heliotrope Approach Table	回光接近表
Hydroponic Vector Lattice	水培向量晶格
Second Ascent Coordinates	第二次攀升坐标
Silent Orchard Trajectory	静默果园轨迹
Skytrace Calibration Node	天踪校准节点
Stormforge Telemetry Core	风暴熔炉遥测核心
Ghostlane Dispatch Archive	幽灵航线调度档案
Gravwake Convergence Chart	重力尾航汇聚图表
Underwriter Port Schedules	承保人港口日程表
Driftfield Service Manifold	漂流场服务流形
Ghostlane Contraband Ledger	幽灵航线违禁账册
Underbelly Vector Manifests	底层向量舱单
Grav Echo Visor	重力回响面甲
Dead Drift Visor	死漂流面甲
Grav Fault Visor	重力断面甲
Grav Lane Shroud	重力航线裹布
Grav Scar Pursuit	重力伤痕追击
Grim Triage Visor	冷酷分诊面甲
Tempest Run Aegis	风暴奔袭神盾
Underwriter Visor	承保人面甲
Apogee Ghost Visor	远地点幽灵面甲
Echo Lane Revenant	回响航线亡魂
Ghost Vector Aegis	幽灵向量神盾
Ghost Vector Visor	幽灵向量面甲
Grav Ghost Harness	重力幽灵装具
Grav Phantom Visor	重力幻影面甲
Silent Route Visor	静默路线面甲
Surgeon of Silence	静默外科医生
Tempest Line Visor	风暴线面甲
Event Horizon Aegis	事件视界神盾
Event Horizon Shell	事件视界外壳
Grav Ghost Carapace	重力幽灵甲壳
Grav Shadow Courier	重力暗影信使
Grav Whisper Shroud	重力私语裹布
Apex Vector Carapace	顶点向量甲壳
Ghost Corridor Aegis	幽灵走廊神盾
Grav Warden Carapace	重力守卫甲壳
Gravlock Pursuer Rig	重力锁追击者装具
Null Horizon Harness	空地平线装具
Redline Vectorshroud	红线向量裹布
Void Ledger Carapace	虚空账册甲壳
Zealot Survey Visage	狂热者勘测面罩
Garrison of the Graft	嫁接驻防队
Grav Corridor Bulwark	重力走廊壁垒
Grav Ghost Flightpack	重力幽灵飞行包
Grav Ghost Shocktroop	重力幽灵突击兵
Gravyard Rigger Visor	墓场装配工面甲
Ledger Ghost Carapace	账册幽灵甲壳
Mercury Silent Vector	水星静默向量
Mnemonic Deepline Rig	记忆深线装具
Null Meridian Harness	空子午线装具
Silent Vector Harness	静默向量装具
Starline Ghost Vector	星线幽灵向量
Vacuum Apostle Wardog	真空使徒战犬
Cold Locker Deepseeker	冷藏柜深寻者
Foreclosure Ward Shell	止赎病房外壳
Ghost Ledger Mercenary	幽灵账册雇佣兵
Ghost Vector Navigator	幽灵向量领航员
Ghostline Triage Visor	幽灵线分诊面甲
Graveline Covenant Rig	墓线圣约装具
Gravshade SysDef Visor	重力暗影联殖防务面甲
Gravyard Reclaimer Rig	墓场收复者装具
Ledger Wraith Carapace	账册幽魂甲壳
Mercury of the Dryline	干线的水星
Stormline Marauder Rig	风暴线掠袭者装具
Synapse Hijacker Visor	突触劫持者面甲
SysDef Whisper Reagent	联殖防务私语试剂
Armistice Ghost Harness	停战幽灵装具
Ghostframe Salvager Rig	幽灵骨架打捞队装具
Ghostlane Command Visor	幽灵航线指挥面甲
Ghostlane Recon Harness	幽灵航线侦察装具
Ghostyard Foreman Visor	幽灵场工头面甲
Gravemark Phantom Visor	坟标幻影面甲
Gravlane Revenant Aegis	重力航线亡魂神盾
Gravlane Shade Deepcore	重力航线幽影深核
Gravyard Vector Harness	墓场向量装具
Liminal Corridor Shroud	阈限走廊裹布
Ranger of the Last Jump	最后跃迁的游骑兵
Threshold Navigator Rig	阈限领航员装具
Va'ruun Starfall Vector	瓦鲁星坠向量
Deimos Ghostline Harness	得墨忒耳幽灵线装具
Ecliptic Stormrunner Rig	黄道佣兵团风暴跑者装具
Ghostlane Vanguard Visor	幽灵航线先锋面甲
Ghostline SysDef Harness	幽灵线联殖防务装具
Grav Lattice Wraith Suit	重力晶格幽魂套装
Grav Shear Apostate Suit	重力剪切叛教者套装
Gravfall Pursuer Harness	重力坠落追击者装具
Gravline Phantom Harness	重力线幻影装具
Ranger of Broken Vectors	破碎向量的游骑兵
Siegebreaker Medic Visor	破围者医疗兵面甲
Silent Corridor Carapace	静默走廊甲壳
Va'ruun Ashstorm Bastion	瓦鲁灰暴堡垒
Weatherwright Exo-Shroud	气象匠外骨骼裹布
Cydonia Ghost Vector Pack	赛多尼亚幽灵向量背包
Dead Horizon Survey Visor	死地平线勘测面甲
Gravblind Deadspace Visor	重力盲死域面甲
Mercenary of Broken Lanes	断裂航线的雇佣兵
Null Vector Constellation	空向量星宿座
Scuttler of Official Lies	官方谎言的凿船者
Veilrunner Startrack Pack	幕行者星轨背包
Voidline Apparition Armor	虚空线鬼影护甲
Ghostbreaker Salvage Visor	破幽者打捞面甲
Graveyard Arbitrator Visor	墓场仲裁者面甲
Star Roamer Balancebreaker	星际漫游者破衡者
Stormlit Serpentfall Visor	风暴照蛇坠面甲
Grav-Cut Cartographer Aegis	重力切割制图师神盾
Grav-Fracture Foreman Visor	重力破碎工头面甲
Ledgerbreaker Explorer Pack	破账者探险背包
Va'ruun Balancebreaker Pack	瓦鲁破衡者背包
Deepseeker Ghost Vector Pack	深寻者幽灵向量背包
Rootfire Containment Harness	根火收容装具
DS-5619 Gunmaw	DS-5619 枪颚
VR-66 Crossline	VR-66 横线
Voyager AX-1329	旅行者 AX-1329
AR-1006 Warshade	AR-1006 战影
AR-6086 Gunspire	AR-6086 枪塔
BL-2864 Boneclaw	BL-2864 骨爪
CF-8519 Killstar	CF-8519 杀星
CR-9501 Voidfang	CR-9501 虚空獠牙
FM-5766 Riftclaw	FM-5766 裂隙爪
HX-7762 Edgefire	HX-7762 刃火
Ironkeel TR-5394	铁龙骨 TR-5394
KT-8412 Warshade	KT-8412 战影
LF-2357 Highnoon	LF-2357 正午
Northstar CT-278	北极星 CT-278
VK-5408 Boneclaw	VK-5408 骨爪
Widebeam AX-1562	宽带 AX-1562
AR-4733 Razorwind	AR-4733 剃刀风
AR-875 Ironstrike	AR-875 铁击
BL-8463 Ghostline	BL-8463 幽灵线
BR-1331 Riftblade	BR-1331 裂隙之刃
CR-3479 Bloodwake	CR-3479 血尾流
Deepwater LT-7924	深水 LT-7924
Deepwater TR-9346	深水 TR-9346
FR-4274 Dustlance	FR-4274 尘枪
GB-3498 Stockwind	GB-3498 存风
GC-5222 Stockwind	GC-5222 存风
Longshore AX-7571	长岸 AX-7571
RD-3161 Trashfang	RD-3161 垃圾獠牙
RS-8275 Riftblade	RS-8275 裂隙之刃
SL-6956 Dustshank	SL-6956 尘胫
SP-6272 Scrapfang	SP-6272 废料獠牙
ST-6273 Starblade	ST-6273 星刃
Seamender AX-6874	缝海者 AX-6874
Starborne TA-3154	星裔 TA-3154
Starwharf AX-3779	星码头 AX-3779
Tradewind LT-8645	贸易风 LT-8645
VR-3488 Crossline	VR-3488 横线
Windcrier TA-6451	风呼者 TA-6451
BL-3925 Nightblade	BL-3925 夜刃
BL-9366 Dreadskull	BL-9366 怖颅
BR-3074 Scrapviper	BR-3074 废料蝰蛇
BR-5033 Crackspine	BR-5033 裂脊
BR-8628 Shatterjaw	BR-8628 碎颚
CR-9292 Fundrunner	CR-9292 资金快船
DS-1671 Scarrunner	DS-1671 疤痕快船
GA-2267 Securehaul	GA-2267 安全运输
GC-8466 Depositron	GC-8466 储蓄者
GL-7623 Assetguard	GL-7623 资产卫队
GX-8809 Scraprider	GX-8809 废料骑手
HX-5912 Ironstrike	HX-5912 铁击
HX-8518 Ghostforge	HX-8518 幽灵熔炉
KT-4029 Stormlance	KT-4029 风暴长枪
OD-9486 Shadowwing	OD-9486 暗影之翼
RD-1964 Scrapviper	RD-1964 废料蝰蛇
Silverwake AX-1824	银尾流 AX-1824
Skyclipper TA-1174	天帆船 TA-1174
Tidewalker TA-7207	潮行者 TA-7207
VR-6919 Ghostforge	VR-6919 幽灵熔炉
AR-8328 Specterborn	AR-8328 幽魂生
BL-3147 Nightraider	BL-3147 夜袭者
BX-1113 Creditforge	BX-1113 信贷熔炉
CB-6735 Trustsphere	CB-6735 信球
DS-5971 Crimsonfang	DS-5971 深红獠牙
FC-9470 Prairiefire	FC-9470 草原之火
GL-1355 Capitalwing	GL-1355 资本之翼
SP-8530 Rivetstrike	SP-8530 铆钉击
CR-1604 Shadowreaver	CR-1604 暗影劫掠者
[This book just has lore and no actual functions]	[本书仅含设定内容，无实际功能]
There is critical  info  here  that  needs  getting	这里有必须取得的关键情报
Recover	恢复
UC Vanguard Mission Board	联殖先锋队任务板
To the UC	致联殖
Ecliptic Slate	黄道佣兵团数据板
Note to Renna	给蕾娜的便条
Carver's Slate	卡弗的数据板
Note to Dez	给德兹的便条
Spacer Slate	太空劫匪数据板
UC Navy Record	联殖海军记录
Maintenance Log	维护日志
Storage	存储
Dataslate	数据板
Caius Maren	凯乌斯·马伦
Owen Carver	欧文·卡弗
Dez	德兹
Markers	标记
New Atlantis	新亚特兰蒂斯城
Paradiso	天堂乐园
Ka'Zaal Sulfur Mine	肯扎尔星硫磺矿井
You're going to find this eventually, so I'll be direct.\r\n\r\nThat facility doesn't belong to Caius Maren. It never did. The people you just killed built it. Worked it. Lived in it. Maren took it from them eighteen months ago with a fraudulent land registry filing and a well-placed bribe. They had no legal recourse. They were non-citizens.\r\n\r\nSo they took it back. And they killed the bastards that worked for him.\r\n\r\nI don't expect you to care. The Vanguard serves citizens, and Maren is a citizen, and that's the end of the moral arithmetic as far as MAST is concerned. File your report. Collect your pay.\r\n\r\nBut you should know what you did today. And know there will be consequences.\r\n\r\nOwen Carver	你迟早会看到这东西，所以我就直说了。\r\n\r\n那座设施不属于凯乌斯·马伦。从来都不属于。你刚杀掉的那些人，是它的建造者，是它的工人，也曾住在里面。十八个月前，马伦靠一份造假的土地登记文件和一笔送到位的贿赂，把它从他们手里夺走了。他们没有任何法律途径申诉，因为他们不是公民。\r\n\r\n所以他们把它夺了回来。还杀掉了替马伦卖命的那些混蛋。\r\n\r\n我不指望你在意。先锋队只为公民服务，而马伦是公民——在三头同盟看来，道德上的算术到此为止。交你的报告，领你的报酬。\r\n\r\n但你该知道自己今天做了什么。也该知道，这件事不会没有后果。\r\n\r\n欧文·卡弗
Whoever's running point on the Vanguard's Mars and Paradiso files has been filing accurate reports. Accurate reports get read. Accurate reports get cross-referenced. I have spent two years and a great deal of money ensuring certain things don't get cross-referenced. I don't know what this operative has seen, but I know they've been honest about what they've seen, and that is, at this point, a more dangerous quality in a person than competence. Sonder is not UC space. No one will ask questions about pirate casualties. Make sure there are some.\r\n\r\nC.M.	负责先锋队火星与天堂乐园档案的那个人，一直在提交准确无误的报告。准确的报告会被人读，会被交叉比对。我花了两年时间和一大笔钱，就是为了确保某些事情不会被交叉比对。我不知道这名特工看到了什么，但我知道他对自己所见的一切都如实相告——而到了这一步，这种品质比能力更危险。桑德不属于联殖空域。没人会追问海盗的伤亡。确保确实留下一些伤亡。\r\n\r\nC.M.
The Vanguard pilot they've been sending after my people has been manipulating the reports Tuala sees. I don't know if they're on Maren's payroll or just covering their own back, but the effect is the same. He stays protected. We stay manageable. Nothing ever reaches the question it should.\r\n\r\nI wanted to believe someone in that uniform might actually be paying attention. That's on me.\r\n\r\nTake them out. You'll get the usual fee.\r\n\r\nO.C.	他们派来追查我手下人的那个先锋队飞行员，一直在操纵图阿拉看到的报告。我不知道他是拿了马伦的钱，还是只为保住自己，但结果是一样的。他始终受到庇护。我们始终处于可控范围。什么事都到不了它本该抵达的那个问题上。\r\n\r\n我本愿意相信，穿那身制服的人里也许真有人在留心。这算我看走了眼。\r\n\r\n干掉他。报酬照旧。\r\n\r\nO.C.
Renna\r\n\r\nConvoy's manifest confirms the target is aboard, with a rich family who'll pay rather than wait on a Vanguard rescue. Take them to the rendezvous, not Hangar Seven; Seven's been compromised since the Dustwell job. Demand goes out once you're secure, not before. You know what this money is for. The UC has spent decades deciding the Well doesn't count. We're just sending them the invoice. Look after your people. \r\n\r\nOwen	蕾娜\r\n\r\n运输船的舱单确认目标就在船上，随行的还有一户有钱人家——他们宁愿掏钱，也不会等着先锋队来救人。把他们带去会合点，别去七号机库；自打尘井那票之后，七号机库就已经暴露了。等你站稳脚跟再发出赎金要求，不要提前。你知道这笔钱是用来干什么的。联殖花了几十年时间，认定深井区不算数。我们不过是把账单寄给他们而已。照顾好你的人。 \r\n\r\n欧文
Vanguard\r\n\r\nIf you're reading this, you bested me. You've been honest. I don't know why. Maybe it costs you nothing. Maybe it costs you everything and you do it anyway. Doesn't matter. The Vanguard sent you here because Maren told them to. You've been doing his work this whole time, cleaning up what he made, making it look manageable, keeping the reports clean so MAST never has to ask the hard question. I built the Unwanted on people the UC decided didn't count. I am not a good man. I know what I ordered at Dustwell. I know what the Well raids became. I know what I am. But Maren is in orbit in the system right now, above the place where he had me kill people so he could file the paperwork cleanly afterward. He will land when you're done. He will survey his property. He will go home. If you have any of that honesty left, use it for something. He has an Ecliptic escort. Do whatever you want with that.\r\n\r\nOwen Carver	先锋队\r\n\r\n如果你读到了这东西，说明你赢了我。你一直很诚实。我不知道为什么。也许这对你毫无代价。也许这对你代价极大，可你还是这么做了。都不重要。先锋队派你来这里，是因为马伦让他们这么做。你从头到尾都在替他干活：收拾他造出来的烂摊子，让它看起来还在可控范围内，让报告干干净净，好让三头同盟永远不必问出那个难堪的问题。我用那些被联殖判定为不算数的人，建起了弃民。我不是好人。我知道自己在尘井下令做了什么。我知道深井区的突袭最后变成了什么。我知道自己是什么货色。但马伦此刻就在这个星系的轨道上，正悬在他让我杀人、好让他事后把文件写得漂漂亮亮的那片地方上空。等你办完事，他就会降落。他会巡视自己的产业。他会回家。如果你还剩一点那份诚实，就拿去做点有用的事。他有一支黄道佣兵团护卫。随你怎么处置。\r\n\r\n欧文·卡弗
Vanguard\r\n\r\nYou've been filing thin reports. Keeping things vague. I don't know who you're protecting, Maren, yourself, the idea of a clean conscience, but you've been doing his work and calling it discretion. The Vanguard thinks you've been running down spacers. Maren thinks you're manageable. Maybe you are. I built something here. I know what it became. I'm not asking you to mourn it. But Maren is in orbit in the system right now, above the place where he had me kill people so he could file the paperwork cleanly afterward. He will land when you're done. He will survey his property. He will go home. If you have any of that honesty left, use it for something. He has an Ecliptic escort. Do whatever you want with that.\r\n\r\nOwen Carver	先锋队\r\n\r\n你的报告一直写得单薄，什么都含糊其辞。我不知道你在保护谁——马伦、你自己，还是“良心清白”这么个念头——但你一直在替他干活，还把这叫做谨慎。先锋队以为你一直在追剿太空劫匪。马伦觉得你很听话。也许你确实听话。我在这里建起过一些东西。我知道它变成了什么。我不是要你为它哀悼。但马伦此刻就在这个星系的轨道上，正悬在他让我杀人、好让他事后把文件写得漂漂亮亮的那片地方上空。等你办完事，他就会降落。他会巡视自己的产业。他会回家。如果你还剩一点那份诚实，就拿去做点有用的事。他有一支黄道佣兵团护卫。随你怎么处置。\r\n\r\n欧文·卡弗
Dez\r\n\r\nThe package is secured, still alive. Sit on it until the demand goes out. If you move early and spook the buyers, I'll hear about it before you do. We're holding position near Lantana IV, far enough off the lane that the Vanguard won't stumble onto us by accident, close enough that I'm not losing a week getting back to the Well once this is done. \r\n\r\nOnce the family has paid, route the credits through the same channels as Dustwell, split as agreed, your cut off the top, the rest comes to me. If anyone asks why a fence in Paradiso suddenly has a missing UC citizen to whisper about at a card table, you don't know anything. You're good at that part. Stay good at it. \r\n\r\nRenna	德兹\r\n\r\n货已经到手，人还活着。在赎金要求发出去之前，先按兵不动。要是你动手太早、吓跑了买家，我会比你先听到风声。我们正停在马缨丹IV附近：离航线足够远，先锋队不会误打误撞撞上我们；也足够近，等这事办完，我不会在路上耗掉一星期才回到深井区。 \r\n\r\n那家人付钱之后，走和尘井一样的渠道把款项转过来，按约定分账：你先扣下自己那一份，剩下的归我。要是有人问起，天堂乐园的一个销赃贩子怎么突然有了个失踪联殖公民的谈资、可以在牌桌上悄悄说——你什么都不知道。这方面你很在行。继续保持。 \r\n\r\n蕾娜
We held onto the Vanguard pilot instead of killing him. That was always the smarter play. A live Vanguard is worth more than a dead one, and whoever commands him will want him back in one piece. We're pulling off-world before the UC sends anyone else. He's aboard the ships in orbit of Rhea for now, alive and cooperative enough that we haven't had to remind him why that's the better option. Settle up with the miners on Luna, then get back here.\r\n\r\nBrak	我们没杀那个先锋队飞行员，把他留下了。这一直是更聪明的做法。活着的先锋队员比死掉的更值钱，而且他的上司肯定想让他完完整整地回去。我们会在联殖再派人来之前撤离这颗行星。目前他在土卫五轨道上的飞船里，活着，而且配合得不错，我们还没必要提醒他为什么这才是更好的选择。跟月球上的矿工把账结了，然后回到这里来。\r\n\r\n布拉克
UC Navy Disciplinary Record, restricted, classification authority C. Maren: Subject O. Carver was ordered to engage civilian settlement designated "Halvorsen's Reach" under direct authorization, citing intelligence of spacer collaboration later confirmed fabricated by this office. Subject completed the engagement as ordered. Subject's subsequent testimony alleging this office issued an unlawful order is, on its face, accurate. Recommend discharge proceedings cite conduct unbecoming rather than the engagement itself. The engagement was authorized. The order was mine.	联殖海军纪律记录，机密，密级核准人 C. 马伦：受试者 O. 卡弗接到命令，在直接授权下攻击代号“哈尔沃森聚居地”的民用聚居点，所依据的情报称当地居民与太空劫匪勾结，该情报后经本办公室确认系伪造。受试者按命令完成了攻击。受试者随后作证称本办公室下达了非法命令——从表面上看，该证词属实。建议在除役程序中援引“行为不端”，而非攻击行动本身。该行动是经授权的。命令是我下的。
Maintenance log, Va'ruun escort vessel Hand of Ash: Cargo offloaded to ground cache prior to engagement, per Inquisitor's order. Automated sentries left to hold position. Faith does not require a guard who can be killed twice. \r\n\r\nCoordinates appended: Kazaal.	维护日志，瓦鲁护卫舰“灰烬之手号”：按审判官命令，货物已于交火前卸至地面藏匿点。留下自动哨兵据守。信仰不需要一个会被杀死两次的守卫。 \r\n\r\n附坐标：肯扎尔。
Rescue a <Alias=Prisoner> at the <Alias=TargetLocation> on <Alias=TargetPlanetLocation>	在<Alias=TargetPlanetLocation>的<Alias=TargetLocation>营救<Alias=Prisoner>
Retrieve the <Alias=PrimaryRef> from the <Alias=TargetLocation>	从<Alias=TargetLocation>取回<Alias=PrimaryRef>
Acquire Intelligence from the <Alias=TargetLocation>	从<Alias=TargetLocation>获取情报
Kill the <Alias=Boss> at the <Alias=TargetLocation> on <Alias=TargetPlanetLocation>	在<Alias=TargetPlanetLocation>的<Alias=TargetLocation>击杀<Alias=Boss>
Retrieve stolen <Alias=StolenCargo> from the <Alias=PrimaryRef> at <Alias=TargetSystemLocation>	在<Alias=TargetSystemLocation>从<Alias=PrimaryRef>处取回被盗的<Alias=StolenCargo>
Rescue a <Alias=Prisoner> from the <Alias=PrimaryRef> at <Alias=TargetSystemLocation>	在<Alias=TargetSystemLocation>从<Alias=PrimaryRef>处营救<Alias=Prisoner>
Acquire Intelligence from the <Alias=PrimaryRef> at <Alias=TargetSystemLocation>	在<Alias=TargetSystemLocation>从<Alias=PrimaryRef>处获取情报
Kill the <Alias=PrimaryRef> at the <Alias=TargetLocation> on <Alias=TargetPlanetLocation>	在<Alias=TargetPlanetLocation>的<Alias=TargetLocation>击杀<Alias=PrimaryRef>
Find and kill the <Alias=Boss> at the <Alias=TargetLocation> on <Alias=TargetPlanetLocation>	找到并击杀<Alias=TargetPlanetLocation>上<Alias=TargetLocation>的<Alias=Boss>
Defend a <Alias=TargetLocation> on <Alias=TargetPlanetLocation>	保卫<Alias=TargetPlanetLocation>上的<Alias=TargetLocation>
Community Outreach	社区外展
Routine Recovery	例行回收
Asset Recovery	资产回收
Lost Secrets	失落的秘密
Dangerous Threat	危险威胁
Missing in Action	行动中失踪
The Unwanted	弃民
Destroy the <Alias=PrimaryRef> at <Alias=TargetSystemLocation>	摧毁<Alias=TargetSystemLocation>的<Alias=PrimaryRef>
Retrieved	已取回
Arrivied	已抵达
Boss killed	首领已击杀
Note picked up	已拾取便条
Speech check passed	口才检定通过
Speech check failed	口才检定失败
Slate01 collected	已收集数据板01
Hostage freed	人质已获释
Slate02 found	已找到数据板02
Slate01 picked up	已拾取数据板01
Slate02 Picked up	已拾取数据板02
At Wheel	在驾驶位
Intelligence collected	已收集情报
Returned to ship	已返回飞船
Slate found	已找到数据板
Brak dead	布拉克已死亡
Slate picked up	已拾取数据板
Maren killed	马伦已击杀
Slate pickup up	已拾取数据板
Rescue the <Alias=Prisoner> at the <Alias=TargetLocation> on <Alias=TargetPlanetLocation>	在<Alias=TargetPlanetLocation>的<Alias=TargetLocation>营救<Alias=Prisoner>
Return the <Alias=PrimaryRef> to New Atlantis	将<Alias=PrimaryRef>送回新亚特兰蒂斯城
Acquire Intelligence from the from the <Alias=TargetLocation>	从<Alias=TargetLocation>获取情报
Go to any planet in the <Alias=TargetSystemLocation> system	前往<Alias=TargetSystemLocation>星系中的任何行星
Retrieve the <Alias=StolenCargo> from the <Alias=PrimaryRef>	从<Alias=PrimaryRef>取回<Alias=StolenCargo>
Return the <Alias=StolenCargo> to New Atlantis	将<Alias=StolenCargo>送回新亚特兰蒂斯城
Rescue the <Alias=Prisoner> from the <Alias=PrimaryRef>	从<Alias=PrimaryRef>营救<Alias=Prisoner>
Retrieve the <Alias=Intel> from the <Alias=PrimaryRef>	从<Alias=PrimaryRef>取回<Alias=Intel>
Return the <Alias=Intel> to New Atlantis	将<Alias=Intel>送回新亚特兰蒂斯城
Check the Vanguard Mission Board	查看先锋队任务板
Defend the <Alias=TargetLocation> on <Alias=TargetPlanetLocation>	保卫<Alias=TargetPlanetLocation>上的<Alias=TargetLocation>
Defend the <Alias=TargetLocation> from the <Alias=Boss>	保护<Alias=TargetLocation>，抵御<Alias=Boss>
Defend against the reinforcements	抵御增援部队
Kill the <Alias=Boss>	击杀<Alias=Boss>
Help the citizens of the United Colonies (<Global=VGCommunityOutreachDone>/<Global=VGCommunityOutreachTotal>)	帮助联合殖民地的公民（<Global=VGCommunityOutreachDone>/<Global=VGCommunityOutreachTotal>）
Go to Mars and take back Dustwell Station	前往火星，夺回尘井站
Search the Spacer leader for clues	搜查太空劫匪首领，寻找线索
Return to New Atlantis and make a report using the Mission Board	返回新亚特兰蒂斯城，使用任务板提交报告
Travel to Paradiso and get information from Dez Okafor	前往天堂乐园，从德兹·奥卡福那里获取情报
Travel to the rendezvous coordinates and board the Long Reckoning to free the hostage	前往会合坐标，登上长清算号解救人质
Search the ship's captain for clues	搜查这艘船的船长，寻找线索
Search Hyla I for wreckage of the Tellurian Drift	在海拉I搜寻大地漂流号的残骸
Travel to Kazaal and recover the Tellurian Drift's cargo	前往肯扎尔，找回大地漂流号的货物
Return to New Atlantis and make a report	返回新亚特兰蒂斯城提交报告
Travel to The Almagest and recover the slate from the dead drop 	前往至高，从死信箱取回数据板
Return to your ship	返回飞船
Board the enemy flagship and find out who sent them	登上敌方旗舰，查明是谁派他们来的
Travel to the <Alias=MareStation> on Luna	前往月球上的<Alias=MareStation>
Defend <Alias=MareStation> from the Spacers	保护<Alias=MareStation>，抵御太空劫匪
Rescue Jones from the Spacer ships around Rhea	从土卫五附近的太空劫匪飞船中救出琼斯
Go to <Alias=TargetLocation> and clear it of the Unwanted	前往<Alias=TargetLocation>，清剿那里的弃民
(Optional) Kill Maren and his Ecliptic escort in orbit	（可选）在轨道上击杀马伦和他的黄道佣兵团护卫
Locate and destroy the <Alias=PrimaryRef>	找到并摧毁<Alias=PrimaryRef>
Vanguard Contract\r\nA United Colonies Citizen has been kidnapped in the <Alias=TargetSystemLocation> system. Locate the <Alias=Prisoner> and free them.	先锋队合同\r\n一名联合殖民地公民在<Alias=TargetSystemLocation>星系遭到绑架。找到<Alias=Prisoner>并解救他们。
Vanguard Contract\r\nSome cargo stolen from a United Colony ship has been located in the <Alias=TargetSystemLocation> system. Locate the <Alias=PrimaryRef> and return it to it's owner in New Atlantis.	先锋队合同\r\n一批从联合殖民地飞船上失窃的货物已在<Alias=TargetSystemLocation>星系被找到。找到<Alias=PrimaryRef>，并将其归还给新亚特兰蒂斯城的物主。
Vanguard Contract\r\nAegis believe that a <Alias=TargetLocation> in the <Alias=TargetSystemLocation> system contains a slate they are interested in. Locate the <Alias=PrimaryRef>, and return it to New Atlantis.	先锋队合同\r\n宙斯盾认为<Alias=TargetSystemLocation>星系中的<Alias=TargetLocation>有一块他们感兴趣的数据板。找到<Alias=PrimaryRef>，并将其送回新亚特兰蒂斯城。
Vanguard Contract\r\nA criminal responsible for attacking United Colony ships has been reported in the <Alias=TargetSystemLocation> system. Locate the <Alias=Boss> and kill them.	先锋队合同\r\n有报告称，一名袭击联合殖民地飞船的罪犯出现在<Alias=TargetSystemLocation>星系。找到<Alias=Boss>并将其击杀。
Vanguard Contract\r\nWe have reports that a stolen shipment of <Alias=StolenCargo> is in the <Alias=TargetSystemLocation> system. Locate the <Alias=PrimaryRef>, retrieve the cargo, and return it to New Atlantis.	先锋队合同\r\n我们收到报告，一批失窃的<Alias=StolenCargo>位于<Alias=TargetSystemLocation>星系。找到<Alias=PrimaryRef>，取回货物，并将其送回新亚特兰蒂斯城。
Vanguard Contract\r\nA United Colonies Native is being held for ransom in the <Alias=TargetSystemLocation> system. Locate the <Alias=PrimaryRef> they are held on and resuce them.	先锋队合同\r\n一名联合殖民地本土居民在<Alias=TargetSystemLocation>星系被扣押以索取赎金。找到关押他们的<Alias=PrimaryRef>，将他们救出。
Vanguard Contract\r\nAegis believe that a ship in the <Alias=TargetSystemLocation> system contains a slate they are interested in. Locate the <Alias=PrimaryRef>, retrieve the Slate, and return it to New Atlantis.	先锋队合同\r\n宙斯盾认为<Alias=TargetSystemLocation>星系中的一艘飞船载有他们感兴趣的数据板。找到<Alias=PrimaryRef>，取回数据板，并将其送回新亚特兰蒂斯城。
Vanguard Contract\r\nA criminal responsible for attacking United Colony ships has been reported in the <Alias=TargetSystemLocation> system. Locate the <Alias=PrimaryRef> and kill them.	先锋队合同\r\n有报告称，一名袭击联合殖民地飞船的罪犯出现在<Alias=TargetSystemLocation>星系。找到<Alias=PrimaryRef>并将其击杀。
Vanguard Contract\r\nAn Outpost belonging to a United Colony citizen has been overrun by a Terrormorph in the <Alias=TargetSystemLocation> system. Locate the <Alias=Boss> and kill it.	先锋队合同\r\n<Alias=TargetSystemLocation>星系中，一座属于联合殖民地公民的哨站被骇变兽侵占。找到<Alias=Boss>并将其击杀。
Vanguard Contract\r\nAn cave near an interest belonging to a United Colony citizen has been overrun by a Terrormorph in the <Alias=TargetSystemLocation> system. Locate the <Alias=Boss> and kill it.	先锋队合同\r\n<Alias=TargetSystemLocation>星系中，一处属于联合殖民地公民的产业附近的洞穴被骇变兽侵占。找到<Alias=Boss>并将其击杀。
Vanguard Contract\r\nAn Outpost belonging to a United Colony citizen is being threatened by a <Alias=Boss> in the <Alias=TargetSystemLocation> system. Locate the <Alias=Boss> and eliminate the threat.	先锋队合同\r\n<Alias=TargetSystemLocation>星系中，一座属于联合殖民地公民的哨站正受到<Alias=Boss>的威胁。找到<Alias=Boss>并消除威胁。
The Vanguard exists to protect the people of the United Colonies. That means more than just shooting pirates and filing incident reports; it means showing up for the communities we serve.\r\nI'm authorizing a new initiative. I want Vanguard personnel spending time on the ground in our settlements, New Atlantis, Cydonia, Gagarin, and New Homestead. Talk to people. Find out what they need. Help them with it.\r\nThis isn't glamorous work. You might be fixing someone's water recycler or tracking down a missing shipment. That's fine. That's the point. Every citizen who sees a Vanguard pilot go out of their way for them is a citizen who trusts us more than they did yesterday. And right now, trust is a resource we can't afford to waste.\r\nDon't rush it. Don't do it just to check a box. Do it like you mean it.\r\nCommander Tuala	先锋队的职责就是保护联合殖民地的民众。这不只是击退海盗、填填事故报告，而是要在我们服务的社区里真实地出现。\r\n我要批准一项新计划。我希望先锋队人员能抽出时间，踏上我们各个定居点的土地：新亚特兰蒂斯城、赛多尼亚、加加林星，还有新家园。去和人们交谈。弄清楚他们需要什么。帮他们解决。\r\n这活不体面。你可能是在修某人的水循环器，也可能是在追查一批失踪的货物。没关系。这才是重点。每一个亲眼看到先锋队飞行员专程为他跑一趟的公民，都会比昨天更信任我们一点。而现在，信任是我们浪费不起的资源。\r\n别赶时间。别只为了打勾交差。拿出真心去做。\r\n图阿拉指挥官
A gang of spacers calling themselves the Unwanted have seized a mining facility on Mars, called Dustwell Station. It is registered to a UC citizen, Caius Maren. Maren has filed a formal complaint with MAST and is expecting a swift resolution. Clear the facility, secure any assets on-site, and file your report through the board when done.\r\nMaren is a first-class citizen with administrative connections. Keep it clean and professional. This is a routine recovery operation.\r\nCommander Tuala	一伙自称“弃民”的太空劫匪占领了火星上一座名为尘井站的采矿设施。该设施登记在联殖公民凯乌斯·马伦名下。马伦已向三头同盟提出正式申诉，要求尽快解决。清空设施，扣押现场所有资产，事毕后通过任务板提交你的报告。\r\n马伦是一等公民，在行政系统里有关系。做事干净、专业。这是一次例行回收行动。\r\n图阿拉指挥官
A UC convoy bound for New Atlantis was attacked three days ago in fringe space. The escort and crew were killed. A citizen was taken hostage, presumably for ransom. The Unwanted have a pattern of this now, and it's escalating. No demand has come through yet, which worries me more than if it had. \r\nAegis flagged a contact in Paradiso, a fence named Dez Okafor, who's reportedly been bragging about "knowing people" involved in the attack. Paradiso isn't UC territory, so we have no arrest authority there. Use your judgment. I just want that citizen back alive. \r\nCommander Tuala 	三天前，一支前往新亚特兰蒂斯城的联殖运输船队在边境星域遭到袭击。护卫和船员全部遇害，一名公民被掳为人质，多半是为了索取赎金。弃民现在已是惯犯，而且正在升级。目前还没有人提出赎金要求——这比有人提出来更让我担心。 \r\n宙斯盾标记出天堂乐园的一个联系人：一个名叫德兹·奥卡福的销赃贩子，据说他一直在吹嘘自己“认识”参与这次袭击的人。天堂乐园不属于联殖领土，我们在那里没有逮捕权。你自己判断。我只要那名公民活着回来。 \r\n图阿拉指挥官 
A UC-registered freighter, the Tellurian Drift, was taken by Varuun Zealot raiders four days ago en route from Cydonia. The owner of record is Caius Maren, who has filed directly with MAST rather than waiting on standard salvage channels. He's specifically requesting the return of the cargo slates, which he describes as classified administrative records. I don't love that phrasing, but a citizen's property is a citizen's property. Locate the freighter, recover the cargo, and bring those slates back intact. \r\nCommander Tuala	四天前，一艘登记在联殖名下的货船“大地漂流号”在从赛多尼亚出发的途中被瓦鲁狂徒劫走。登记船主是凯乌斯·马伦，他没有走标准打捞渠道，而是直接向三头同盟提交了申请。他特别要求返还船上的货物数据板，并称那是机密的行政记录。我不太喜欢这个说法，但公民的财产就是公民的财产。找到那艘货船，取回货物，把那几块数据板完整地带回来。 \r\n图阿拉指挥官
Aegis flagged a data broker on The Almagest moving a slate they are after. The Almagest isn't UC territory and it isn't friendly, it's a spacer waystation, full stop. Go in, get the slate, get out. This slate is dangerous in the wrong hands, so make sure you get it back quickly.\r\nCommander Tuala	宙斯盾盯上了至高上的一名数据掮客，他正在转移一块他们想要的数据板。至高不是联殖领土，也谈不上友好——那是一处太空劫匪中转站，就这么简单。进去，拿到数据板，出来。这块数据板落在不该拿的人手里会很危险，所以务必尽快取回。\r\n图阿拉指挥官
A Vanguard pilot assigned to a protective detail at a mining settlement on Luna has missed two consecutive check-ins. Captain Jones. Good record, three years in, not the type to go quiet without reason. The settlement reported a Spacer presence moving in their direction four days ago. Jones was dispatched the same day. I haven't been able to raise him or the settlement since. Go and find out what's happening out there. If Jones is alive, bring him home. If he isn't, I want to know that too. \r\nCommander Tuala	一名被派往月球某采矿定居点执行护卫任务的先锋队飞行员连续两次没有按时报到。琼斯上尉。履历良好，服役三年，不是那种无缘无故失联的人。四天前，该定居点报告有太空劫匪朝他们方向移动。琼斯当天就被派了过去。自那之后，我既联系不上他，也联系不上那个定居点。去查清楚那边出了什么事。如果琼斯还活着，把他带回家。如果没有，我也要知道。 \r\n图阿拉指挥官
Intelligence received through MAST confirms a significant Unwanted presence at an abandoned settlement called <Alias=TargetLocation>. This is the largest concentration of Unwanted leadership we've identified since this operation began. Maren flagged the location himself; he was apparently visiting the site. They spotted the encampment and pulled out before they were noticed. As much as I don't want to attack that settlement for Maren again, this situation needs to end. I want the Unwanted cleared. This ends here.\r\nCommander Tuala	通过三头同盟收到的情报证实，一处名为<Alias=TargetLocation>的废弃定居点内有大量弃民活动。这是我们开展这次行动以来发现的弃民高层最集中的一次集结。地点是马伦自己标记的；他显然去过那里。他们发现了营地，在被察觉之前撤了出来。尽管我极不愿意再为马伦去攻打那座定居点，但这件事必须了结。我要把弃民清干净。就到此为止。\r\n图阿拉指挥官
Vanguard Contract\r\nA known pirate ship has been reported in the <Alias=TargetSystemLocation> system. Locate the <Alias=PrimaryRef> and destroy it.	先锋队合同\r\n有报告称，一艘已知的海盗飞船出现在<Alias=TargetSystemLocation>星系。找到<Alias=PrimaryRef>并将其摧毁。
Target System	目标星系
Target	目标
Target Planet	目标星球
Target Location	目标位置
Location	位置
Target Settlement	目标聚居地
Gagarin	加加林星
Cydonia	赛多尼亚
New Homestead	新家园
Sol	太阳系
Mars	火星
Dez Okafor	德兹·奥卡福
Hyla	海拉星
Hyla I	海拉I
Bessel	贝塞尔星
The Almagest	至高
Bessel II	贝塞尔II
Luna	月球
As you write the report on what happened at the Mining Colony, do you report what the slate told you?	在撰写关于采矿殖民地事件的报告时，你会交代数据板上写的内容吗？
Tell Truth	说出真相
Ignore Slate	无视数据板
Dustwell	尘井
Halvorsen's Reach	哈尔沃森聚居地
Only UC Vanguard Captains can access this Mission Board.	只有联殖先锋队队长才能访问此任务板。
Access Denied	拒绝访问
As you write the report on what happened on the Long Reckoning, do you report the motives of Renna?	在撰写关于长清算号事件的报告时，你会交代蕾娜的动机吗？
Ignore Motives	无视动机
As you write the report on what happened to the Tellurian Drift, do you mention what was in the report?	在撰写关于大地漂流号事件的报告时，你会提到那份报告的内容吗？
Ignore Report	无视报告
Renna	蕾娜
Brak	布拉克
Daren Jones	达伦·琼斯
Long Reckoning	长清算号
Dustwell Station	尘井站
Wreckage of the Tellurian Drift	大地漂流号残骸
Miner	矿工
Assesment: Mantis Tech	评估：祈祷者科技
The Collector Theory	收藏家理论
He's Real, Damnit!	他是真的，该死！
Beauty in the Flames	烈焰中的美
The Clean-Up Crew	清道夫小队
Silent for a Century	沉默一个世纪
Snitchy's Gone!	告密精不见了！
Field Report: The Mantis	战地报告：祈祷者
Captain Log: Kastor Kraz	舰长日志：卡斯托·克拉兹
Spacer Ghost Story	太空劫匪的鬼故事
Vanished Without Trace	消失无踪
Not a Human	不是人类
They're Cover Ops	他们是掩护行动
Not Just A Hunter	不只是猎人
Take Me Already!	把我带走吧！
Crimson Fleet Reprimand	深红舰队训诫
The Last Warning	最后的警告
Ghost or Machine?	幽灵还是机器？
Aegis Case File: 7-7743	宙斯盾案件档案：7-7743
Calling All Spacers	召集所有太空劫匪
Field Report: Escalation	战地报告：事态升级
Silent Strikes	无声打击
Psych Eval: Squad V-X17	心理评估：V-X17小队
Threat Profile: Mantis	威胁档案：祈祷者
Report: Mantis Encounter	报告：遭遇祈祷者
Despite persistent operational success, all recovered Mantis gear has been verified as 40+ years out of date. Armor plating, power cores, and weapon modules appear untouched by modern advancement. No known upgrades. No modularity. Possibly allergic to innovation.\r\n\r\nConclusion: The entity operating under the 'Mantis' designation is either obsessively committed to vintage hardware or intentionally sustaining technological inferiority as a tactical flex. We are being outmaneuvered by someone running pre-colony war firmware.\r\n\r\nRecommendation: Do not underestimate obsolete systems deployed with absolute precision. Also, begin internal audit for unnecessary gear upgrades. Apparently, those aren't as essential as previously believed.\r\n	尽管其作战行动屡屡得手，所有回收到的祈祷者装备都已被证实落后了四十多年。装甲板、动力核心和武器模块都看不出受过现代技术进步的任何影响。没有已知的升级，没有模块化设计。简直像对创新过敏。\r\n\r\n结论：以“祈祷者”之名活动的那个实体，要么对老古董硬件执念深重，要么就是刻意把技术上的落后当成一种战术姿态。我们现在是被一个还在跑殖民地大战前固件的家伙玩弄于股掌之间。\r\n\r\n建议：绝不要低估以绝对精度部署的过时系统。另外，着手内部审查不必要的装备升级——显然，这些升级并没有我们过去以为的那么必要。\r\n
\r\n<header leftText=Scraphead 'PING' rightText='ZetaReticool'>\r\n+174 Boosts | 51 Echos\r\n\r\nLook, I don't know what to think anymore.\r\n\r\nThe Mantis - people say it's a man, a vengeful ghost, some kinda myth. But what if it's not? What if it's not human at all?\r\n\r\nThink about it: no one's ever seen the Mantis kill. It never leaves a body. It doesn't take prisoners. It just... takes. Like we're specimens in some twisted collection.\r\n\r\nMaybe it's not a guy in a stealth rig. Maybe it's something else - a ship, a crew, or maybe even alien.\r\n\r\nI'm not saying I have proof, but the longer this goes on, the less it feels like a manhunt and more like a harvest.\r\n\r\nWhat do you all think? Anyone else feel like the Mantis isn't what we're being told?\r\n\r\n<header leftText='Scraphead ECHO' rightText='SnitchySnitcherson'>\r\n-23 Boosts | 12 Echos\r\n\r\nZeta, you're skirting the edge of truth, brother.\r\n\r\nI've been chasing shadows and picking up cosmic breadcrumbs - signals coded in a frequency only dead space and crazed spacers understand. This ain't human tech, it's some alien spookshow with probes that'd make a neural-net blush.\r\n\r\nI'm cooked, wired, and ready to roll. Let's gang up, swap ghost stories, and maybe blow this collector's cache wide open.\r\n\r\nIf you want to survive, you better come hungry... or at least come with snacks.\r\n	\r\n<header leftText=Scraphead 'PING' rightText='ZetaReticool'>\r\n+174 点赞 | 51 回响\r\n\r\n听着，我已经不知道该信什么了。\r\n\r\n祈祷者——有人说那是个男人，是个复仇的幽灵，是某种传说。可万一不是呢？万一它根本不是人类呢？\r\n\r\n你想想：从来没人见过祈祷者下手。它从不留下尸体，也不留活口。它只是……拿走。就好像我们是某个变态收藏里的标本。\r\n\r\n也许那不是一个穿着隐形装备的家伙。也许是别的东西——一艘船、一支船员，甚至可能是外星生物。\r\n\r\n我不是说我有证据，但这事拖得越久，就越不像一场追捕，越像一次收割。\r\n\r\n你们怎么看？还有谁觉得祈祷者根本不是我们被告知的那个样子？\r\n\r\n<header leftText='Scraphead ECHO' rightText='SnitchySnitcherson'>\r\n-23 点赞 | 12 回响\r\n\r\nZeta，你都快摸到真相的边了，兄弟。\r\n\r\n我一直在追影子、捡宇宙里的面包屑——那些信号用的频段，只有死寂的空间和疯掉的太空劫匪才听得懂。这绝不是人类的技术，是某种外星鬼把戏，那探头能让神经网络都脸红。\r\n\r\n我烧坏了、接上线、随时能出发。咱们结伙吧，交换点鬼故事，说不定还能把这收藏家的藏货一锅端了。\r\n\r\n想活命，你最好带着饥饿来……或者至少带点零食。\r\n
\r\n<header leftText='Scraphead PING' rightText='Mant1sTruth'>\r\n-2198 Boosts | 456 Echos\r\n\r\nYou can downboost me all you want, but I know what I saw!\r\n\r\nThat wasn't pirates. That wasn't the Fleet. \r\n\r\nIt didn't announce, didn't ping, didn't flash so much as a light. Just dropped outta the black and cut through our skiff like it was Chunks - the Pie kind!\r\n\r\nAnd you're all still sittin' here laughin' like I made it up?\r\n\r\nI'm tellin' you: he's out there.\r\n\r\nThe Mantis is real. You don't believe me now, fine. Just hope when you see him, you don't get time to regret it.\r\n\r\n<header leftText='Scraphead ECHO' rightText='Krazinator490'>\r\n+1876 Boosts | 212 Echos\r\n\r\nSeriously, Mant1sTruth, take that spooky campfire ping back to cs/MantisHuggers or wherever the rest of you tinfoil-heads are swapping ghost stories.\r\n\r\nThis channel's for scrappers, not chem-fried fanboys chasing void phantoms.\r\n\r\nThe Mantis ain't real. You just saw your reflection in a cracked viewport.	\r\n<header leftText='Scraphead PING' rightText='Mant1sTruth'>\r\n-2198 点赞 | 456 回响\r\n\r\n你们尽管踩我，但我清楚自己看到了什么！\r\n\r\n那不是海盗。也不是深红舰队。\r\n\r\n它没有通报，没有探询信号，连灯都没闪一下。就那么从黑暗里冒出来，把我们的穿梭艇切开，跟切块餐——派味那种——一样轻松！\r\n\r\n你们还坐在这儿笑，当是我编的？\r\n\r\n我告诉你们：它就在外面。\r\n\r\n祈祷者是真的。你们现在不信，行。只希望等你们见到它的时候，还有时间后悔。\r\n\r\n<header leftText='Scraphead ECHO' rightText='Krazinator490'>\r\n+1876 点赞 | 212 回响\r\n\r\n说真的，Mant1sTruth，把你那套营火鬼故事拿回 cs/MantisHuggers 去，随便你们这帮锡箔帽们在哪儿互相换鬼故事。\r\n\r\n这个频道是给拾荒者的，不是给嗑药嗑傻了、追着虚空幽灵跑的脑残粉的。\r\n\r\n祈祷者根本不存在。你只是从破裂的舷窗里看到了自己的倒影。
\r\n<header leftText='Scraphead PING' rightText='ThrusterSniffer'>\r\n+8 Boosts | 1 Echo\r\n\r\nShe moved through the fire like it was part of her.\r\nFlames curled off her armor and didn't dare land. \r\nNot a single spark touched her.\r\n\r\nThat wasn't a pirate.\r\nWasn't a bounty hunter. \r\nWasn't human in any way I know.\r\n\r\nI saw her in the flicker-smooth, silent, shaped like shadow given form.\r\nThen she looked at me. Just for a second.\r\nEyes like the void between stars.\r\n\r\nI couldn't speak. Couldn't run.\r\nIt felt like time bent around her. \r\nLike death was pausing to admire itself.\r\n\r\nAnd I swear on every breath I've got left,\r\nShe was the most beautiful thing I've ever seen.\r\n\r\n<header leftText='Scraphead ECHO' rightText='RealStarborn'>\r\n+2 Boosts | 0 Echos\r\n\r\nSounds like you caught a glimpse of my wife.	\r\n<header leftText='Scraphead PING' rightText='ThrusterSniffer'>\r\n+8 点赞 | 1 回响\r\n\r\n她穿过火焰，仿佛那火焰本就是她身上的一部分。\r\n火舌从她的装甲上卷开，不敢落下来。\r\n没有一粒火星碰到过她。\r\n\r\n那不是海盗。\r\n不是赏金猎人。\r\n以我所知，根本不算人。\r\n\r\n我在那片摇曳的光里看见了她——平稳、无声，像是阴影被赋予了形体。\r\n然后她看了我一眼。就一秒钟。\r\n那双眼睛，像星星之间的虚空。\r\n\r\n我说不出话。跑不动。\r\n感觉时间都绕着她弯了。\r\n像死亡正停下来欣赏自己。\r\n\r\n我拿我剩余的每一次呼吸起誓，\r\n她是我见过最美的东西。\r\n\r\n<header leftText='Scraphead ECHO' rightText='RealStarborn'>\r\n+2 点赞 | 0 回响\r\n\r\n听起来你是瞄见我老婆了。
Some Fleet dogs think the UC's behind the Mantis, cleaning up loose ends. I don't trust no one, but that theory's got teeth. Could be why no patrols ever cross paths with it.\r\n	舰队里有些狗东西觉得，祈祷者背后是联殖，在替他们收拾尾巴。我谁也不信，但这说法有点嚼头。也许这就是为什么从来没有巡逻队和它撞上过。\r\n
\r\n<header leftText='Scraphead PING' rightText='MOTHER$HIP69'>\r\n+88 Boosts | 14 Echos\r\n\r\nAlright, don't fry me for this-\r\n\r\nBut how the hell is Mantis gear that old and still running like it's fresh outta a Ryujin vault? I'm talkin' century-old stealth tech that still ghosts ships without leavin' a blip.\r\n\r\nHow is that even possible? \r\nSomeone smarter than me explain how ancient tech still runs circles around every sensor in the Settled Systems.\r\n\r\n<header leftText='Scraphead ECHO' rightText='RyujinReject07'>\r\n-147 Boosts | 82 Echos\r\n\r\nY'all ever think the Mantis isn't using old tech... but that WE'RE using deliberately nerfed systems so the corps can track us easier?	\r\n<header leftText='Scraphead PING' rightText='MOTHER$HIP69'>\r\n+88 点赞 | 14 回响\r\n\r\n行吧，说这个别喷我——\r\n\r\n可祈祷者的装备那么老旧，怎么还能跑得跟刚从龙神集团的保险库里拿出来一样？我说的是一百年前的隐形技术，到现在还能像鬼一样溜过飞船、一点信号都不留。\r\n\r\n这怎么可能？\r\n来个比我聪明的人解释一下，古代技术怎么还能把定居星系群里的每一台传感器耍得团团转。\r\n\r\n<header leftText='Scraphead ECHO' rightText='RyujinReject07'>\r\n-147 点赞 | 82 回响\r\n\r\n你们有没有想过，不是祈祷者在用老技术……而是我们用的系统被人为削过，好让那些大公司更容易追踪我们？
\r\n<header leftText='Scraphead PING' rightText='ZetaReticool'>\r\n+7 Boosts | 0 Echos\r\n\r\nI felt his energy signature vanish. You understand?\r\n\r\nSnitchy's gone. My best friend. My co-pilot. My truth anchor.\r\n\r\nOne second he's behind me, mid-rant about freeze-dried noodles, next second - airlock's open, and no Snitchy.\r\n\r\nThe Mantis? Please. That's just what they want you to think.\r\n\r\nThis was a hostile retrieval event. Classic xeno op. Smooth, surgical. Like he was plucked from reality.\r\n\r\nThey've been watching us. Harvesting our thoughts.\r\n\r\nYou all sit here boosting ghost stories while I'm out here losing my only tether to this dimension.\r\n\r\nI filed a Nexus Tier-2 Abduction Notice. You should all be sleeping under copper mesh and thinking in scatter patterns.\r\n\r\nThey're real. They're here. And they took Snitchy.	\r\n<header leftText='Scraphead PING' rightText='ZetaReticool'>\r\n+7 点赞 | 0 回响\r\n\r\n我感觉到他的能量信号消失了。你们明白吗？\r\n\r\n告密精不见了。我最好的朋友。我的副驾驶。我锚定真相的支点。\r\n\r\n上一秒他还在我身后，抱怨着冻干面条，下一秒——气闸开着，告密精没了。\r\n\r\n祈祷者？得了吧。那只是他们想让你信的。\r\n\r\n这是一次敌对回收行动。典型的外星人作业。干净、精准。就像他被从现实中拔了出去。\r\n\r\n他们一直在看着我们。收割我们的思想。\r\n\r\n你们坐在这儿给鬼故事点赞，而我在外面丢掉了与这个维度的唯一系绳。\r\n\r\n我提交了一份枢纽二级绑架通报。你们都该睡在铜网底下，用散射的思维模式思考。\r\n\r\n他们是真的。他们就在这里。而且他们带走了告密精。
Last cycle, we lost Bosh and his crew. No wreckage. No SOS. They were just gone. \r\n\r\nFleet whispers say the Mantis takes its prizes, but no one knows why. What happens to those crews? Some say they're sold off, others that the Mantis harvests data or worse. \r\n\r\nWhatever the truth, it's enough to keep us all looking over our shoulders.\r\n	上个周期，我们失去了博什和他的船员。没有残骸。没有求救信号。他们就这么没了。 \r\n\r\n舰队里私下都在传，祈祷者会带走它的战利品，但没人知道为什么。那些船员后来怎么样了？有人说被卖掉了，有人说祈祷者在收割数据，或者更糟。 \r\n\r\n不管真相是什么，光是这样就够让我们所有人时不时回头看了。\r\n
\r\n<header leftText='Scraphead PING' rightText='OverclockedGranny'>\r\n+89 Boosts | 0 Echos\r\n\r\nSame armor. Same ship. Same sad story every time.\r\n\r\nI was runnin' scrap long before the Colony War lit half the Settled Systems on fire. Trust me - ain't nobody out here stayin' alive that long. Not without help from something unnatural.\r\n\r\nWhatever that thing is, it ain't flesh. Never was.\r\n\r\nYou think it's some lone vigilante with a grudge? No, sugar. It's a rigged-up machine.\r\n\r\nStealth drive, untraceable heat sig, movement too smooth for anything born. That's old tech - maybe even pre-Exodus tech, buried deep and still runnin' its mission.\r\n\r\nIt ain't killin' for justice. It ain't even angry.\r\n\r\nIt's just followin' orders.\r\n\r\nProblem is, whoever gave 'em is long gone. And the job still ain't finished.	\r\n<header leftText='Scraphead PING' rightText='OverclockedGranny'>\r\n+89 点赞 | 0 回响\r\n\r\n一样的装甲。一样的飞船。每次都是同样凄惨的故事。\r\n\r\n早在殖民地大战把半个定居星系群点着之前，我就在跑废料了。信我——在这外面没人能活那么久。除非背后有某种不自然的东西撑着。\r\n\r\n不管那东西是什么，它都不是血肉。从来都不是。\r\n\r\n你以为那是某个心怀怨恨的独行义警？不，宝贝。那是一台拼装出来的机器。\r\n\r\n隐形引擎、无法追踪的热信号、动作顺滑到不像任何有生命的东西。那是老技术——甚至可能是大撤离之前的技术，深埋在地下，至今还在执行它的任务。\r\n\r\n它杀人不是为了正义。它连愤怒都没有。\r\n\r\n它只是在服从命令。\r\n\r\n问题在于，下达命令的人早就没了。而那份差事还没做完。
\r\n<header leftText='Scraphead PING' rightText='NullVibe404'>\r\n+2893 Boosts | 231 Echos\r\n\r\nYou ever notice how the Mantis only shows up when it's real damn convenient? Whole crew gone, cargo vanished, no witnesses, no pings - just a spooky bedtime story floating in the wreckage.\r\n\r\nAnd it's always Spacers! Never a UC science ship. Never a Vanguard patrol. Ain't that funny?\r\n\r\nI'm telling you, the Mantis ain't real - it's a cover op. A spook story cooked up by UC black ops to clean house without raising alarms.\r\n\r\nYou see something you weren't supposed to? Boom - cue the ghost story, and the end of your life.\r\n\r\nThis ain't vengeance. It's narrative control. The UC's own urban legend - just believable enough to scare you, just absurd enough to laugh off if you ask questions.\r\n\r\nOpen your eyes! Monsters wear badges, too.	\r\n<header leftText='Scraphead PING' rightText='NullVibe404'>\r\n+2893 点赞 | 231 回响\r\n\r\n你们注意到没有，祈祷者只在特别方便的时候才出现？整船人没了，货物不见了，没有目击者，没有信号——只剩一堆漂在残骸里的恐怖睡前故事。\r\n\r\n而且每次都是太空劫匪！从来不是联殖的科研船。从来不是先锋队的巡逻队。这不奇怪吗？\r\n\r\n我告诉你们，祈祷者根本不存在——那是一次掩护行动。是联殖黑色行动编出来的一出鬼戏，好不惊动任何人就把场子清干净。\r\n\r\n你看到了不该看的东西？嘭——鬼故事该上场了，你的命也到头了。\r\n\r\n这不是复仇。这是叙事控制。联殖自己的都市传说——可信到能吓住你，荒谬到你要真去追问就会被当成笑话。\r\n\r\n睁开眼吧！怪物也是会戴徽章的。
Mantis ain't just a hunter - it's a ghost story told to keep us scared. Makes crews crack. Some say just hearing its name gets you killed quicker.\r\n	祈祷者不只是个猎人——它是一个讲出来吓唬我们的鬼故事。它能让船员崩溃。有人说，光是听到它的名字，你就会死得更快。\r\n
\r\n<header leftText='Scraphead PING' rightText='ZetaReticool'>\r\n+79 Boosts | 14 Echos\r\n\r\nHow many more, huh?\r\n\r\nSnitchy, gone. Blorp, gone. Chunkle? Evaporated mid-laugh. Fizzbucket left nothing but his boots and a weird buzzing noise.\r\n\r\nYou know how many bunkmates I've had in the last cycle? Seven.\r\nYou know how many are still here? Just me.\r\n\r\nEither I'm cursed, or I'm wearin' some kinda galactic abduction cologne. Eau de "Harvest Me Daddy."\r\n\r\nI swear they're savin' me for last. Takin' the weirdest ones first, like they're curating a collection.\r\n\r\nSo come on, Mantis Alien freaks, you've got the set.\r\n\r\nTake me already.\r\n\r\n<header leftText='Scraphead ECHO' rightText='ChunksHunk54'>\r\n+8 Boosts | 1 Echo\r\n\r\nAlright, Zeta, gotta say - losing Snitchy, Blorp, Chunkle, and Fizzbucket like some kinda space soap?\r\n\r\nHonestly, that's the funniest thing I've seen all cycle.\r\n\r\nDon't know if I should feel bad for you or just get popcorn and watch what happens next.	\r\n<header leftText='Scraphead PING' rightText='ZetaReticool'>\r\n+79 点赞 | 14 回响\r\n\r\n还要少几个，嗯？\r\n\r\n告密精，没了。布洛普，没了。查克尔？笑到一半就蒸发了。菲兹桶只留下一双靴子和一阵奇怪的嗡鸣。\r\n\r\n你们知道上个周期我换过几个室友吗？七个。\r\n知道还剩几个吗？就我一个。\r\n\r\n要么是我中了诅咒，要么是我喷了某种银河绑匪专用香水。“快来收割我吧，爹地”那款。\r\n\r\n我发誓他们把我留到最后。先抓最怪的那些，像是在精心挑选藏品。\r\n\r\n所以来吧，祈祷者那些外星怪物，你们凑齐一套了。\r\n\r\n把我带走吧。\r\n\r\n<header leftText='Scraphead ECHO' rightText='ChunksHunk54'>\r\n+8 点赞 | 1 回响\r\n\r\n行吧，Zeta，我得说——先后没了告密精、布洛普、查克尔和菲兹桶，这事儿不就跟太空肥皂剧一样吗？\r\n\r\n老实说，这是我整个周期里看到最好笑的事。\r\n\r\n我都不知道该为你难过，还是直接拿点爆米花看看接下来发生什么。
Enough with the damn rumors. The Mantis is not some ghost or legend - it's a threat, and treating it like a bedtime story gets crews killed. We don't have time for superstition when every job counts. If you hear whispers, shut them down fast. Fear is a weapon, and we're not handing it over for free.\r\n	这些该死的谣言到此为止。祈祷者不是什么幽灵或传说——它是威胁；把它当睡前故事讲，是会害死船员的。每一票活都算数的时候，我们没时间搞迷信。听到有人私下议论，立刻压下去。恐惧是武器，我们不会白白交出去。\r\n
Fleet's split. Some swear it's a single man, others say a whole crew or AI. Me? Doesn't matter. Whatever it is, it's a hell of a lot smarter than any of us.\r\n	舰队里分成两派。有人一口咬定那是单独一个人，也有人说那是一整支船员，或者人工智能。我？无所谓。不管它是什么，它都比我们任何一个都聪明得多。\r\n
Mantis hits fast and silent. No warning chatter, no red flags. One second we're hauling crates, next our hull's venting. They don't chase and they don't negotiate. Just vanish into the void before anyone can call backup.\r\n	祈祷者出手又快又无声。没有预警通讯，没有任何征兆。上一秒我们还在搬箱子，下一秒船体就在漏气。他们不追，也不谈条件。只等有人来得及呼叫支援之前，就已经消失在虚空里。\r\n
Operatives refusing to speak the name. Calling it 'the shadow' now. Recommend full psychological review. Morale drop logged. Tactical cohesion at risk.\r\n	特工们拒绝说出那个名字。现在改叫它“影子”。建议进行全面心理评估。已记录士气下降。战术协同性存在风险。\r\n
Behavioral patterns attributed to the entity known as 'Mantis' span over a century. This exceeds the service lifespan of most operatives, most starships, and most office coffee dispensers. Consistency in method, gear, and tactical signature suggests deliberate preservation of style rather than innovation.\r\n\r\nHypothesis: 'Mantis' is not an individual, but a designation - a role passed down. Whether this involves formal succession, ritual, or just extremely convincing cosplay remains inconclusive.\r\n\r\nVisual descriptions are unreliable. Survivors report conflicting profiles: male, female, human, non-human. One report described the Mantis as 'glowing', which was later attributed to hypoxia.\r\n\r\nBiometric modeling returned 17 mismatched profiles and one blank silhouette marked 'ERROR: SUBJECT NOT FOUND.'\r\n\r\nConclusion: Further investigation into inheritance or replication protocols is warranted.\r\n	归于“祈祷者”这一实体的行为模式已跨越一个多世纪。这超出了大多数特工、大多数星舰，以及大多数办公室咖啡机的服役寿命。其手法、装备和战术特征始终如一，说明它是在刻意维持风格，而不是追求创新。\r\n\r\n假设：“祈祷者”并非某个个体，而是一个代号——一个传承下来的角色。至于这背后是正式的继承、某种仪式，还是仅仅一场极具说服力的角色扮演，目前尚无定论。\r\n\r\n外貌描述不可靠。幸存者给出的画像互相矛盾：男性、女性、人类、非人类。有一份报告称祈祷者“在发光”，后来被归因于缺氧。\r\n\r\n生物特征建模返回了 17 份不匹配的档案，以及一个空白剪影，标记为“错误：未找到目标”。\r\n\r\n结论：有必要对继承或复制机制展开进一步调查。\r\n
Visual contact lost at 0242. Target engaged briefly - one operative down. No energy signatures recorded. Exit vector unknown. Recommend stealth sweep. Assessment: Probable Mantis encounter.\r\n	0242 时失去目视接触。目标短暂交火——一名特工阵亡。未记录到任何能量信号。撤离矢量未知。建议进行隐形搜索。评估：很可能是遭遇了祈祷者。\r\n
Kastor Kraz	卡斯托·克拉兹
The Mantis	祈祷者
Spacer	太空劫匪
Renee Duvall	蕾妮·杜瓦尔
Ronan Blackmoor	罗南·布莱克摩尔
Pirate	海盗
Malcolm Huxley	马尔科姆·赫胥黎
Lair of the Mantis	祈祷者的巢穴
Scientific Wing	科学区
The Legacy of the Mantis	祈祷者的遗产
STAGE 0	阶段 0
ON START	开始时
Picked up the Calling All Spacers slate	已拾取“召集所有太空劫匪”数据板
I found a Spacer transmission, it appears to be some kind of Call to Arms. I should listen to it.	我找到了一段太空劫匪的广播，似乎是某种召集令。我应该听一听。
Listened to the Calling All Spacers slate	已收听“召集所有太空劫匪”数据板
According to the "Calling All Spacers" transmission, the Spacers have found the lair of the Mantis. The transmission had the cordinates to the lair on a planet called Denebola I-B. It sounds like a raid is going down. 	根据那段“召集所有太空劫匪”的广播，太空劫匪已经找到了祈祷者的巢穴。广播里有巢穴的坐标，在五帝座一I-B这颗星球上。听起来那边要开始一场突袭了。 
Got close to spacer	已接近太空劫匪
Arrived at the secret outpost	已抵达秘密哨站
Update the quest log	更新任务日志
I landed on Denebola I-b and a Spacer warned me to leave the "Lair of the Mantis" before he attacked me. Mantis? Lair? There's a mystery here.	我在五帝座一I-b上着陆了。有一个太空劫匪警告我，让我立即离开“祈祷者的巢穴”，然后他对我发起了进攻。祈祷者？巢穴？这里藏着不可告人的秘密。
Initial Spacer goes aggro	初始太空劫匪进入敌对
Eavesdrop 01	偷听 01
Eavesdrop 02	偷听 02
Puzzle Solved	谜题已解开
Optional discover more	可选：探索更多
Picked up Leon's Slate 1	已拾取利昂的数据板 1
Picked up Leon's Slate 2	已拾取利昂的数据板 2
Listened to 1st Doriane message	已收听多里安的第一条留言
Listened to 2nd Doriane message	已收听多里安的第二条留言
Got near Livvey	已接近利维
Heard Livvey's spiel	已听到利维的那番说辞
Spared Livvey	放过了利维
PC attacks Livvey 	玩家攻击利维
Livve queued up for betrayal	利维已准备背叛
Livvey Betrayal	利维背叛
Turrets open up on Livvey	炮塔向利维开火
Livvey is dead	利维已死亡
Reached the Inner Lair	已抵达巢穴深处
I arrived at the heart of the Lair of the Mantis. No more traps. This was meant to be for the Mantis's son, Leon. Instead it's all mine.	我抵达了祈祷者巢穴的中心地带，这里没有陷阱。这里本是属于祈祷者后代利昂的土地，但现在这里是我的了。
Grabbed the suit	已取得宇航服
Claim the Starship	夺取星舰
Grabbed Everything - Go to the Mantis's ship	已取得全部物品 - 前往祈祷者的飞船
I've explored the Lair of the Mantis and found the Mantis's suit and ship. I pressed a button and raised the ship to the surface, so I should go check that out.	我去祈祷者的巢穴探查了一番，并发现了祈祷者的太空服和飞船。我按了一个按钮，把飞船升到地表上，所以我该去看看。
(QC) Player arrived at the Mantis's ship	（质检）玩家已抵达祈祷者的飞船
I explored the Lair of the Mantis and have access to the Mantis's suit and ship. If I wanted I could be the next Mantis.	我去祈祷者的巢穴探查了一番，并且拿到了祈祷者的太空服和飞船。如果我愿意的话，我也可以成为下一个祈祷者。
QUEST STOP	任务停止
Listen to the Calling All Spacers slate	收听“召集所有太空劫匪”数据板
Go to the Lair of the Mantis on Denebola I-b	前往五帝座一I-b的祈祷者巢穴
Explore the Lair of the Mantis	探索祈祷者的巢穴
(Optional) Learn more about the Lair of the Mantis	（可选）了解更多有关祈祷者巢穴的信息
(Optional) Talk to Livvey	（可选）与利维交谈
Claim the Mantis's Spacesuit	夺取祈祷者的太空服
Claim the Mantis's Starship	夺取祈祷者的星舰
Go to the Mantis's Starship	前往祈祷者的星舰
Security Computer	安保电脑
Recent Documents	最近文档
Archived Documents	归档文档
Doriane's Computer	多里安的电脑
The orbital vectors sketched across the stolen map match every storm-twisted farm, every anomalous reading along the Helium-3 line, then converge on one lonely band of rock and thin air.	失窃星图上勾勒的轨道向量，与每一座被风暴扭曲的农场、氦-3 航线沿线每一处异常读数一一吻合，最终汇聚到一条孤零零的岩石与稀薄大气带。
When the hub ruptured, its last buffered frames unfroze into a single, clean spike on your console a narrow jump profile repeating the same heading you first saw whispered in that forgotten farm sky.	中枢爆裂时，它最后缓冲的几帧在你控制台上解冻成一道干净利落的尖峰——一段狭窄的跃迁剖面，重复着你最初在那片被遗忘农场天空下听到的同一航向。
Cracked from the hangar's core, the buffer replays a single altered vector, looping toward a forgotten relay on the moon's dark side, hinting that the vanished freighters shared more than just bad luck.	从机库核心破解出的缓冲数据重放着一段被篡改的向量，循环指向月球暗面一座被遗忘的中继站，暗示那些消失的货船共有的不只是坏运气。
A corrupt courier's notes, Neon backroom whispers, and a farmer's "stray shuttle" all spiral around the same call sign and jump corridor, finally sketching a path toward the next shadow he vanished into.	一名堕落信使的笔记、霓虹城密室里的低语，以及一个农场主口中的"迷航穿梭机"，全都围绕着同一个呼号与跃迁走廊盘旋，最终勾勒出一条通往他下一个消失阴影的路径。
Hidden among nutrient flow schematics is a second pattern orbit tracks overlaid like crop rows, pointing away from the farmworld toward the same thin stretch of sky every other anomaly has quietly circled.	藏在营养液流示意图中的，是第二组轨道轨迹，像田垄一样层层叠压，背离农场世界，指向其他每一处异常都曾静静环绕的同一片狭长天空。
The buried model shows a corridor sketched only in tiny corrections, a phantom lane implied rather than drawn, each adjustment attributed to a different analyst who swears they only copied someone else's work.	被掩埋的模型显示出一条只以细微修正勾勒的走廊——一条被暗示而非画出的幽灵航线，每一处调整都归到不同的分析员名下，而他们全都发誓自己只是照抄了别人的成果。
Lines of altered jump data etched into the table match the drift patterns you saw in orbit and the near-miss reports whispered in Gagarin's bars.  \nTogether, they redraw the lanes toward a single, hidden node.	刻入表盘的篡改跃迁数据，与你在轨道上见到的漂移模式、加加林星酒吧里低语的惊险接近报告完全吻合。\n二者合力，重新勾勒出通往一个隐秘节点的航线。
Decoded from the cargo ship's records, the faint signal in the rocks lines up with missing-lane reports and redacted crash files, pointing the hunt toward an unsanctioned corridor someone has been quietly shaping.	从货船记录中解码后，岩层里那道微弱信号与失踪航线报告、被涂黑的坠毁档案一一对应，把追查引向一条有人正在暗中塑造的未授权走廊。
Hidden in the split archive, overlapping routes from Neon's whispers and SysDef's erased patrols resolve into one repeating void where traffic bends and records go blind, nudging the hunt toward that missing piece.	藏在被拆分的档案中，来自霓虹城低语与联殖防务被抹除巡逻的重叠路线，解析为一个反复出现的空洞——那里交通弯折、记录失明，推动追查走向那块缺失的拼图。
Recovered traffic bursts show the pirate hauler adjusting its drift to match an erased beacon's rhythm, proving someone is feeding Crimson Fleet the same bent lanes whispered about in Neon and buried in SysDef logs.	恢复的通讯脉冲显示，那艘海盗运货船正调整漂移以契合一座被抹除信标的节奏，证明有人正把霓虹城低语、联殖防务日志里埋藏的同一条扭曲航线喂给深红舰队。
Decoded coordinates bloom across the display, the same fractured signature stitched through clinic logs and stolen robotics code, now pointing to one forgotten system.  \nThe pattern is no longer rumor; it is a route.	解码坐标在显示屏上绽开，那同样的破碎特征贯穿诊所日志与被盗机器人代码，如今指向一个被遗忘的星系。\n这图案不再只是传言；它是一条路线。
Decoded pulse timings from the marker sketch a forbidden curve through UC space, ending not at a port but at a forgotten Navy hull.  \nWhoever laid those vectors wanted the next questions asked in that derelict silence.	从标记中解码的脉冲时序，勾勒出一条穿越联殖空域的禁行曲线，终点不是港口，而是一具被遗忘的海军船体。\n布下这些向量的人，是想让接下来的问题在那片废弃的寂静中被提出。
Cross-checking the ledger's ghost entries against the dead station's routing tables, one name repeats where every ship vanishes.  \nThe pattern points past corporate space, toward the forgotten moon where her relay went dark.	把账册中的幽灵条目与那座死寂空间站的航路表交叉比对，有一个名字反复出现在每艘船消失之处。\n这图案越过企业空域，指向她中继站失联的那颗被遗忘卫星。
The forged entries split honest haulers from a single unlogged ship, all quietly diverted along the same off-chart corridor.  \nFollow that divergence, and the hunt veers toward the next hidden waypoint in his personal network.	伪造的条目把诚实的运货船与一艘从未登记的单船分离开来，它们全都悄然改道，驶入同一条图外走廊。\n顺着这处分歧追下去，追查便拐向他私人网络中下一个隐秘航点。
In the Vanguard wreck's dim lab, a fragmentary log links those unstable samples to a quiet data handoff planetside.  \nThe name attached to the transfer points you back toward Neon, and someone willing to pay for impossible drift.	在先锋队残骸昏暗的实验室里，一份残缺日志把那些不稳定样本与地表一次无声的数据交接联系起来。\n交接记录上的名字把你引回霓虹城，以及一个愿意为不可能的重力漂移掏钱的人。
Decoded in the relay's dim light, the Quiet Current Log traces forgiven debts and reversed charges along a single crooked trade lane, pointing past farms and fringe rocks toward one stubborn, hidden node still drinking from the grid.	在中继站昏暗的灯光下解码后，《静流日志》沿一条弯曲的贸易航线描出被免除的债务与反向的收费，越过农场与边缘岩带，指向一个仍在从电网取电的顽固隐秘节点。
Scrawled beside dull routine reports, the rough arc of derelict orbits does not match any official chart.  \nFollowed outward, that hand-drawn curve points past anonymous wreckage toward where someone has been quietly arranging the dead.	在枯燥的例行报告旁潦草涂画的，是废弃轨道的粗略弧线，与任何官方星图都对不上。\n向外延伸，那条手绘曲线越过无名的残骸，指向有人正悄悄摆放逝者遗骸的地方。
The encrypted tag buried in the ship's maintenance logs does not name a place, only a service corridor designation that should not exist.  \nCross-checking it against city records, one word keeps reappearing in redacted margins: Underwell.	埋在飞船维护日志里的加密标记并未指向某个地名，只有一个本不该存在的检修走廊编号。\n拿它与城市记录交叉比对，一个词不断出现在被涂黑的页边：井下区。
In the relay's corrupted buffers, the same ship ID surfaces again and again, stitched beside a Navy combat designation.  \nFollow that designation, and every falsified distress call now curves toward the drifting hulk waiting in deep orbit.	在中继站损坏的缓冲区里，同一个飞船 ID 反复浮现，紧挨着一个海军作战编号。\n顺着那个编号追下去，每一通伪造的求救呼叫都弯向深空轨道中静候的那具漂流残骸。
Pieced together from corrupted entries, the log shows a freighter jumping clean yet arriving scattered across empty space.  \nEvery misaligned timestamp points outward, away from the homestead, toward a silent orbit no beacon admits exists.	从损坏的条目中拼凑起来，日志显示一艘货船干净利落地跃迁，却在太空深处散落抵达。\n每一个错位的时间戳都指向外部，背离农场聚落，朝着一处没有信标肯承认存在的寂静轨道。
Decoded in the homestead's dusty comms shack, the pattern in the key twists every local approach into the same narrow corridor.  \nFollowed backward, those lines all converge on one unfinished segment, hanging in deep space like an invitation.	在农场聚落积灰的通讯小屋里解码后，密钥中的图案把每一段本地接近航线都扭向同一条狭窄走廊。\n逆向追溯，那些线条全都汇聚到一段未完成的航段上，悬在深空里，像一封邀请函。
The memo charts tiny course changes nobody logged, each one shaving fuel and widening risk until every "accident" shares the same unseen hand.  \nFollow its final margin, and the trail steps beyond quiet stations into someone else's kill zone.	这份备忘录记录下无人登记的一处处微小航向变更，每一处都削减燃料、放大风险，直到每一起"事故"都指向同一只看不见的手。\n顺着它最后的页边记录，线索越过安静的空间站，踏进别人的猎杀区。
Decoded, the anchor's pattern reshapes your whole star map, every altered convoy route bending toward one lifeless world no sane pilot ever files for.  \nWhat looked like random failures now sketches a corridor straight to her chosen graveyard.	解码后，锚点的图案重塑了你整张星图，每一条被篡改的运输航线都弯向一个没有哪个理智飞行员会申报的死寂世界。\n看似随机的故障，如今勾勒出一条直通她选定墓场的走廊。
The firmware's scrubbed header repeats a single unauthorized route, looping from forgotten moons to the same silent insurance hulk in deep orbit.  \nFollow that pattern, and her supply-chain ghost resolves into the outline of a ship-shaped vault.	固件被擦净的头部反复出现同一条未授权路线，从被遗忘的卫星一路循环到深空轨道中那具同样沉默的保险残骸。\n顺着这个图案，她供应链上的幽灵便显形为一艘舰形金库的轮廓。
Decoded route-shifts on the freighter's logline mirror the half-erased entries from the listening post, sketching an unseen hand curving ships off-chart.  \n\nFollow that bent path, and the next correction point waits in the dark between official lanes.	货船日志线上解码出的航线偏移，与监听站里半被抹除的条目相互映照，勾勒出一只不可见的手正把飞船弯离星图。\n\n顺着这条弯曲路径，下一个修正点就在官方航线之间的黑暗中等待。
The routes etched across the map mirror old patrol lanes, then bend away into gaps the UC never admits watching.  \nFollowing those chalked detours, the hunt narrows toward a single, overused corridor where a ghost keeps slipping between factions unnoticed.	地图上刻画的路线映照出旧日巡逻航线，继而弯离，进入联殖从不承认监视的空白地带。\n顺着这些粉笔标记的绕道，追查收窄到一条被过度使用的走廊——一个幽灵在那里不断于各势力之间悄然穿行。
Scrawled between corrupted SysDef routing codes, the phrase resurfaces in three different hands.  \nEach points from forgotten patrol logs and a dead yard contract toward the same gutter corridors below Neon, where shipbreakers sell new identities to old ghosts.	在损坏的联殖防务航路代码之间，那句话以三种不同的笔迹再度浮现。\n每一处都从被遗忘的巡逻日志和一份死掉的船坞合同，指向霓虹城下方同样的阴沟走廊——那里拆船人向旧日幽灵兜售新身份。
Each fragmented timestamp in the log matches a missing departure from HopeTown and bends toward the same off-map angle.  \n\nWhat looked like random vanishings now traces a single hand, drawing a corridor that began with a dead relay and a forgotten backwater rock.	日志中每一个破碎的时间戳，都与霍普镇一次缺失的离港记录吻合，并弯向同一个图外角度。\n\n看似随机的失踪，如今勾勒出同一只手，画出一条始于一座死中继站和一块被遗忘的穷乡僻壤的走廊。
Cracked logs in the bunker replay a half-erased transmission, its origin skipping between dead beacons and one unmarked node at the system's edge.  \nThe pattern is messy, incomplete, but every echo leans the hunt toward a place that should not be listening anymore.	地堡里被破解的日志重放着一半被抹除的传输，其源头在死信标与星系边缘一个未标记节点之间跳来跳去。\n图案杂乱、残缺，但每一道回声都把追查引向一个本不该还在监听的地方。
Decoded telemetry from the beacon shows two diverging descent patterns, each ending in different storm-choked corridors.  \nFollowing one means chasing his flight path; the other traces payments and erased manifests back toward whoever first paid him to vanish ships.	从信标中解码的遥测显示出两种分岔的下降模式，各自终止于不同、被风暴堵塞的走廊。\n顺着其中一条意味着追踪他的飞行路径；另一条则循着付款与被抹除的舱单，回到最初付钱让他让船只消失的那个人。
Decoded from the dusty relay buffers, the ghost signals sketch a crooked arc through junk-choked orbits, ending at a sector every chart marks as unprofitable.  \nFollowing that trail means leaving the busy lanes for wherever someone has been quietly gathering the dead.	从积灰的中继缓冲区解码后，幽灵信号在堆满残骸的轨道间勾勒出一道弯曲的弧线，终止于每个星图都标注为无利可图的星区。\n循着这条线索，就要离开繁忙航线，前往有人正悄悄聚集逝者的地方。
The orphaned sensor logs show his trail pulling apart mid-orbit, one course bending toward familiar shipping lanes, the other vanishing into thin, uncharted dark.  \nFollow the fracture, and the next stage of the hunt lies where those diverging paths finally cross again.	被遗弃的传感器日志显示，他的踪迹在轨道中段分裂开来，一条航线弯向熟悉的航运走廊，另一条则消失在稀薄、未被测绘的黑暗中。\n顺着这道裂痕，追查的下一阶段就在那两条分岔路径最终再度交汇之处。
The ledger's timestamps line up like teeth in a locked gear, mapping every altered delay from backwater couriers to Navy patrols.  \nFollow the sequence outward, and the pattern bends away from New Atlantis, pointing you toward the quiet orbit where his next rehearsal waits.	账册的时间戳像卡死齿轮上的齿一样对得严丝合缝，把从穷乡信使到海军巡逻的每一次被篡改的延误都标了出来。\n顺着序列向外推，图案弯离新亚特兰蒂斯城，指向他下一次彩排等候的寂静轨道。
The log reveals a single ship threaded through an unregistered corridor, its course bending away from public lanes toward the untouched dark.  \nFollow that faint path, and the next stage lies where his private routes first diverged from the charts everyone else still trusts.	日志揭示出一艘单独穿行于未登记走廊的飞船，其航线背离公共航道，驶向未被触及的黑暗。\n顺着这条微弱路径，下一阶段就在他私人航线最初偏离众人仍信赖的星图之处。
Each falsified entry lines up like cut marks along a hull, every off-the-clock shift and sealed crate quietly redirected toward the same forgotten breaker yard.  \nThe paperwork never names her, but the routes all spiral back to dead Deimos metal and one forewoman's old contracts.	每一条伪造的记录都像船体上的切割痕一样排列整齐，每一次超时班次和密封货箱都被悄然改道，送往同一处被遗忘的拆船场。\n文件里从未写出她的名字，但所有路线都盘旋回死寂的火卫二金属和一位女工头的旧合同。
Numbers etched into a maintenance console map out a second climb, this time away from failed domes and forgotten farms.  \nCross-referenced with the courier's stray logs and the garage's altered rig schematics, the pattern tightens; every path he touched bends toward the same rough sky.	刻在维护控制台上的数字标出第二条上升航线，这一次背离那些失灵的穹顶和被遗忘的农场。\n与信使散落的日志、车库被篡改的钻机示意图交叉比对，图案逐渐收紧；他触碰过的每一条路径都弯向同一片粗粝的天空。
Printed over forgotten SysDef schematics, the map shows credit flows bending toward a single, unmarked junction beneath the core worlds.  \nWhat started as locker gossip in Neon's depths now traces a hidden corridor where numbers vanish and someone like Ledger could step through unseen.	印在被遗忘的联殖防务示意图上的地图，显示出资金流正弯向核心世界之下的一个未标记交汇点。\n最初只是霓虹城深处的储物柜闲话，如今勾勒出一条隐秘走廊——在那里数字凭空消失，而像"账本"这样的人能悄然穿行而不被看见。
A single forgotten access tag, buried in the courier's traffic logs, flickers with a route that begins in Neon's polished heart and ends nowhere on any charted manifest.  \nFollow that ghost authorization, and the straight cargo run becomes a bridge toward wherever she stepped off the grid.	一枚被遗忘的访问标签埋在信使的通讯日志里，闪烁着一条始于霓虹城光鲜心脏、却不在任何制式舱单上落脚尽头的路线。\n顺着这份幽灵授权追下去，这趟笔直的货运便成了一座桥，通往她脱离网络的任何地方。
The stolen routing file redraws Neon's maintenance arteries, threading hidden service tunnels into the same shadow lanes your earlier freight yard logs marked as "accidental" failure zones.  \nTogether, they trace Vector's preferred approach vector toward her next grav-sensitive hunting ground.	失窃的航路文件重绘了霓虹城的维护动脉，把隐秘的检修隧道接入你早先货运场日志标为"意外"故障区的同一条暗影航线。\n二者合力，勾出"向量"偏好的接近矢量，指向她下一个对重力敏感的猎场。
Decoded from the vault-ship's cold archives, the pattern of altered jumps and silenced warnings forms a single, elegant trajectory.  \nFollowed backwards, every storm, every denial, every dead relay resolves into one converging line, pointing toward where Vector has been guiding the sky itself.	从金库飞船冰冷的档案中解码后，被篡改的跃迁与被消音警告所构成的图案，汇成一条优雅的单一轨迹。\n逆向追溯，每一场风暴、每一次否认、每一座死中继，都归入一条汇聚的直线，指向"向量"一直在引导天空本身的地方。
Dockside gossip knots around a single soft-spoken courier, the same accent and half-glimpsed sigil surfacing in stories from loaders, med techs, and smugglers alike.  \nPulled together, those whispers nudge the hunt toward Neon's shadows and the forgotten routes only old hands still dare to name.	码头边的闲言碎语都缠在一个说话轻声细语的信使身上，同样的口音与惊鸿一瞥的徽记，在装卸工、医疗技师和走私犯的故事里反复浮现。\n把这些低语拼到一起，追查便被推向霓虹城的阴影，以及只有老手仍敢点名的那些被遗忘的航线。
Miners once joked the soil there pulled a little harder, that dropped tools fell at a "crooked angle."  \nLab scans of the residue prove it: the same subtle distortion seen in misaligned beacons and dead relays, pointing toward a region of space where gravity itself seems to be learning new tricks.	矿工们曾开玩笑说那里的土壤拉扯得更用力些，掉落的工具会以"歪斜的角度"坠落。\n残留物的实验室扫描证实了这一点：与错位信标、死中继上见过的一模一样的细微畸变，指向一片连重力本身似乎都在学习新把戏的空域。
Lines on the map arc out from Neon's underbelly and the pirates' rusted bunker, converging on a single forgotten patch of soil where no patrol ever lingers.  \nThe pattern is too deliberate to ignore, a curve drawn in stolen telemetry and dead men's routes, all pointing toward the same abandoned farm.	地图上的线条从霓虹城的腹地与海盗生锈的地堡向外拱起，汇聚到一小片被遗忘的土地，那里从无巡逻停留。\n这图案刻意得无法忽视——一条以失窃遥测和死者航线画出的曲线，全都指向同一座废弃农场。
The coordinates hidden in the drift data trace every recent convoy loss back to a single, faint bend in local space, like a thumb pressed into the dust of the lane.  \nWhatever is reshaping courses out here, it is not random miscalculation or bad luck anymore; someone has been quietly editing the map.	藏在漂移数据里的坐标，把近来每一次运输队损失都追溯回本地空间一处微弱的弯折，像是有人用拇指按进航道的尘土里。\n不管是什么在重塑此处的航向，它都不再是随机的计算失误或坏运气；有人一直在悄悄编辑这张地图。
Each mismatched entry on the manifests traces a ship that never flew the route it paid for, all diverted through the same quiet relay in the dark.  \nFollow that relay, and you follow the hand that has been quietly redrawing every lane since the first dataslate you pulled out of that forgotten dead drop.	舱单上每一条对不上的记录，都追出一艘从未飞过它所付航线费用的飞船，它们全都改道穿过黑暗中同一座安静的中继站。\n顺着那座中继站追，你追的就是那只从你最早在那处被遗忘死信箱里取出数据板起、就一直在悄悄重绘每条航线的手。
The equations curl back on themselves, echoing the corrections you saw whispered through freighter logs and homesteader beacons.  \nPlotted in three dimensions, the draft links the dusty outpost, the skewed orbital relay, and Gagarin's barroom stories into a single converging route toward his hiding place.	这些方程自我缠绕，回响着你在货船日志与农场信标间低语见到的那些修正。\n用三维方式标绘出来，这份草图把尘土飞扬的哨站、歪斜的轨道中继站和加加林星酒吧里的传闻串成一条通往他藏身处的汇聚路线。
Dock codes and timestamps line up like teeth in a gear, all pointing to one outbound route Neon customs never quite remembers stamping.  \nIn a few scratched entries, the same freighter that haunted the mining hub and that forgotten rock reappears, always taking on sealed tanks under watchful, nameless handlers.	船坞代码与时间戳像齿轮上的齿一样排列整齐，全都指向霓虹城海关怎么也记不起盖过章的某条出港航线。\n在几条被划花的记录里，那艘困扰过采矿中枢与那块被遗忘岩石的货船再度现身，总是在警惕的无名经手人眼皮底下装载密封储罐。
The ship's corrupted logs finally align: a buried access route, rerouted through corporate channels, pointing down toward Neon's glow.  \nWhat began as a stray dataslate and a flickering orbital beacon now forms a pattern of rewritten debts, vanished warrants, and one name quietly threaded through every correction.	飞船损坏的日志终于对齐：一条被掩埋的访问路线，经企业渠道改道，指向下方的霓虹城灯火。\n始于一块散落数据板与一座闪烁轨道信标的东西，如今构成一幅由改写的债务、消失的逮捕令，以及一个被悄然贯穿每处修正的名字组成的图案。
When the shard burns out, its fragmented routes try to re-sync one last time, bleeding ghost coordinates into the depot's dead consoles.  \nIn the static, a pattern clarifies: the same tug vectors, the same erased claims, all converging on a stretch of space where containers go dark long before any insurer files the loss.	碎片烧毁时，它破碎的航线最后一次尝试重新同步，把幽灵坐标渗进仓库死去的控制台。\n在静电噪声中，一个图案渐渐清晰：同样的拖船向量、同样被抹除的索赔，全都汇聚到一片空域——那里的货柜早在任何保险公司登记损失之前就已失联。
Traced through half-erased comm logs and hushed corridor gossip, the route shows a subtle bend in traffic patterns no dispatcher will admit seeing.  \nFollowed outward, those diverted jumps and missing storm reports all arc toward the same thin corridor of space, the first solid line through Vector's carefully blurred map.	透过半被抹除的通讯日志与走廊里压低嗓音的闲话一路追溯，这条路线显示出交通模式中一处没有调度员肯承认见过的细微弯折。\n向外延伸，那些改道的跃迁与缺失的风暴报告都弯向同一片狭长空域——这是穿过"向量"精心模糊的地图的第一条实线。
Lines in the module's stolen records split like a forked jump: one branch buried in corporate experiments, the other bending back toward dead relays and lost ships.  \nCross-checking those fragments with the first ghost traces from that forgotten station, the hunter sees the same signature nudging every route just off safe.	模块失窃记录中的线条像一次分叉跃迁般裂开：一支埋在企业实验里，另一支弯回死中继与失踪船只。\n把这些碎片与那座被遗忘空间站最早的幽灵痕迹交叉比对，猎人便看到同样的特征把每条航线都轻推离安全线。
On a forgotten Trade Authority support ship, wedged between stale manifests and scrubbed route logs, the key is not what it unlocks but what it still points toward.  \nIts encoded vectors mirror the half-whispered jumps you heard planetside, hinting that someone meant to erase this trail and never came back to finish the job.	在一艘被遗忘的贸易管理局支援船上，夹在过期的舱单与被擦净的航路日志之间，这把钥匙重要的不是能打开什么，而是它仍指向何处。\n它编码的向量映照出你在地表听来的半带低语的跃迁，暗示有人本想抹除这条线索，却再没回来收尾。
Lines of stolen telemetry, storm signatures, and falsified transponders align across the cracked display, all pulsing toward the same narrow band of sky and rock.  \nWhoever mapped this expected to spring a trap; instead, their calculations expose the path she favors, where reactors, thin air, and unstable weather always meet.	失窃遥测、风暴特征与伪造应答器的线条在龟裂的显示屏上对齐，全都脉动着指向同一片狭窄的天空与岩石带。\n绘制这一切的人本想设下陷阱；结果他们的计算反倒暴露出她偏爱的路径——那里反应堆、稀薄大气与不稳定天气永远交汇。
From the wreckage of the shattered array, the last telemetry fans outward, collapsing into a single trajectory that ignores every sanctioned lane and patrol grid.  \nThe pattern threads through the noise of trade and war and settles, inevitably, on a cold, decommissioned complex where the power draw is wrong for an empty shell.	从碎裂阵列的残骸中，最后的遥测向外散开，收敛成一条无视所有制式航道与巡逻网格的单一轨迹。\n这图案穿过贸易与战争的噪声，最终必然落在一座冰冷、已退役的设施上——那里的耗电量对一具空壳而言并不正常。
The altered grow patterns mirror his ruined colonies exactly, tracing a chain of starving habitats toward one narrow, untreated band of space he keeps skirting.  \nFrom the dead farmstead to the derelict buoy and the scrubbed cargo records, every fragment now bends toward that same overlooked corridor he has been using all along.	被篡改的种植模式与那些毁坏的殖民地如出一辙，勾出一条由挨饿居所连成的链，通向他一再绕行的那条狭窄、未经处理的空域。\n从死去的农场到废弃浮标再到被擦净的货运记录，每一块碎片如今都弯向他一直使用的那条被忽视的走廊。
Two overlapping shipment trails emerge from the records, both wearing the same medical codes, both ending where official charts run out.  \nOne path feeds polished labs and corporate armories, the other bleeds quietly toward forgotten veterans and dead frontlines, forcing the hunt to choose which shadow of Catalyst to follow first.	记录中浮现出两条重叠的货运轨迹，都带着相同的医疗编码，都终止于官方星图终止之处。\n一条路径养活光鲜的实验室与企业军械库，另一条则悄然流向被遗忘的老兵与死去的战线，迫使追查者选择先追"催化剂"的哪一道影子。
Lines of altered risk scores and redirected supplies map a quiet path from corporate boardrooms back down into these crowded levels, where the first triage queues once overflowed.  \nIn his edits you finally see the pattern, connecting the lost colony's frozen calls, the tampered orbital beacon, and the whispered data sale in Neon.	被篡改的风险评分与改道的补给，勾出一条从企业董事会悄然向下延伸至这些拥挤层级的路径——最早的伤员分诊队列曾在那里溢出。\n在他的修改里，你终于看清了图案：它把失落殖民地冻结的呼叫、被动手脚的轨道信标，以及霓虹城里低语的数据交易联在一起。
Tucked in a forgotten locker on the courier, the manifests show the same ship sliding off registered lanes, then reappearing beneath Neon's storm-lit decks.  \nEvery altered jump echoes earlier signs: the quiet farm that vanished, the crooked beacon in orbit, the erased logs that always bent back toward her unseen hand on the charts.	塞在信使飞船上一个被遗忘的储物柜里，舱单显示同一艘船滑离登记航道，随后又出现在霓虹城被风暴照亮的甲板之下。\n每一次被篡改的跃迁都回响着更早的迹象：消失的安静农场、轨道上歪斜的信标、总是弯回她在星图上那只看不见的手的被抹除日志。
Hidden in the ship's overlooked maintenance logs, the cycling patterns match every poisoned settlement's supply window, then taper off toward a single, unmonitored band of space.  \nThe dead rock, the scrubbed cargo approvals, and now this forgotten process all trace the same narrow corridor where his routes vanish from official eyes.	藏在飞船被忽视的维护日志里，那些循环模式与每一座中毒定居点的补给窗口吻合，随后收窄指向同一片无人监视的空域。\n死去的岩石、被擦净的货物审批，如今再加上这道被遗忘的流程，全都勾出同一条狭窄走廊——他的航线在那里从官方眼中消失。
Buried in the draft's coordinates, past the medical redactions and falsified case notes, lies one repeating lattice of jumps that should not exist.  \n\nFollow that pattern, and every earlier anomaly the lost freighter, the doctored cargo logs, the erased war-time sims bends toward a single, silent corridor at the edge of mapped space.	埋在草图的坐标里，越过被涂黑的医疗内容与伪造的病例记录，藏着一座本不该存在的、反复出现的跃迁格栅。\n\n顺着这个图案，此前每一处异常——失踪的货船、被动过手脚的货运日志、被抹除的战时模拟——都弯向制图空间边缘一条寂静的走廊。
Ink-stained pages list ports, dates, and payoffs, turning a forgotten farm into the quiet hub of a smuggling spine that never touches official charts.  \nCross-referenced with the earlier stray dataslate and frontier testimonies about armed escorts, the pattern narrows to a single corridor only someone like MacLeod could have designed.	墨迹斑斑的书页列出港口、日期与贿赂，把一座被遗忘的农场变成一条从不触碰官方星图的走私干线的安静枢纽。\n与早先那块散落数据板以及边境关于武装护航的证词交叉比对，图案收窄到只有像麦克劳德那样的人才设计得出的单条走廊。
When the old telemetry routines finally spit out raw paths instead of sanitized reports, one arc repeats across the data like a heartbeat.  \nThe same curve links the abandoned farm, the worried Ranger files, and this refinery to a quiet orbit far from patrol routes, narrowing the hunt from rumor to a single, deliberate corridor of sky.	当旧的遥测程序终于吐出原始路径而非经过净化的报告时，一道弧线像心跳般在数据中反复出现。\n同一条曲线把废弃农场、令人担忧的游骑兵档案和这座精炼厂连向远离巡逻路线的寂静轨道，把追查从传言收窄为一条刻意划出的天空走廊。
Lines traced on the weathered map stitch the forgotten farm to hidden outposts and dead drops, turning scattered rumors into a single, deliberate corridor through the frontier.  \nEvery mark matches earlier scraps of route data, eyewitness talk of armed escorts, and those erased station logs, all curving toward the same unseen destination.	风化地图上描出的线条把被遗忘的农场与隐秘哨站、死信箱缝在一起，把零散的传闻变成一条刻意穿过边境的单一走廊。\n每一处标记都与早先的零碎航路数据、目击者关于武装护航的说法，以及那些被抹除的空间站日志吻合，全都弯向同一个看不见的目的地。
When the core ruptures, its last emission is not light but a whisper through the grid, peeling away layers of spoofed tags and buried corrections.  \nFor a moment every beacon it touched runs clean, and one unmasked coordinate hangs alone in the dark, matching the ghost traces pulled from the derelict war-room and the broken freighter logs.	核心爆裂时，它最后释放的不是光，而是一道穿过电网的低语，剥去一层层伪造标签与深埋的修正。\n有那么一刻，它触碰过的每座信标都变得干净，一个被揭下面具的坐标孤零零悬在黑暗中，与从废弃作战室和损坏货船日志中提取的幽灵痕迹吻合。
The Cold Yard Index glows amid dead traffic logs, a quiet spine of coordinates threading through erased patrols, missing tugs, and bought-off claims.  \nWhat began as a stray dataslate in the dust, then half-redacted reports in a buried monitoring bunker, now resolves into a single pattern pointing straight toward the hidden scrapyard grave.	《冷堆场索引》在死寂的交通日志中亮起，一条安静的坐标脊柱贯穿被抹除的巡逻、失踪的拖船和被收买的索赔。\n始于尘土中一块散落数据板、继而是在被掩埋的监测地堡里半被涂黑的报告的东西，如今汇成一个图案，径直指向那座隐秘的废料场坟墓。
Fuel records on the scout ship show quiet overfills and short burns, all timed to match departures from HopeTown that never reached their stated destinations.  \n\nCross-referenced with the old relay's dead logs and that forgotten rock's nav cache, the pattern narrows to one recurring jump angle, always bending toward the same uncharted dark.	侦察船上的燃料记录显示，多次安静的过量加注与短促燃烧，全都安排得与霍普镇那些从未抵达申报目的地的离港记录对得上。\n\n与旧中继站的死日志和那块被遗忘岩石的导航缓存交叉比对，图案收窄到同一个反复出现的跃迁角度，总是弯向同一片未被测绘的黑暗。
Decoded from the archive's crowded schematics, one set of coordinates repeats, threaded through stress maps and jump logs like a signature hidden in the welds.  \nIt links the Ranger's off record notes to a single, isolated grav shadow far beyond busy lanes, where someone has been quietly building and testing a frame no registry admits exists.	从档案拥挤的示意图中解码后，同一组坐标反复出现，像藏在焊缝里的签名一样贯穿应力图与跃迁日志。\n它把游骑兵未入档的笔记连向繁忙航线之外一处孤立的重力暗影——有人正在那里悄悄建造并测试一具没有任何登记档案承认存在的框架。
The overlay is a scar carved into Navy nav data, a thin corridor of jumps that skirts patrol routes and populated wells alike, ending in a patch of mapped nothing someone took great care not to name.  \nMatched against the stray logs, the shack's glitching telemetry, and the ghost freighter's drive history, it turns rumor into a repeatable path.	这层叠加图是刻在海军导航数据上的一道疤，一条贴着巡逻路线与繁华重力井边缘的狭长跃迁走廊，终点落在某片有人小心翼翼不肯命名的、被测绘为"无"的区域。\n拿它与散落日志、小屋里故障的遥测，以及幽灵货船的引擎历史比对，它便把传言变成了一条可复现的路径。
When the core ruptures, its last act is to scream; a dying burst of telemetry knifes through the static and paints a single, off grid military signature on your display before winking out.  \nThe signal path is clear now, stripped of masking echoes from frontier farms and that quiet retreat where the first frightened testimonies began this chase.	核心爆裂时，它最后的动作是尖啸；一束垂死的遥测穿透静电，在你的显示屏上烙下一个脱离网格的军用信号，随后熄灭。\n信号路径如今清晰了，剥去了来自边境农场与那处安静隐居地的遮蔽回声——最初的惊恐证词正是在那里拉开了这场追查。
The log stitches together evacuation codes from old battlefields, present-day clinic transfers, and a single repeating destination tag scrubbed from most records but left intact here by a tired clerk.  \nFollow that forgotten routing code and every ghost patient she touched ends up funneled toward one last, mothballed barracks waiting in the dark.	日志把旧战场的撤离编码、当下的诊所转运，以及一个从多数记录中被抹除、却被一名疲惫文书在此留下的反复出现的目的地标签缝合在一起。\n顺着这个被遗忘的航路编码追下去，她触碰过的每一个幽灵病患最终都被导入一座在黑暗中等待的、最后封存的营房。
In the quiet vault ship, the stolen routes line up like confession lines, and the Vector Echo Stack stitches them together into a single, deliberate pattern of detours.  \nFrom the backwater outpost to the glitched beacon in orbit, every wrong turn now points toward the same unseen hand, drawing you closer along corridors no one officially charts.	在安静的金库飞船里，失窃的航线像忏悔者排成的队列一样整齐，而向量回响堆把它们缝成一幅刻意设计的绕行图案。\n从穷乡哨站到轨道上故障的信标，每一次错弯如今都指向同一只看不见的手，沿着无人正式制图的走廊把你越拉越近。
Lines of corrupted telemetry realign as the log plays, tracing the same anomaly you saw buried in old UC archives, now extended far past official traffic lanes.  \nEach repeated spike marks a relay Vector has already touched, the final burst pointing toward one last silent station sitting just off the charts, where the pattern surely ends or breaks.	随着日志播放，损坏的遥测线条重新对齐，勾勒出你曾见埋在旧联殖档案里的同一处异常，如今延伸得远超官方交通航道。\n每一个重复的尖峰都标记着一座"向量"已经触碰过的中继站，最后的爆发指向制图边缘外最后一座寂静空间站——图案必然在那里终结或断裂。
The manifests show the same freighter slipping off registered lanes, hugging weather-heavy worlds and forgotten co-ops before vanishing from official sight.  \nCross-referenced with the dead archive and the first cache, those drift entries finally sketch a route, not random jumps, pointing toward wherever Dustback thinks the soil is worth defending.	舱单显示同一艘货船滑离登记航道，贴着天气恶劣的世界与被遗忘的合作社航行，随后从官方视野中消失。\n与死档案和第一处藏匿点交叉比对，那些漂流条目终于勾出一条路线——而非随机跃迁——指向"尘背"认为值得守护其土地的地方。
In the flickering half-light beneath Neon's grid, the cache's data finally aligns your scattered readings, pinning his escape route to a narrow band of uncharted jumps and LIST survey gaps.  \nEverything from the dead rock, the quiet orbital anomaly, and the tampered Trade Authority logs now traces back to one methodical hand rewriting the frontier.	在霓虹城电网下方闪烁的昏光里，藏匿点的数据终于让你零散的读数对齐，把他的逃亡路线钉在一片由未测绘跃迁与独立盟勘测空白构成的狭窄地带。\n从死去的岩石、安静的轨道异常，到被动手脚的贸易管理局日志，一切如今都追溯到同一只系统性地重写边境的手。
When the shard burns out, the plant's readings lurch back toward ordinary, and a buried log stream unstitches itself from the noise.  \nScrubbed coordinates reappear, half-erased callsigns flicker on the console, and one recurring vector stands out, linking the frontier tip, the Ranger records, and this refinery to a single, carefully avoided route.	碎片烧毁时，工厂的读数猛地退回寻常，一条被掩埋的日志流从噪声中自行脱线。\n被擦净的坐标重新出现，半被抹除的呼号在控制台上闪烁，一道反复出现的向量格外醒目，把边境情报、游骑兵档案与这座精炼厂连向一条被刻意避开的路。
When the cache burns out, its last burst of corrupt data fans across local channels like dying embers, briefly revealing where its storm-twisting signals were relayed from.  \nIn the aftermath, scattered telemetry fragments and mismatched convoy records start pointing toward one specific stretch of sky that keeps reappearing whenever ships go missing.	藏匿点烧毁时，它最后爆出的一束损坏数据像垂死的余烬般铺满本地频道，短暂揭示出它那些扭曲风暴的信号是中继自何处。\n事后，零散的遥测碎片与对不上的运输队记录开始指向某片特定的天空——每当有船失踪，它就会再次出现。
Mixed in with the Fundrunner's dead ledgers, a single route sketch contradicts every official transit map, looping from freight docks through Neon's underside toward a nameless extraction grid.  \nWhat started as a stray slate on a forgotten rock, then bad cargo math in Gagarin's bays, now aligns into one pattern of quietly redirected ships and debts.	混在资金快船的死账册里，一份路线草图与每一张官方过境图相矛盾，从货运码头绕过霓虹城的底侧，通往一张无名的采集网格。\n始于一块被遗忘岩石上的散落石板、继而是加加林星货舱里的错误货物计算的东西，如今对齐成一幅悄然改道船只与债务的图案。
Hidden among the routine traffic logs, the cache stitches minor misjumps into a single geometric knot, all vectors leaning toward the same unmarked drift in deep space.  \nPlotted against the anonymous dataslate, the skewed relay, and the tales of near-misses out of Gagarin, the pattern finally resolves into a deliberate route rather than random error.	藏在例行交通日志之间，藏匿点把细小的错误跃迁缝成一个几何结，所有向量都倾向深空中同一处未标记的漂移。\n对照那块匿名数据板、歪斜的中继站和加加林星外惊险接近的传闻标绘出来，图案终于解析成一条刻意设计的路线，而非随机误差。
Lines of names that should have ended at the warfront echo again in the relay's dim light, each reassignment quietly pointing toward the same forgotten staging ground.  \n\nSomeone doctored casualties at the tent outside Akila, a banker in Gagarin buried impossible payouts, and now these rerouted rosters fix the medic's trail on that silent border post.	本该止步于前线的名字，在中继站昏暗的灯光里再度回响，每一次调职都悄然指向同一处被遗忘的集结地。\n\n有人在阿基拉城外帐篷里篡改了伤亡名单，加加林星的一名银行家埋下了不可能支付的款项，如今这些改道的名册又把医护兵的行踪钉在了那座寂静的边防哨所上。
Cracked seals and erased registry codes hide a fragment of nav data tucked where no SysDef inspector bothers to look, its vector just a hair off the sanctioned charts you saw dirtside.  \nFollowing that deviation means leaving the safety of patrol routes behind, chasing the same quiet anomaly that first surfaced in a forgotten cache far from any beacon.	开裂的封条与抹去的登记代码藏着一小段导航数据，塞在没有任何联殖防务检查员会费心去看的地方，它的向量与你在地表见到的制式星图只差毫厘。\n顺着这处偏差追下去，就意味着把巡逻路线的安全抛在身后，去追那处最早在远离任何信标的被遗忘藏匿点中浮现的同一桩安静异常。
Cracked logs from the beacon sketch a thin, jagged line through the lanes, each waypoint matching a drive failure Calyx quietly buried or a survey ping frontier captains still whisper about.  \nWhen the pattern is overlaid on your earlier readings from the sealed lab, every vector converges on the same abandoned relay hanging alone at the system's edge.	从信标破解出的日志在航道间勾出一条细长而参差的线，每个航点都对应一次卡利克斯悄悄掩埋的引擎故障，或一次边境船长们仍在低语的勘测脉冲。\n把这图案叠加到你早先从密封实验室取得的读数上，每个向量都汇聚到星系边缘孤悬的同一座废弃中继站。
Cross-referencing ship IDs and docking slots, the pattern finally surfaces: the same freighters, the same "random" delays, always steering traffic toward a quiet rendezvous outside normal patrol lanes.  \nWhat started as a stray slate in deep space and a nervous whisper at a busy port now resolves into coordinated movements serving one invisible banker.	交叉比对飞船 ID 与停靠位，图案终于浮现：同样的那些货船、同样的"随机"延误，总是把交通引向正常巡逻航线之外一次安静的会合。\n始于深空中一块散落石板和繁华港口边一句紧张低语的东西，如今解析成为某个看不见的银行家服务的协同调度。
The schematic is buried deep in the factory's queue, just another pallet in an endless line, until its timing offsets and route projections match the anomalies you have been chasing.  \nIt threads the same pattern from the forgotten dataslate and the farm's quiet shipment logs, proving every detour and disappearance has been walking along her invisible path.	这张示意图深埋在工厂的队列里，只是无尽队列里的又一个货盘，直到它的时序偏移与航线预测与你一直在追的异常吻合。\n它把那块被遗忘数据板与农场安静的货运日志里的同一图案串起来，证明每一次绕行和失踪都一直沿着她那条看不见的路径行进。
Rows of timestamps and route codes narrow like a noose, each quiet adjustment shunting food, fuel, and people toward the same thin slice of frontier space.  \nSeen against the remote beacon logs and the doctored records from that failed ice colony, the schedule stops looking like accounting and starts reading like a travel itinerary written in slow disasters.	一排排时间戳与航路代码像绞索般收窄，每一处安静的调整都把食物、燃料和人推向边境空间里同一片狭薄地带。\n对照那座偏远信标日志与失败冰上殖民地里被动过手脚的记录来看，这份时刻表不再像账目，而开始像一份用缓慢灾难写成的行程单。
The calibration logs hidden in the mech frame point to one city where the same impossible corrections keep appearing, buried under cheap parts and dirty work orders.  \nTaken with the dust-choked dataslate from the backworld outpost and the skewed relay readings in orbit, the pattern now runs straight from Gagarin's docks into the shadows beneath Neon's glow.	藏在机甲框架里的校准日志指向一座城市，同样的不可能修正反复出现在那里，埋在廉价零件与肮脏工单底下。\n连同穷乡哨站那块积满灰尘的数据板和轨道上歪斜的中继读数一起看，图案如今从加加林星船坞笔直伸进霓虹城灯火之下的阴影。
In the dead ship's flickering logs, the same three-pointed corridors that captains muttered about in Gagarin reappear, cross-referenced with Neon-side betting records and suspicious claim spikes.  \nThe pattern does not just show where he flies; it shows whose losses he has been quietly wagering on, and which lawless dens keep cashing out when his routes fail.	在死船闪烁的日志里，船长们曾在加加林星嘀咕过的那种三叉走廊再度出现，并与霓虹城一侧的投注记录和可疑的索赔激增交叉比对。\n这图案不只显示他飞向何处；它还显示他在悄悄押注谁的损失，以及哪些不法窝点在它的航线失败时不断兑现。
Decoded beacon traces from the listening post show two distinct corrections branching off the same routes one trailing corporate testbeds, the other skimming forgotten relays.  \nMatched against the first ghost vectors from that derelict station and the discrepancies buried in Neon ledgers, the pattern forces a choice follow the clients, or follow the wreckage.	从监听站解码的信标痕迹显示出两处截然不同的修正，从同一条路线分岔而出——一处尾随企业试验场，另一处掠过被遗忘的中继站。\n对照那座废弃空间站最早的幽灵向量与埋在霓虹城账册里的差异，图案逼出一个选择：追委托人，还是追残骸。
Pinged awake, the beacon's buried signal resolves into a single repeating vector, carving through ore-churned rock and straight toward an all-but-forgotten Deimos yard.  \nWhat looked like random ship failures and drifting hulks now share the same invisible tug, the same course correction written by a hand that understands drive tolerances too well to be chance.	被脉冲唤醒后，信标埋藏的信号解析成一道反复出现的单一向量，穿透被矿石翻搅的岩层，径直指向一座几乎被遗忘的火卫二船坞。\n看似随机的飞船故障与漂流残骸，如今共享同一只看不见的牵引手——同样的航向修正出自一只太懂引擎容差的手，绝非偶然。
Decoded lines on the Blind Anchor Blueprint reshape earlier noise into a single path, its coordinates echoing those strange gaps in jump telemetry no one wanted to explain.  \n\nThe remote stash, the gutted satellite recorder, and the redacted oversight files now form one pattern, all pointing toward a hidden grav anchor where Vector vanished from official space.	《盲锚蓝图》上解码出的线条把此前的噪声重塑成一条单一路径，其坐标回响着跃迁遥测中那些没人愿意解释的奇怪空白。\n\n偏远藏匿点、被掏空的卫星记录仪，以及被涂黑的监管档案，如今构成同一个图案，全都指向一处隐秘的重力锚——"向量"在那里从官方空间中消失。
The array's recordings show his ship slipping along the very edge of sensor range, always angling toward the same unmarked patch where official charts grow thin.  \nCombined with the poisoned colonies, the doctored cargo clearances, and Neon's forgotten maintenance cycles, the pattern now points outward, along a single, quiet corridor he has been using all along.	阵列的录波显示他的飞船始终贴着传感器范围的最边缘滑行，总是朝同一片官方星图逐渐稀疏的未标记区域倾斜。\n结合中毒的殖民地、被动过手脚的货物许可，以及霓虹城被遗忘的维护周期，图案如今指向外部，沿着他一直使用的那条寂静单一走廊。
The ledger surfaces in a forgotten storage node on the quiet UC outpost, its altered tonnage entries lining up with missing hulls and unexplained tows.  \nMatched against earlier rumors of ghost ships and scrubbed distress calls, it points the hunt away from random piracy and toward a single rigger who has been quietly rearranging the mass of the Settled Systems.	账册浮现于安静联殖哨站一处被遗忘的存储节点中，它被篡改的吨位条目与失踪船体和无法解释的拖曳记录一一对应。\n与早先关于幽灵船和被抹除求救呼叫的传闻比对，它把追查从随机海盗行为引向一名一直在悄悄重新安排定居星系物质质量的装配工。
Lines of traffic routes and disposal windows bloom across the cracked display, all bending toward a single, unlisted node in UC space, the pattern too precise to be chance or clerical error.  \nThe same hull IDs you saw buried in that orphaned buoy and half-wiped from Deimos reports reappear here, funneled through one forgotten relay like offerings to a silent ear.	一排排交通路线与处置窗口在龟裂的显示屏上绽开，全都弯向联殖空域中一个未登记的单一节点，图案精确得绝非偶然或文书错误。\n你在那座被遗弃浮标里见过、又从火卫二报告中半被抹除的同样船体 ID 在此重现，经一座被遗忘的中继站汇聚，像献给一只沉默耳朵的供品。
With the last echoes from the buoy snuffed out, the noise on the scopes falls away, leaving one thin scar of traffic where there should be none.  \nCross-referenced with the poisoned settlements and that oddly clean Trade Authority clearance, the erased signal path now points toward a single, seldom-used approach that never quite lines up with official survey lanes.	随着浮标最后的回声被掐灭，显示屏上的噪声褪去，只留下交通的一道细疤，那里本不该有任何东西。\n与中毒定居点和那份异常干净的贸易管理局许可交叉比对，被抹除的信号路径如今指向一条极少使用的接近航线——它从不肯与官方勘测航道对齐。
Buried in the ship's maintenance logs, you find grav-waste cycles that do not match any registered jump, all flushed toward a narrow band of coordinates tied to Neon's lower decks.  \nCross-checking with the stray data-slate, those smeared beacon returns, and the burned hauler's corrupted nav lines, the same hidden vector keeps bending back toward the city's shadows.	在飞船维护日志里，你发现与任何登记跃迁都对不上的重力废料循环，全都排向一条与霓虹城下层甲板绑定的狭窄坐标带。\n对照那块散落数据板、那些模糊的信标回波以及被烧毁运货船损坏的导航线，同一道隐秘向量一再弯回这座城市的阴影。
Lines of distorted grav data straighten into a familiar pattern, and the sketch stops being theory and resolves into a route only one pilot would trust.  \nEvery mark echoes a previous anomaly you traced from deep orbit, the quiet exchanges above that farming outpost, and the field readings salvaged from shattered stone, all now pointing toward the same hidden array.	错乱的重力数据线条理直成熟悉的图案，这份草图不再是理论，而解析成一条只有某个飞行员敢信赖的路线。\n每一处标记都回响着你此前追过的异常——深空轨道上的异常、那座农场哨站上空的无声往来，以及从碎裂岩石中抢救出的实地读数，如今全都指向同一座隐秘阵列。
When the beacon's signal is unraveled, two sets of coordinates resolve from the same pulse one in the cluttered rock where it hides, the other burned faintly into an old Vanguard transponder signature.  \nCross-referenced with the corporate telemetry scraped at that quiet lab, it confirms the same pilot has been riding military ghosts to thread her own invisible lanes.	当信标的信号被拆解后，两组坐标从同一脉冲中显现——一组在它藏身的杂乱岩带里，另一组淡淡烙在一个旧先锋队应答器特征中。\n与在那座安静实验室里蹭取的企业遥测交叉比对，它证实同一个飞行员一直在借军用幽灵穿引自己那条看不见的航道。
Freight schematics, buried under years of ignored audits, trace a single hauler refitted for storms and low, dirty landings, its routes bending toward the same forgotten fields.  \nCross-checking those specs against the remote cache and the abandoned lab logs confirms a pattern: whenever the soil turns strange and the records vanish, that ship has passed through first.	埋在多年无人理会的审计文件下的货运示意图，勾出一艘为风暴和低空、肮脏着陆而改装的运货船，它的航线弯向同一片被遗忘的田野。\n把那些规格与偏远藏匿点、废弃实验室日志交叉核对，证实了一个规律：每当土壤变得怪异、记录凭空消失，那艘船总是率先经过。
When the sample flash-boils under your fire, the containment rig vomits corrupted logs and half-erased routing tags, like the lab itself is trying to scrub its conscience clean.  \nAmong the scrambled data, one thing survives the purge a familiar hauler designation, echoed from the first hidden cache, now tied to off-manifest supply runs feeding failing frontier fields.	当样本在你的火力下瞬间沸腾时，收容装置呕出损坏的日志与半被抹除的航路标签，仿佛实验室本身也在试图洗清自己的良心。\n在混乱的数据中，有一样东西挺过了清除——一个熟悉的运货船编号，回响自第一处隐秘藏匿点，如今与喂养日渐衰败的边境田野的账外补给挂钩。
Decoded at last, the Quiet Hand Routing threads every blackout you have chased into a single path, its origin jumping off the relay s map and vanishing into a dim, unregistered sector.  \nWhat looked like noise on a dead Navy freighter, what frontier settlers called bad luck, now shares the same timing, the same gaps, the same signature pulse hidden under system chatter.	《静默之手路由》终于被解码，把你追查过的每一次信号中断串成一条路径，其源头跳出中继站的地图，消失在一个昏暗、未登记的星区。\n曾被当作一艘死去海军货船上噪声的东西、被边境定居者称作坏运气的东西，如今共享着同样的时序、同样的空白、同样的藏于系统杂讯之下的特征脉冲。
The recovered pathlines sketch an elegant arc through frontier systems, looping again and again past the same thin-aired worlds before bending toward one last, unnamed stop.  \nMatched against the courier drift and the garage's tampered diagnostics, the curve is unmistakable now; he has been rehearsing the same descent profile everywhere the air has quietly started to fail.	恢复的航迹线在边境星系间勾出一道优雅的弧，一次又一次绕过同样几颗空气稀薄的世界，最终弯向最后一处无名的停靠点。\n与信使的漂移数据和车库被动手脚的诊断比对，这条曲线如今已无所遁形；在每一处空气开始悄然失效的地方，他都在反复演练同一套下降剖面。
Decoded against the erased tribunal models, the orbital data threads every near-miss and broken freighter into a single, ruthless trajectory that terminates in the dust outside Cydonia's reach.  \nWhat began as a redacted file in the capital and a corrupted slate on a forgotten rock now resolves into a pattern of deliberate corrections, all authored by the same unseen hand.	对照被抹除的仲裁模型解码后，轨道数据把每一次惊险接近和损坏的货船串成一条冷酷的单一轨迹，终止于赛多尼亚触及之外的尘埃中。\n始于首都一份被涂黑的档案、继而是被遗忘岩石上一块损坏石板的东西，如今解析成一幅刻意修正的图案，全都出自同一只看不见的手。
Lines etched into the Graveyard Anchor Map match the twisted silhouettes drifting here, every scrapped hull suddenly a landmark on a route only one engineer could navigate.  \nWhat looked like random salvage now forms a corridor aimed squarely into that lethal debris cloud where sensor ghosts began this chase, confirming his network runs straight through the Wargrave remnants.	刻在《墓场锚地图》上的线条与在此漂流的扭曲轮廓一一吻合，每一具报废船体突然都成了只有某位工程师才导航得出的路线上的地标。\n看似随机的打捞如今构成一条笔直指向那片致命碎片云的走廊——传感器幽灵正是在那里拉开了这场追查，证实他的网络径直穿过战墓残骸。
Soil readings from this backworld do not match its own survey history, a quiet spike in failure where the climate should still be forgiving.  \nCompared against that forgotten cache in the wilderness and the beacon logs from the derelict in orbit, the sample turns random misfortune into a pattern, pointing toward someone testing how far they can push a colony before it breaks.	这个穷乡世界的土壤读数与它自己的勘测历史对不上，在气候本该依旧温和之处出现一次安静的失效尖峰。\n与荒野中那处被遗忘的藏匿点、轨道上废弃物的信标日志相比对，这份样本把随机的厄运变成了一幅图案，指向有人正在试探能把一座殖民地逼到多接近崩溃。
Someone on the SysDef hull tried to bury their mistakes with extra signatures and overwritten timestamps, but the pattern survived in the margins.  \nCross-referenced with the underbelly route and the tug's falsified decommission orders, the silent orbital record redraws Rivet's escape path, pointing away from official lanes toward the one place broken ships quietly go to die.	联殖防务船体上的某人曾试图用多余的签名和覆盖的时间戳掩埋自己的失误，但图案仍在页边存活下来。\n与腹地路线、拖船伪造的退役命令交叉比对，这份寂静的轨道记录重新绘出"铆钉"的逃亡路径，背离官方航道，指向破船静静赴死的那一个地方。
Ghostline's altered route data resolves into a single thin corridor of space, a quiet seam he keeps threading his work through while the major lanes stay bright and busy.  \nMatched against the first stray logs from that backworld, the tampered beacon records, and the hidden schedules inside this tower, the vector stops being rumor and hardens into a narrow trail leading outward.	"幽灵线"被篡改的航路数据解析成一条狭薄的空域走廊，一条他在主要航道灯火通明、繁忙依旧时不断穿针引线的安静缝隙。\n与那个穷乡世界最早的散落日志、被动手脚的信标记录，以及这座塔内的隐藏时刻表比对，这向量不再是传言，而硬化成一条通向外部的小径。
The log unspools like a confession, mapping a narrow band of grav-jumps that threads from forgotten wrecks straight into the sky above Neon, terminating where the city thins into lightning and antennae.  \nIt ties the empty rock where this started to falsified dock records planetside, then to a corrupted orbital trace; three broken pieces that now align into a single, rising route.	日志像一份忏悔般展开，勾出一条狭窄的重力跃迁带，从被遗忘的残骸径直穿入霓虹城上方的天空，终止于城市稀薄成闪电与天线之处。\n它把这场追查起始的那块空荡岩石、地表伪造的船坞记录，再到一段损坏的轨道痕迹串在一起；三块破碎的拼片如今对齐成一条上升的单一路线。
The relay's fractured logs show two families of routes, both carrying her subtle signature and diverging from official charts at the same unmarked bend in grav space.  \nOne set traces back toward bureaucratic hands that buried her warnings; the other threads through smugglers, LIST haulers, and Neon's data peddlers, all insisting they only copied what someone else already trusted.	中继站破裂的日志显示出两族路线，都带着她那细微的特征，并在重力空间中同一个未标记的弯折处偏离官方星图。\n一族回溯到那些掩埋她警告的官僚之手；另一族穿行于走私贩、独立盟运货船和霓虹城的数据贩子之间，而他们全都坚称自己只是照抄了别人早已信任的东西。
Buried under dust and fertilizer labels, the barrel's metal tells a different story fine striations from a grav field knifing too close to the surface, a pattern you have already seen burned into rock and relay data.  \nIts markings line up with that first corrupted readout in deep orbit and the quiet gap in the patrol grid, and they do not belong anywhere near a settlement this small.	埋在尘土与肥料标签之下，这只桶的金属讲述着另一个故事——一道重力场过于贴近地表掠过留下的细密条纹，一种你已在岩石和中继数据中见过并烙下的图案。\n它的标记与深空轨道上那份最早的损坏读数、以及巡逻网格中那处安静的空白对齐，而它们绝不该出现在这么小的定居点附近。
The ship's forgotten diagnostics carry more truth than its pristine cargo logs.  \nHidden among years of routine runs, a single route trace diverts through the same drifting coordinates the array broadcast, matching the anomalous readings pulled from the rock and the research station, tightening the circle around one navigator who keeps rewriting how ships move without asking permission.	飞船被遗忘的诊断记录，比它那些光洁的货运日志承载着更多真相。\n藏在多年例行航次中的一条航迹改道，穿过了阵列广播的那同一组漂移坐标，与从岩石和研究站提取的异常读数吻合，把圆圈收紧到一个不断改写飞船运作方式、却从不请求许可的领航员身上。
Decoded against the drift of distant moons, the routes etched here line up perfectly with the gaps in official patrol coverage and those quiet LIST survey holes no one admits approving.  \nTogether with the dead settlers' logs, the warped orbital readings, and the scrubbed cargo manifests, this pattern confirms a single hand threading the same unseen corridors between every ruined colony.	对照远方卫星的漂移解码后，这里刻画的路线与官方巡逻覆盖的空白、以及那些没人承认批准过的安静独立盟勘测空洞完美对齐。\n连同死去定居者的日志、扭曲的轨道读数和被擦净的货运舱单，这图案证实同一只手在每一座毁灭的殖民地之间穿引同样的看不见的走廊。
The packet is a stitched-together echo of field reports and med-traffic, a ghost of someone quietly rerouting help where official channels refused to see a problem.  \nThreaded through the corrupted entries are repeating timestamps, coordinates, and unit tags that match old decommission orders, all converging on one forgotten muster point the next place she keeps going back to in the dark.	这份数据包是野战报告与医疗通讯缝在一起的回声，某个人的幽灵——他在官方渠道拒绝承认问题存在之处悄然改道救援。\n贯穿那些损坏条目的是反复出现的时间戳、坐标和部队标签，它们与旧的退役命令吻合，全都汇聚到一处被遗忘的集结地——她下一个不断在黑暗中折返的地方。
The recovered lattice fragment hums softly in the lightless recess of The Well, stitching traffic ghosts into a single, deliberate pattern that all bends back toward the same buried node beneath New Atlantis.  \nEvery altered corridor, every falsified ping, resolves into one inevitable convergence point: the place where Luna stopped hiding behind ships and started rewiring the city itself.	被找回的格栅碎片在深井区无光的深处低声嗡鸣，把交通幽灵缝成一幅刻意设计的单一图案，全都弯回新亚特兰蒂斯城之下同一个被掩埋的节点。\n每一条被篡改的走廊、每一次伪造的脉冲，都解析成一个必然的汇聚点：那是露娜不再躲在飞船之后、而开始重写城市本身的地方。
The scrap-stained junction from Akila's back alleys appears again in the Trustsphere's nav logs, not as junk but as a reference point buried inside a chain of "corrected" jumps.  \nCross-referencing those timings with the ship's protection routes sketches a faint, skewed corridor outward, suggesting whoever bent these lanes thinks in rust, wreckage, and places the insurers stopped watching.	阿基拉城后巷那处沾满废料的交汇点在信球的导航日志中再度出现，它不是垃圾，而是埋在一串"修正"跃迁中的一个参照点。\n把那些时序与飞船的护航路线交叉比对，勾出一条向外延伸、微弱而歪斜的走廊，暗示把这些航线弯折的人，思考的是锈蚀、残骸，以及保险公司不再注视的地方。
Someone had already started pulling his access traces apart out here, in the middle of nowhere, then walked away mid-line like a hand jerked off a hot coil.  \nWhat is left links the frozen colony's broken signals, the doctored beacon in orbit, and the tampered queue records below the city into a single repeating signature, each step tightening the circle around the same absent coordinator.	有人已经在这前不着村后不着店之地开始拆解他的访问痕迹，然后做到一半就走开了，像一只手猛地从滚烫的线圈上抽回。\n留下的东西把冰封殖民地破碎的信号、轨道上被动手脚的信标，以及城市下方被篡改的队列记录连成同一个反复出现的特征，每一步都收紧圆圈，围绕同一个缺席的协调员。
The routechart overlays Neon's traffic grid with ghost corridors that never officially existed, each line ending in the same tangle of scrap and shadow beneath the city lights.  \nReading it, you see how every falsified beacon, every doctored manifest, bends here through unregistered lanes and discarded hulls, just as the first anonymous dataslate and the freightyard records hinted it might.	这份航路图在霓虹城的交通网格上叠加了从未正式存在过的幽灵走廊，每条线都终止于城市灯火之下同一团废料与阴影里。\n读着它，你会看到每一座伪造信标、每一份被动过手脚的舱单，都在此弯折，穿过未登记的航道与被丢弃的船体，正如第一块匿名数据板和货运场记录曾暗示的那样。
In the quiet drift above the world, a single data burst repeats against the static, flagged only by subtle changes in pressure cycles no one was meant to notice.  \nDecoded beside the ledger you stole from the tower high over Neon's streets, it exposes the same timing, the same missing minutes; his adjustments to the air have always been rehearsed in orbit before he risks a settlement's sky.	在世界上方安静的漂移中，一束数据在静电中反复出现，仅由气压循环里细微、无人该察觉的变化标示出来。\n与你从霓虹城街道高处那座塔里偷来的账册并排解码，它暴露出同样的时序、同样缺失的几分钟；他对空气的调整，总在冒着风险闯入某座定居点天空之前，先在轨道上演练过。
Cracking the cache peels back a thin layer of automation, revealing a quiet stack of override codes and route masks all converging on the same off-chart coordinate.  \nIt matches the erratic shipment timings whispered over coffee, the strange supply pattern out at the farm, and the forgotten patrol logs still watching restricted air, turning scattered anomalies into a single deliberate path.	破解藏匿点揭开薄薄一层自动化，露出一叠安静的覆盖代码与航路掩码，全都汇聚到同一个图外坐标。\n它与喝咖啡时低语的异常出货时序、那座农场外奇怪的补给模式，以及仍在监视禁飞空域的被遗忘巡逻日志吻合，把零散的异常变成一条刻意设计的路径。
The shattered wreck's flight logs show the same impossible mid-course twist that's been haunting incident reports, only this time the correction vector doesn't vanish into noise.  \nPlotted alongside the lonely outpost's data spike and those first skewed readings in high orbit, the debris' last turn points cleanly toward a new patch of empty coordinates that suddenly doesn't look empty at all.	碎裂残骸的飞行日志显示出那份一直萦绕在事故报告里的、不可能的中途扭转，只是这一次修正向量没有消失进噪声里。\n与孤零零哨站的数据尖峰、以及高轨道上最早那些歪斜读数并排标绘，残骸最后的那次转向干净利落地指向一片崭新的空坐标——它忽然看上去一点也不空了。
Cracked open in zero-g, the manifest spills routes and timestamps like blood, every "random" accident lining up along the same thin corridor at the edge of mapped space.  \nCross-referencing its ports of call and falsified UC clearances with the logs pulled from that dead surface relay, one truth holds the same unseen hand has been nudging ships toward the same cold, forgotten margins for years.	在零重力中撬开，舱单像血一样溅出航线与时间戳，每一起"随机"事故都沿着制图空间边缘同一条狭薄走廊排列。\n把它的停靠港与伪造的联殖许可，与从地表那座死中继站提取的日志交叉比对，一个真相成立：同一只看不见的手多年来一直在把飞船推向同样寒冷、被遗忘的边缘。
Buried in the outpost's failing systems, the log lists substrate trials tied to coordinates that keep circling the same quiet sensor anomaly in deep space.  \nThe entries echo patterns from the altered homestead, the drifting beacon, and the courier's crooked routes, turning this forgotten terminal into the first clear pointer toward where their controlled ecosystem might already be taking root.	埋在哨站失灵的系统里，日志列出的基质试验绑定着不断环绕深空中同一处安静传感器异常的坐标。\n这些条目回响着来自被篡改的农场聚落、漂移信标以及信使弯曲航线的图案，把这台被遗忘的终端变成第一个清晰的指针，指向他们受控的生态系统可能已经扎根的地方。
Buried in the ship's forgotten logs, the loading chart shows the same battered freighters diverting from patrol space to the same storm-lit docks beneath the city again and again.  \nWhat started as a lonely outpost report and an orphaned orbital cache now aligns with a SysDef hull's altered routes, all pointing toward those shadowed decks where Torque's friends, buyers, or backdoors are waiting.	埋在飞船被遗忘的日志里，装载图表显示同样几艘破旧货船一次又一次从巡逻空域改道，驶向城市之下同样被风暴照亮的船坞。\n始于一份孤独哨站报告和一处被遗弃轨道藏匿点的东西，如今与一具联殖防务船体被篡改的航线对齐，全都指向那些阴影笼罩的甲板——"扭矩"的朋友、买家或后门正在那里等候。
Pages of dirty numbers tie "lost" manifests to the same stretch of darkened lanes, the same timing gaps no traffic officer will admit seeing.  \nPut beside the stray slate from that dead rock and the uneasy stories from freight hands, the ledger turns rumor into a pattern: certain hauls were never meant to reach port, and whoever diverted them keeps orbiting the same invisible crossroads in space.	一页页肮脏的数字把"失踪"的舱单系向同一片昏暗的航道、同样的时序空白，没有哪个交通官肯承认见过。\n与那块死岩石上散落的石板、货运工人们不安的讲述放在一起，这本账册把传言变成一幅图案：某些货载本就注定到不了港，而改道它们的人，一直盘旋在太空中同一个看不见的十字路口。
Parsed against old convoy records, the Split Beacon Telemetry shows every altered route fanning out in two directions, like a wound that never healed straight.  \nOne branch drifts toward corporate lanes that never appear on public charts, the other leans into neglected frontier traffic where missing ships are written off as bad luck, forcing the hunter to choose which shadow Vector walks in next.	对照旧运输队记录解析后，《分岔信标遥测》显示每一条被篡改的路线都朝两个方向散开，像一道从未愈合整齐的伤口。\n一支漂向从未出现在公开星图上的企业航道，另一支倾入被忽视的边境交通——那里的失踪船只被记为坏运气，迫使猎人选择"向量"下一步走在哪一道影子里。
Shattered fragments of the chart still whisper on nearby relays, resolving into a single, off-axis corridor shared by every altered manifest and falsified patrol you have seen.  \nIt threads from the lost freighter's impossible detour and that first stray dataslate in deep space straight toward one quiet sector on the edge of known lanes, where a mobile habitat keeps slipping between jurisdictions.	星图的碎裂残片仍在附近的中继站上低语，解析成一条偏离轴线的单一走廊，你见过的每一份被篡改舱单与伪造巡逻都共享着它。\n它从失踪货船那不可能完成的绕行，以及深空中第一块散落数据板一路穿引，径直指向已知航道边缘一个安静的星区——那里有一座移动居所不断在各管辖区之间滑移。
When the transport's archived sensor feed flickers alive, the strange grav echo repeats the same impossible heading, weaving through dead corridors and abandoned arrays.  \nCross-referencing earlier data pulls the signature straight through that off-the-books relay everyone pretends was decommissioned, turning scattered suspicions from the rock and the research post into a single, undeniable vector.	当运输船存档的传感器馈送重新闪烁亮起时，那道奇怪的重力回声重复着同一个不可能完成的航向，在死去的走廊与废弃阵列间穿行。\n与早先的数据交叉比对，这个特征径直穿过所有人都假装已退役的那座账外中继站，把来自那块岩石和研究哨站的零散怀疑汇成一道无可否认的向量。
They trace the hidden wiring through dusty rafters and rusted conduit, watching farm machinery pause in perfect rhythm with passing orbital traffic.  \nWhen the last panel opens and the uplink's narrow-beam logs spill out, a single repeating coordinate surfaces again  the same pattern hinted at by the stray dataslate on that lonely rock and the whispers of impossible delivery times in distant ports.	他们顺着布满灰尘的椽木与锈蚀的线管追踪隐秘的线路，看着农场机械以与掠过轨道交通完美合拍的节奏停顿。\n当最后一块面板打开、上行链路窄波束日志倾泻而出时，一个反复出现的坐标再度浮现——正是那块孤独岩石上的散落数据板、以及遥远港口中关于不可能送达时刻的低语所暗示的同一图案。
The cache lies half-buried in dust and forgotten sensor wire, exactly where a clerk tired of asking questions would stop looking.  \nInside, mismatched foreclosure notices, scrubbed bounty drafts, and a handful of anonymized transfer traces all point away from this quiet rock toward busier skies, where traffic, terminals, and corporate hands are thick enough to hide one very precise ghost among them.	藏匿点半埋在尘土与被遗忘的传感器线缆中，恰在一个厌倦了追问的文书会停下搜寻的地方。\n里面，对不上的止赎通知、被擦净的悬赏草稿，以及一小把匿名转账痕迹，全都背离这块安静岩石，指向更繁忙的天空——那里的交通、终端与企业之手稠密得足以在其中藏下一个极其精确的幽灵。
The data rippled like sediment in a glass, every name and number from the queues below settling into a faint, repeating curve that did not belong to any sanctioned route.  \nRun through a nav plotter, that curve becomes a corridor pointing away from licensed colonies and toward the same off grid pocket every altered farm log, abandoned homestead, and broken survey jump has been quietly circling around.	数据像杯中沉渣般荡漾，来自下方队列的每一个名字与数字都沉降成一道微弱、反复出现的曲线，而它不属于任何制式航线。\n经导航绘图仪处理，那条曲线变成一条走廊，背离持照殖民地，指向同一个离网口袋——每一份被篡改的农场日志、每一座被弃的农场聚落、每一次断裂的勘测跃迁，都一直在悄悄环绕它。
The cache goes up in a silent flare, and with it the last of its scrambled broadcasts, but not before your systems rip a single pattern from the wreckage.  \nBuried under decoys and looped telemetry lies a chain of altered buoy IDs, all pointing back toward a forgotten UC ear on the edge of the same corridor, where someone has been quietly rewriting the sky while official charts swear nothing is there.	藏匿点在无声的闪光中炸毁，连同它最后那些混乱的广播，可你的系统仍在一切湮灭之前从残骸中撕出一个完整的图案。\n埋在诱饵与循环遥测之下的，是一串被篡改的浮标 ID，全都指回同一走廊边缘一只被遗忘的联殖耳朵——有人一直在那里悄悄改写天空，而官方星图却发誓那里什么也没有。
When the construct ruptured, its last transmission stitched together every altered delay code you have chased, converging them on a single sealed facility in failing orbit.  \nFor the first time, the pattern answers back, pointing from scattered whispers in dead space, a corrupted courier, and a scrubbed Navy log straight to the deserted biotics lab hanging like a forgotten thought above the world below.	当构造体爆裂时，它最后的传输把你追查过的每一个被篡改延误代码缝合起来，汇聚到一座处于衰败轨道中的密封设施上。\n图案第一次回话了，从死寂太空中的零散低语、一名堕落的信使，到一份被擦净的海军日志，径直指向那座废弃的生物实验室——它像一缕被遗忘的思绪，悬在下方世界的头顶。
The ledger cross-checks SysDef contract IDs against off-book payments from Neon, drawing a clean, illegal line between corporate rooftops and a navigator selling impossible exits.  \nPinned alongside the drift logs and that jittery clerk's forged permits, it turns scattered rumors into a pattern: the same signature routes, the same one-jump-too-far coordinates, always circling the same hidden destination.	账册把联殖防务合同 ID 与来自霓虹城的账外付款交叉核对，在企业楼顶与一名兜售不可能出口的领航员之间画出一条干净而不合法的线。\n与漂移日志、那位神经紧张文书的伪造许可钉在一起，它把零散传言变成一幅图案：同样的特征航线、同样的过远一步的坐标，总是环绕同一个隐秘目的地。
When the relay finally goes dark, the traffic lanes around it look cleaner and more honest on the scope, like someone wiped a greasy fingerprint off the glass.  \nThe residual logs carry just enough echo to show where the tampered handoffs were pushing ships, and those vectors line up disturbingly well with the frozen colony's last calls and the backworld where survey data went missing for no good reason.	当中继站终于熄灭时，周围航道在示波器上显得更干净、更诚实，像有人擦掉了玻璃上的油腻指纹。\n残留日志带着刚好足够的回声，显示出被动手脚的交接正在把飞船推向何处，而那些向量与冰封殖民地最后的呼叫、以及那份毫无理由失踪勘测数据的穷乡世界的吻合程度令人不安。
Spliced into the relay's dying systems, the manifolds redraw the map for a heartbeat, revealing a faint corridor where normal traffic never runs.  \nFor the first time, the scattered hints line up: the mislogged ping from that forgotten rock, the partial route data from the quiet lab, and the unexplained double-echo off this very station, all pointing toward a stretch of space charts politely leave blank.	接入中继站垂死的系统后，歧管在一个心跳的时间里重绘地图，显露出一条正常交通从不经过的微弱走廊。\n零散的线索第一次对齐：来自那块被遗忘岩石的错误登记脉冲、来自安静实验室的部分航路数据，以及这座空间站本身莫名其妙的双重回声，全都指向一片星图礼貌地留作空白的空域。
Telemetry from the drifting array traces invisible lines through deep orbit, stitching wreck-fields, smugglers' waypoints, and one wandering gas giant into a single repeating pattern.  \nCross-referenced with the dataslate from the backwater rock and the crooked dock times near Neon, it proves someone has been quietly bending whole shipping corridors around a hidden node that nobody ever mentions by name.	来自漂移阵列的遥测在深空轨道中勾出看不见的线条，把残骸场、走私贩的航点和一颗游荡的气态巨行星缝成同一个反复出现的图案。\n与来自穷乡岩石的数据板、霓虹城附近歪斜的船坞时刻交叉比对，它证明有人一直在悄悄把整条航运走廊绕着一个没人敢点名的隐秘节点弯折。
The core's output logs smear Helium-3 flows across star charts and balance sheets alike, every tiny correction pointing not to safety, but to a single, calculated blind spot in patrol coverage.  \nCross-referenced with the altered manifests from that moonside relay, the same pattern emerges again and again, all vectors narrowing toward one forgotten refinery where risk, profit, and disappearance intersect.	核心的输出日志把氦-3 流量涂抹在星图与资产负债表上，每一处微小的修正都不是指向安全，而是指向巡逻覆盖范围中一个经过精确计算的盲点。\n与那座卫星侧中继站被篡改的舱单交叉比对，同样的图案一次次浮现，所有向量都收窄到一座被遗忘的精炼厂——风险、利润与失踪在那里交汇。
Each altered route recorded here links freighters, patrols, and smugglers into a single looping pattern, always brushing past the same quiet corner of space.  \nReading it alongside the dead dataslate, the compromised courier logs, Navy timing gaps, and the buried schedules from New Atlantis, the hunt no longer feels like scattered accidents but a deliberate lattice narrowing toward one last, unseen window.	这里记录的每一条被篡改路线，都把货船、巡逻与走私贩连成一个循环往复的图案，总是擦过太空中同一个安静的角落。\n与那块死数据板、被攻陷的信使日志、海军时序空白，以及新亚特兰蒂斯城埋藏的时刻表并读，这场追查不再像零散的事故，而像一张刻意编织的格栅，收窄指向最后一扇看不见的窗口。
The samples pulled from this forgotten outpost are wrong in exactly the same way as the creatures that stopped behaving like anything native back on that first homestead.  \nThe growth curves echo the readings from the crippled beacon in orbit, and the residue markers match traces found in the courier's tampered cargo bay, turning this dusty lab into the missing hinge between field tests and full deployments.	从这座被遗忘哨站取回的样本，错得与最初那座农场聚落上不再像任何本土生物的东西一模一样。\n生长曲线回响着轨道上那座受损信标的读数，残留标记与在信使被动手脚的货舱里发现的痕迹吻合，把这间积灰的实验室变成实地测试与全面部署之间那枚缺失的铰链。
When the log core ruptured, its last burst carried a jagged echo of jump data, a half-burned trail pointing not to a colony or lane, but to an unnamed patch of deep space.  \nCross-checking that fragment against the abandoned homestead's anomalies and the crippled satellite's corrupted readings, the same empty coordinate window keeps surfacing, like someone has been circling one dark star for a very long time.	当日志核心爆裂时，它最后的一束爆发带着一道参差的跃迁数据回声，一条烧焦一半的踪迹，不指向任何殖民地或航道，而指向深空中一片无名的区域。\n把这块碎片与废弃农场聚落的异常、受损卫星损坏的读数交叉核对，同一扇空坐标窗口不断浮现，仿佛有人已经围绕某颗暗星盘旋了非常久。
Pulling its recordings apart is like unbraiding static, but beneath the noise a handful of jumps repeat, always bending toward the same forgotten transfer hub at the edge of regulated space.  \nEvery altered route you traced from the wrecked hauler and the buried war-room logs aligns with those echoes now, sketching the outline of a quiet cargo depot that has no business handling that much unregistered traffic.	把它的录波拆开，就像解开一团绞缠的静电，但在噪声之下有一小把跃迁反复出现，总是弯向受管制空域边缘同一座被遗忘的转运枢纽。\n你从毁坏的运货船与埋藏的作战室日志中追出的每一条被篡改路线，如今都与那些回声对齐，勾出一座安静货运站的轮廓——它本不该经手那么多未登记的交通。
When the last subroutine on the grid finally collapses, its dying pulses stitch together waypoints that were never supposed to share the same channel.  \nOut of the noise, a crooked corridor emerges: the same misfiled ping from that forgotten rock, the corrupted timing from the quiet lab, and the double-echo from the old relay, all bending toward one stretch of space where ships keep arriving lighter than they left.	当电网上的最后一个子程序终于崩溃时，它垂死的脉冲把本不该共享同一频道的航点缝在一起。\n从噪声中浮现出一条弯曲走廊：来自那块被遗忘岩石的错误归档脉冲、来自安静实验室的损坏时序，以及来自旧中继站的双重回声，全都弯向一片空域——那里的飞船总是到得比离开时更轻。
When the coded lattice burns out, the depot goes oddly quiet; for the first time, the routing consoles stop trying to "correct" local grav readings and simply show where ships have actually vanished.  \nIn the static that follows, an unmasked pattern of jump vectors emerges, all converging toward the same forgotten Cheyenne-side test corridor you first heard about in half-redacted freight reports and nervous bar talk.	当编码格栅烧毁后，仓库诡异地安静下来；航路控制台第一次不再试图"修正"本地重力读数，只是如实显示飞船究竟在哪里消失。\n在随之而来的静电中，一幅被揭下面具的跃迁向量图案浮现，全都汇聚到夏延星一侧同一条被遗忘的试验走廊——你最初是在半被涂黑的货运报告和紧张的酒吧闲谈里听说的。
Shipment schedules and payment codes, buried under orders for coolant and cheap liquor, show the same clusters of worlds paying for "special calibration services" at odd hours.  \nThe ledger ties those quiet transactions to reactor spikes at the refinery and to red-flagged reports at the frontier post, turning scattered rumors about off-the-books weather work into a single chain of repeat customers she keeps circling.	埋在冷却液与廉价烈酒订单之下的出货时刻表与付款代码，显示出同样几簇世界在古怪的时段为"特殊校准服务"付费。\n这本账册把那些安静的交易与精炼厂的反应堆尖峰、边境哨所被标红的报告系在一起，把关于账外气象作业的零散传闻变成一串她不断环绕的回头客名单。
The key s fractured codes overlay the relay s traffic like a double exposure, one band bending back toward crowded corporate lanes, the other bleeding into thin frontier beacons.  \nEvery frequency tag matches what you pulled from the dead Navy freighter, the scrubbed audit chain, and the whispered payments to backwater clinics, forcing a choice between chasing the buyers of silence or the people who keep surviving it.	钥匙破碎的代码像双重曝光一样叠在中继站的交通上，一带弯回拥挤的企业航道，另一带渗入稀疏的边境信标。\n每一个频率标签都与从死去海军货船、被擦净的审计链，以及付给穷乡诊所的低语款项中提取的东西吻合，逼你在追查沉默的买家，还是追查一再从沉默中活下来的人之间做出选择。
Shredded fragments of the chart fall across the relay's dusty consoles, and for a moment the holo-projection holds, bleeding its last: a cluster of drifting wrecks, then a single distant orbit traced again and again like a fixation.  \nCross-checking with the corrupted logs you pulled earlier, the pattern is clear now every falsified update, every "corrected" route was bending traffic toward that same cold, outer system.	星图的碎裂残片散落在中继站积灰的控制台上，全息投影有一瞬间稳住了，淌出它最后的内容：一簇漂流的残骸，随后是一条孤悬远方的轨道，被像执念一样一遍遍描画。\n与你早先提取的损坏日志交叉核对，图案如今清晰了——每一次伪造的更新、每一条"修正"过的航线，都在把交通弯向同一个寒冷的外围星系。
Each entry in the ledger traces a quiet rerouting of freighters and patrol boats, curving their paths away from official docks toward the same unlogged rendezvous points in hostile orbits.  \nCross-referenced with the first outpost report and the orphaned cache in empty space, the altered SysDef patterns finally align into a single, repeating arc that narrows the hunt from rumor to a small handful of very specific shadows.	账册中每一条记录都追出一批货船与巡逻艇的悄然改道，把它们从官方船坞引开，弯向敌对轨道中同样的未登记会合点。\n与第一份哨站报告和空无一物的太空里那处被遗弃的藏匿点交叉比对，被篡改的联殖防务图案终于对齐成一条反复出现的单一弧线，把追查从传言收窄到寥寥几道非常具体的影子。
When the array ruptures, the last burst of telemetry you salvaged sketches a thin, crooked vein through otherwise empty space, a corridor that keeps brushing dangerously close to the same distant system.  \nThe earlier slate on that forgotten rock, the first mismatched beacon returns, and now this broken watcher all whisper the same thing: Vector is not jumping blind, he is rehearsing a route toward whatever waits out there.	当阵列爆裂时，你抢救出的最后一束遥测在本应空无一物的太空中勾出一条细长弯曲的脉络，一条不断危险地贴近同一个遥远星系的走廊。\n那块被遗忘岩石上更早的石板、最早对不上的信标回波，如今再加上这名损坏的守望者，都在低语着同一件事："向量"不是在盲目跃迁，他正在反复演练一条通往那里某个等待之物的路线。
Each scratched route and off-hour departure on the schedule mirrors a half-remembered rumor, drawing invisible lines between frontier farms, back-alley clinics, and quiet ports no customs officer watches.  \nFollowed together, those lines turn the stray slate from the rock, the altered manifests at Gagarin, and the whispered descriptions of a soft-spoken courier into a single, repeating pattern pointing toward her next jump.	时刻表上每一条被划掉的航线与每一个非正常时段离港，都映照着一则记忆模糊的传闻，在边境农场、后巷诊所与没有海关官员注视的安静港口之间画出看不见的线。\n把这些线串起来看，来自那块岩石的散落石板、加加林星上被篡改的舱单，以及关于一名轻声细语信使的低语描述，便汇成一幅反复出现的单一图案，指向她的下一次跃迁。
Decoded at last, the Ghost Channel Log lays a second pattern over the starlanes, tracing every falsified route back to one silent node that never appears on current charts.  \nCross-referenced with the fractured data from the drifting buoy and the half-wiped records pulled from UC monitoring, it proves Vector has been bouncing his work through the same forgotten relay, stepping closer to it with each disaster and cover story.	《幽灵频道日志》终于被解码，在星航道上叠加出第二幅图案，把每一条伪造路线追溯回一个从不出现于当前星图的沉默节点。\n与来自漂移浮标的碎裂数据、以及从联殖监测中提取的半被抹除记录交叉比对，它证明"向量"一直通过同一座被遗忘的中继站中转自己的作品，随着每一场灾难与每一套掩饰说法，一步步向它逼近。
In the Clinic's dim archive wing, the pattern hidden in the schema finally stops looking like random medical noise and starts echoing the same warped vectors found in old war sims and freighter logs.  \nNow the trail threads together the remote rock's corrupted slate, the altered ship manifests, and that buried military dataset into a single, repeating lattice pointing away from known routes and deeper into the quiet between.	在星际诊所号昏暗的档案翼楼里，藏在图解中的图案终于不再像随机的医疗噪声，而开始回响着在旧战时模拟与货船日志中发现的同样扭曲向量。\n如今这条线索把遥远岩石上损坏的石板、被篡改的飞船舱单，以及那批被掩埋的军方数据集串成一座反复出现的格栅，背离已知航线，深入航线之间的寂静。
The manifest lists ships that officially never left dock, flight plans that were edited, then erased, and a repeating string of grav coordinates tied to loss reports no one dared file properly. Cross-referenced with the distorted jump angles and rooftop guidance data, it stops being an accounting error and becomes a map: every falsified departure, every vanished hull, all arcing toward the same off-chart convergence in deep space.	舱单列出官方记录中从未离港的船只、被编辑后又被抹除的飞行计划，以及一串与没人敢妥善存档的损失报告绑定的反复重力坐标。与扭曲的跃迁角度和屋顶导航数据交叉比对，它不再是一处账目错误，而成了一张地图：每一次伪造的离港、每一具消失的船体，全都弯向深空中同一个图外汇聚点。
Buried in Ryujin's restricted archives, the index quietly stitches together censored route data, missing freighters, and contracts scrubbed from public ledgers.  \n\nIt does not name Vector, but it flags the same anomalous jump pattern attached to backwater distress calls and a drifting cutter's corrupted logs, hinting that someone inside Neon's corporate tower has been buying passage along corridors no official chart admits exist.	埋在龙神受限的档案里，这份索引悄然把被审查的航路数据、失踪的货船，以及从公开账册中擦除的合同缝在一起。\n\n它没有点出"向量"的名字，却标出了与穷乡求救呼叫和一艘漂流快艇损坏日志绑定的同一个异常跃迁图案，暗示霓虹城企业塔内有某个人一直在沿着任何官方星图都不承认存在的走廊购买通行权。
The schema ties half-legal firmware tweaks from Gagarin's rusting factories to the same fractional course shifts seen in frontier misjumps, each edit stamped with a familiar compression pattern.  \nLayered over the dust-salvaged dataslate and the crooked readings from that forgotten orbital relay, it stops looking like random corruption and starts to resemble a single hand quietly redrafting the lanes from one backwater port outward.	这份图解把加加林星生锈工厂里半合法的固件改动，与边境错误跃迁中出现的同样微小航向偏移系在一起，每一处编辑都盖着一个熟悉的压缩图案印章。\n叠到从尘土中抢救出的数据板、以及那座被遗忘轨道中继站歪斜的读数之上，它不再像随机的损坏，而开始像一只手从一座穷乡港口向外悄悄重绘航道。
Someone etched the route where only a breaker would look, hidden in the pattern of cut plates and welded braces, a quiet answer to the question of where he runs when every lane closes. The drift marked here matches the dead vectors traced in that forgotten relay and the half wiped path encoded on the first dataslate, turning scattered rumors of a haunted graveyard into a single, deliberate heading toward the hulks he still calls home.	有人把这条路线刻在只有拆船工才会去看的地方，藏在切割钢板与焊接支架的纹样里，安静地回答了他每当所有航道关闭时逃往何处的问题。这里标记的漂移与那座被遗忘中继站里追踪到的死向量、以及第一块数据板上编码的半被抹除路径吻合，把关于闹鬼墓场的零散传闻汇成一个刻意的单一航向，指向那些他仍称作家的残骸。
Rust-stained lines, drawn by someone who never left the soil, mirror Neon's power veins and mark where they fall dark before official logs say they should.  \nLaid beside earlier scraps from a forgotten outpost and the freight records pulled off that derelict depot, the pattern finally holds: wrecks vanish along the same hidden corridors, always after the same unlogged power flickers, always with the same unregistered tug just out of frame.	锈迹斑斑的线条出自一个从未离开过土地的人之手，映照着霓虹城的电力脉络，标出它们在官方日志所说的时间之前就已经变暗之处。\n与来自一座被遗忘哨站的更早碎片、以及从废弃仓库提取的货运记录并排放置，图案终于成立：残骸沿同样的隐秘走廊消失，总在同样未登记的电力闪烁之后，总有一艘同样未登记的拖船恰好停在画面之外。
Lines of corrupted entries flicker, then resolve into a single intact route code, slipped between mundane repairs and routine injuries like a heartbeat hiding in static.  \n\nWhoever patched that mechanic has used this trick before; the same clipped shorthand points away from this garage toward a gambler's infirmary that orders far more chems than it declares, and a derelict hospital hulk where the handwriting first shows up in sealed UC reports.	一排排损坏的条目闪烁不定，随后解析成一个完好的航路代码，夹在平凡的维修与例行伤情之间，像藏在静电里的心跳。\n\n给那名技工打过补丁的人以前就用过这个把戏；同样的简写指向远离这间车库之处——一座订购的药剂远超其申报量的赌徒医务室，以及一具废弃的医院残骸，那里的笔迹最早出现在被封存的联殖报告中。
The listening post is dead to official traffic, but its dishes were never retuned; they still drink from the same blind angles where her altered jump corridors pass like ghosts. Buried in the old logs, the chart ties wrecked convoys, falsified distress calls, and that gutted scrapyard together on a single looping route, finally showing that her detours are not random at all but a deliberate spiral toward something hidden off every sanctioned map.	这座监听站对官方交通而言已死，但它的天线从未被重新调谐；它们仍在从同样的盲区汲取——她那些被篡改的跃迁走廊正像幽灵般从那里经过。埋在旧日志里的星图把毁坏的运输队、伪造的求救呼叫和那座被掏空的废料场系在一条循环路线上，终于显示出她的绕行完全不是随机的，而是一道刻意旋向某种藏于每张制式星图之外的螺旋。
The node's memory is scorched and half its antennas blind, but what is left of the navigation buffer still holds a lattice of course corrections that never went to any registered colony.  \nLayered over the timing records from the queues and the diverted shipments you traced through Neon and HopeTown, those faint vectors all lean toward the same blank patch of sky, tightening the hunt from rumor and coincidence into a single, unmarked destination.	节点的存储被烧焦，一半天线失明，但导航缓冲区剩下的部分仍保存着一座航向修正的格栅，而这些修正从未送往任何登记殖民地。\n叠到来自队列的时序记录、以及你穿过霓虹城和霍普镇追踪到的改道出货之上，那些微弱的向量全都倾向同一片空白天空，把追查从传言与巧合收紧到一个未标记的单一目的地。
The overlay redraws Cydonia's shipping lanes like veins under a scanner, exposing one recurring route that never appears on official boards yet always departs just after "emergency" shipments clear customs.  \nCompared against the dirty manifest fragments from the rock and the broker's doctored lists back in Neon, the same phantom convoy emerges each time, hugging the edge of corporate intake zones before vanishing toward an unregistered rendezvous.	这层叠加图把赛多尼亚的航运航道像扫描仪下的血管一样重绘，露出一条反复出现的路线——它从不出现于官方公告板，却总在"紧急"货物清关后立刻启程。\n与来自那块岩石的肮脏舱单碎片、以及霓虹城里那名经纪商被动过手脚的清单相比对，同一支幽灵运输队每次都浮现，紧贴企业收货区的边缘，随后消失驶向一处未登记的会合点。
The flight path recorded here bends around the established lanes in the same crooked arc you saw whispered through docking records on Jemison, skipping patrol grids and threading through old war debris like someone knows exactly where the blind spots live. Cross-referenced with wreck reports and that stripped yard, the approach repeats with different ship IDs, different captains, always curving toward the same quiet patch of space that never shows on official charts.	这里记录的飞行路径以一道弯曲的弧绕过既有航道——正是你在杰米森星停靠记录里听人低语过的那道弧，它跳过巡逻网格，穿过旧战争残骸，仿佛有人对盲点所在了如指掌。与残骸报告和那座被拆空的船坞交叉比对，这条接近航线反复出现，船体 ID 不同、船长不同，却总是弯向同一片从不出现在官方星图上的安静空域。
Cracked open in the quiet hum of the factory, the archive spills not words but coordinates and dates, a lattice of routes that circle the same cold scars in space.  \nCross-referenced with the first stray dataslate, the ghost echoes from that silent relay, and the falsified beacon logs from the old garrison, the pattern tightens, showing how every vanished ship has been steered toward one widening wound in the lanes where a patient engineer keeps rearranging the dead.	在工厂安静的嗡鸣中被撬开后，这份档案倾泻出的不是文字，而是坐标与日期，一座环绕太空中同样冰冷伤疤的航路格栅。\n与第一块散落数据板、来自那座沉默中继站的幽灵回声，以及旧驻军的伪造信标日志交叉比对，图案逐渐收紧，显示出每一艘消失的飞船都被引向航道上一道不断扩张的伤口——一名耐心的工程师在那里不断重新摆放逝者。
Shattered telemetry from the drifting husk spills across the console, reforming into a rough lattice of traffic lanes and blind spots that should not exist, each gap stitched to a single maintenance ID tied back to this grease-stained garage on a forgotten rock.  \nFollowing that ghost pattern means leaving the comfort of official manifests and stepping into the same off-ledger shadows where an angry engineer learned to turn debris and drones into his own private toll road.	来自漂流残骸的碎裂遥测洒满控制台，重组为一座本不该存在的、由交通航道与盲点构成的粗略格栅，每一处空白都缝着同一个维护 ID，而它追溯回这块被遗忘岩石上这间沾满油污的车库。\n顺着这个幽灵图案追下去，就意味着离开官方舱单的舒适区，踏入同样的账外阴影——一名愤怒的工程师在那里学会了把残骸与无人机变成自己私人的收费公路。
The wreck drifts apart in a slow halo of fragments, and beneath you a single set of coordinates blinks through the static, pulsing in time with archived dosing cycles aimed at one forgotten farmstead.  \nSomeone went to great trouble to hide that link behind scrambled traffic and half-truths. From the dark relay to the jittery clinic reports and the smuggler's doctored manifests, every trail of altered air and nervous denial has been bending toward this patch of dead fields.	残骸在一圈缓缓散开的碎片晕轮中解体，而在你下方，一组坐标在静电中闪烁，脉动的节拍与那些针对一座被遗忘农场的存档投药周期一致。\n有人费了很大功夫把这条关联藏在混乱的通讯与半真半假的说法之后。从黑暗的中继站，到神经质的诊所报告，再到走私贩被动过手脚的舱单，每一条被篡改空气与紧张否认的线索都一直弯向这片死去的田野。
Buried among routine hauler routes and sanitized medical shipments, a thin thread of jumps repeats the same impossible angles, skirting known anomalies like someone tracing scars on the void.  \nCross checking those paths against earlier finds, the pattern tightens around one nameless stretch of space the same disturbance you first sniffed at a forgotten buoy, then heard whispered over drinks on that quiet farming rock, where nobody wanted to admit who recalibrated their sky.	埋在例行运货航线与经过净化处理的医疗货运之间，一缕纤细的跃迁线重复着同样的不可能角度，绕开已知异常，仿佛有人在虚空的伤疤上描画。\n把这些路径与此前的发现交叉核对，图案收紧到一片无名的空域——正是你最初在一座被遗忘浮标处嗅到、随后又在宁静农场岩石上喝酒时听人低语的同一处扰动，而那里没人愿意承认是谁重新校准了他们的天空。
Decoded from the beacon's whisper, the Anchor Vector Ping doesn't name a place so much as outline a direction, a slant in grav-space all her routes lean toward.  \nCross-checking it with the backwater relay, the faulty orbital transmitter, and the misaligned traffic inside this vault ship, the pattern finally resolves: every manipulated jump has been quietly steering captains toward the same off-chart convergence, just beyond where official maps are willing to draw their lines.	从信标的低语中解码后，《锚点向量脉冲》与其说是点出某个地方，不如说是勾勒出一个方向——重力空间中所有航线都倾向的一个斜面。\n把它与穷乡中继站、故障的轨道发射机，以及这艘金库飞船内错位的交通交叉核对，图案终于解析：每一次被操纵的跃迁都在悄悄把船长们引向同一个图外汇聚点，就在官方地图愿意画下界线之处以外。
Scorched plating on the drifting wreck tells a different story than the official incident code: impact signatures bend sideways, as if the ship tried to turn inside its own jump corridor and almost made it. Flight path reconstructions, half-wiped from beacon archives, show the same maneuver attempted again and again along nearby lanes, always from slightly different approach vectors, all nudging toward the same dark patch of space where traffic thins and grav readings never quite settle.	漂流残骸上被烧焦的装甲讲述着与官方事故代码不同的故事：撞击痕迹向侧面弯折，仿佛这艘船试图在自己的跃迁走廊内转向，而且几乎成功了。从信标档案中半被抹除的飞行路径重建显示，同样的机动在附近航道上被一遍遍地尝试，每次接近向量都略有不同，全都轻推向同一片黑暗空域——那里交通稀疏，重力读数始终无法稳定。
In the silent racks of the abandoned post, the mixture's residue stains a single analysis bay, its readings spiking only when the receivers sweep past a narrow sliver of sky.  \nCross-referencing those fluctuations with the altered storm signatures from the frontier farm, the cut warning tapes from the forgotten relay, and the dead lab's failed experiments reveals the same thin corridor in space, a testing ground where gravity, weather, and traffic all begin to bend the way Vector wants.	在废弃哨站沉寂的架列中，混合物的残留污染了唯一一个分析舱，只有当接收器扫过天空中一条狭窄缝隙时，它的读数才会飙升。\n把那些波动与来自边境农场的被篡改风暴特征、来自被遗忘中继站被剪断的警告磁带，以及死实验室失败的实验交叉比对，便揭示出太空中同一条细薄走廊——一片试验场，那里的重力、天气与交通都开始按"向量"想要的方式弯折。
When the pattern in the device finally resolves, half-forgotten coordinates from a dust-choked rock, corrupt traffic from a quiet lab, and misaligned pings from a lonely relay all snap into the same crooked flight path.  \nThat crooked line does not end here; it bends out into the dark toward a place where freighters go silent without ever filing distress, and where someone with a tug pilot's instincts has been waiting between scheduled lanes long enough to believe the system will never notice.	当装置中的图案终于清晰时，来自一块积满灰尘岩石的半被遗忘坐标、来自安静实验室的损坏交通，以及来自孤独中继站错位的脉冲，全都归入同一条弯曲的飞行路径。\n那条曲线并不止于此；它弯入黑暗，通向一个货船无声消失、从未发出求救的地方，也通向某个具备拖船飞行员直觉的人一直在计划航道之间守候、久到相信整个系统永远不会察觉之处。
The readings carved into the wreck's guidance logs twist like a coiled line across the star map, linking old UC sensors, freighter routes, and a handful of marginal worlds that have all enjoyed impossible weather.  \nWhat looked like scattered interference now resolves into a single trajectory, bending every altered sky toward the same thin slice of space just beyond the official charts, tightening the hunt from dusty outposts and dead bounty ships to whatever waits along that hidden pressure path.	刻在残骸制导日志里的读数像一条盘绕的线横穿星图，把旧联殖传感器、货船航线，以及少数几颗都享受过不可能天气的边缘世界连在一起。\n看似零散的干扰如今解析成一条单一轨迹，把每一片被篡改的天空都弯向官方星图之外同一片狭薄空域，把追查从尘封的哨站和死去的赏金船收窄到那条隐秘压力路径上等待之物。
The beacon's telemetry isn't just broadcasting position; buried in its soft-cycle pings is a repeating window where local sensors go blind, then a narrow grav-jump corridor aimed toward a dead patch of charted space.  \nCross-referenced with the anomalies at that abandoned homestead, the corrupted readings from the crippled satellite, and the substrate entries in the tower logs, the pattern finally resolves into a route she has been using over and over, always slipping just past official patrol lines.	信标的遥测不只广播位置；在它柔和的循环脉冲中埋着一扇反复出现的窗口——本地传感器会失明，随后是一条狭窄的重力跃迁走廊，指向已测绘太空中一片死寂区域。\n与那座废弃农场聚落的异常、来自受损卫星的损坏读数，以及塔内日志中的基质条目交叉比对，图案终于解析成一条她一再使用的路线，每次都恰好从官方巡逻线旁滑过。
The relay techs say the rocks out there drift wrong, but their scopes keep logging the same faint pulse bending traffic around the field like water around a stone.  \nTied to the freight records you lifted in the moonside warehouse, that signal repeats the same skewed timing you saw in the crippled freighter's misjump and the doctored routes hidden in backwater manifests, all tracing the careful hand of one navigation analyst who has turned bad math into a weapon and is already setting his next corridor.	中继站的技术员说那边的岩石漂移得不对劲，但他们的示波器一直记录到同一道微弱脉冲，像水绕石头一样把交通弯过那片场区。\n与你从卫星侧仓库里取走的货运记录绑在一起，那道信号重复着你在受损货船错误跃迁中见过、也藏在穷乡舱单里的被动手脚航线的同样歪斜时序，全都勾勒出一名领航分析员小心翼翼的手——他把糟糕的数学变成了武器，而且已经在布置下一条走廊。
The signal geometry etched into the soil should not match anything this far from a traffic hub, yet it dovetails perfectly with the irregular corridors traced in orbit.  \nComparing it against the earlier scraps from that backwater slate and the falsified cargo paths off the derelict depot, the pattern sharpens: a private chain of skewed jumps, abandoned wrecks, and delayed responses, all quietly curving toward the same stretch of darkened lanes where one unregistered tug is always a few minutes ahead of help.	刻入土壤的信号几何，本不该与离交通枢纽如此之远处的任何东西吻合，却与在轨道上追踪到的不规则走廊完美拼接。\n比照来自那块穷乡石板的更早碎片与从废弃仓库取下的伪造货运路径，图案变得锋利：一串私密的歪斜跃迁、被遗弃的残骸与迟缓的响应，全都悄然弯向同一片昏暗航道——那里总有一艘未登记的拖船，比救援早到几分钟。
When the uplink's last cached transmission unspools, it carries not words but a chorus of distorted distress calls, all bent along the same narrow band of space and all cut short at nearly identical coordinates the official charts pretend are empty.  \nStacked beside the stray data from that forgotten rock and the mismatched pings recovered at the dead relay, the recording turns rumor into geometry, outlining a corridor of guided wrecks that curves toward an unnamed convergence far from any sanctioned traffic lane.	当上行链路最后缓存的传输展开时，它承载的不是文字，而是一组合唱般失真的求救呼叫，全都沿同一片狭窄空域弯折，全都在几乎相同、而官方星图假装空无一物的坐标处被戛然掐断。\n与来自那块被遗忘岩石的散落数据、以及从死中继站找回的对不上脉冲叠放在一起，这段录音把传言变成了几何，勾出一条由被引导残骸构成的走廊，弯向远离任何制式交通航道的一处无名汇聚点。
A bartender wiping glasses with recycled greywater mentions taps that run clear one day, then metallic and thin the next, always after the same off-shift hauler crew rolls through.  \nAnother worker swears she saw unfamiliar techs checking valves in a closed-off corridor, while management insists nothing has changed; taken with the corrupted slate from the rock and the first whispers out of Neon, it sounds less like bad maintenance and more like someone quietly testing where they can bend a whole settlement's throat.	一名用回收灰水擦杯子的酒保提到，龙头一天流出清水，第二天就变得金属味十足、细弱无力，总是在同一批下班的运货船员经过之后。\n另一名工人发誓她看到陌生的技师在封闭走廊里检查阀门，而管理层坚称一切照旧；连同那块岩石上损坏的石板和从霓虹城传出的最早低语一起看，这听起来不像糟糕的维护，而更像有人在悄悄试探能把整座定居点的喉咙掰到什么程度。
The entries scrawled across the manifest run like a spill themselves, scheduled routes warping into sudden diversions, whole shipments vanishing into the margins where no port name is printed.  \nCross-checking the times and cargo with that stray slate from the backworld rock and the half-spoken accounts from freight hands, a pattern emerges: routine hauls quietly peeled off the main lanes, always after the same delayed response, always toward the same stretch of space where records thin out and wreck reports pile up.	横贯舱单的那些潦草条目本身就像一次泼洒，排定的航线扭曲成突如其来的改道，整批货物消失在没印任何港口名的页边。\n把时间与货物同来自穷乡岩石的那块散落石板、货运工人们半吞半吐的讲述交叉核对，一个图案浮现：例行货载悄然从主航道剥离，总在同样的迟缓响应之后，总朝着同一片记录变稀、残骸报告堆叠的空域。
The fragment hidden in orbit is like a mirror cracked on purpose; its equations fork in two clear directions, one pointing back toward polished corridors and oversight logs, the other out toward the loose edge of the lanes where no one files proper reports.  \nDecoded, it tells you that every falsified accident in the lab and every whispered correction from frontier captains were not random strokes of genius or madness, but parts of a single model being tested both in the heart of UC territory and far beyond its reach.	藏在轨道中的这块碎片像一面被故意打碎的镜子；它的方程朝两个清晰的方向分叉，一支指回光鲜的走廊与监管日志，另一支指向航道松散边缘——那里无人提交正式报告。\n解码后，它告诉你实验室里每一起伪造事故、边境船长们每一句低语的修正，都不是天才或疯狂的随机笔触，而是同一个模型的一部分，既在联殖领地的心脏、也在其触不可及之处被测试着。
The trace pattern clinging to that lonely rock matches a faint chemical and grav signature now detected on a forgotten satellite in distant orbit, as if the same hand tested its tricks in both places.  \nTaken with the corrupted log at the first outpost and the off-kilter readings from the earlier transmitter, this residue finally links ground, sky, and drift into one continuous line, suggesting she has been walking her experiments outward step by careful step, always along corridors everyone assumed they already understood.	附着在那块孤独岩石上的痕迹图案，与如今在一颗遥远轨道中被遗忘卫星上探测到的微弱化学与重力特征吻合，仿佛同一只手在这两处试验过自己的把戏。\n连同第一座哨站里损坏的日志与更早那台发射机失常的读数一起看，这些残留终于把地面、天空与漂流连成一条连续的线，暗示她一直在小心地一步步把实验向外推进，总是沿着所有人都以为早已理解的走廊。
When the canisters rupture and the last shimmer of altered space bleeds off into the dust, the Razor Strays' bravado goes with it; what they were guarding was never just hardware, but the promise of more "miracle shortcuts" to sell.  \n\nIn the wreckage their handler's slate keeps blinking, still queued to transmit calibration logs and payment records to a single repeating contact tag, the same one buried in a doctored manifest on that drifting cargo hauler and echoed in the corrupted slate from the rock where this all began.	当储罐爆裂、被篡改空间的最后一丝微光渗入尘土时，剃刀流浪帮的气焰也随之消散；他们守护的从来不只是硬件，而是兜售更多"奇迹捷径"的承诺。\n\n在残骸中，他们那位经手人的石板仍在不停闪烁，仍排队要把校准日志与付款记录发送到一个反复出现的单一联系标签——它同样埋在那艘漂流货船被动过手脚的舱单里，也回响于这场追查起始之岩石上那块损坏的石板中。
When you sync the fractured signal from the node with the hangar's stripped down systems, two streams of data resolve into one map overlay, tracing outbound environmental commands from the derelict bay to a single, unlisted coordinate in deep space.  \nThe pattern matches testimonies from frightened settlers planetside and the buried UC logs you pried out of that listening post, confirming that every "upgrade" and every falsified incident has been feeding the same hidden endpoint, waiting for someone to notice the convergence.	当你把来自节点的断裂信号与机库被拆空后的系统同步时，两股数据流解析成一张地图叠加层，从废弃的船坞舱一路勾出向外的环境指令，直到深空中一个未登记的单一坐标。\n这图案与地表惊恐定居者的证词、以及你从那座监听站撬出的被掩埋联殖日志吻合，证实每一次"升级"和每一起伪造事件都在喂养同一个隐秘终点，只等着有人注意到这处汇聚。
The pattern encoded in the drift around this point is not a destination, but a decision; the lane math splits in two clean branches, each ending at a different cluster of anomalies Vector has been quietly feeding with his tests.  \nDecoding it turns every half-whispered story from technicians and captains into coordinates instead of campfire talk, leaving you with a stark choice between chasing the bureaucrats who buried the first reports or the settlers and haulers who have been living with his experiments at the edge of mapped space.	编码在这处漂移中的图案不是一个目的地，而是一个决定；航道数学分岔成两支干净的枝干，各自终止于"向量"一直用测试悄然喂养的不同异常簇。\n解码它，便把技术员和船长们每一段半带低语的故事从篝火闲谈变成坐标，摆在你面前的是一个赤裸的选择：去追那些掩埋了最初报告的官僚，还是去追那些一直与他在制图空间边缘的实验共处的定居者和运货船员。
The mech's drifting telemetry burns away in a brief, silent flare, and with it goes the last excuse that these scattered anomalies were just leftover war junk.  \nStripped of that relay, the remaining data points line up in an uncomfortable way: a quietly corrected foreclosure on a nowhere farm, a scratched dataslate buried in dust, a survey node whispering the same offset coordinates, all suggesting that someone patient has been testing how far they can bend both battles and balance sheets without anyone realizing the pattern is theirs.	机甲的漂流遥测在一道短暂无声的闪光中烧尽，随之而去的还有最后一个借口——这些零散异常只是战争遗留的废料。\n剥去那座中继站后，剩余的数据点在一种令人不适的方式下对齐：一座无名农场上被悄然修正的止赎、一块埋在尘土里被划花的数据板、一个低声重复着同样偏移坐标的勘测节点，全都暗示有一个耐心的人一直在试探能否把战斗与资产负债表都掰弯，而没人意识到这图案出自他手。
Buried in the outpost's dim core, the archive lays out early simulations like a confession whispered to the void, mapping which stations bend first, which routes fracture cleanly, which colonies can be pushed to the edge without quite falling.  \nMatched against the first stray log from that lonely surface site and the unnaturally complete cache drifting in dead orbit, these seed calculations turn scattered accidents into a rough blueprint, hinting that someone has been rehearsing collapse on a scale far larger than any single ring or ship.	埋在哨站昏暗的核心中，这份档案铺陈出早期模拟，像对着虚空低声吐露的忏悔，标出哪些空间站会最先弯折、哪些航线会干净地断裂、哪些殖民地能被推到边缘而不至于坠落。\n与来自那座孤独地表站点的第一份散落日志、以及死寂轨道中漂流的、异常完整的藏匿点比对，这些初始计算把零散的事故变成一份粗略蓝图，暗示有人一直在演练崩溃，其规模远超任何单一圆环或飞船。
Test runs in the tower show the same chemical signature appearing on opposite sides of the system within minutes, tagged to shipments that never physically moved.  \nBuried in those reports is a repeated route reference that matches the doctored foreclosure reversal on the Freestar world, the misaligned traffic records near the orbital beacon, and the self-contradicting manifests from the abandoned SysDef hull, all pointing toward one corridor where someone has been quietly rehearsing how to move lives on paper faster than any ship can fly.	塔内的测试运行显示，同样的化学特征在几分钟内出现在星系两端，却标注在从未实际移动过的货物上。\n埋在这些报告里的是一处反复出现的航路引用，它与自由星系联盟世界被动手脚的止赎撤销、轨道信标附近错位的交通记录，以及从被弃联殖防务船体上取下、自相矛盾的舱单吻合，全都指向同一条走廊——有人一直在那里悄悄演练如何让生命在纸面上移动得比任何飞船都快。
Someone etched the same two words you pulled from crowded terminals and whispered bar talk into the side of a rusting grain silo, then repeated them in the approach telemetry burned across the landing pad.  \nGrey Orchard Vector is not a phrase settlers would invent; it is a heading, a name, and a destination folded into one.  \nSeeing it here, on a farm that should have been anonymous, ties together the dead dataslate in the black, the scrambled orbital records, and every survivor who swore their careful pilot knew this place would never last.	有人把你从拥挤终端与低声酒吧闲谈中挖出的那两个词刻在一座生锈谷仓的侧面，随后又在横贯着陆平台的接近遥测中重复了它们。\n"灰果园向量"不是定居者会编造出的说法；它是一个航向、一个名字与一个目的地折叠成的整体。\n在一座本应无名的农场上看到它，把黑暗中那块死数据板、混乱的轨道记录，以及每一个发誓他们那位谨慎的飞行员早知道这地方撑不了多久的幸存者，串在了一起。
The timing matrix tucked in that research module looks harmless at first glance, just another logistics draft abandoned when funding dried up, but every recurrence date lines up with unexplained supply spikes and missing manifests from other files.  \nFollowed back through the half scrubbed records and the trail matches what I heard in the queues and from that nervous caseworker in New Atlantis a pattern of quiet approvals, diverted shipments, and erased coordinates, all suggesting someone has been feeding an unseen settlement on a fixed, patient rhythm.	塞在那台研究模块里的时序矩阵乍看无害，不过是又一份因资金枯竭而被弃置的物流草案，但它每一个重现日期都与无法解释的补给尖峰、以及来自其他文件的缺失舱单对齐。\n穿过那些半被擦净的记录回溯，这条线索与我在队列中、从新亚特兰蒂斯城那位紧张个案员口中听到的东西吻合——一幅安静的审批、改道的货运与被抹除坐标构成的图案，全都暗示有人一直以固定、耐心的节奏喂养一座看不见的定居点。
When the chart finishes compiling inside the factory's core, the lines it draws are not trade routes but scars, looping again and again through the same dead corridors and anchoring on a point the nav software insists does not exist.  \nStacked beside the stray dataslate from that forgotten rock, the corrupted ping logs from the silent relay, and the doctored beacon records taken from the abandoned garrison, the pattern stops looking like coincidence and starts reading like a deliberate hand guiding traffic toward a single, carefully hidden gathering of wrecks.	当星图在工厂核心内部编译完成时，它画出的线条不是贸易航线，而是伤疤，一遍遍地绕着同样的死走廊循环，锚定在导航软件坚称不存在的一个点上。\n与来自那块被遗忘岩石的散落数据板、来自沉默中继站的损坏脉冲日志，以及从被弃驻军取走的伪造信标记录叠放在一起，这图案不再像巧合，而开始读起来像一只刻意的手，把交通引向一处被精心藏匿的残骸聚集地。
When the core finally ruptures, its signal dies with a strangled flicker that ripples across local space, peeling back one layer of misdirection; in the static that follows, a buried return route lights up, pointing toward a debris-choked corridor that no chart admits still exists.  \nIt matches the coordinates hinted at in the first corrupted dataslate, the altered ping from the abandoned relay, and the doctored logs taken off that mercenary ruin, tightening the pattern around a single engineer who has been rearranging wrecks into a map only he was meant to read.	当核心终于爆裂时，它的信号随着一阵被扼住般的闪烁消亡，涟漪般扫过本地空间，剥去一层误导；在随之而来的静电中，一条被掩埋的返程路线亮起，指向一条任何星图都不承认其仍然存在的、堆满残骸的走廊。\n它与第一块损坏数据板中暗示的坐标、来自被弃中继站被篡改的脉冲，以及从那处佣兵废墟取下的被动手脚的日志吻合，把图案收紧到一个工程师身上——他一直在把残骸重新排列成一张只有他才该读懂的地图。
The vector traces from the deep-orbit grid stitch perfectly into the last known course of the drifting Navy hulk, turning a nameless wreck into a deliberate waypoint rather than random debris.  \nBuried within that ship's sealed logs and stripped corridors is where the path ahead will finally sharpen.  \n\nSo far the chase has moved from a forgotten cache on a backwater rock, to nervous whispers in a station dive, to an old relay bunker whose scans did not match the official story, and now to a silent warship everyone nearby pretends never passed through their sky.	来自深轨网格的向量痕迹完美地缝入那具漂流海军船体最后已知的航程，把一具无名的残骸变成一个刻意的航点，而非随机的碎片。\n前路将在那艘船被封存的日志与被拆空的走廊里最终变得清晰。\n\n截至目前，这场追查已从一块穷乡岩石上一处被遗忘的藏匿点，走到空间站酒馆里紧张的低语，再走到一座扫描结果与官方说法不符的旧中继碉堡，如今又来到一艘沉默的军舰——附近所有人都假装它从未经过他们的天空。
When the ledger burns out, it does more than erase a lie; its encrypted failsafe kicks a last, panicked transmission into the dark, pinging a forgotten archive node that was never supposed to light up again.  \nCross-referencing the echo with the stray dataslate from that backwater pit and the mismatched logs scavenged at the dead relay, the investigation shifts from vague suspicions of doctored history to a single, concealed records cache sitting just off a well-traveled lane, exactly where a debris engineer with a grudge would hide the first real draft of the war.	当账册烧毁时，它抹去的不只是一个谎言；它加密的失效保护把最后一段惊慌的传输踢入黑暗，脉冲唤醒一个本不该再度亮起的被遗忘档案节点。\n把这道回声与来自那处穷乡深坑的散落数据板、以及从死中继站捡回的对不上日志交叉比对，调查便从对篡改历史的模糊怀疑，转向一座紧邻繁忙航道的隐蔽记录藏匿点——正是某个心怀怨恨的残骸工程师会藏起这场战争第一份真实草稿的地方。
The readings preserved in the sample are wrong in a very particular way, a faint shudder in the numbers that never should have appeared this close to a settled lane; only someone chasing that flaw across the systems would leave the same signature behind.  \nOnce matched against the redacted incident logs from the sealed lab and the frantic equations recovered from a discarded slate, the pattern turns from coincidence into a trail, hinting that the same unseen hand has been nudging drives toward the edge of stability wherever the data quietly disappears from the record.	样本中保存的读数错得非常特殊，是数字里一阵本不该出现在离定居航道如此之近处的微弱颤抖；只有追着这个瑕疵跑遍各星系的人，才会留下同样的特征。\n一旦与来自密封实验室被涂黑的事故日志、以及从被丢弃石板中找回的狂热方程比对，图案便从巧合变成一条踪迹，暗示同一只看不见的手在数据悄然从记录中消失的每一处，都把引擎轻推向稳定性的边缘。
Hidden among routine berth records and "lost" docking slips, a handful of ships appear again and again, always waved through early, always bound for the same quiet stretch of space. Neon's ground crews cannot agree on the details, each retelling of the story shifting slightly as if fear is editing their memories, but the tail numbers do not lie. Follow those privileged hulls, and the trail stops being rumor and starts being a route, leading outward from a dead slate in the black toward whoever is rich enough and ruthless enough to bend whole ports around their passing.	藏在例行泊位记录与"遗失"的停靠单之间，几艘船一再出现，总是被提前放行，总是驶向同一片安静空域。霓虹城的地面人员对细节各执一词，每一次复述都略有偏移，仿佛恐惧在编辑他们的记忆，但尾号不会说谎。顺着那些享有特权的船体追下去，线索便不再是传言，而开始成为一条路线，从黑暗中一块死石板向外延伸，通向某个富有且冷酷到能让整个港口为它的过境让路的人。
When the sample is finally wired into the forgotten relay, its signature ripples through the old arrays like a remembered voice, waking filters nobody has touched in years.  \nFor a moment the station's dead consoles sketch a phantom lane across the stars, aligning stray pings from that first backwater stop with corrupted timings from the quiet lab and the miscounted traffic that bled through this relay before it was officially shut down, all hinting that her route does not follow the published jump chains at all, but runs just outside them where no one bothers to watch.	当样本终于接上那座被遗忘的中继站时，它的特征像一道被记起的声音般在老阵列间荡漾，唤醒多年无人触碰的滤波器。\n有那么一瞬间，空间站死去的控制台在星空中勾出一条幽灵航道，把来自第一处穷乡停靠点的散落脉冲、来自安静实验室的损坏时序，以及这座中继站在被正式关闭前漏过的错误计数交通对齐，全都暗示她的路线根本不遵循公布的跃迁链，而是紧贴着它们外侧、无人费心看守之处运行。
The vials were never meant to leave a lab, yet here they sit in a courier's locker, labelled with coordinates that mirror a forgotten listening post and a field garden no registry admits exists.  \nWhoever bankrolled Rourke's experiments smuggled the recipe into Trade Authority traffic, trusting routine to hide intent.  \nNow the trail reads clear enough: the altered wildlife at that lonely homestead, the crooked beacon in high orbit, then the derelict tower's stolen cultures, all pointing toward one last, carefully shielded site where theory is already becoming landscape.	这些药瓶本不该离开实验室，可它们却躺在一名信使的储物柜里，标签上的坐标映照着一座被遗忘的监听站和一处没有任何登记档案承认存在的田野花园。\n无论是谁资助了鲁尔克的实验，都把配方走私进了贸易管理局的货运里，指望例行公事能掩盖意图。\n如今线索已足够清晰：那座孤独农场聚落里被改造的野生动物、高轨道上歪斜的信标，再到废弃塔中失窃的培养物，全都指向最后一处被精心遮蔽的地点——理论在那里已经变成了地貌。
Cracked open in a forgotten office, the logs map freight routes that never appear on Freestar charts, a web of tugs and dead ships converging on the same blind patch of stars. The manifests name Deimos hardware, missing UC pallets, and scrap registered from the farm you just left, all moved under aliases tied to the same shipbreaker. Together with the first stray slate found in deep space, this pattern confirms you are not chasing random smugglers but someone systematically harvesting classified wrecks and erasing the record one garrison, one yard, one quiet outpost at a time.	在一间被遗忘的办公室里被撬开后，这些日志勾出从不出现于星联星图上的货运路线，一张由拖船与死船构成、汇聚到同一片盲星区的网。舱单上写着火卫二的硬件、失踪的联殖货盘，以及从你刚离开的那座农场登记来的废料，全都在与同一名拆船工绑定的化名之下流转。连同深空中发现的第一块散落石板，这图案证实你追的不是随机走私贩，而是某个系统性地收割机密残骸、并一座驻军、一座船坞、一座安静哨站地逐一抹去记录的人。
Lines of corrupted timestamps and half-erased coordinates bloom across the screen, resolving into a lattice of connection points that all drift toward the same patch of unregistered space, like iron filings leaning into a hidden magnet. Buried beneath diagnostic chatter, a familiar signature routine repeats, the same neural pattern first glimpsed in that quiet research outpost, proving every stolen design and whispered clinic job has been feeding one plan: a single, unseen gathering point where Splice means to bind her scattered clients into something the corps will never own again.	一排排损坏的时间戳与半被抹除的坐标在屏幕上绽开，解析成一座连接点的格栅，全都漂向同一片未登记的空域，像铁屑倾向一块隐藏的磁石。\n埋在诊断杂音之下的，是一段熟悉的特征程序反复出现——正是最初在那座安静研究哨站里瞥见的同一神经图案，证明每一份失窃设计与每一桩低语的诊所交易都在喂养同一个计划：一处看不见的单一汇聚点，而"拼接"打算在那里把她零散的客户绑成某种企业再也无法拥有的东西。
The log pulls a single crooked thread out of the noise, a series of jumps that all kink the same way around the lanes before vanishing into dead air. It is not a confession, not even meant to be seen, just the leftover imprint of someone quietly teaching ships to forget the safe routes and trust a different hand. Cross-checked with the stray slate from that backwater rock and the convoy reports that blamed "sensor error" just before going dark, it turns scattered misfortune into a recognizable path, and that path points away from every chart the big powers are willing to admit exists.	日志从噪声中抽出一根弯曲的单一细线，一连串跃迁全都在航道周围以同样的方式扭结，随后消失进死寂的空气里。它不是一份忏悔，甚至无意被人看见，只是有人悄悄教飞船忘记安全航线、信任另一只手的残留印记。与来自那块穷乡岩石的散落石板、以及那些在失联前把原因归咎于"传感器错误"的运输队报告交叉核对，它把零散的不幸变成一条可辨认的路径，而那条路径背离各大势力愿意承认存在的每一张星图。
On the science facility's dimmed terminals, the transfer orders read like quiet abductions, every donor ID ending at the same unlisted destination code that no routine audit ever chased. The pattern is too neat, too methodical, a route carved to move living cargo and records out of UC oversight and into one ghost signature drifting over an ice world. Back at the first garage, there was only a scrubbed table and missing chems; at the Red Mile, falsified deaths and vanished patients. Now the paperwork itself lines up, all arrows finally bending toward a single hidden ward in deep orbit.	在科学设施调暗的终端上，这些转运命令读起来像一场场安静的绑架，每一个捐献者 ID 都终止于同一个未被登记、从未被任何例行审计追查过的目的地代码。\n图案太整齐、太有条理，是一条为把活体货物与记录运出联殖监管、送入一个漂在冰封世界上空的幽灵特征而雕琢出的路线。\n回到第一间车库，那里只有一张被擦净的桌子和失踪的药剂；在红里，则是伪造的死亡与消失的病人。如今文件本身对上了，所有箭头最终都弯向深轨中一个隐秘的病房。
Wrecked in patrol space, the SysDef hulk still listens, its damaged arrays quietly echoing a single rogue signal that keeps nudging ship registries off-course. If that echo is not mapped and traced here, every future scan will be reading from bent space, not truth, and whoever is riding those distortions will stay a step ahead of every warrant. So far the hunt has turned up a tampered foreclosure notice on a Freestar world, a ghosted data trail in low orbit, and a derelict whose own manifests disagreed with themselves, all hinting at the same careful hand rewriting where people stand.	这具在巡逻空域中损毁的联殖防务船体仍在倾听，它受损的阵列悄然回响着一个流氓信号，不断把舰船登记档案推离航向。\n若这道回声不在此时此地被测绘并追踪，今后每一次扫描读到的都将是弯曲的空间，而非真相，而骑着这些畸变的人将永远比每一道逮捕令快上一步。\n截至目前，这场追查已挖出一份自由星系联盟世界被动手脚的止赎通知、一条低轨道上的幽灵数据踪迹，以及一具舱单自相矛盾的废船，全都暗示同一只谨慎的手在改写人们所立之处。
The farmhands only see a season that should have failed and did not; you see the same impossible weather curves you pulled from a dead bounty ship and a lonely prefab, now etched into the tower logs above Akila's fields. Hidden among soil reports and rainfall schedules, a single reference to the grid ties every altered sky back to one source, and for the first time the route between her hand on the controls and the worlds she has touched forms a continuous line. The scattered logs, the erased names, the smuggler gossip about manufactured fog all begin to read like one long, unfinished forecast.	农场工只看到一季本该歉收却未歉收的收成；你看到的却是从一艘死赏金船和一座孤独预制房中提取的同样不可能的天气曲线，如今刻在阿基拉城田野上方的塔内日志里。\n藏在土壤报告与降雨时刻表之间的一处对电网的引用，把每一片被篡改的天空都系回同一个源头，而她那放在控制器上的手与她触碰过的世界之间的路线，第一次连成一条连续的线。零散的日志、被抹除的名字、走私贩关于人造浓雾的闲话，全都开始读起来像一份漫长而未完成的天气预报。
The survey node here sits just outside every standard jump solution, a sliver of math the nav charts politely ignore. Someone has been using that offset to slip in and out of systems without leaving a clean arrival vector, and if this deviation is not pinned down now, every later trace of their movement will vanish into normal drift. Up to this point the trail is a quiet foreclosure reversal in Freestar space, a scratched dataslate on a forgotten rock, a beacon whose timing never matched its traffic, and calibration logs that all share the same tiny, deliberate misalignment in their route data.	这里的勘测节点恰好位于每一个标准跃迁解之外，是一小片被导航星图礼貌忽略的数学。\n有人一直利用这处偏移在各星系间进出，却不留下干净的抵达向量，而这个偏差若不趁现在钉死，他们此后每一次移动的痕迹都将消失在正常漂移中。\n截至目前，这条线索由自由星系联盟空域中一次安静的止赎撤销、一块被遗忘岩石上被划花的数据板、一座时序与自身交通从不匹配的信标，以及几份路线数据中都带有同样细微、刻意错位的校准日志构成。
The diagnostic flags buried in this stack were never meant for public eyes; they mark moments when the air should have tripped alarms but did not, little pockets of silence where someone overrode the warning. Whoever has been steering atmospheres from the shadows needed a place to test the trick before trying it on whole settlements, and these anomalies read like rehearsal notes. So far the path here has been a lonely outpost murmuring about bad air, a courier whose manifests did not match its route, and a trader's records showing the same engineer's tools brushing past each incident like a ghost.	埋在这堆数据中的诊断标记本不该被公众看见；它们标出那些空气本该触发警报却未曾触发的时刻，一小片一小片有人覆盖了警告的静默口袋。\n不管是哪个在暗处操纵大气的人，都需要一个地方先试这套把戏，再拿去整座定居点使用，而这些异常读起来就像彩排笔记。\n截至目前，此处的路径是一座低声抱怨空气糟糕的孤独哨站、一名舱单与航线不符的信使，以及一份商贩记录——它显示出同一名工程师的工具像幽灵般擦过每一起事件。
In the relay's recovered stream, one pattern survives the purge: a thin heartbeat of signals looping from dead satellites to a quiet patch of cropland, each pulse whispering the same coordinates through the noise.  \nIt is not enough to name a face, but it draws a circle in space where someone has been rewriting nerves and weather without filing a single report. So far the trail holds a damaged buoy that carried altered medical manifests, a nervous frontier doctor with blood panels he will not explain, and a station whose wiped logs still point their last uncorrupted line toward those silent fields.	在中继站恢复的数据流中，有一个图案挺过了清除：一道纤细的信号心跳，从死去的卫星循环到一片安静的农田，每一道脉冲都在噪声中低语着同样的坐标。\n它不足以点出某个名字，却在太空中画出一个圆圈——有人一直在那里改写神经与天气，却从未提交过一份报告。\n截至目前，这条线索包含一座载有被篡改医疗舱单的受损浮标、一名有不肯解释的血检面板的紧张边境医生，以及一座被擦净日志的空间站——它最后一条未被污染的行仍指向那些寂静的田野。
The prototype was never meant to be found; it was meant to sit in familiar orbits, doing familiar things, until every captain stopped seeing the tiny anomalies in their jump reports. Studying it where it was first slipped into routine traffic is the only way to understand how she has been bending gravity just enough to hide her corridors inside habit and overconfidence. From that lonely fringe outpost to the jittering transmitter in high orbit and the vault ship packed with nearly matching logs, the pattern is the same: small, repeated deviations tucked into places everyone thought they already understood.	这台原型本不该被发现；它本该待在熟悉的轨道上，做着熟悉的事，直到每位船长都不再看见跃迁报告里那些细微的异常。\n在它最初被混入例行交通之处研究它，是理解她如何把重力弯折得刚好足以把走廊藏进习惯与自负之中的唯一方法。\n从那座孤独的边缘哨站，到高轨道上抖动的发射机，再到那艘装满几乎相同日志的金库飞船，图案始终如一：微小而反复出现的偏差，藏在所有人都以为早已理解的地方。
Smugglers have been running these lanes so long their stories blur together, but every altered manifest and "forgotten" detour passes through the same hidden junction in their routes. If Vector wanted to steer whole corridors without tripping alarms, he would ride inside habits like these, tucked behind petty graft and routine favors. Unpicking that pattern here is the only way to see which ships were nudged, and in what direction. So far I have a dust-choked dataslate on a backwater rock, an off-kilter beacon in high orbit, and Gagarin crews who swear they were saved by a course change none of them filed.	走私贩在这些航道上跑了太久，他们的故事已经彼此模糊，但每一份被篡改的舱单与每一次"被遗忘"的绕行，都穿过他们路线中同一个隐秘的交汇点。\n如果"向量"想在不触发警报的情况下操纵整条走廊，他就会骑乘在这样的习惯之中，藏在小小的贪腐与例行的好处背后。\n在此处拆解这个图案，是看清哪些船被轻推、又推向何方的唯一办法。截至目前，我手里有一块穷乡岩石上积满灰尘的数据板、一座高轨道上歪斜的信标，以及加加林星的船员们——他们发誓自己是被一次谁都没申报的航向改变救下的。
The first anomaly in Gagarin looks like nothing at all, just a smear of handwriting on a dispatch wall where routes get adjusted to match whoever is shouting loudest that day. That is exactly why it matters; only here, in the noise and rust, can someone reroute traffic and lives without raising alarms, hiding intention behind bad lighting and overworked clerks. If the pattern that keeps circling back to one quiet hauler and a recovery specialist is real, it started in these corridors. So far all I have are a stray slate off the lanes and cargo tallies that never quite matched the ships that brought them in.	加加林星的第一处异常看上去什么也不像，只是调度墙上的一摊潦草字迹——那里的航线会被调整成迎合当天嗓门最大的人。\n这正是它重要的原因；只有在这里，在这噪声与锈蚀之中，才有人能在不惊动警报的情况下改道交通与人生，把意图藏在糟糕的照明与过劳的文书身后。\n如果那个不断绕回一艘安静运货船和一名打捞专家的图案是真的，它就是从这些走廊开始的。截至目前，我手里只有一块露出航道的散落石板，以及几份与运来它们的船只始终对不上的货物清单。
When the cache ruptured, the noise on the scopes did not vanish, it collapsed inward, like a ripple running backwards through the void. This patch of orbit was a scar left by some old, bad jump, a place where drives kept bleeding tiny fragments of their routes into the dark. Vector had been using those fragments, shaping them, letting the past nudge ships toward her chosen corridor.  \n\nSo far I have followed a dead stash on a lonely rock, a gutted relay high above, and half-scrubbed reports in New Atlantis; now even the echoes up here are pointing the same way, into a gap the official charts will not name.	当藏匿点爆裂时，示波器上的噪声并未消失，而是向内坍缩，像一道倒流穿过虚空的涟漪。\n这片轨道是某次古老而糟糕的跃迁留下的伤疤，一个引擎不断把自身航线的细小碎片渗入黑暗的地方。\n"向量"一直在利用那些碎片，塑形它们，让过去把飞船轻推向她选定的走廊。\n\n截至目前，我已追过一块孤独岩石上的一处死藏匿点、上方一座被掏空的中继站，以及新亚特兰蒂斯城里半被擦净的报告；如今连这里的回声都指向同一个方向，指向官方星图不肯点名的缝隙。
The relay's shell hangs dead against the stars, but its silence is the point; whatever happened here stopped mid-motion, like someone yanked power in a panic and left the machinery steeped in whatever it had just heard. Only by sampling the noise imprint trapped in its systems can I tell where those interrupted signals were headed before everything went dark. Up to now, all I have is a scrap of corrupted navigation data from a nowhere rock and the knowledge that ships began vanishing along the same old war corridors soon after, suggesting someone started bending the lanes long before anyone thought to listen.	中继站的外壳死寂地悬在群星之间，而它的沉默正是关键；这里发生的一切都在动作中途戛然而止，像有人在惊慌中拔掉了电源，任由机器浸泡在它刚刚听到的东西里。\n只有采样它系统中困住的噪声印记，我才能判断那些被打断的信号在一切变暗之前驶向何处。\n截至目前，我手里只有一块无名岩石上的一片损坏导航数据，以及一个事实：不久之后，飞船开始在同一条旧战争走廊上消失，暗示有人在任何人想到去倾听之前，就已经开始弯折航道。
In a quiet maintenance alcove of the tower, the schematic glows like a nervous system, power lines rerouted into a pattern that is not about efficiency but about pointing away from civilized space. Each junction mirrors those odd outages the technicians grumbled about in passing, forming a corridor of current that leads off the official charts.  \n\nOut on that nameless rock where the first data cache was found, the corrupted recorder in orbit, and the buried references in oversight files all hinted at the same hand; now the conduits themselves confirm that Vector has been building a path, not a random trail.	在塔中一处安静的检修壁龛里，示意图像一套神经系统般发光，输电线改道成一种与效率无关、只为背离文明空间的图案。\n每一处节点都映照着技术员们随口抱怨过的古怪停电，构成一条驶出官方星图的电流走廊。\n\n在那块发现第一处数据藏匿点的无名岩石上、在轨道中损坏的记录仪里，以及在监管档案中被埋藏的引述中，都暗示着同一只手；如今连管道本身也证实，"向量"一直在建造一条路径，而非随机的踪迹。
Lines of altered routes bloom across the log, overlapping paths you have already walked in empty orbit and hollowed couriers, all bending toward the dust-haze that clings outside Cydonia.  \nEach corrected bearing, each trimmed safety margin, forms a spine of numbers that ends where the city's lights thin and traffic control grows lax.  \nWhatever doubts spacers whispered about phantom storms and lucky runs, the pattern here is too clean to ignore.  \nIt matches the first anonymous slate you found in the back end of nowhere, and the courier's dead records, all tracing the same careful hand turning chaos into cover.	一排排被篡改的路线在日志上绽开，与你在空荡轨道和被掏空的信使飞船中已经走过的路径重叠，全都弯向赛多尼亚城外缠绵的尘霾。\n每一处被修正的方位、每一个被削减的安全余量，构成一条数字脊柱，终止于城市灯火稀薄、交通管制松懈之处。\n不管太空人们如何低声质疑幽灵风暴与侥幸航程，此处的图案都太过干净，无法忽视。\n它与你在穷乡僻壤发现的第一块匿名石板、以及信使的死记录吻合，全都勾勒出同一只谨慎的手在把混乱变成掩护。
A single scuffed invoice, amended three times in different hands, should not matter, yet every altered digit bends the same way, pointing toward a forgotten lane where condemned hulls quietly change owners. Here, among the mispriced cargo and duplicate entries, you finally see the first deliberate kink in the chain, the moment a routine decommission became something else. So far the trail runs from that lonely rock and its careless clerk to whispered yard gossip and a mourning relative's recording, each piece suggesting someone used paperwork and neglect to smuggle one courier, and one shipbreaker, out of official sight.	一张被磨花的发票，经三只不同的手修改过三次，本该无足轻重，但每一个被篡改的数字都朝同一方向弯折，指向一条被遗忘的航道——那里的废船悄然易主。\n在这里，在错标的货物与重复的条目之间，你终于看到链条上第一处刻意的扭结，那一刻，一次例行的退役变成了别的东西。\n截至目前，这条线索从那块孤独的岩石和它粗心的文书，延伸到船坞里低语的闲话与一位哀悼亲属的录音，每一块都暗示有人用文书与疏忽，把一名信使和一名拆船工偷偷运出了官方视野。
Cracked seals and forged transit marks on the crate turn random smuggling into a pattern; every rerouted shipment traces the same invisible arc through fringe space, always clearing inspection a little too easily. The signatures on those diversions match vessels that never quite appear on public ledgers, pointing toward a quiet corridor where escorts vanish and debts change hands without witness. The freighter IDs echo ones first flagged in that dead slate in the black and again in the crowded port schedules, each new link tightening the circle around the same unseen broker who moves credits and cargo like pieces on a board.	货箱上开裂的封条与伪造的过境标记把随机的走私变成了一幅图案；每一批改道的货物都在边缘太空中勾出同一道看不见的弧，总是过于轻易地通过检查。\n那些改道上的签名与从未真正出现在公开账册上的船只吻合，指向一条护卫消失、债务在无人见证下易手的安静走廊。\n这些货船 ID 回响着最早在黑暗中那块死石板上被标记、随后又在拥挤的港口时刻表里再度出现的那些，每一个新环节都收紧圆圈，围绕同一个看不见的经纪商——他把信用与货物当作棋盘上的棋子一样挪动。
The place is barely more than a landing pad and a windbreak, the kind of off-map stopwhere smugglers swap crates and no one bothers to sync clocks.  \nThat makes it perfect for testing hardware you do not want tied to any staryard; the firing solutions baked into this rig match the same skewed geometry you have been chasing in misjump telemetry and wreck spreads.  \nIf these numbers line up with the altered routes from that drifting freighter and the agent's half-finished notes, it means the accidents are not just bad navigation anymore, but someone tuning space itself into a weapon and selling the pattern to anyone who pays.	这地方不过是一个着陆平台加一道挡风墙，那种图外的中转站——走私贩在那里交换货箱，没人费心对表。\n这使它成为测试你不想与任何造船厂挂钩的硬件的绝佳地点；嵌入这台装置里的射击解，与你在错误跃迁遥测和残骸散布中一直追踪的同样歪斜几何吻合。\n如果这些数字与那艘漂流货船被篡改的航线、以及那名特工半途而废的笔记对上，就意味着这些事故不再只是糟糕的导航，而是有人把太空本身调成武器，并把图案卖给任何付钱的人。
The core ruptures in a flare of warped gravity and static, its song cut mid-note; for a heartbeat, every metal beam in the old barracks groans like it is remembering the war. When the distortion fades, buried emitters along the ceiling spit out a last burst of coordinates and timestamps, overwriting dead militia rosters with a single, pulsing route line. Followed back through the clues so far, that line matches the missing tug from the first slate, the altered scrap that surfaced near the farm, and the falsified deployment orders that pulled a Freestar unit off the board at just the right moment for a shipbreaker to work unseen.	核心在一道扭曲重力与静电的闪光中爆裂，它的歌声在半音处被截断；有那么一个心跳的时间，旧营房里每一根金属梁都在呻吟，像在回忆那场战争。\n当畸变褪去时，天花板上被掩埋的发射器吐出最后一束坐标与时间戳，用一条脉动的路线覆盖了死去民兵的名册。\n沿着目前所有线索回溯，那条线与第一块石板上失踪的拖船、在农场附近浮出的被篡改废料，以及那些把一支星联部队从棋盘上撤走、恰好让拆船工无人察觉地作业的伪造部署命令，全都对得上。
The decoded pattern is less a message and more a tide line: a chain of medical reroutes, emergency diversions, and unsanctioned evac paths all bending along the same quiet arc through this sector. Following it means stepping into the same invisible current that has been carrying altered patients, blacked-out transports, and one tireless medic from crisis to crisis.  \nTaken with the blank orders cached on that forgotten rock and the scrubbed logs from UC hardware adrift nearby, this signal stops feeling random and starts to look like a standing instruction no one ever cancelled, still guiding him toward some final waiting cohort.	解码出的图案与其说是信息，不如说是一道潮线：一连串医疗改道、紧急转向与未获批准的撤离路径，全都沿同一道安静的弧穿过这个星区。\n顺着它追，就意味着踏入同一股看不见的水流——它一直在把被改造的病患、失去信号的运输船和一位不知疲倦的医护兵从一场危机送向另一场危机。\n连同缓存在那块被遗忘岩石上的空白命令、以及附近漂流联殖硬件中被擦净的日志一起看，这信号不再像随机，而开始像一条从未被取消的常备指令，仍在把他引向某个最终等待的队伍。
When the crate finally yields its data, it is not contraband schedules or weapons routing inside, but a ledger of course corrections: tiny nudges in grav-jump math that keep steering freighters and patrol ships along the same crooked corridor, many of them vanishing at the exact span where official beacons fall oddly silent. Cross-checking those entries against the stray scrap you pulled off that forgotten rock and the garbled log from the dead relay turns rumor into a contour on the starmap, showing how ships are being walked, step by subtle step, toward an unlisted convergence of wrecks hanging just beyond the last marked lane.	当货箱终于交出它的数据时，里面不是违禁品的时刻表或武器航路，而是一本航向修正的账册：重力跃迁数学中那些微小的推移，持续把货船与巡逻舰引向同一条弯曲走廊，其中许多正好在官方信标诡异地沉默的那一段消失。\n把这些条目与你从那块被遗忘岩石上取下的散落废料、以及来自死中继站的乱码日志交叉核对，传言便变成星图上的等高线，显示出飞船如何被一步步、细微地牵着走向一处未登记的残骸汇聚点——它就悬在最后一条标记航道之外。
The beacon's recording shows more than background static; buried in the calibration logs is a repeating shift in orbital paths, a tiny bend that only appears when one narrow corridor of space is under observation. It is the same deviation echoed in the misaligned storm beacons on that frontier moon, the same timing gap that cut warning audio in the abandoned relay, the same signature hiding inside the failed grav experiments in the empty lab. Together, those fragments now sketch a crude but undeniable trajectory, tracing where someone has been quietly redrawing the safe lanes and waiting just outside everyone else's field of view.	信标的录波显示的不只是背景静电；埋在校准日志里的，是轨道路径中一处反复出现的偏移——一种只有在某条狭窄空域被观测时才会出现的微小弯折。\n它正是那座边境卫星上错位风暴信标所回响的同一偏差、正是那座被弃中继站中剪断警告音频的同一时序缺口、正是空实验室里失败重力实验内部隐藏的同一特征。\n这些碎片合在一起，如今勾出一条粗糙却无可否认的轨迹，追出有人一直在悄悄重绘安全航线、并守候在所有人视野之外的地方。
Buried in the listening post's forgotten telemetry, a repeating correction sequence surfaces, threaded through years of routine scans like a whisper in static. Cross-referenced with the earlier courier logs and that first stray slate, it resolves into a pattern of jumps converging on the same off-chart sector. The log does not shout coordinates so much as lean toward them, showing where someone has been quietly teaching the network to look away. Taken with the smuggled firmware signatures and survivor testimonies, the trail now narrows from scattered rumors of ghost routes to a single, deliberate path leading out beyond mapped space.	埋在监听站被遗忘的遥测里，一段反复出现的修正序列浮出水面，贯穿多年例行扫描，像静电中的一道低语。\n与更早的信使日志、以及第一块散落石板交叉比对，它解析成一幅跃迁图案，全都汇聚到同一个图外星区。\n这日志与其说是在喊出坐标，不如说是在向它们倾斜，显示出有人一直在悄悄教这张网络移开视线。\n连同走私来的固件特征与幸存者的证词一起看，这条线索如今从关于幽灵航线的零散传言收窄成一条刻意设计的单一路径，通往制图空间之外。
The only place that makes sense to start is where everyone pretends not to remember what they heard: the bar lights too bright, the music too loud, and captains numbing themselves with cheap drinks and quiet guilt. In that kind of noise, a strange timing in collision warnings or a reroute that arrived a heartbeat too early becomes just another story to laugh off, unless someone is listening for the same pattern over and over. So far I have a scrap of corrupted telemetry, a whispered name that keeps coming back to the same disgraced controller, and rumors that certain routes started bending years ago and never quite straightened again.	唯一说得通的开端，是所有人都假装不记得自己听过什么的地方：酒吧的灯太亮、音乐太响，船长们用廉价酒和无声的愧疚麻痹自己。\n在那样的噪声里，碰撞警告中一处古怪的时序，或一次早了一个心跳抵达的改道，都只是又一个可以一笑而过的故事——除非有人一遍又一遍地在听同样的图案。\n截至目前，我手里有一片损坏的遥测、一个不断回到同一名失势管制员身上的低语名字，以及一些传言：某些航线多年前就开始弯折，此后始终没能完全回正。
The depot sits where the lanes thin and traffic records grow vague, a forgotten spur of broken loaders and sealed crates that no one bothers to reconcile against official logs. It is exactly the kind of quiet corner where someone who understands grav seams and dispatch timing would test a new vector, nudging routes a fraction off-course until haulers and wrecks alike began drifting toward the same empty coordinates. So far, everything I have pulled together points the same way: a stray slate from nowhere, nervous freight hands whispering about delayed responses, a settler's sky-watching sketches, and now a calculated bend in space itself.	仓库坐落在航线稀疏、交通记录变得模糊之处，一条被遗忘的支线上堆着坏掉的装载机和密封货箱，没人费心去与官方日志核对。\n这正是那种安静的角落——一个懂重力缝隙与调度时序的人会在这里测试新向量，把航线轻推离航向一点点，直到运货船与残骸都开始漂向同一组空坐标。\n截至目前，我拼起来的一切都指向同一个方向：一块来自无名之地的散落石板、货运工人们关于迟缓响应的紧张低语、一位定居者守望天空的画稿，如今再加上太空本身一处经过计算的弯折。
The residue scraped from incoming hulls carries more than dust; it carries direction. Tiny shards of scorched alloy and frozen vapor show trajectories no honest freighter should ever fly, angling away from charted lanes toward the same dark corner of the system again and again. Mixed wrong transponder pings, misheard dock calls, a few lazy corrections in the traffic logs turned it into background noise until someone bothered to line the fragments up.  \nSo far I have a dead outpost with an orphaned dataslate, conflicting reports from a frontier stop, and now physical proof that ships serving the same invisible route keep returning with the same graveyard clinging to their skin.	从进港船体上刮下的残留物承载的不只是灰尘；它承载着方向。被烧焦合金与冻结蒸气的细小碎片显示出任何诚实的货船都不该飞出的轨迹，一次次偏离已测绘航道，指向星系中同一个黑暗角落。\n错误应答器脉冲、听错的船坞呼叫、交通日志里几处懒惰的修正，把它混成了背景噪声，直到有人费心把这些碎片排齐。\n截至目前，我手里有一座带着孤儿数据板的死哨站、来自一处边境停靠点的矛盾报告，如今又有了实物证据：服务同一条看不见航线的船只，归来时总是黏着同一片墓场。
The first anomaly has to be chased at its source, before it gets rewritten or buried under newer traffic. Whatever nudged those jumps off true left only a faint distortion in the timings, a tiny echo in the noise that will not survive another round of routine maintenance or quiet sabotage. Reading that echo clean means catching it early, while there is still enough context to tell a deliberate hand from a faulty buoy. So far all I have is this the same crooked drift showing up across different convoys, captains in frontier bars swearing unseen course corrections saved them, and a nervous analyst on Jemison watching entire anomaly folders vanish as soon as someone higher up took an interest.	第一处异常必须在源头就把住，趁它还没被改写或埋进更新的交通之下。\n无论是谁把那些跃迁推离正轨，都只在时序里留下了微弱的畸变，一道不会挺过下一轮例行维护或悄然破坏的噪声小回声。\n干净地读出这道回声，就意味着要趁早抓住它，趁上下文还足以分辨一只刻意的手与一座故障浮标。\n截至目前，我手里的只有这些：不同运输队中出现同样的歪斜漂移、边境酒吧里船长们发誓是看不见的航向修正救了他们，以及杰米森星上一名紧张的分析员——只要上级有人表现出兴趣，整份异常文件夹就会消失。
The marker is buried in corrupted telemetry and ghosted comms, a single recurring instruction threading through different battles and different ships, all pointing along the same forgotten curve in local space. When you strip away falsified headers and dead transponders, the path it outlines matches the movements of evacuated patients, blacked-out medical transports, and that medic who never stopped following his first set of orders.  \nWe first picked up his scent from an unremarkable cache on a lonely world, then from a gutted hull broadcasting scrambled commands, and finally from a silent UC frame with its logs carved clean, every step tightening the loop around his invisible triage line.	这标记埋在损坏的遥测与幽灵般的通讯里，一条反复出现的指令贯穿不同的战斗与不同的飞船，全都沿着本地空间中同一道被遗忘的曲线。\n当你剥去伪造的报头与死去的应答器，它勾出的路径与撤离病患的行动、失去信号的医疗运输船，以及那名从未停止执行自己最初命令的医护兵吻合。\n我们最早从一颗孤独世界上不起眼的藏匿点嗅到他的气息，随后是一具广播着乱码命令的被掏空船体，最后是一具日志被削得干干净净、沉默不语的联殖框架，每一步都收紧环绕他那条看不见的分诊线的环。
Down there, the scars in the dirt feel honest. Heat-burned gullies, blasted rock, twin corridors carved over the same poor frontier roofs again and again until the land itself remembers the pattern. If I follow those tracks, I stay with the settlers and the Rangers, closer to the people who bled for someone's test flight. Maybe I learn who Stormline will spare, not just who he is willing to lose.\n\nUp here, in that junk ring, the sky is rigged like a loaded table. Old buoys whispering new numbers, ships nudged into invisible lanes while a Crimson Fleet hull waits to cash in on whoever survives the drop. If I go there first, I follow the money and the killers who bought his math, not the ghosts it left in the dust.	在下面，泥土里的伤疤显得诚实。被高温灼烧的沟壑、炸裂的岩石、一次次在同一片贫瘠边境屋顶上刻出的双走廊，直到大地本身都记住了这个图案。\n如果我循着那些痕迹追下去，我就会与定居者和游骑兵站在一起，更贴近那些为某人的试飞而流血的人。也许我能弄清"风暴线"会宽恕谁，而不只是他愿意牺牲谁。\n在上面，在那圈废料里，天空被布置得像一张做了手脚的赌桌。旧浮标低语着新数字，飞船被轻推进看不见的航道，而一具深红舰队船体正等着从坠落后幸存的人身上牟利。如果我先去那里，我追的就是钱和买下他那套算术的杀手，而非它留在尘土里的幽灵。
Among the Fundrunner's sealed racks, one ledger stands out, its transfers looping through Deimos long after the ship was declared dead and its accounts supposedly settled. The dates match missing haulers, reassigned escorts, and those quiet inspection runs no one wanted to sign their name to, all terminating in the same scrapyard corridor. It does not name who rode those routes, but it draws a narrow corridor of opportunity, one that required someone with GalBank clearance and mercenary muscle to keep it open. So far the trail is a mislaid slate off the lanes, bad cargo math in Gagarin's bays, and an illicit route sketch from Neon's underside that all point toward the same habit of hiding people inside financial cleanups.	在资金快船密封的架列中，有一本账册格外醒目，它的转账在该船被宣告死亡、账户据称结清之后很久，仍绕经火卫二循环。\n这些日期与失踪的运货船、被重新分配的护卫，以及那些没人愿意签名的安静巡查吻合，全都终止于同一条废料场走廊。\n它没有点出是谁走了那些路线，却勾出一条狭窄的机会走廊——维持它需要某个拥有银河银行权限的人与佣兵的拳脚。\n截至目前，这条线索是一块露出航道的错放石板、加加林星货舱里糟糕的货物计算，以及一份来自霓虹城底侧的非法路线草图，全都指向同一种习惯：把人藏进财务清理之中。
The array's readings align too neatly with the broken hulls rusting in this yard; every twisted frame here shares the same slight skew in its last recorded jumps, the same quiet push off the official lanes toward some deeper gravity well. Pulling those numbers together at this place, where wreckage and recalculated vectors overlap, turns scattered anomalies into a map that finally points somewhere instead of nowhere. Up to now all I have had are a discarded log on a forgotten rock, convoy manifests that blame phantom malfunctions, a defector's story about stolen Fleet tech, and an orbital sensor hub humming on a frequency no one logs, each hinting that someone has been laying down a second set of paths beneath the Settled Systems.	阵列的读数与这座场区里生锈的破损船体对齐得过于整齐；这里每一具扭曲的框架，在它最后记录的跃迁中都有同样的轻微偏斜，同样悄然被推离官方航道、驶向某个更深的重力井。\n在这残骸与重算向量重叠的地方把这些数字汇拢，便把零散的异常变成一张终于指向某处而非无从所往的地图。\n迄今为止，我手里的只有一块被遗忘岩石上被丢弃的日志、把故障归咎于幽灵的运输队舱单、一名变节者关于失窃舰队科技的说法，以及一座以无人记录的频率嗡鸣的轨道传感器枢纽，每一处都暗示有人在定居星系之下铺设了第二套路径。
The lattice spills across the Navy console like a spiderweb of sanctioned lies, jump vectors bent carefully around charted lanes to converge on the same blank patch of space every time. Only a warship of this size would be allowed to store an unauthorized route so close to patrol data without triggering audits, which is why whoever plotted it hid behind military encryption and kept their commentary to terse, bloodless notation. Cross-referenced with the stray slate from the backwater shack, the corrupted logs from that drifting hauler, and the pathing anomalies pulled off civilian manifests, the pattern is no longer rumor; it is a repeatable corridor leading away from every accident site and dead transmission you have touched so far.	格栅像一张由获批谎言织成的蛛网铺满海军控制台，跃迁向量被小心翼翼地绕过已测绘航道弯折，每次都汇聚到同一片空白空域。\n只有这个体量的军舰才被允许在巡逻数据如此近处存放一条未授权路线而不触发审计，正因如此，绘制它的人藏在军用加密之后，把自己的注释压成简短、冷酷的符号。\n与来自穷乡小屋的散落石板、那艘漂流运货船的损坏日志，以及从民用舱单上提取的航路异常交叉比对，这图案不再是传言；它是一条可复现的走廊，背离你迄今触碰过的每一处事故现场与死去的传输。
When the container breaches and the last trace of strange radiation flares against the bunker's old sensors, the system reacts like it has seen this pattern before, quietly flagging a destination it was never meant to reveal. In the afterglow, a buried routine awakens in the base's cracked consoles, spitting out archived handoff logs, medical transport requests, and encrypted route hashes all pointing to the same orbital facility that has been patching up grav-burned crews for decades. So far the trail runs from a nameless rock with a corrupted slate, to falsified cargo records aboard a wandering hauler, and now to a war-era bunker whose own alarms whisper the same name the healers in Deepala's shadow have been muttering off the record.	当容器破裂、最后一丝古怪辐射在碉堡老旧传感器上闪起时，系统仿佛见过这种图案般作出反应，悄然标出一个它本不该揭示的目的地。\n在余晖中，一段被掩埋的例程在基地龟裂的控制台里苏醒，吐出存档的交接日志、医疗运输请求与加密航路哈希，全都指向同一座几十年来一直修补被重力灼伤船员的轨道设施。\n截至目前，这条线索从一块带着损坏石板的无名岩石，到一艘游荡运货船上伪造的货运记录，如今又来到一座战时代的碉堡——它自己的警报低语着迪帕拉阴影中的医者们一直在私下念叨的同一个名字。
The relay bunker still hums like it is waiting for orders that never came, walls sweating old condensate under dead status lights. Whatever was siphoned out of those wrecked hulls and stored here links the scrap fields to the patrol grid, a chemical fingerprint that should never have been in UC airspace at all. Matching that residue against atmospheric sweeps will show exactly which vector carried it in and out, and no patrol captain can hand wave away that kind of overlap as "sensor drift." So far the trail runs from a forgotten cache on a backwater rock, to a gutted Deimos yard, and now into this abandoned nerve node, each step tightening the circle around one pilot who keeps treating battlefields like they are still his personal worksite.	中继碉堡仍在嗡鸣，像在等候从未到来的命令，墙壁在死去的状态灯下渗着陈年冷凝水。\n无论从那些损毁船体中抽取、储存在这里的是什么，都把废料场与巡逻网格连在一起，是一枚本不该出现在联殖空域中的化学指纹。\n把这残留与大气扫描比对，就能显示究竟是哪条向量把它带进带出，而没有哪位巡逻舰长能把这种重合一挥手说成"传感器漂移"。\n截至目前，这条线索从一块穷乡岩石上一处被遗忘的藏匿点，到一座被掏空的火卫二船坞，如今又深入这个被遗弃的神经节点，每一步都收紧圆圈，围绕一名始终把战场当作自己私人工作场地的飞行员。
In the noise of Gagarin Landing's traffic streams, the vector stands out like a bad weld someone tried to grind flat and forgot about. Crosschecked against yard shift changes and tug launch times, it reveals a repeating burn that always arcs toward the same patch of dead space, threaded neatly between SysDef patrol windows and corporate shipping lanes. It is not a smuggler's improvisation but a worker's route, laid in pieces by different hands and never meant to be read as one line. So far the chase has scraped a half erased log from a forgotten rock, shipbreaker markings in a gutted yard, buried sensor echoes in an old relay, and a hijacked service feed here in the slums all converging on the same unseen graveyard he still treats like home.	在加加林着陆点交通流的噪声中，这条向量像一处有人试图磨平却忘了的糟糕焊缝一样醒目。\n与船坞班次变化和拖船出港时刻交叉核对，它揭示出一次反复出现的点火，总是弯向同一片死寂空域，整齐地穿在联殖防务巡逻窗口与企业航运航道之间。\n它不是走私贩的临场发挥，而是工人的路线，由不同的手一块块铺设，从未打算被当作一条线来读。\n截至目前，这场追查已刮出一块被遗忘岩石上一条半被抹除的日志、一座被掏空船坞里的拆船工标记、一座旧中继站里被埋藏的传感器回声，以及贫民区这里一条被劫持的服务馈送，全都汇聚到他仍视作家的同一片看不见的墓场。
Ebbside means people, and people mean mouths that slip when the drinks are strong and the credits are late. If I shake down the right freight clerk or warehouse runner, I might finally put faces and factions to the payments buying her storms. Of course, walking those alleys with her name on my lips risks stirring up everyone who thought they were just paying for "expedited deliveries," not rewriting their skies.\n\nThe orbital node is quieter, less blood and more numbers. If I pull the raw readings from that relic, I could see the full arc of her work in one sweep, every world her corrections keep bending toward. No bribes, no threats, just me, a data core, and whatever failsafes she left behind in an automated system nobody has watched for years.	埃布赛德意味着人，而人意味着在酒够烈、钱又拖欠时管不住的嘴。\n如果我敲打对了货运文书或仓库跑腿，也许终于能给那些出钱买她风暴的人对上脸和派系。\n当然，揣着她的名字走过那些小巷，风险是惊动每一个本以为只是在为"加急配送"付钱、而非在改写自己天空的人。\n\n轨道节点更安静，流血更少、数字更多。如果我从那件遗物中取出原始读数，就能一眼看到她那套工作的完整弧线，看到她每一次修正都在弯向的每一颗世界。没有贿赂、没有威胁，只有我、一个数据核心，以及她留在某个多年无人看管的自动化系统里的全部失效保护。
The old relay hangs in a graveyard of abandoned signals, its dishes frozen mid-gesture toward lanes no one charts anymore. If his routes were ever scrubbed from official records, this is where the echoes would have lodged, half-corrupted in buffer stacks and forgotten diagnostic logs. Out here there are no clerks to massage the numbers, no captains to rewrite after-action reports, just raw jump scars burned into hardware and left to rot. So far the hunt has turned up a nameless cache of navigation data on a forgotten rock and stories of a transport that "teleported wrong" near the frontier; whatever is hiding in this dead node will either tie those fragments together or prove that someone has been bending the map for far longer than anyone wants to admit.	这座旧中继站悬在一片被遗弃信号的墓场中，它的天线停在指向无人测绘航道的姿态中。\n如果他的路线曾被从官方记录中擦净，回声就会滞留在这里，半被损坏地卡在缓冲堆栈与被遗忘的诊断日志里。\n在这外面没有文书去揉捏数字，没有舰长去改写战报，只有烙进硬件、任其腐朽的生跃迁伤疤。\n截至目前，这场追查已挖出一块被遗忘岩石上一处无名的导航数据藏匿点，以及关于一艘运输船在边境附近"跃迁出错"的传闻；这个死节点里藏着的东西，要么会把这些碎片串起来，要么会证明有人弯折这张地图的时间远比任何人愿意承认的更久。
The data burst you pull from the drifting relay is small, almost an afterthought, but its routing tables tell a different story; every falsified storm report you have seen so far passes through the same chain of freighters and agricultural hubs before vanishing toward a narrow band of coordinates no one files on public charts. It is the first time her adjustments, corporate traffic, and off-the-books shipments all share a single path, and someone took care to list the endpoints only as anonymous grid references, trusting that the pattern itself would go unnoticed. From the prefab in the dust to the dead hunter's fractured log and the altered harvests in the frontier fields, every earlier fragment now reads like a rehearsal for whatever is waiting down that line.	你从漂流中继站取出的数据束很小，几乎是顺带的，但它的路由表讲述着另一个故事；你迄今见过的每一份伪造风暴报告，都要穿过同一串货船与农业枢纽，随后消失在一片没有任何人在公开星图上归档的狭窄坐标带。\n这是第一次，她的修正、企业交通与账外货运共享同一条路径，而某人小心翼翼地把端点只列成匿名网格引用，指望图案本身不被注意。\n从尘土中的预制房，到死去猎人破裂的日志，再到边境田野里被改造的收成，此前的每一块碎片如今读起来都像是对那条线尽头某种东西的彩排。
The last echoes of the detonation fade, but the traffic map does something no one on any bridge has seen for years: the ghost routes start to unravel. Emergency waypoints flicker, then drop, like someone finally cancelled a standing order no one remembered signing. With that core gone, the invisible hand nudging damaged ships and desperate crews along the same crooked arc has lost its grip.  \nLooking back over the trail, the pattern feels less like coincidence and more like choreography: a nameless cache on a dead world, a derelict patrol hull still obeying half-erased commands, a curated war story with one medic conveniently unaccounted for, all pointing to a system that was still quietly steering the wounded toward somebody who never stopped answering the call.	爆炸的最后回声渐渐消退，但交通图出现了多年来任何舰桥上都没人见过的一幕：幽灵航线开始散开。\n应急航点闪烁，随后熄灭，像有人终于取消了某条没人记得签署过的常备命令。\n随着核心消失，那只把受损飞船与绝望船员沿着同一道弯曲弧线轻推的无形之手也松开了。\n回望这条线索，图案不再像巧合，而更像一场编舞：一颗死寂世界上无名的藏匿点、一具仍在执行半被抹除命令的废弃巡逻船体、一段被精心编排、恰有一名医护兵去向不明的战争故事，全都指向一个仍在悄悄把伤者引向某个从未停止回应召唤之人的系统。
When the beacon finally unspools its data across the forgotten base's old relays, the path it sketches through the stars no longer looks like random noise but a deliberate slipstream that keeps brushing the same empty coordinates. Whatever ship rode that pattern knew exactly where UC eyes could not follow, and the signal's return address repeats an orbital region that matches hushed talk of burned crews and misjump cases diverted to a single, overworked medical station. So far the trail runs from a corrupted slate on a nameless rock, to falsified manifests in a wandering hauler's hold, to half-erased war sims buried under dust each step hinting that someone has been testing routes at the edges of official charts, then checking the damage somewhere just out of UC jurisdiction.	当信标终于把它的数据铺展到这座被遗忘基地的旧中继站上时，它在群星间勾出的路径不再像随机噪声，而是一条刻意设计的滑流，一再擦过同一组空坐标。\n无论是什么飞船骑乘着这个图案，它都清楚知道联殖的眼睛无法跟随到何处，而信号的返回地址重复着一个轨道区域，与那些关于被灼伤船员、以及被转入某个超负荷医疗站的错误跃迁病例的低语相吻合。\n截至目前，这条线索从一块无名岩石上损坏的石板，到一艘游荡运货船货舱里伪造的舱单，再到埋在尘土下、半被抹除的战时模拟，每一步都暗示有人一直在官方星图边缘测试路线，然后在联殖管辖之外某处检验损害。
New Atlantis is the comfortable choice, which somehow makes it the most dangerous. If Vector poisoned the numbers at the source, the proof is buried under UC badges, Calyx lawyers, and people who would rather lose a few ships in the frontier than admit they missed a flaw in their own house. Digging there means prying up polished floor panels and forcing bureaucrats to look at what they signed off on.\n\nOut in that strange orbit, the stars do not quite sit where the charts say they should. The lane math bends, splits, then re-joins like it is holding its breath, and every spacer who talks about it lowers their voice as if the void might be listening. If Vector is mapping a fault line through the grav lattice, this crossroads is where his theory stops being rumor and starts becoming a route.	新亚特兰蒂斯城是舒服的选择，而不知为何，这也使它成为最危险的选择。\n如果"向量"是在源头下了毒，证据就埋在联殖徽章、卡利克斯律师，以及那些宁愿在边境损失几艘船、也不愿承认自家房子里有缺陷的人之下。\n在那里挖掘，就意味着撬开光洁的地板，逼官僚们直视他们签字批准过的东西。\n\n在那片古怪的轨道上，群星并不完全待在星图所说的位置。航道数学弯曲、分岔，随后又重接，像在屏住呼吸，每个谈到它的太空人都会压低嗓音，仿佛虚空在听。\n如果"向量"正在重力晶格中绘制一条断层线，这个十字路口就是他的理论不再只是传言、而开始变成路线的起点。
The underbelly calls first. Neon's damp steel bones are threaded with gossip and off-the-books cartography, every backroom broker convinced they own a private map of who gets through and who disappears. Down there, routes are drawn in favors and fear, not ink. If someone has been steering debtors and haulers into Luc's orbit, the pattern will be etched into those whispered corridors long before it ever reached a ledger.\n\nDeimos is colder, quieter, and somehow more honest. Scrapyard light on dead hulls, manifests clinging to rust because no one bothered to scrub them. If there is proof that escorts and assets were "reassigned" long after the books said otherwise, it will be buried in those frozen paper trails, guarded by professionals who understand exactly what a single surviving stamp is worth.	下层先发出呼唤。霓虹城潮湿的钢骨里穿织着闲话与账外地志学，每一个密室经纪商都确信自己掌握着一张私密的通行与失踪地图。\n在那里，路线是用人情与恐惧画出来的，而非墨水。\n如果有人在把债务人与运货船引入吕克的轨道，图案会在它抵达账册之前很久，就刻进那些低语的走廊里。\n\n火卫二更冷、更安静，不知为何也更诚实。废料场的光照在死船体上，舱单黏着锈迹，因为没人费心去擦。\n如果有证据显示护卫与资产在账面上早已结清之后很久仍被"重新分配"，它就会埋在那些冻结的纸面线索里，由彻头彻尾明白一枚幸存印章价值几何的专业人士看守。
Neon's underbelly is closer, louder, and filthy with the kind of people Rivet used to drink beside. If anyone sold him a new skin for his ship, it is one of those grease-stained ghosts pretending they never heard his name. Down there I would be trading credits and threats in equal measure, following rumors through back rooms and maintenance shafts, trying not to end up as just another unlogged body under the grating.\n\nThe beacon in orbit is cleaner work, at least on the surface. Just me, vacuum, and a string of forgotten traffic updates that might finally sketch his escape vector in hard numbers instead of bar talk. If those timestamps and altered paths line up with what I already pulled from the yard records and that memorial recording, I will know exactly which way he broke from the lanes when he ran.	霓虹城的下层更近、更吵，挤满了"铆钉"过去常一起喝酒的那类人。\n如果有人给他的船卖过一层新皮，那就是那些满身油污、假装从没听过他名字的幽灵之一。\n在那里，我会以同等的分量交易信用与威胁，穿过密室与维护竖井追踪传言，尽量别变成格栅底下又一具无人登记的尸体。\n\n轨道上的信标是更干净的工作，至少表面上如此。只有我、真空，以及一串被遗忘的交通更新——它也许终于能用硬数字而非酒吧闲谈勾出他的逃亡向量。\n如果那些时间戳与被篡改的路径，与我已经从船坞记录和那段纪念录音里提取的东西对得上，我就能准确知道他是从哪条航道突围逃走的。
The drift lane where this crate hangs is a blind spot, a thin seam between traffic corridors where automated systems shrug and call missing data a rounding error. That is exactly where a pilot like Vector would let his tracks smear, trusting that conflicting manifests and lazy clerks would hide the shape of his jumps. Whatever is logged against this cargo will show which routes were shaved, which ships appeared where no registered path should have taken them, and which direction he is bending reality next. So far the picture is still half-formed: a half-corrupted slate on a forgotten rock, beacon returns that do not match filed courses, and a Trade Authority hull with waste cycles that belong to a different journey entirely, all nudging the needle toward one name and the unnatural lines he draws through space.	这个货箱所在的漂移航道是一处盲点，交通走廊之间一道细薄的缝隙——自动化系统在那里一耸肩，就把缺失的数据称作舍入误差。\n那正是"向量"这样的飞行员会让自己的踪迹模糊的地方，指望矛盾的舱单与懒惰的文书能藏住他跃迁的形状。\n针对这批货物记录下的一切，都会显示哪些航线被削短、哪些飞船出现在任何登记路径都不该带它们去之处，以及他下一次把现实往哪个方向弯折。\n截至目前，图景仍只成形一半：一块被遗忘岩石上损坏一半的石板、与申报航线不符的信标回波，以及一具排污周期完全属于另一段航程的贸易管理局船体，全都把指针推向一个名字，以及他在太空中画出的那些不自然的线。
The registry is a scavenger's ledger with its teeth pulled, nothing but serials and decommission dates at first glance, but cross-matched hull IDs and transfer notes show a different story: the same drives, the same controllers, vanishing from official scrapping and reappearing off-books near the same quiet stretch of deep space. Only a ship this forgotten, drifting between ports with no one to vouch for its last cargo, could carry a clean copy of the list before the numbers were massaged for auditors and gossip twisted the details into campfire warnings. So far the trail has been a chain of almosts: an anonymous report from a nowhere outpost, a monitoring shack's glitching readings, a freighter whose jump history did not line up with its manifests, a Neon mechanic hinting at "recycled" parts that never hit the yard.	这份名录像一本被拔掉牙齿的拾荒者账册，乍看只有序列号与退役日期，但交叉比对的船体 ID 与交接备注讲述着另一个故事：同样的引擎、同样的控制器，从官方拆解中消失，又在深空中同一片安静空域附近以账外方式重现。\n只有一艘如此被遗忘、在港口间漂流、无人为其最后一批货物作保的飞船，才能在数字被为审计员揉捏、闲话把细节扭曲成篝火警告之前，带着这份清单的干净副本。\n截至目前，这条线索是一连串的"差一点"：来自无名哨站的一份匿名报告、一间监测小屋故障的读数、一艘跃迁历史与舱单对不上的货船、一名暗示有"回收"零件从未进过船坞的霓虹城技工。
Buried in the maintenance queue for Neon's lower grid, one tiny block of time repeats with impossible regularity, always tied to the same power sectors and always logged under a rotating list of borrowed credentials. The slot lines up perfectly with drift anomalies flagged by the beacons in this stretch of orbit, suggesting someone has been timing their Grav work planetside to match specific windows in the lanes above. If those schedules are being bent around a single pilot's habits, then the pattern here will tell where he likes to jump from, and when. So far the trail has been a scatter of half-truths and omissions: a misfiled crate tumbling between routes, beacon returns that do not match their courses, and hushed talk in Neon's depths about coils that keep going dark on nights when the same nameless ship slips off the grid.	埋在霓虹城下层电网的维护队列里，一小段时段以不可能的频率反复出现，总是绑定同样的电力分区，总是在一份轮换的借用凭证下登记。\n这个时段与这一带轨道中信标标记的漂移异常完美对齐，暗示有人一直在把地表的重力作业时间安排得与上方航道中的特定窗口吻合。\n如果那些时刻表是围绕某个飞行员的习惯被弯折的，那么这里的图案就会告诉他喜欢从何处、何时跃迁。\n截至目前，这条线索是零散分布的一半真相与省略：一只在航线间翻滚的错误归档货箱、与自身航线不符的信标回波，以及霓虹城深处关于某些夜晚线圈不断变暗、而同一艘无名飞船悄然脱离网络的低语。
Neon's lower decks are a maze built out of denial and side money. If she is bending patrol nets, the proof is in the hands of dock rats and bookkeepers who know better than to talk loud. Down there I would be trading credits and threats in equal measure, wading through forged manifests and half-truths, hoping someone values survival over silence. It is the softer play, if anything about this chase can still be called soft.\n\nThe tower is different. Clean lines, bad conscience. If I hit that, I am going straight at the people who signed off on this nightmare, not just the ones moving crates. Fractured Phalanx on guard means hardened veterans who already chose a side once and will not hesitate to choose it again. The risk is higher, but so is the chance of ripping out the root instead of just trimming the branches she flies through.	霓虹城的下层甲板是一座用否认与私钱搭建的迷宫。\n如果她在弯折巡逻网，证据就握在码头老鼠与账房手里——他们懂得不该大声说话。\n在那里，我会以同等的分量交易信用与威胁，蹚过伪造的舱单与半真半假，指望有人把活命看得比沉默更重。这是更温和的一步棋——如果这场追查还有任何部分能被称作温和的话。\n\n塔则不同。线条干净，良心糟糕。\n如果我动了它，我就是直冲那些为这场噩梦签字的人，而不只是搬运货箱的人。\n有破碎方阵把守，意味着那些早已选过一边、并会毫不犹豫再选一次的老兵。风险更高，但连根拔起的可能也更高，而非仅仅修剪她穿梭的枝杈。
The first solid threads are knotted up around the Drift-Lane Manifests, and every spacer in Gagarin Landing seems to have a different version of how they vanished, which makes them too important to ignore. On paper they are just cargo and route records, but if someone has been bending safe corridors into killing grounds, the earliest fingerprints will be hiding in those entries, half-lost under corrections and redactions. Until I see how the stories match or fail against the numbers, everything else is just superstition in the bar air. So far all I have are repeated mentions of identical routes flown by ships that should never have shared a path, a handful of captains swearing they felt "pulled" toward the same patch of space, and a lingering rumor about an ex-convoy navigator who always seems to know which way the odds are drifting.	最初几条结实的线头都缠在《漂流航线舱单》上，而加加林着陆点的每个太空人似乎都有一套关于它们如何消失的不同说法，这使它们重要到不能忽视。\n纸面上它们只是货物与航线记录，但如果有人一直在把安全走廊弯折成屠场，最早的指纹就会藏在这些条目里，半消失在修正与涂黑之下。\n在我看清那些说法与数字是吻合还是相悖之前，其他一切都只是酒吧空气里的迷信。\n截至目前，我手里的只有这些：反复提到由本不该共享同一路径的飞船飞过的相同航线、少数船长发誓他们感到被"拉"向同一片空域，以及一则挥之不去的传闻——某位前运输队领航员似乎总能知道胜算正漂向何方。
The manifest is little more than a smuggler's shopping list at first glance, tucked in with routine cargo notes and refuel records that span half the frontier, but the same corridors of mist and storms keep reappearing beside certain hull IDs and departure windows. Somewhere along the line, captains started timing their runs to manufactured weather, then telling dispatch it was just luck and good instincts. Seeing those entries laid out together turns rumor into a map; it proves someone has been selling quiet pathways through fog and cover, and that the same few outposts and stations keep sitting on the edges of those unnatural clouds. So far everything points back to a single hand on the pressure lines: a dead hunter's broken report, crops that grew through drought, and a corporate annex full of climate logs that never matched the sky.	这份舱单乍看不过是一张走私贩的购物清单，夹在横跨半个边境的例行货物备注与加油记录之间，但同样的雾气与风暴走廊一再出现在某些船体 ID 与离港时段旁边。\n不知从哪一环起，船长们开始把航程安排得配合人造天气，然后告诉调度那只是运气加好直觉。\n把这些条目摆在一起看，传言便变成一张地图；它证明有人一直在兜售穿过雾气与遮蔽的安静通路，也证明同样那几座哨站与空间站始终坐落在那几团不自然云层的边缘。\n截至目前，一切都回指向操纵压力线的那一只手：一份死去的猎人的残缺报告、在干旱中仍抽穗生长的作物，以及一座气候日志与天空从不相符的企业附属区。
The relay bunker is the clean choice, if there is such a thing. Concrete, rust, UC stonewalling; I know how that game plays. If those scan logs left any shadow behind, it will be in the gaps between what the grid admits and what actually crossed its airspace. Digging through half-dead consoles is slow work, but it might put a clear transponder on Rivet and names to the people who helped hide him.\n\nThe harvesting platform is something else. An old ore rig in an asteroid field is where you go when you want ghosts instead of answers. If there is a signal riding that telemetry, it is not just one man steering wrecks, it is a whole corridor being rewritten in the dark. That feels closer to whatever has been eating ships, but out there it will not just be rocks trying to kill me. Anyone who knows about that field is already lying by reflex.	中继碉堡是干净的选择——如果真有这种选择的话。混凝土、锈迹、联殖的推诿；我懂那套把戏。\n如果那些扫描日志留下了任何影子，它就会藏在网格承认的东西与实际穿过其空域的东西之间的缝隙里。\n在濒死的控制台里挖掘是慢工，但也许能给"铆钉"安上一枚清晰的应答器，并给那些帮他藏身的人安上名字。\n\n采集平台则是另一回事。小行星带里一座旧矿石钻井，是你想要幽灵而非答案时会去的地方。\n如果有信号骑在那道遥测上，那就不是一个人在操纵残骸，而是整条走廊正在黑暗中被重写。\n那感觉更贴近一直在吞噬飞船的东西，但在那里，想杀我的不会只是岩石。任何知道那片场区的人，早就出于本能地在撒谎。
That relay husk sits right where the map starts to lie, a kink nobody claims but everyone routes around. Cipher Blackfire on the ground means contracts, blind loyalty, and someone with enough money to hire professionals to stand on a corpse of a story. If I crack their filters, I see who approved every nudge, who signed off on turning traffic into targets. High risk, close-quarters, and the chance to put real names on all this drifting wreckage.  \n\nThe beacon is different. No guards, just distance and that thin, insistent song pushing ships sideways. If I tap it clean, I get a direction, not a dossier; I see where she is leaning the entire sky before the next correction locks in and becomes "standard practice." Quieter work, lonelier, but it might be the only way to follow her into whatever off-chart horizon she thinks belongs to her.	那具中继站空壳恰坐在地图开始说谎之处，一个无人认领、却人人绕行的扭结。\n地面上有密码黑火帮，意味着合同、盲目忠诚，以及某个钱多到能雇专业人士站在一个故事的尸体上的人。\n如果我破解他们的过滤器，我就能看到是谁批准了每一次推移、是谁签字同意把交通变成目标。高风险、近距离，以及给所有这些漂流的残骸安上真名的机会。\n\n信标则不同。没有守卫，只有距离，以及那首细弱而固执、把飞船推向侧面的歌。\n如果我把它干净地接入，我得到的是一个方向，而非一份档案；我能看到她在下一次修正锁定、变成"标准做法"之前，把整片天空倾向何方。更安静、更孤独的工作，但这也许是跟随她进入她认为属于自己的任何图外地平线的唯一办法。
Neon's undergut is familiar rot. Bad lights, worse air, and enough Aurora in circulation that people forget what they signed or scrubbed. If I go back there, I am wading through rumor, half-truths, and clerks whose memories are for sale. The risk is getting buried under someone else's lie, but if those misfiled orders and half-finished recalls line up, they might finally sketch the outline of who started bending routes in the first place.\n\nDeimos is different. Scrapyard dust does not care what story you tell about a ship, the metal keeps its own. The Hellbound Dustwalkers are a problem, but at least their greed is honest; they will trade truth if the price is right. If that registry really has the unedited list of where those drives went after they were "scrapped," then it is the first clean spine I can run through all these quiet disasters.	霓虹城的下层内脏散发着熟悉的腐臭。糟糕的灯光、更糟的空气，以及流通得足够多的极光，让人忘记自己签过或擦去过什么。\n如果我回到那里，我就要蹚过传言、半真半假，以及记忆待价而沽的文书。\n风险是被别人的谎言埋葬，但如果那些归档错误的命令与半途而废的召回记录对上，它们也许终于能勾出究竟是谁最先开始弯折航线的轮廓。\n\n火卫二则不同。废料场的尘土不在乎你怎么讲述一艘船的故事，金属只保留自己的说法。\n地狱尘行者是个麻烦，但至少他们的贪婪很诚实；价钱合适，他们就肯交换真相。\n如果那份名录真的存着那些引擎在被"拆解"之后去向的未删改清单，那它就是我能贯穿所有这些安静灾难的第一根干净的脊柱。
The tower is the safer angle, at least on paper. Doors, corridors, hired guns that bleed like anyone else. If I peel back enough of those sealed records, I might finally see who paid for the first trial, who signed off when the numbers started looking wrong, and how a frontier backwater, a broken satellite, and a gutted courier all ended up on the same invisible ledger.\n\nThe beacon is pure Vector. No walls, no cover, just open sky and a sliver of metal humming between grav wells, its pulse bent into a code meant for her and no one else. If I crack that rhythm, I get her routes straight from the source, the timings she trusts with her own life. It is a narrower shot, higher risk, but it points past every proxy and middleman, toward the corridor she has been using to slip just beyond the reach of every faction still pretending they can control this.	塔是更安全的角度，至少纸面上如此。门、走廊、与任何人一样会流血的雇来的枪手。\n如果我把那些封存记录揭开得足够多，也许终于能看到谁为第一次试验付了钱、在数字开始显得不对劲时是谁签了字，以及一座边境穷乡、一颗损坏的卫星和一艘被掏空的信使飞船，怎么会都落到同一本看不见的账册上。\n\n信标则是纯粹的"向量"作风。没有墙、没有掩体，只有开阔的天空与一片在重力井之间嗡鸣的薄金属，它的脉冲被弯折成一段只给她、不给别人的密码。\n如果我破解那段节奏，我就能直接从源头拿到她的航线，那些她以性命相托的时序。这是更窄的一枪、更高的风险，但它越过每一个代理与中间人，指向她一直用来滑到每个仍假装能控制这一切的势力触不可及之处的那条走廊。
The barracks route is mud and ghosts. Old drill yards, Wayward Taskforce leaning on rifles and old habits, everyone pretending the scorch marks are just weathering. If there is a paper trail to the patterns, it is probably buried under redacted rosters and casualty drills no one logged aloud. Risk is close-quarters, people who know exactly how I think and move, but the payoff is hard proof: names, orders, something I can point to when the war stories start changing again.\n\nThe asteroid field is colder, cleaner in a way. Just rock, metal, and a listening device tuned to the echoes of every ship yanked a few degrees off-course. No veterans to stare holes through me, only whoever thinks this thing is worth ambushing over. The risk there is subtle: whatever I pull from those grav-wakes will not just confirm a pattern, it will show where all those lines converge next.	军营路线是泥泞与幽灵。旧操练场、靠步枪与旧习惯撑着的"任性特遣队"，所有人都假装那些焦痕只是风化。\n如果这些图案真有一条纸面线索，它多半埋在涂黑的名册与无人出声记录过的伤亡演习之下。\n风险是近距离，是那些对我的想法与行动方式了如指掌的人，但回报是硬证据：名字、命令，一些当战争故事再度改写时我能指认的东西。\n\n小行星带更冷、某种程度上更干净。只有岩石、金属，以及一台调谐到每一艘被拽偏几度飞船回声的监听装置。\n没有老兵用目光在我身上凿洞，只有那些认为这东西值得伏击的人。那里的风险是细微的：我从那些重力尾流中提取的一切，不仅会确认一个图案，还会显示所有那些线接下来汇聚到何处。
The bunker planetside is slow, stale, and stubborn, like the concrete it is buried under. If I go back there, I am digging through old ghosts and older protocols, chasing anomalies that were never meant to see daylight again. The risk is more about who owned those records than what is guarding them now; step on the wrong file, and UC brass will notice someone is re-opening a story they worked hard to bury.\n\nHigh orbit is cleaner, colder, and sharper. The recon grid will not lie, not the way people do when paychecks and pensions are on the line. Out there, it is just vectors and timing, a map of where a certain rigger threaded the needle through restricted sky and which friendly transponders mysteriously went blind as he passed. The danger is physical instead of political; if anyone else is watching those buoys, they will not appreciate me reading over their shoulder.	行星地表的那座碉堡缓慢、陈腐而固执，就像它埋在底下所倚的混凝土。\n如果我回到那里，我就要翻掘旧日的幽灵与更古老的协议，追查那些本不该重见天日的异常。\n风险更多在于那些记录归谁所有，而非如今谁在看守它们；踩错文件，联殖高层就会注意到有人重新翻开了他们费尽力气掩埋的故事。\n\n高轨道更干净、更冷、更锋利。侦察网格不会说谎，不会像人们在薪水和养老金悬于一线时那样说谎。\n在那里，只有向量与时序，一张标出某名装配工在受限天空中如何穿针引线、以及哪些友方应答器在他经过时神秘失明的地图。\n危险是物理性的而非政治性的；如果有别人也在看着那些浮标，他们可不会乐意我越肩偷看。
That derelict plant down on the rock is the practical choice. Old Fleet math, stolen hardware, rust and dust between me and whatever she took from her own. If I dig it out, I get the before-and-after: where the routes used to run, and the exact moment she started bending them wrong. Less exposure, more time on the ground, more chance to walk out with something I can sell twice if I feel like getting clever.\n\nThat thin strip of orbit is the romantic choice, if you can call it that. No cover out there, just my hull, a twitchy sensor hub, and whoever has been watching the lanes like they belong to them. If I go, I am staring straight at the after: the pattern as it exists now, the invisible hand still pushing ships where they should not go. Higher risk, cleaner answers, and if I am right, I will be close enough to feel whoever built this second map breathing down my neck.	岩石上那座废弃工厂是务实的选择。旧舰队的算术、偷来的硬件，我与她从自己那里拿走的东西之间隔着锈与尘。\n如果我把它挖出来，我就能得到前后对照：航线过去怎么走，以及她从哪一刻开始把它们弯错。\n暴露更少、在地面待得更久、更有可能带着某件——如果我动了小聪明还能卖两次的东西——全身而退。\n\n那一条狭薄的轨道是浪漫的选择，如果你能这么称呼它。那里没有掩体，只有我的船体、一座神经质的传感器枢纽，以及某个一直把航道当作自家产业来盯的人。\n如果我去，我就是在直视"之后"：如今存在的图案，那只仍在把飞船推向不该去之处的看不见的手。更高风险、更干净的答案，如果我没判断错，我会近到能感到建造这第二张地图的人在我颈后呼气。
The Freestar command trailer is mud, metal, and people who have seen too much go wrong without anyone listening. If I go back there and lean on that deputy, I might finally see whose names are written between his patrol notes, which routes were flagged before someone higher up ordered him to look away. That path smells like politics and buried reports, the kind of truth that gets you locked in a room with a non-disclosure and a smile.\n\nOut in far orbit, the relay and that tired hauler are just ghosts hanging over a quiet world. No briefings, no committees, just raw signal where someone has been carving new lines into the sky. If I chase that lead, I put myself between whoever is buying these lies and the man selling them, with nothing between us but cold vacuum and whatever defenses he thinks are enough. One path walks into offices; the other walks straight into his shadow.	星联指挥拖车是泥泞、金属，以及一些眼睁睁看着太多事情出错却无人倾听的人。\n如果我回到那里去逼那位副手，也许终于能看到他的巡逻笔记之间写着谁的名字、哪些航线在上级命令他别过头去之前就被标记过。\n这条路闻起来像政治与被掩埋的报告——那种会让你被关进一间屋子、递上一份保密协议和一个微笑的真相。\n\n在遥远轨道上，那座中继站和那艘疲惫的运货船只是悬在一颗安静世界上方的幽灵。没有简报、没有委员会，只有某人一直在天空中刻下新线的原始信号。\n如果我追那条线索，我就把自己置于买这些谎言的人与卖这些谎言的人之间，我们之间只有冰冷的真空，以及他认为足够的防御。一条路走进办公室；另一条径直走进他的影子。
New Atlantis means walking into the beating heart of traffic control and pretending I am just another hauler with time to kill. Manifests, docking logs, customs scans, the whispered side deals in freight offices where clerks know exactly which shortcuts exist and pretend they do not. If there is a paper trail to her corridors, it will be under bright lights and uniformed indifference, buried in arguments over fuel surcharges and who owes who a favor. Safe, on the surface. Loud. Crowded. Easy to disappear in, or be disappeared from.\n\nThe relay in deep orbit is the opposite; no witnesses but whatever sits on that junk hauler's guns and whatever traps she left wired into the beacon's shell. Out there I would be reading her work directly, stripped of official excuses, watching the numbers curve toward whatever she is circling. Quieter, riskier, closer to the bones of the pattern.	新亚特兰蒂斯城意味着走进交通管制跳动的心脏，假装我只是又一个闲得发慌的运货船司机。\n舱单、停靠日志、海关扫描，以及货运办公室里低声的私下交易——那里的文书清楚知道有哪些捷径，却假装不知道。\n如果她的走廊有一条纸面线索，它就会暴露在明亮的灯光与穿制服的冷漠之下，埋在关于燃油附加费与谁欠谁人情的争吵里。表面上安全。嘈杂。拥挤。容易消失其中，或被从中消失。\n\n深轨中的中继站恰恰相反；除了那艘废料运货船上的火炮、以及她接进信标外壳里的陷阱，没有别的目击者。\n在那里，我将直接阅读她的作品，剥去官方的借口，看着数字弯向她所环绕的东西。更安静、更冒险，也更贴近图案的骨架。
Gagarin Landing is the quiet kind of crooked, the kind that lives in ink and routine. If Vector has friends, they will be the clerks who learned which hulls to wave through and which anomalies to file as "resolved" without looking up. Digging there means talking to people who survive by not remembering too much and prying at patterns buried under years of freight and favors. Safer on paper, maybe, but it puts me in the same room as anyone who profited from looking the other way.\n\nThe recon grid in orbit is a different problem. No bribes, no shrugs, just hard numbers and a lot of cold space between me and whoever does not want those numbers read. If his signature is split across those sensors, it will tell me exactly how he is carving his own lanes and where they bend away from the public corridors. High risk, and if a navy handler notices me snooping, I become the anomaly to erase.	加加林着陆点是那种安静的歪斜，活在墨水与例行公事里的歪斜。\n如果"向量"有朋友，那就是那些学会了哪些船体该放行、哪些异常该在不抬头的状态下归档为"已解决"的文书。\n在那里挖掘，就意味着与那些靠不多记、并撬开埋在多年货运与人情之下的图案过活的人交谈。纸面上也许更安全，但它会把我放进与任何靠别过头去获利的人同一个房间。\n\n轨道上的侦察网格是另一个问题。没有贿赂、没有耸肩，只有硬数字，以及我与那些不想让这些数字被读到的人之间大片冰冷太空。\n如果他的特征分散在那些传感器上，它就会准确告诉我他如何刻出自己的航道，以及它们在何处背离公共走廊。高风险，而如果某位海军管事注意到我在窥探，我就成了那个需要被抹除的异常。
If I stay in the tunnels, I am chasing voices and paper. The Well stinks of recycled air and rumor, but buried under the gossip and changed stories there is a hard record of what she pushed where and when. Going back into those cramped offices and kiosk backrooms means dealing with people who owe her, fear her, or both but if I want to know who vanished into her promises, their names are written down there somewhere, however deep she tried to bury them.  \n\nIf I go up instead, into that quiet ring of forgotten hardware above the planet, I am chasing the way she bent the sky. No crowds, just old firmware and course corrections that never quite matched their declared targets. If she hid the true map anywhere, it will be in those half ignored survey returns, the ones that kept nudging traffic toward the same blank patch of nothing every time some desperate settler bought hope off the record.	如果我留在隧道里，我追的就是声音与纸面。深井区散发着循环空气与传言的臭气，但在闲话与被改口的故事之下，埋着一份关于她在何时把什么推向何处的硬记录。\n回到那些逼仄的办公室与售货亭后室，就意味着与欠她人情、怕她、或两者兼具的人打交道，但如果我想知道是谁消失进了她的承诺里，他们的名字就写在那里某处，无论她把它埋得多深。\n\n如果我转而向上，进入行星上方那圈被遗忘硬件的安静环带，我追的就是她弯折天空的方式。\n没有人群，只有旧固件与那些从未真正匹配申报目标的航向修正。\n如果她把真正的地图藏在某处，那就在那些被半忽视的勘测回传里——每当有绝望的定居者私下买下希望，它们就把交通轻推向同一片空白的虚无。
Neon's underbelly is the subtle play. Sit in the smoke, listen more than I talk, let the nav-sellers and data leeches think I am just another spacer chasing a miracle shortcut. If there is a ledger of bent odds and buried corridors, it will be down there, half-encrypted and half-bragged about over cheap liquor. Low profile, high noise, and the kind of place a former convoy navigator could hide behind a hundred other crooks doing the same thing worse.\n\nThe broken command post is the loud option. Burned bulkheads, dead raiders, and a half-finished plan drawn from the same three-forked paths I have been chasing since Gagarin. Going back there means walking straight into someone else's failure, trusting their math and hoping I spot the mistake that got them killed before it repeats. If there is a pattern Vector did not see coming, it is probably scribbled in the margins of those firing arcs.	霓虹城下层是更微妙的一步棋。坐在烟雾里，多听少说，让那些导航贩子和数据水蛭以为我只是又一个追寻奇迹捷径的太空人。\n如果真有一本被弯折胜算与隐秘走廊的账册，它就在下面，半加密、半在廉价烈酒上被吹嘘。低调、高噪声，也是那种前运输队领航员能藏在百来个做着同样事情、只是做得更糟的骗子背后的地方。\n\n倒塌的指挥所是响亮的选择。烧毁的舱壁、死去的劫掠者，以及一份用我自加加林星起一直追查的同样三叉路径画出的半途计划。\n回到那里，就意味着径直走进别人的失败，信任他们的算术，并指望我在它重演之前发现让他们丧命的错误。\n如果有一个"向量"没有预见的图案，它多半就潦草写在那几道射击弧的页边。
That listening post under the rock still bothers me. Old UC hardware, old protocols, still dutifully recording crossings no one is supposed to make. If I go back down there and dig deeper, I am walking straight into the shadow of classified operations, the kind that erase people for knowing too much. But that file proved she once moved with cover, and if I can untangle who signed off on that, I might learn who is still protecting her.\n\nThe beacon in the asteroid field is different. No flags, no insignia, just raw signals bouncing between frontier air recyclers and an empty point in space. It feels closer to her true work: colonies as lab rats, telemetry as scripture. Following that thread means committing to the idea that she is running her own network now, beyond UC and Freestar, and somewhere out there the endpoint of all these whispers is waiting for someone stubborn enough to trace them in.	岩石下那座监听站仍让我不安。旧联殖硬件、旧协议，仍在尽职地记录本不该有人进行的穿越。\n如果我回到那里挖得更深，我就在径直走进机密行动的阴影——那种会因为你知道太多而把你抹去的行动。\n但那份档案证明她曾经带着掩护行动，如果我能理清是谁签字批准的，也许就能知道谁仍在保护她。\n\n小行星带中的信标则不同。没有旗帜、没有徽记，只有在前沿空气循环器与太空中的一个空点之间弹跳的生信号。\n它感觉更贴近她真正的工作：把殖民地当实验鼠，把遥测当经文。\n顺着那条线追，就意味着接受这样一个想法：她如今在经营自己的网络，超越联殖与星联，而所有这些低语的终点正在某处等着某个固执到愿意把它们追查到底的人。
The schematic is wrong in all the same ways the patrol logs were: tiny offsets, repeated notations, a cluster of emergency waypoints quietly dragged along a single, invisible line through space. Buried in the array's calibration data is a repeating coordinate that does not belong to any regular route, yet every diverted triage run you have traced passes within a hair of it. Whoever set this up did not need orders or announcements; they just bent the infrastructure until wounded crews, lost couriers, and one loyal medic all slid toward the same point without ever seeing the hand on the scale.  \nBetween the anonymous cache, the derelict ship still obeying half-erased commands, and the curated war exhibit that admitted one survivor too many, this misaligned network finally shows the pattern: not random sightings of a roaming surgeon, but a long, slow convergence toward a single, unmarked destination.	这份示意图错的每一处都与那些巡逻日志一样：微小的偏移、重复的标注，以及一小簇被悄然沿太空中同一条看不见的线拖拽的应急航点。\n埋在阵列校准数据里的，是一组不属于任何常规航线、却让每一趟你追踪过的改道分诊航程都擦身而过的反复坐标。\n布置这一切的人不需要命令或宣告；他们只是把基础设施弯折，直到受伤的船员、失踪的信使和一名忠诚的医护兵都滑向同一点，却从未看见那只压在秤盘上的手。\n在这处匿名藏匿点、这具仍在执行半被抹除命令的废船，与那场恰好多收了一名幸存者的精心编排战争展览之间，这张错位的网络终于显出图案：不是某位游荡外科医生被随机目击，而是一场漫长而缓慢的汇聚，朝向一个未标记的单一目的地。
Neon's underbelly has its own weather: rust, ozone, and the stink of coolant bleeding from mech carcasses no one logged in any registry. If Vector's been ghost-writing guidance logic into scrap and "good-enough" refits, the proof will be in those patched cores, in the way back-alley techs all swear they saw someone fix a ship that was never officially broken. It is closer to the ground, closer to rumor, but also closer to the people whose lives his math keeps nudging.\n\nThe diagnostics wing is cleaner, on paper. Old UC-grade tools, smugglers with ledgers instead of stories, Voltage Hackers selling firmware that somehow matches the same fractional course shifts I have been seeing since that first outpost log. If I can map how their contraband patches spread through Gagarin's manifests, I might finally see the full pattern of lanes he has already bent and the direction his map is still trying to draw.	霓虹城下层有它自己的天气：锈、臭氧，以及从没人登记过的机甲残骸里渗出的冷却液臭味。\n如果"向量"一直在把制导逻辑代笔写进废料与"够用就行"的改装里，证据就会在那些打过补丁的核心中，在后巷技师们都发誓看到有人修好一艘从未被官方认定为损坏的飞船的方式里。\n它更贴近地面、更贴近传言，但也更贴近那些生活一直被他的算术轻推的人。\n\n诊断翼楼纸面上更干净。旧联殖级别的工具、拿着账册而非故事的走私贩、出售固件的电压黑客——那些固件恰好与我自第一份哨站日志起一直看到的同样微小航向偏移相符。\n如果我能描绘出他们的违禁补丁如何在加加林星的舱单中扩散，也许终于能看到他已经弯折过的航道的完整图案，以及他这张地图仍在试图画出的方向。
If I go back under the city, I am going into his old hunting ground, the place where routine approvals turned into quiet death sentences. Those consoles will not give anything up easily; whatever clerk started pulling on the thread vanished mid-pull, and there is a reason for that. Still, if I want to see the pattern the way he once did, I need to sit where he sat and stare into the same river of numbers until shapes start to emerge.\n\nThe salvage pit is cruder, but honest in its own way. Steel, grease, a nervous dealer who just wants to keep their teeth. If he dumped a datapack there, he expected it to vanish into a tide of broken hardware and desperate hands. That makes it the perfect place to find what he thought was safely destroyed. Follow the shards of his routes through that junkyard, and I might finally see where all these dead colonies, bad beacons, and buried reports have really been pointing.	如果我回到城市之下，我就要走进他旧的猎场——那里，例行的审批变成了安静的死刑判决。\n那些控制台不会轻易交出任何东西；无论是哪个文书开始拉扯这根线，都在拉扯途中消失了，而这是有原因的。\n不过，如果我想以他曾经的方式看待这个图案，我就需要坐在他坐过的地方，凝视同一条数字之河，直到形状开始浮现。\n\n打捞坑更粗陋，但在某种意义上更诚实。钢铁、油污、一个只想保住牙齿的紧张商人。\n如果他把一个数据包扔在那里，他指望它消失在破损硬件与绝望之手的潮水中。\n这使它成为寻找他以为已被安全销毁之物的地方。顺着他的航线碎片穿过那片废料场，我或许终于能看到所有这些死去的殖民地、坏掉的信标与被掩埋的报告，真正指向何处。
The display's holo-panels flicker between heroics and horror, never quite settling on which story they are trying to tell. Tucked beside the sanitized after-action reports is a single cross-referenced citation that should not exist at all, pointing to a restricted patient list and an unacknowledged transfer out of a battlefield that, officially, claimed every soul present. On its own it is just a cataloging error in a floating museum built to make two decades of blood look like necessary history, but against everything else you have seen it becomes something sharper: proof that one medic walked away with his record deliberately bent out of sight.  \nTaken together with the forgotten slate on that backwater rock and the derelict patrol ship still following half-erased orders, this curated footnote finally ties the massacre, the missing triage data, and the roaming surgeon into a single, deliberate omission.	展柜的全息面板在英勇与恐怖之间闪烁，始终不肯确定自己想讲哪个故事。\n在那些经过净化的战报旁，藏着一处本不该存在的交叉引用，指向一份受限的病人名单，以及一次未获承认的、从一片官方声称吞噬了在场每一个灵魂的战场上进行的转运。\n单看它，不过是一座漂浮博物馆里的编目错误——那博物馆建来就是为了让二十年的鲜血看起来像必要的历史，但与你看过的其他一切对照，它变得更锋利：证明有一名医护兵带着被刻意弯折、藏于视线之外的记录离开了。\n连同那块穷乡岩石上被遗忘的石板、以及那艘仍在执行半被抹除命令的废弃巡逻舰一起看，这处精心编排的脚注终于把这场屠杀、失踪的分诊数据，与那位游荡的外科医生，系成一桩刻意留下的省略。
The spaceport lead is cleaner work, at least on the surface. Sit in the noise, blend with pilots nursing cheap coffee and delayed clearances, peel back the pattern one docking code at a time. If the numbers line up the way I think they will, I could carve straight into the heart of his leverage without ever drawing a gun, just by pulling the right record at the right moment and watching who starts to panic.\n\nThe depot is different. Quiet. Fewer eyes, more rifles. Breakaway Strike Group does not babysit scrap for free, which means whatever crate they are sitting on is tied directly to his favorite routes and the people he pays in blood instead of credits. Following that thread means stepping into a yard full of ex-soldiers with frayed loyalties and long memories, where one wrong question could turn an investigation into a firefight. The payoff there feels sharper, closer to his throat, but so does the risk.	太空港的线索是更干净的工作，至少表面上如此。坐在噪声里，混在那些捧着廉价咖啡、等待延误放行的飞行员中间，一个船坞代码一个船坞代码地揭去图案。\n如果数字如我所料地对上，我就能在不掏枪的情况下，径直切入他筹码的核心——只需在正确的时刻取出正确的记录，然后看着谁开始惊慌。\n\n仓库则不同。安静。眼睛更少，步枪更多。\n分裂打击群不会免费照看废料，这意味着他们守着的无论是什么货箱，都直接绑定着他最爱的航线，以及他用鲜血而非信用支付的那些人。\n顺着那条线追，就意味着踏入一座满是忠诚涣散、记忆绵长的老兵的场区，一个问题问错，就可能把一场调查变成交火。那里的回报感觉更锋利、更贴近他的咽喉，但风险亦然。
Neon's underbelly is the loudest quiet place I have ever walked. Every storm-crackle through the Span, every flicker of route data on a backroom slate, feels like her handwriting blurred by too many dirty fingers. If I stay down there, I am swimming in rumor and profit margins, trying to pry the truth from captains who like living and brokers who like credits more. The upside is leverage: tug the right ledger, and half the system's smugglers scream at once.\n\nThe deserted relay pulls the other way. Cold metal, dead dishes, a handful of Scrappers who think they own the dark between signals. No noise here, just raw edits, packet scars where official charts were cut and resewn. If I crack that hinge, I see who has really been feeding her the sky and which lanes she is grooming for the next "accident." One path digs into people, the other into the spine of the network; either way, her shadow is getting sharper.	霓虹城下层是我走过的最吵的安静之地。穿过"跨桥"的每一阵风暴噼啪、密室石板上每一闪航路数据，都像她被太多脏手指抹花的笔迹。\n如果我留在那里，我就在传言与利润率的海洋里游，试图从爱惜性命的船长和更爱信用的经纪商嘴里撬出真相。好处是筹码：拉对一本账册，半个星系的走私贩就会同时尖叫。\n\n荒废的中继站则朝另一个方向拉扯。冰冷的金属、死去的天线，以及一小撮自以为拥有信号之间黑暗的拆解者。\n这里没有噪声，只有生的编辑、官方星图被剪开又缝回的包体伤疤。\n如果我撬开那道铰链，我就能看到究竟是谁在真正把天空喂给她，以及她正在为下一次"事故"修整哪些航道。一条路挖进人，另一条挖进网络的脊柱；无论哪条，她的影子都在变得更清晰。
The bunker lead is the quieter path. Old hardware, old lies, and a deserter who panicked enough to run but not enough to wipe everything. If those scans really caught her crossing restricted air, they are the closest thing to a clean timestamp I am going to get. Paper trails are ugly but hard to argue with once they are in the light. Following that thread means leaning on UC ghosts and hoping the gap in their story finally lines up with mine.\n\nOrbit is the louder option. That cluttered lane, the bored-looking Starblade pretending it has nowhere better to be  it all screams live operation, not leftover debris. If I can peel the cache out from under that escort, I get to see how she plugs a hidden station straight into the spine of the traffic grid. Riskier, a lot more guns between me and the data, but it is the kind of proof you feel through the hull plating when drives start shifting under someone else's hand.	碉堡线索是更安静的一条路。旧硬件、旧谎言，以及一个惊慌到逃跑、却还没惊慌到抹去一切的逃兵。\n如果那些扫描真的拍到了她穿越受限空域，那就是我能得到的最接近干净时间戳的东西。纸面线索虽然难看，可一旦摆到光下就很难争辩。\n顺着那条线追，就意味着要倚靠联殖的幽灵，并指望他们说法中的缺口终于与我的对上。\n\n轨道是更响亮的选项。那条拥挤的航道、那艘装出一副无处可去的无聊样子的星刃——一切都在尖叫这是场实时行动，而非遗留残骸。\n如果我能从那艘护航舰底下剥出藏匿点，我就能看到她是如何把一座隐秘空间站直接接进交通网格的脊柱。更冒险，我与数据之间多了很多枪，但这是那种当引擎在别人手中开始偏移时，你能透过船壳装甲感到的证据。
The shadows under Neon feel like a confession waiting to be coerced. Power bleeding through cracked conduits, grid runoff carving secret routes for people who live off what everyone else has forgotten. If I go down there, I am wading into gossip and grudges: salvagers who owe her, brokers who fear her, Trade Authority clerks paid to look away. High chance of lies, higher chance of stumbling onto the ledger she keeps in her head, written in the language of outages and missing hulls.\n\nThe beacon in orbit is colder, cleaner, more her speed. Nobody to lean on, just signal and math and the faint tug of an artificial corridor wrapped around a dead grav seam. Track that pulse, strip away the noise, and I might finally see her routes the way she does: as a network of tiny compromises, each reroute and erased queue line bending spacetime toward one inevitable, very personal piece of wreckage she can never stop circling.	霓虹城下的阴影感觉像一份等着被逼出来的忏悔。电力从龟裂的导管中渗出，电网的溢流为那些靠别人遗忘之物过活的人刻出隐秘路线。\n如果我下去，我就要蹚进闲话与积怨：欠她人情的打捞者、怕她的经纪商、被收买而别过头去的贸易管理局文书。\n谎言的可能性很高，撞上她藏在脑中的那本账册的可能性更高——那账册用停电与失踪船体的语言写成。\n\n轨道上的信标更冷、更干净，更合她的步调。没有人可以倚靠，只有信号与数学，以及一条人工走廊缠在一道死重力缝上那微弱的拽力。\n追踪那道脉冲、剥去噪声，我也许终于能像她那样看待她的航线：一张由微小妥协构成的网络，每一次改道与每一条被抹除的队列线，都把时空弯向一块她永远无法停止环绕的、必然而极其私人的残骸。
Gagarin Landing would mean crawling through the guts of the system itself. Talking to engineers who have forgotten which override was meant to be temporary and which became gospel, digging through tugyard software that has been patched and repatched until nobody remembers what normal looks like. If she baked her tricks into routine maintenance, her trail will be in the calibrations and error margins, not the cargo. Quiet work, technical, but it is where the pattern started to go wrong.\n\nThe depot is the other side of the same trick: not code, but consequences. Forgotten containers, mismatched manifests, guards paid to look bored and never ask why some crates never move. Grid Warbrand being here means someone with money wants those mistakes to stay buried. If I pull on this thread, I am not just chasing a tug's signature; I am putting my nose into whoever has been profiting from every "acceptable loss" along her route.	加加林着陆点意味着在系统本身的内脏里爬行。\n与那些已经忘记哪些覆盖设置本该是临时的、哪些又变成了金科玉律的工程师交谈，翻掘那些被一遍遍打补丁、直到没人记得正常是什么样子的拖船坞软件。\n如果她把把戏烤进了例行维护里，她的踪迹就会在校准与误差容限里，而非货物中。安静的技术工作，但图案正是从这里开始出错。\n\n仓库是同一套把戏的另一面：不是代码，而是后果。被遗忘的货箱、对不上的舱单、被收买去装出无聊样子、从不过问某些货箱为何从不移动的守卫。\n网格战痕出现在这里，意味着某个有钱人希望那些错误继续被掩埋。\n如果我拉扯这根线，我追的就不只是一艘拖船的特征；我把鼻子伸进了每一个一直从她航线上"可接受的损失"中获利的人那里。
Ryujin's tower is the clean cut. Climate control, polished glass, and spreadsheets sharp enough to bleed. If I break into their quiet back-end and pull the right projections, I might see the whole skeleton of his work at once, how corporate appetites and his private triage have braided together. High risk politically, low risk tactically; suits and security cams instead of gunships. If I want proof that this madness has boardroom signatures, this is where it lives.\n\nThat ship is the opposite: no lawyers, just vacuum and metal and whatever guns a nervous captain can afford. The drift pattern matches the diverted traffic like a seam between crimes, a moving hinge he uses to twist routes off their charts. Take that hull apart in orbit and I get something raw, pre-sanitized by any corporate hand. Of the two, it is more likely to shoot first and talk never, but the stories keep pointing to it the way all the dead colonies do.	龙神大厦是干净利落的一刀。气候控制、光洁的玻璃，以及锋利到会流血的电子表格。\n如果我闯入他们安静的后台，取出正确的预测报表，也许就能一眼看清他工作的整副骨架——企业的胃口与他的私人分诊如何编织在一起。\n政治上高风险，战术上低风险；对手是西装与监控摄像头，而非炮艇。如果我想证明这场疯狂有董事会的签名，它就住在那里。\n\n那艘船恰恰相反：没有律师，只有真空、金属，以及一个紧张船长买得起的那些枪。\n它的漂移模式与改道交通吻合，像罪行之间的一道缝，一个他用来把航线扭离星图的活动铰链。\n在轨道上把这具船体拆开，我得到的是生的东西，未经任何企业之手净化。两者之中，它更可能先开枪、从不说话，但所有故事都像那些死去的殖民地一样，一再指向它。
Gagarin Landing is noise and metal and too many eyes pretending not to see each other. The brokers down in the shadow of the Arc Might girders all swear they do not know who keeps rewriting cargo routes, but they all describe the same habits, the same quiet voice that only talks numbers. Digging through those forgotten drums and half-buried manifests might finally tie a name to the pattern, but corporate security and desperate salvagers will not like anyone turning over their trash.\n\nThe rock field is different. Out there it is just my hull, the dark, and a signal that should have been switched off years ago. Whatever Vector built into that bend in space, he has been leaning on it for a long time, letting it tug ships off true without anyone noticing. Tapping that signal means fighting off anyone who has learned to hunt its victims, but if I can pull its logs and timing, I might finally see where his routes all converge.	加加林着陆点是噪声与金属，以及太多假装没看见彼此的眼睛。\n在拱力梁投下的阴影里，那些经纪商全都发誓不知道是谁一直在改写货运航线，但他们都描述着同样的习惯、同样的只谈数字的安静嗓音。\n翻掘那些被遗忘的油桶与半埋的舱单，也许终于能给这个图案安上一个名字，但企业安保与绝望的打捞者可不会喜欢有人翻他们的垃圾。\n\n岩石场区则不同。那里只有我的船体、黑暗，以及一道多年前就该被关掉的信号。\n无论"向量"把什么建进了太空中的那处弯折，他倚靠它已经很久了，任它把飞船拽离正轨而无人察觉。\n接入那道信号意味着击退任何学会了狩猎其受害者的人，但如果我能取出它的日志与时序，也许终于能看到他的航线全都汇聚到何处。
The Clinic means people, politics, and a dozen ways this could vanish into committee. If I dig there, I will be peeling back plaques and polite lies, trying to pry a raw truth out from between UC shame and Freestar pride. Risk is subtle: locked archives, quiet pressure, doors that never open again. But if I can find the unedited record of that garrison, I might finally see exactly what was done to him, and maybe who signed off on turning a medic into a weapon.\n\nThe orbit is different. No diplomats, no white coats, just cold metal and whatever is still humming beneath the wreckage. If the infrastructure itself has been bent to keep rerouting the wounded toward a single point, that is where his path is being written in real time. Follow the curve, and I am not sifting history; I am stepping into the same invisible current that has been steering transports, patrols, and him. It feels cleaner, somehow, and much more dangerous.	星际诊所号意味着人、政治，以及十几种让此事消失在委员会里的方式。\n如果我在那里挖掘，我就要揭去一块块铭牌与礼貌的谎言，试图从联殖的羞愧与星联的骄傲之间撬出赤裸的真相。\n风险是细微的：上锁的档案、安静的压力、再也不会打开的门。\n但如果我能找到那座驻军未经编辑的记录，也许终于能看到究竟对他做了什么，或许还能看到是谁签字同意把一名医护兵变成武器。\n\n轨道则不同。没有外交官、没有白大褂，只有冰冷的金属，以及残骸之下仍在嗡鸣的东西。\n如果基础设施本身被弯折，以持续把伤者改道引向同一个点，那么他的路径就是在那里的实时书写。\n顺着那道曲线，我就不只是在筛选历史；我正踏进同一股一直在操纵运输船、巡逻队，以及他自己的看不见的水流。它不知为何感觉更干净，也危险得多。
Neon's underbelly is a tangle of bad wiring and worse intentions, exactly the sort of place she would ghost through while the city looks the other way. If I can peel her signal out of the stolen current down there, I might hear what she is planning next, not just where she has been. Of course, everyone who lives off that grid will fight to keep their shadows intact, and walking under the Span with my name on her file feels like asking to be buried in concrete and rainwater.\n\nThe orbital relay is colder, cleaner, all sharp lines and dead metal. If she dumped navigation work in a hurry, it will be up there, stitched into weather telemetry nobody bothers to guard. One quiet sweep and I could see every path she has flown, how the storms, the old labs, and the fuel rigs all intersect. Trouble is, anything sitting in open vacuum this long attracts scavengers and hired guns, the kind who shoot first at anyone nosing around the numbers.	霓虹城的下层是一团乱麻般的糟糕线路与更糟的意图，正是她会那种在城市别过头去时鬼魅般穿过的地带。\n如果我能从下面被偷走的电流里剥离出她的信号，也许就能听到她接下来打算做什么，而不只是她去过哪里。\n当然，所有靠那张电网过活的人都会奋力保住自己的阴影，而顶着名字出现在她档案里的我走过跨桥下方，感觉就像求着被埋进混凝土和雨水里。\n\n轨道中继站更冷、更干净，全是锋利的线条与死去的金属。\n如果她匆忙丢下过导航工作，它就会在上面，缝进没人费心看守的气象遥测里。\n一次安静的扫描，我就能看到她飞过的每一条路径，看到那些风暴、旧实验室与燃料钻井如何在何处交汇。\n麻烦在于，任何在敞开真空中滞留这么久的东西，都会招来拾荒者与雇来的枪手——那种会对任何凑近数字的人先开枪的家伙。
Neon's underbelly feels like home and warning in equal measure. Grease, ozone, and too many people pretending not to see each other. If I go back down there, I am trading armor and vacuum for whispers and side-eyes, buying drinks for mechanics who only talk in half-sentences. The payoff is leverage: drive logs, rumors about captains who vanished along the same invisible route, maybe even someone who remembers exactly when a certain calibration tech stopped showing her face and started sending instructions by proxy.\n\nOrbit is cleaner, colder. That beacon and the AR-1006 Warshade smell like the Navy trying very hard not to officially know something. Tackling that lead means hard numbers instead of bar stories, but it also means crossing a line the brass will never admit exists. If I crack their stored vectors, I might finally see the whole pattern at once: civilian wrecks, erased recalls, and one ghost engineer threaded right through the middle.	霓虹城的下层感觉同等地像家与警告。油污、臭氧，以及太多假装没看见彼此的人。\n如果我回到那里，我就要把装甲与真空换成低语与侧目，给那些只说半句话的技师买酒。\n回报是筹码：引擎日志、关于船长们沿同一条看不见的路线消失的传闻，也许甚至有人清楚记得某位校准技师从什么时候起不再露面、而开始通过代理发送指令。\n\n轨道更干净、更冷。那座信标和 AR-1006 战影，散发着海军极力想在官方层面不知道某件事的气味。\n处理那条线索意味着硬数字而非酒吧故事，但也意味着越过一条高层永远不会承认存在的界线。\n如果我破解他们储存的向量，也许终于能一次看清整个图案：民用残骸、被抹除的召回，以及一名径直贯穿其中的幽灵工程师。
The lower levels of New Atlantis feel like his first language. Pumps thrum, people squeeze past each other without looking up, and all the real work happens off any official schedule. If I chase him there, I am walking into the habits that made him, into corridors where a delayed shift change or a locked bulkhead could matter more than any gun I bring. The pay-off is intimate: names, faces, maybe someone who knew him before he started selling empty space for blood.\n\nOrbit is different. Cold, stripped of excuses, every altered course is just math against the dark. If I follow the geometry above that nameless world, I am betting he left one clean record somewhere, a place where his rescues and his traps finally pull apart. Up there I risk Ecliptic, pirates, and whatever "nobody" has been erasing his footprints from MAST logs, but if I am right, the pattern will stop being rumor and start pointing to where he has to stand to keep it all spinning.	新亚特兰蒂斯城的下层像是他的母语。\n泵机嗡鸣，人们彼此挤过而不抬头，所有真正的工作都在任何官方日程之外进行。\n如果我去那里追他，我就走进了造就他的那些习惯里，走进那些一条延迟的换班或一道锁死的舱壁可能比我带来的任何枪都重要的走廊。\n回报是私密的：名字、面孔，也许还有某个在他开始把空无一物的空间卖成鲜血之前就认识他的人。\n\n轨道则不同。寒冷、剥去一切借口，每一条被篡改的航线都只是对着黑暗的数学。\n如果我顺着那颗无名世界上方的几何追下去，我就是在赌他在某处留下了一份干净的记录，一个他的救援与陷阱终于彼此分开的地方。\n在上方，我要冒黄道佣兵团、海盗，以及某个一直在把他在三头同盟日志里的足迹抹去的"无名者"的风险，但如果我没判断错，图案就不再是传言，而会开始指向他为了维持这一切运转而必须站的位置。
The relay in the dark between worlds is a wound in the freight network, and the broker sitting in it is the infection. If I lean on him, strip his numbers down to bare timestamps and hull IDs, I might finally see exactly who is paying to move these sealed tanks and where they jump next. It is a dirty play, close-quarters and personal, but every liar I break at that relay narrows the field of people who can afford Catalyst's little experiments.\n\nThe empty orbital lane is cleaner, colder. Out there it is just me, the RD-1964 Scrapviper, and whatever raw vectors it is sitting on. Cut that ship open and I get math, not stories: tanker headings, burn signatures, the precise moment they slip off the public boards. It is higher risk in the short term, Spacers do not scare easy, but the payoff is a direct line to whatever off-grid cistern she is feeding. One path squeezes a human weak link; the other gambles everything on hard data and a gun run in vacuum.	世界之间黑暗里的那座中继站是货运网络上的一道伤口，而坐在其中的经纪商就是感染。\n如果我逼他，把那些数字剥到只剩时间戳与船体 ID，也许终于能看清究竟是谁在出钱运送这些密封储罐、以及它们下一步跃迁到何处。\n这是肮脏的一手，近距离且针对个人，但我在那座中继站撬开的每一个骗子，都会收窄能负担"催化剂"那些小实验的人员范围。\n\n空荡的轨道航道更干净、更冷。那里只有我、RD-1964 废料毒蛇，以及它所守着的那些生向量。\n把那艘船切开，我得到的是数学，而非故事：油轮航向、点火特征、它们滑出公开公告板的精确时刻。\n短期内风险更高，太空劫匪可不容易被吓到，但回报是直通她所喂养的某个离网蓄水池的线。一条路挤压一个人类的薄弱环节；另一条把一切都赌在硬数据与真空中一次枪战上。
The Clinic is the safer play, at least on paper. Clean corridors, regulated air, people paid to pretend none of this is strange as long as the paperwork balances. If his experiments ever brushed living tissue, there will be traces here buried as anonymized scans and misfiled case notes, each one another step in turning a stopgap into standard procedure. Picking this route means talking to professionals who know more than they are allowed to say, and hoping my charm lasts longer than their patience.\n\nThe rig in high orbit is the opposite: no rules, no oversight, just an aging platform and the Riftclaw parked on top of it like a warning. If he really does speak through dead hardware, that beacon is probably one of his favorite throats to borrow. Chasing this thread means trusting gossip and gunplay more than signed records, but the payoff could be a live signal a direct line to where his ghosts actually jump from, instead of the scars they leave behind.	星际诊所号是更安全的棋，至少纸面上如此。干净的走廊、受监管的空气，以及只要文书平衡就被收买去假装这一切都不奇怪的人。\n如果他的实验曾擦过活体组织，这里就会有痕迹，被埋成匿名扫描与归档错误的病例记录，每一处都是把权宜之计变成标准流程的又一步。\n选择这条路意味着与那些知道的比被允许说的更多的专业人士交谈，并指望我的魅力比他们的耐心撑得更久。\n\n高轨道上的钻井则相反：没有规则、没有监管，只有一座老化的平台，以及像警告一样停在它上面的裂爪号。\n如果他真通过死硬件说话，那座信标多半是他最爱借用的喉咙之一。\n追这条线意味着更信任闲话与枪战，而非签署过的记录，但回报可能是一道活信号——一条直通他那些幽灵实际跃迁出发点的线，而非它们留下的伤疤。
Cydonia first means walking into polished stone and recycled air, where the lies wear clean boots and keep their voices level. That functionary with the hidden storage is probably just one of many, but crack their cache and I might finally see how deep the redactions go, who signed off on near-misses and called them acceptable. Less gunfire, more locked doors and careful threats, but if I want names and dates that will stick, this is where they are hiding.\n\nOrbit is the other choice, where the hauler drifts like a bad habit nobody reports. If I shadow that Crimson hull, board it or crack its buffers, I get to see how her bent lanes turn into profit and blood, and which captains pay for the privilege. Risk is higher out there, no bureaucracy to hide behind, just guns and vacuum and the chance the Fleet decides I know too much. But if I want proof she is feeding pirates the same patterns I saw in those old logs, that ship is already moving to the rhythm she set.	赛多尼亚首先意味着走进打磨过的石头与循环空气之中，那里的谎言穿着干净的靴子、嗓音平稳。\n那个藏有暗格的小职员多半只是众多之一，但撬开他们的藏匿点，也许终于能看到涂黑延伸得多深、是谁签字把惊险接近称作可接受。\n枪火更少，锁门与谨慎的威胁更多，但如果我想要站得住脚的名字与日期，它们就藏在那里。\n\n轨道是另一个选择，那艘运货船像没人上报的坏习惯一样漂在那里。\n如果我尾随那具深红舰队船体，登船或破解它的缓冲区，我就能看到她的弯曲航道如何变成利润与鲜血，以及哪些船长花钱买这个特权。\n那里风险更高，没有官僚体制可以躲在后面，只有枪、真空，以及舰队认定我知道太多的可能。\n但如果我想证明她正在把我在那些旧日志里看到的同样图案喂给海盗，那艘船已经在她设定的节奏里航行了。
The shack is the safer play, if anything about this mess can be called that. Sit in the dim light, let some nervous broker sweat while I peel his cache apart, see which fragments line up with the telemetry I already stole. If he has a clean clip of her voice riding those strange jumps, I might finally separate superstition from math. The risk is human here everyone wants to own the story, twist it, sell it twice, and I could walk out with nothing but another layer of lies.\n\nThe beacon in the rocks is different. No witnesses, no spin, just raw signal tangled in an old weapons graveyard, exactly the kind of place she would use as a hinge for something ugly. Following that line pins me closer to the truth and to whoever signed off on using ranges as scaffolding for new lanes. But it also means trusting her geometry enough to fly into the scars she favors, and once I commit to that version of the story, there is no pretending this is just about a rogue pilot anymore.	那间小屋是更安全的棋，如果这堆烂摊子里还有什么能被这么称呼。\n坐在昏暗的灯光里，让某个紧张的经纪商冒汗，而我拆开他的藏匿点，看看哪些碎片与我已经偷到的遥测对得上。\n如果他有一段她骑乘那些古怪跃迁的干净录音，也许终于能把迷信与数学分开。\n这里的风险是人——每个人都想占有这个故事、扭曲它、卖它两次，而我可能带着又一层谎言走出来，除此之外一无所有。\n\n岩石中的那座信标则不同。没有目击者、没有说辞，只有缠在一座旧武器坟场里的生信号，正是她会用来作为某种丑陋东西铰链的地方。\n顺着那条线追，会把我更紧地钉向真相，也钉向那些签字同意把靶场当作新航道脚手架的人。\n但这也意味着要足够信任她的几何，飞进她偏爱的那些伤疤里，而一旦我认下这个版本的故事，就再也不能假装这只是一个失控飞行员的事了。
If I go back down into the queues, I am walking into the place that shaped her and broke her in the same breath. Faces, not freight, are the currency there. Every name on a slate is a memory of who she helped, who she condemned, and the samples pulled from that mess might finally show me how she stitched all those "exceptions" into a single route. It will be cramped, political, full of people who owe her more than they will ever owe me but if I want motive instead of rumor, that is where it lives.  \n\nThe relay on the moon is colder, simpler. Numbers and vectors, no eyes watching, just cargo streams she bent to feed some canyon no one admits exists. Cracking those ledgers means tangling with smugglers and a Trade Authority parasite who has been skimming her shadow work, but it also means hard proof ships, tags, tonnage, all pointing one way. Down there I might learn why she did it; out here, I might finally see exactly where everything she touched was meant to land.	如果我回到下面那些队列里，我就走进了那个一边塑造她、一边打碎她的地方。\n在那里，通货是面孔，而不是货运。石板上每一个名字都是一段记忆——她帮过谁、她判过谁，而从这团混乱中提取的样本，也许终于能让我看清她是如何把那些"例外"缝成一条路线的。\n那里会拥挤、政治化，满是欠她比欠我更多人情的人，但如果我想要动机而非传言，它就住在那里。\n\n月球上的中继站更冷、更简单。数字与向量，没有眼睛在看着，只有她弯折去喂养某条没人承认存在的峡谷的货物流。\n破解那些账册意味着与走私贩、以及一名一直在偷吃她影子工作的贸易管理局寄生虫纠缠，但也意味着硬证据：船只、标签、吨位，全都指向一个方向。\n在下面，我也许能弄清她为什么这么做；在这里，我也许终于能看到她触碰过的一切本该落在何处。
Gagarin Landing is risky in the loud way. Scaffolds, unions, offworld management pretending the numbers balance while they test whatever they can bolt to a bulkhead. If Vector let someone build from his math, this is where it would sit humming in plain sight, buried behind "efficiency trials" and fake serials. I could shake down riggers, skim diagnostics, maybe even rip the guts out of a prototype, but once I start asking questions here, the people protecting their paychecks will notice fast.\n\nThe research module is risky in the quiet way. No traffic, no oversight, just dead consoles and one person's obsession with a pattern nobody else wanted to see. If the watcher who worked there ever pinned Vector down to something more than a rumor, it will be in those spliced logs and forked route comparisons. Walking that corridor means trusting a ghost's instincts over my own, chasing the exact moment coincidences stopped feeling random and became someone's deliberate curve through space.	加加林着陆点的风险是响亮的那种。脚手架、工会，以及一边假装数字平衡、一边测试他们能往舱壁上拴什么的境外管理层。\n如果"向量"让人按他的数学建造过什么，它就会在众目睽睽之下嗡鸣，藏在"效率试验"与假序列号之后。\n我可以敲打装配工、偷看诊断，甚至把一具原型开膛破肚，但一旦我在这里开始提问，那些守护自己薪水的人很快就会注意到。\n\n研究模块的风险是安静的那种。没有交通、没有监管，只有死去的控制台，以及一个人对某个别人不想看的图案的执念。\n如果在那里工作过的那位观察者曾把"向量"从传言钉成更实在的东西，它就会在那些拼接日志与分叉航线比对里。\n走过那条走廊，意味着要相信一个幽灵的直觉胜过自己的，去追那段巧合不再感觉随机、而变成某人刻意穿越太空的曲线的确切时刻。
Neon's rooftops are a bad place to think straight. Every arc of lightning through the Grid, every forgotten landing ping nudging ships the same way, feels like standing inside his skull while it dreams. If I follow that line, I am betting that the city's old habits and his new edits are now the same thing, that the pulse over Volii is the heartbeat of his favorite escape route. It is risk wrapped in noise and corporate shadows, but if he is still tuning the sky anywhere, it will be here.  \n\nThe listening post is the opposite kind of dangerous. No crowds, no glow, just vacuum-thin air and rows of redacted reports where careers came to die. Whatever ledger they kept off the record linked his tampered departures to official silence, and that makes it one of the last honest mirrors left. If I dig there, I am reaching for names, ships, and coordinates the bureaus decided not to remember, the kind of proof that turns a ghost story into something the UC and Freestar can no longer ignore.	霓虹城的屋顶是个无法清醒思考的地方。电网中每一道弧光、每一个把飞船朝同一方向轻推的被遗忘的着陆脉冲，都像站在他做梦时的颅骨里。\n如果我顺着那条线追，我就是在赌这座城市的旧习惯与他新的编辑如今是同一样东西，赌沃利上空的脉动是他最爱逃亡路线的心跳。\n这是裹在噪声与企业阴影里的风险，但如果他还在任何地方调校天空，那就是这里。\n\n监听站是另一种危险。没有人群、没有辉光，只有稀薄如真空的空气，以及一排排职业在此终结的涂黑报告。\n无论他们私下保留了什么账册，它都把他被篡改的离港记录与官方的沉默连在一起，这使它成为仅存的几面诚实镜子之一。\n如果我在那里挖掘，我就是在伸手去够那些各局决定不再记住的名字、船只与坐标——那种能把幽灵故事变成联殖与星联再也无法忽视之物的证据。
Ryujin's tower is the loud path. Bright lights, security badges, and executives who pretend they do not recognize the name on my lips. If I dig there, I am cutting into live flesh corporate shipping, black clinic runs, grav spikes smoothed out of the ledgers by very expensive hands. High risk, higher leverage. If I can pry loose the routes they are hiding, I will not just know where he went next, I will know who paid to look the other way. That kind of knowledge spends well, if it does not get me spaced first.\n\nThe relay bunker is the quiet path. Dust, dead terminals, and one forgotten grid still whispering to itself. No polished lies there, just raw patrol data and a string of anomalies that look more and more like a single pilot threading the same forbidden band of sky. Less noise, more time alone with whatever those readings really mean. If there is a pattern he did not intend anyone to see, it will be entombed in those racks, waiting for the first fool stubborn enough to wake it.	龙神大厦是响亮的路。明亮的灯光、安保徽章，以及那些假装不认识我口中那名字的高管。\n如果我在那里挖掘，我就是在切开活肉：企业航运、黑诊所航线、被极其昂贵的手从账册里抹平的重力尖峰。高风险、更高筹码。\n如果我能撬出他们藏着的航线，我不仅会知道他下一步去了哪里，还会知道是谁出钱让他们别过头去。\n这种知识很值钱——只要它没先把我送进太空。\n\n中继碉堡是安静的路。尘土、死去的终端，以及一张仍在对自己低语的被遗忘电网。\n那里没有光鲜的谎言，只有生的巡逻数据，以及一串越来越像某位飞行员穿引同一条禁空带的异常。\n噪声更少，有更多时间独处，去弄懂那些读数究竟意味着什么。如果他有一个不打算被任何人看见的图案，它就会葬身在那几排架子里，等着第一个固执到愿意唤醒它的傻子。
The cavern lead is dirt under the fingernails, close-range and personal. Smugglers, nervous quartermasters, favors logged in grease and half-truths. If I push there, I am leaning into the human side of her web: the people she pays, the captains who owe her their hides, the off-the-books haulers who know exactly which wrecks she is bleeding. Messy and loud, but names, faces, and grudges have a way of slipping when someone with a gun is listening.  \n\nThe orbital lead is colder, cleaner, more like her. That listening post in deep shadow is where the math lives: unmarked relays, bent shipping lanes, a diagram of every graveyard she has been secretly stitching together. If I take that route, I am chasing her mind instead of her clients, pulling on the thread that ties the gas giant, the derelicts, and that hidden barge into one shape. Fewer witnesses, more risk, but if I want to see the whole design instead of just the blood it spills, that is where the sky itself is starting to look wrong.	洞穴那条线索是沾在指甲缝里的泥，近距离且针对个人。走私贩、紧张的军需官、记在油污与半真半假里的人情。\n如果我朝那里施压，我就是在靠向她那张网的人情一面：她付钱的人、欠她性命的人、清楚知道她在给哪些残骸放血的账外运货船员。\n混乱而嘈杂，但当有个带着枪的人在听时，名字、面孔与积怨总会泄露。\n\n轨道那条线索更冷、更干净，更像她。深影里的那座监听站是数学所在之处：未标记的中继站、弯曲的航运航道，一张她一直在秘密缝合的每一座墓场的图解。\n如果我走那条路，我追的是她的头脑而非她的客户，拉扯那根把气态巨行星、废弃船与那艘隐秘驳船系成一体的线。\n目击者更少、风险更大，但如果我想看到整个设计而非它洒出的鲜血，那就是天空本身开始显得不对劲的地方。
The station is the clean choice on paper. Bright halls, respectable badges, the illusion that if I just pull the right file, everything will line up into something resembling the truth. Dig there and I am tangling with administrators, researchers, and boardroom ghosts who turned her improvisations into product lines. It is the path where ink and signatures matter, where Catalyst is either a scapegoat or an uncredited architect of half their breakthroughs.\n\nThe listening post is the dirty choice, all dust and dead channels and the Renegade Guard cutting out whatever does not fit their version of events. Going there means stepping into the crosshairs of people who know exactly how command erases problems, because they used to be the eraser. If I want the story that never made it into any archive the names, the coordinates, the casualties that did not officially exist I will have to walk through a nest of ex-soldiers who already decided the truth is more dangerous than any chem she ever mixed.	那座空间站是纸面上的干净选择。明亮的大厅、体面的徽章，以及一种幻觉：只要我调出正确的档案，一切就会排列成某种接近真相的东西。\n在那里挖掘，我就要与行政人员、研究员，以及那些把她的临场发挥变成产品线的董事会幽灵纠缠。\n那是一条墨水与签名说了算的路，在那里"催化剂"要么是替罪羊，要么是他们半数突破的无名建筑师。\n\n监听站是肮脏的选择，满是尘土与死去的频道，还有"叛卫"在剪掉任何不符合他们版本事件的东西。\n去那里意味着踏进那些清楚知道指挥部如何抹除麻烦的人的准星——因为他们过去就是那把橡皮擦。\n如果我想要那个从未进入任何档案的故事——那些名字、坐标，那些官方上并不存在的伤亡——我就得穿过一窝已经认定真相比她调过的任何药剂都危险的老兵。
The lab trail is tempting. Quiet corridors, dormant diagnostics, all the ghosts of "official" science humming just loud enough to mask what he slipped in underneath. If I dig through those dead displays, I might finally see his work in its raw form, before pirates, corporates, and UC cut-outs started passing it around as campfire myth. Cleaner data, less incoming fire. More time to think about whether he is seeing monsters in the static, or whether everyone else is just pretending not to hear them.\n\nThe cache in the busy lane is different. That is where theory turns into wreckage and near-misses, where his numbers actually shove metal and lives off their plotted courses. Cracking open something he trusted enough to leave under constant traffic will show exactly which routes he is steering toward the dark, and who he is protecting or condemning in the process. Dirtier work, more guns pointed my way, but the pattern would not be abstract anymore; it would have names, schedules, and a heading.	实验室那条线索很诱人。安静的走廊、休眠的诊断设备，所有"官方"科学的幽灵都在嗡鸣，声音刚好足以掩盖他在底下塞进的东西。\n如果我翻掘那些死去的显示屏，也许终于能看到他工作的原始形态——在海盗、企业与联殖的中间人开始把它当作篝火神话传播之前。\n数据更干净，来袭火力更少。也有更多时间去想：究竟是他在静电里看见了怪物，还是别人都只是假装没听见它们。\n\n繁忙航道里的藏匿点则不同。那是理论变成残骸与惊险接近的地方，是他的数字真正把金属与性命推离既定航线的所在。\n撬开某件他信任到敢留在持续交通之下的东西，就会准确显示他正把哪些航线引向黑暗，以及在此过程中他在保护或判罪谁。\n更肮脏的工作，更多枪口指向我，但图案将不再抽象；它会有名字、时刻表和航向。
Neon keeps coming up in the traffic, a smear of dirty signal under the Span where every secret eventually gets traded for credits or leverage. If I drop back into that underbelly, I am walking into a maze of fixers, smugglers, and corporate cleaners who all swear they only heard the story secondhand. High risk, but if I can pry loose the piece that started on that dead Navy hull and rode the static rimward, it might tell me who has been buying silence on an industrial scale.  \n\nThe relay shack is the opposite problem. No crowds, no witnesses, just old hardware and lazier sins. Those duplicated routes and altered bands did not park there by accident; someone bet that nobody audits a forgotten node as long as the smuggling runs stay quiet. Safer to reach, maybe, but quieter does not mean harmless. If the cached fragments really line up with clinic payouts and burned farms, then that rock is not just dead weight in space. It is where the pattern finally stops being rumor and starts naming names.	霓虹城在交通中一再出现，是跨桥之下一抹肮脏的信号，在那里每个秘密最终都会被换成信用或筹码。\n如果我重新落回那片下层，我就走进了调停人、走私贩与企业清道夫构成的迷宫——他们全都发誓自己只是二手听来的故事。\n高风险，但如果我能撬出那块始于那具死海军船体、并骑着静电向外缘漂去的东西，它也许能告诉我谁一直在以工业规模收买沉默。\n\n那座中继小屋是相反的问题。没有人群、没有目击者，只有旧硬件与更懒散的罪。\n那些重复的航线与被篡改的频带不是偶然停在那里的；有人赌定只要走私航次保持安静，就没人会去审计一座被遗忘的节点。\n到达也许更安全，但更安静并不意味着无害。如果缓存的碎片真的与诊所付款和焚毁的农场对得上，那么那块岩石就不只是太空中的死重。它是图案终于不再是传言、而开始点出名字的地方。
The forgotten base has a certain logic to it. Old concrete, dead arrays, the kind of place bureaucracies misplace in their own archives. If those encoded routes really thread the gaps between LIST scans and Argos lanes, then cracking them turns the chase from a galaxy-wide search into a few narrow corridors. Scrapstar Haulers sniffing around means the stories have value, but not enough for anyone to file a report. Following this lead is betting that his genius lives in the way he moves, not in where he trades.\n\nThe buoy in quiet drift is a different kind of temptation. Harvest models, redlined and quietly overwritten, would show every world he has poisoned with false promise and every neglected corridor he trusted to slip away afterward. That clue has been hanging in the dark long enough for patrols and smugglers alike to forget it exists, which feels exactly like his style. Chasing this thread means learning which colonies he chose to wound, and maybe why he thinks the numbers justify the bodies.	这座被遗忘的基地自有其逻辑。旧混凝土、死去的阵列，那种官僚机构会在自家档案里放错地方的地方。\n如果那些编码航线真的穿在独立盟扫描与阿戈斯航道的空隙之间，那么破解它们就能把追查从一场全星系搜索变成少数几条狭窄走廊。\n废星运货队在附近嗅探，意味着这些故事有价值，但还不值得任何人提交报告。\n顺着这条线索，就是在赌他的天才活在他行动的方式里，而非他交易的地点中。\n\n安静漂移中的那座浮标是另一种诱惑。被标红并悄然覆盖的收获模型，会显示出他用虚假承诺毒害过的每一颗世界，以及他信赖着事后能溜走的每一条被忽视走廊。\n那条线索在黑暗中挂了足够久，久到巡逻队与走私贩都忘了它存在，这感觉正是他的风格。\n追这条线意味着弄清他选择伤害哪些殖民地，也许还有他为什么认为数字能为尸体开脱。
Gagarin Landing is dirty, loud, and honest about it. Down in the backlines where the pipes sweat and the catwalks rust, somebody helped him bend the freight stream toward the graveyard and then never came back to seal their work. If I dig through those splice points, I might find a name, a face, maybe even the one person he trusted enough to share his route with. Exposing his partner would crack open his support network and give me leverage that steel and bullets cannot.\n\nThe orbital node is colder, cleaner, and a lot less forgiving. No witnesses there, just telemetry and the ghosts of bad decisions: half fixed coordinates, aborted burns, tug signatures nudged a few degrees off regulation. If I tap that buffer before SysDef or some corporate auditor wipes it, I should pull a pure pattern of his jumps a mathematically precise arc toward the dead space he keeps circling. That route would not just point at where he hides; it would prove how long he has been doing it while everyone else pretended not to see.	加加林着陆点肮脏、吵闹，而且对此很诚实。在管道渗水、栈桥生锈的后线区域，有人帮他把货流弯向墓场，然后再没回来封住自己的工程。\n如果我翻掘那些接驳点，也许能找到一个名字、一张面孔，也许甚至是他信任到愿意分享航线的唯一那个人。\n揭出他的伙伴，就能撬开他的支持网络，给我钢铁与子弹给不了的筹码。\n\n轨道节点更冷、更干净，也远不容情。那里没有目击者，只有遥测与糟糕决策的幽灵：半被修正的坐标、中断的点火、被推离规程几度的拖船特征。\n如果我在联殖防务或某位企业审计员擦掉它之前接入那块缓冲区，我应该能取出一道纯粹的他跃迁图案——一条精确朝向他不停止环绕的死寂空域的数学弧线。\n那条路线不仅会指出他藏在哪；它会证明他这么做已经多久，而别人都假装没看见。
Ryujin's tower looks clean from the outside, all glass and lightning and smiling reception kiosks, but the real weather is in whatever they bury under access levels and nondisclosure clauses. The idea of paging through their vent schedules and scrubber diagnostics is tempting; if he has friends in high places, they will have left fingerprints in the airflow. It is the softer play, on paper, but prying truth out of a corporation that profits from silence can be more dangerous than trading fire with pirates.\n\nThe other path runs colder, through tracking beacons and engine residue hanging in orbit over half-starved worlds. The drift data does not flinch the way people do, and the same masked shuttle trail keeps looping past every quiet failure I have visited since that first forgotten outpost and the courier that never made its delivery. If I follow the pattern through open space instead of corporate corridors, I might finally see where his route bends next, before another sky changes color without warning.	龙神大厦从外面看很干净，满是玻璃、闪电与微笑的接待亭，但真正的天气藏在他们埋在权限等级与保密条款之下的东西里。\n翻阅他们的通风时刻表与净化器诊断很有诱惑力；如果他在高层有朋友，他们会在气流里留下指纹。\n纸面上这是更温和的一着，但从一家靠沉默牟利的企业嘴里撬出真相，可能比与海盗交火更危险。\n\n另一条路更冷，穿过悬在半饥饿世界上方的追踪信标与引擎残留。\n漂移数据不会像人那样畏惧退缩，而同一道被遮蔽的穿梭机痕迹，不断绕经我自第一座被遗忘哨站和那艘从未完成投递的信使飞船以来造访的每一处安静失败。\n如果我沿着这个图案穿过开阔太空而非企业走廊，也许终于能看到他的航线下一步在何处弯折——赶在又一片天空毫无预警地变色之前。
The tower is the dirty, civilized choice. Climate control, keycards, guards who still think orders mean something, and somewhere in all that glass and steel, the paper trail that says who paid for the experiments and who cleaned the results. If I walk into that place and shake the right files loose, I might finally see the signatures behind the anomalies instead of just their aftermath. But that also means putting my face and biometrics in the same building as the people who still pretend this is all just "variance."\n\nThe lonely orbit is the honest kind of danger. No politics, no briefing rooms, just an off-lane node quietly bending jump math until ships and lives fall where someone wants them. If I can get close enough to listen, I might catch the raw routing changes before they get laundered through a dozen systems. Of course, whoever set that anchor will have expected someone like me to come sniffing around, and out there there is nothing between us but vacuum and whatever traps they left in the dark.	塔是肮脏而文明的选择。气候控制、门禁卡、那些仍以为命令有意义的守卫，而在那片玻璃与钢铁之中某处，有一条纸面线索，写明谁为实验付了钱、谁清理了结果。\n如果我走进那地方、抖出正确的档案，也许终于能看到异常背后的签名，而不只是它们的后果。\n但那也意味着把我的面孔与生物特征，与那些仍假装这一切只是"偏差"的人放进同一栋楼里。\n\n那片孤独的轨道是诚实的那种危险。没有政治、没有简报室，只有一座账外节点在悄悄弯折跃迁数学，直到飞船与性命落向某人想要它们落的地方。\n如果我能靠得够近去倾听，也许能在那些原始航路改动被十几个系统洗白之前抓住它们。\n当然，布下那个锚点的人一定料到会有我这样的人来嗅探，而在那里，我们之间只有真空，以及他们留在黑暗中的陷阱。
The underbelly routes are closer, and they feel like her handwriting. Someone took a mess of stolen conduits and lazy access control and turned it into geometry, a clean set of paths only an ex-inspector would trust. If I walk those tunnels, I am walking in step with her habits, seeing which junctions she marked as safe and which ones she left to burn. It is personal, almost intimate, which makes it the smarter choice if I want to understand the mind that keeps breaking ships without ever firing a shot.\n\nThe salvage pit is uglier, louder, and a long way from subtle. Rust, gossip, and half-melted hardware, all stacked in a trench nobody sane bothers to audit. But a fragment of a flight path thrown away there says she is confident, maybe even careless, and that kind of arrogance leaves sharper footprints. If I chase that datapack, I am betting on hard numbers over instinct, trusting that the pattern of bad jumps and erased annexes will finally spell out where she is heading instead of just where she has already been.	下层路线更近，而且它们像她的笔迹。\n有人把一堆偷来的导管与松懈的门禁变成几何，一套只有前检查员才会信任的干净路径。\n如果我走过那些隧道，我就是在与她的习惯同步行进，看到她标为安全的节点，以及她任由烧毁的节点。\n这是私人的、近乎亲密的，这使它成为更聪明的选择——如果我想理解那个从不发一枪就不断弄坏飞船的头脑。\n\n打捞坑更丑陋、更吵闹，离"精妙"很远。锈、闲话与半熔的硬件堆在一条没有理智人会费心审计的沟里。\n但一段被丢在那里的飞行路径碎片说明她自信，甚至可能粗心，而这种傲慢会留下更锋利的足迹。\n如果我追那个数据包，我就是在拿硬数据赌过直觉，相信那些糟糕跃迁与被抹除附属区的图案，终于能拼出她正前往何处，而不只是她已去过何处。
Neon's underbelly is all breath and rumor. Down there, her work is etched in handshakes and half-paid favors, not numbers. If I go back into that maze of leaking pipes and humming grid-lines, I will be bartering for stories, trying to stitch together a pattern from dockhands who are more afraid of losing their next payout than losing their memories. Risk is high, payoff intangible: a better sense of how she thinks, where she feels safe, who she trusts when everything goes loud.\n\nThe moonside relay is colder. Metal, manifests, and one broker who has already proven he files sins under "miscellaneous cargo." On that station, her shadow turns into timestamps and repeat receiver tags, proof that someone has been laundering entire routes around official lanes for years. Fewer people to work through, but the ones there will have friends in Trade Authority and worse. If I want to pin her to a specific jump, this is where the trail hardens into something I can hold up in a rival's face and say: you have been helping a ghost.	霓虹城的下层全是气息与传言。在那里，她的作品刻在握手与半付的人情上，而非数字里。\n如果我回到那个漏水管与嗡鸣电网构成的迷宫里，我就要用故事换取故事，试图从那些害怕失去下一笔报酬甚于失去记忆的码头工人口中缝出一个图案。\n风险高，回报无形：更清楚地感受她如何思考、在何处感到安全、当一切喧嚣时她信任谁。\n\n月球侧的中继站更冷。金属、舱单，以及一名已经证明自己会把罪行归入"杂项货物"的经纪商。\n在那座空间站上，她的影子变成时间戳与重复的接收器标签，证明有人多年来一直绕着官方航道洗白整条路线。\n要打交道的人更少，但那里的人会有贸易管理局乃至更糟的朋友。\n如果我想把她钉在某一次具体的跃迁上，那就是线索硬化成我能举到对手脸上说"你一直在帮一个幽灵"的东西的地方。
Neon's lower decks have a way of stripping the varnish off a story. In the underbelly, people move code like contraband, and nobody asks where the climate models came from as long as the credits clear. If he ever sold his tricks to keep himself afloat, this is where the buyers would be. Following that thread means leaning on smugglers and data-brokers, wading through Aurora haze and backroom favors, hoping one of them slips and admits who has been feeding them storm maps that do not match the sky.\n\nThe research module is different. Cold, quiet, almost honest by comparison. This is where the first mistake happened, before the lies were packaged and resold in places like Neon. Someone rerouted a harmless telemetry feed and turned a forgotten node into a hinge for re-writing navigation. If I chase that path, I am gambling that the original exploit still holds his signature, buried under half-scrubbed logs and abandoned experiments. Less noise, fewer guns, more time alone with whatever pattern he thought nobody would ever notice.	霓虹城的下层甲板有一种把故事打磨掉光漆的本事。在下层，人们像搬违禁品一样搬运代码，只要信用到账，没人问气候模型是从哪来的。\n如果他为了维持自己而出卖过把戏，买家就在这里。\n顺着那条线，就意味着倚靠走私贩与数据经纪商，蹚过极光的迷雾与密室人情，指望他们中有人失口承认是谁一直在给他们喂与天空不符的风暴图。\n\n研究模块则不同。寒冷、安静，相比之下几乎算诚实。\n最初的错误就发生在这里——在谎言被包装并在霓虹城这样的地方转售之前。有人改道了一条无害的遥测馈送，把一座被遗忘的节点变成重写导航的铰链。\n如果我追那条路，我就是在赌最初的漏洞仍带着他的特征，埋在半被擦净的日志与被弃实验之下。噪声更少、枪更少，有更多时间独处，陪着那个他以为没人会注意到的图案。
Ryujin's tower is the civilized option, at least on paper. Climate control, polished stone, security that smiles while it sizes you for a body bag. If they really bought a copy of those old conditioning trees, the answers are in a boardroom vault or buried three layers deep in their black R&D. Cutting in there means sifting half-truths from executives who lie for a living and systems designed to erase their own footprints. High risk, but if I find the right shard, I might finally see who has been holding his leash.\n\nOut in the empty lanes, the only witnesses are dead transponders and whatever is still riding that orbital curve. The signal is messy, stitched across old battles and forgotten evac routes, but it feels closer to his real trail than any corporate ledger. Track it, and I am following the same invisible orders he has been obeying since the garrison burned. Fewer locked doors, more guns pointed at my hull, and a greater chance that the next piece in the chain is not a file at all, but a patient he never finished with.	龙神大厦是文明的选项，至少纸面上如此。气候控制、打磨过的石头、一边微笑一边为你量裹尸袋尺寸的安保。\n如果他们真的买下那些旧条件化模型树的一份副本，答案就在某间董事会的保险库里，或深埋在他们黑色研发的三层之下。\n切入那里意味着从靠说谎为生的高管、以及被设计来抹去自身足迹的系统里筛出半真半假。\n高风险，但如果我找对那块碎片，也许终于能看到是谁一直牵着他的皮带。\n\n在空荡的航道中，唯一的目击者是死去的应答器，以及仍在骑乘那道轨道曲线的什么东西。\n信号混乱，缝合着旧战役与被遗忘的撤离路线，但它感觉比任何企业账册都更贴近他真正的踪迹。\n追踪它，我就在遵循自驻军焚毁以来他一直服从的同一批看不见的命令。锁门更少，指向我船体的枪更多，而链条中下一环根本不是文件、而是他从未处理完的某个病人的可能也更大。
Down in Neon's underbelly, the pattern smells like money and blood. Captains taking the same crooked slice of sky, medics treating burns that look more like field shear than gunfire, brokers suddenly trading in old patrol data. If I lean into this, I am stepping into a marketplace of secrets, where every answer has a price and Ryujin ears are never far away. It is messy, dangerous, crowded with other people's sins but it might show me who has been paying to keep those anomalies misfiled as malfunctions.\n\nThe farm ring angle is quieter, more mechanical, almost honest on the surface. A forgotten food rig turned permanent, its plumbing altered by someone who thinks in flow rates and vector diagrams, not bribes. Following that lead means crawling through an old ship's bones, tracing which "temporary" feeds were left drawing power and why a grow rack needs its own dedicated jump calibration. It is slower work, more solitude, fewer guns in my face but if he built a habit of hiding inside stopped gap fixes, this is where his hand will be clearest.	在霓虹城的下层，这个图案闻起来像钱与血。船长们选取天空中同样扭曲的一角，医者治疗那些更像场域剪切而非枪伤造成的灼伤，经纪商突然开始交易旧的巡逻数据。\n如果我深入进去，我就踏进了一个秘密集市，那里每个答案都有价格，而龙神的耳朵从不遥远。\n它混乱、危险，挤满别人的罪孽，但它也许能让我看到谁一直在出钱把那些异常错误归档成"故障"。\n\n农场环那条角度更安静、更机械，表面上几乎诚实。\n一座被遗忘的食物钻井被改为永久设施，它的管路被一个以流量与矢量图、而非贿赂来思考的人改过。\n顺着那条线索，意味着在一艘旧船骨架里爬行，追查哪些"临时"馈送被留着供电、以及为何一个种植架需要它自己专属的跃迁校准。\n这是更慢的工作、更多独处、更少枪口对着我的脸，但如果他养成了藏在停滞的间隙修补里的习惯，这里就是他的手最清晰的地方。
The dead robotics lab feels like the place where this all began to spin out of control, where theory first brushed against hardware and left scorch marks behind. If I go back there and dig deeper, I am chasing origins: early grav tweaks, half-scrubbed simulations, the first proof that someone was willing to bend climate and jump geometry in the same breath. It is slower, dirtier work, and I will have to peel information out from under scavengers who do not even know what they are sitting on, but it might tell me why he chose this path.\n\nThe orbital beacon is different. That node sits where his work is alive, not historical, quietly shaving angles off flight paths while the rest of the system pretends nothing is wrong. If I follow that route, I am stepping straight into his current, watching the sky distort in real time. The risk is higher: whatever defenses he has left will be tied to those calibration streams, and if I misstep, I will announce myself to the same unseen hand that has been moving storms and satellites like pieces on a board.	那座废弃机器人实验室感觉像是这一切开始失控的地方，理论第一次擦过硬件并留下焦痕之处。\n如果我回到那里挖得更深，我追的是起源：早期的重力微调、半被擦净的模拟，以及有人愿意在同一口气里弯折气候与跃迁几何的第一份证据。\n这是更慢、更脏的工作，我将不得不从那些甚至不知道自己坐在什么上面的拾荒者底下剥出信息，但它也许能告诉我他为什么选择这条路。\n\n轨道信标则不同。那座节点所在之处，他的工作是活的，而非历史的，它悄悄从飞行路径上削去角度，而星系其余部分假装一切正常。\n如果我顺着那条路线，我就径直踏进他的水流，实时看着天空扭曲。\n风险更高：他留下的无论是什么防御都会与那些校准流绑定，而如果我踩错一步，我就会向那只一直在把风暴与卫星当作棋盘棋子挪动的看不见的手宣告自己的存在。
Gagarin Landing is the straightest line: heavy industry, corporate refurb work, and a whole lot of numbers that do not quite match the hulls they are attached to. If there is a technical trick behind her disappearing act, it is probably buried there under legitimate work orders and "harmless" corrections. Walking into that mess means wading through company handlers and nervous techs who know how fragile their livelihoods are. High risk, but if I want the engineering blueprint of her lane, that is where the systems speak.\n\nThe moonside relay is thinner air in every sense. A handful of patched habitats, a nervous broker, and a culture built on pretending the cargo never existed in the first place. No auditors, no inspectors, just people who live off gaps in the record. The story there will be rumor, coded manifests, and the human side of her network: who she pays, who she spares, who she lets starve. Less metal, more lies. If I want to understand why so many captains still whisper her name like a warning instead of a curse, that is where I listen.	加加林着陆点是最直的一条线：重工业、企业翻新工程，以及一大堆与其所附船体并不完全吻合的数字。\n如果她消失的把戏背后有技术诀窍，它多半埋在那里，藏在合法工单与"无害"修正之下。\n走进那团混乱，意味着蹚过企业管事与神经紧张、深知自己生计多么脆弱的技师。\n高风险，但如果我想要她那航道的工程蓝图，那就是系统说话的地方。\n\n月球侧的中继站在每种意义上空气都更稀薄。几处打过补丁的居所、一名紧张的经纪商，以及一种建立在假装货物从一开始就不存在的文化。\n没有审计员、没有检查员，只有靠记录缺口过活的人。\n那里的故事将是传言、编码的舱单，以及她网络的人情面：她付钱给谁、她放过谁、她任谁挨饿。金属更少，谎言更多。\n如果我想理解为什么这么多船长的低声念她的名字像念一句警告而非诅咒，那就是我倾听的地方。
Ryujin's tower would be the tidy cut. Climate control, polished stone, security guards who pretend they do not see what their employers pay to hide. If I go there, I am not just chasing a rogue navigator, I am kicking the legs out from under whatever board signed off on these experiments. Paper trails, scrubbed payouts, research budgets rewritten into alibis. It is cleaner work, at least on the surface, but stepping into that building means treating this like a crime of suits, not just one woman weaponizing math.\n\nThe listening post is the opposite end of the spectrum raw sky, dead hardware, mercs instead of receptionists. Hotel Hardstrike holding the line over repurposed UC ears, guarding beacon logs no one wants to admit still exist. If I go there first, I am betting that the truth is buried in noise and old war habits, not balance sheets. More guns, fewer lawyers. One path puts me in boardrooms and back channels, the other drops me in a forgotten bunker with mercenaries paid to ask no questions. Either way, the same signature keeps surfacing in the data.	龙神大厦会是干净利落的一刀。气候控制、打磨过的石头、假装看不见雇主花钱掩埋什么的保安。\n如果我去那里，我追的不只是一名失控的领航员，我是在把任何为这些实验签字的董事会桌子下的腿踢断。\n纸面线索、被擦净的付款、被改写成托词的研究预算。\n这是更干净的工作，至少表面上，但踏进那栋楼意味着把这当作一桩由西装犯下的罪，而非只是一个女人把数学武器化。\n\n监听站在光谱的另一端：生的天空、死去的硬件，雇来的枪手而非接待员。\n"硬击旅"守着被改用的联殖耳朵，守护着没人愿意承认仍然存在的信标日志。\n如果我先去那里，我就是在赌真相埋在噪声与旧战争习惯里，而非资产负债表里。枪更多，律师更少。\n一条路把我带进董事会与后门渠道，另一条把我丢进一座被遗忘的碉堡，去面对被收买来不问问题的雇佣兵。无论哪条，同一个特征都在数据中不断浮现。
If I head for the Clinic, I go where the damage is catalogued and given names. Every grav-burned pilot, every fractured mind from a bad jump, all quietly stored behind polite smiles and redacted reports. If his work ever brushed flesh, it is written there in nerve maps and scar tissue. The risk is eyes on me from every authority that cares about their reputation, but the payoff is simple and sharp: I might finally see what his numbers do to real people instead of empty hulls.\n\nIf I drop to the old recon hide, I am chasing the first honest look at how he slips through a net designed to catch everything. The bunker is dead on paper, but its recorders were built to watch without blinking, and they do not care whose career gets ruined by what they saw. Less politics, more ghosts: cold air, old UC hardware, and maybe one uncut sequence of a ship walking between sensor sweeps like it knows where the blind spots live. One path walks me into crowded corridors and whispered testimonies; the other into dust, silence, and raw telemetry. Either way, his shadow is waiting.	如果我前往星际诊所号，我就是去那些伤害被编目并赋予名字的地方。\n每一个被重力灼伤的飞行员、每一个因糟糕跃迁而破碎的心智，都被安静地收在礼貌的微笑与涂黑的报告之后。\n如果他的工作曾擦过血肉，它就写在那里的神经图谱与疤痕组织里。\n风险是每个在乎自身声誉的当局都会盯着我，但回报简单而锋利：我也许终于能看到他的数字对真实的人、而非空荡船体做了什么。\n\n如果我下到那座旧侦察隐蔽点，我追的是第一次诚实地看清他如何溜过一张被设计来捕捉一切的大网。\n那座碉堡在纸面上已死，但它的记录仪被造来不眨眼地注视，而它们不在乎谁的前程会被它们所见之物毁掉。\n政治更少，幽灵更多：冰冷的空气、旧联殖硬件，也许还有一段未被剪切的连续影像——一艘飞船在传感器扫描之间穿行，仿佛知道盲点住在哪里。\n一条路把我带进拥挤的走廊与低语的证词；另一条带进尘土、寂静与原始遥测。无论哪条，他的影子都在等着。
Neon's skyline is a liar's chorus, but the rooftops hum with the truth underneath it. Up there, routes are sold between drinks, fees are laundered through private pads, and people talk more freely when they think the wind will carry their secrets away. If Vector ever bragged, even by accident, it was probably in the shadow of the Span, his coordinates traded like ghost stories between smugglers and corporate fixers. Chasing that thread means wading into gossip, greasing palms, and listening hard for one voice that talks in numbers instead of names.\n\nThe relay bunker is different. No noise, no drinks, just machines that never learned how to lie. Someone pulled atmospheric traces there and saw something they should not have, then quietly stepped off the grid. The logs they left behind read the same way every time: the same anomaly, the same path through restricted sky. Following that line means trusting cold data over street talk, digging into whatever is riding inside that forgotten SysDef hull and hoping the people who were supposed to clean this up are not still watching.	霓虹城的天际线是一个说谎者的合唱，但屋顶嗡嗡作响着它底下的真相。\n在上面，航线在酒桌之间被出售，费用通过私人停机坪洗白，而人们在以为风会把秘密带走时说得更放开。\n如果"向量"曾吹嘘过，哪怕是无意的，那多半就在跨桥的阴影里，他的坐标像幽灵故事一样在走私贩与企业调停人之间被交易。\n追这条线意味着蹚进闲话、给人塞钱，并努力倾听一个用数字而非名字说话的声音。\n\n中继碉堡则不同。没有噪声、没有酒，只有从未学会如何说谎的机器。\n有人在那里提取过大气痕迹，看见了不该看见的东西，随后悄然脱离网络。\n他们留下的日志每次读起来都一样：同样的异常，同样穿过受限天空的路径。\n顺着那条线，意味着信任冷数据胜过街头闲谈，挖进那具被遗忘联殖防务船体里骑乘着什么，并指望那些本该清理此事的人没有还在盯着。
The Underbelly trail feels like chasing whispers through a power grid. If Vector is bleeding off city juice to push those impossible jumps, somebody down there has seen the lights flicker at the wrong time. It will mean leaning on coil crews and Ghost Coil hangers-on, parsing shrugs and half-finished sentences until a pattern finally shakes loose. Low light, close quarters, every conversation a chance to step on Ryujin toes or some local gang's territory, but if I crack their work logs I might see when and where his ship plugs into Neon's heartbeat.\n\nThe wreck in orbit is colder, simpler, and maybe more honest. Steel remembers what people would rather argue about, and those scorched plates are a flight recorder carved in metal. Follow the twist in the struts, map the angle of that sideways burn, and I could pin down the corridor he is been rehearsing, the direction he keeps trying to tear open. It is riskier in different ways: dead space, thin cover, and anyone else hunting these ghost jumps might be watching the same drifting grave, waiting to see who comes to read its scars.	下层那条线索感觉像在电网里追逐低语。\n如果"向量"在从城市偷电来推动那些不可能完成的跃迁，下面一定有人见过灯在错误的时刻闪烁。\n这将意味着倚靠线圈班组与幽灵线圈的附庸，解析耸肩与半截句子，直到一个图案终于抖落出来。\n光线昏暗、空间逼仄，每一次交谈都可能踩到龙神的脚趾或某个本地帮派的地盘，但如果我破解他们的工作日志，也许能看出他的飞船在何时何地接入霓虹城的心跳。\n\n轨道上的残骸更冷、更简单，也许更诚实。钢铁会记住人们宁愿争辩的东西，而那些烧焦的钢板就是一枚以金属刻成的飞行记录仪。\n顺着支杆的扭曲追下去，把那道侧向燃烧的角度标出来，我也许能钉死他一直在演练的走廊、他不断试图撕开的方向。\n它在不同的意义上更冒险：死寂的空间、稀薄的掩体，而其他任何在狩猎这些幽灵跃迁的人，也许正盯着同一座漂流的坟墓，等着看谁来读取它的伤疤。
Gagarin is the safer kind of rotten. Paper trails, nervous clerks, off-world suits pretending not to see the dust caking their server racks. If she sold the sky to anyone, the proof is probably humming away in those annex stacks, buried under invoices and falsified maintenance reports. Walking in means talking to people, peeling back corporate lies one spreadsheet at a time, maybe finding out who paid her and why they needed the storms moved. It feels like the path to answers that end up in a tribunal, not a morgue.\n\nThat wreck out in the orbital junk-ring is another story. No witnesses, no politics, just scorched metal quietly stitching together every odd reading I have chased so far. If that telemetry really is the hinge in her pattern, cracking it open might finally show where all these altered skies converge next. But the kind of people who use dead satellites as waypoints do not like being seen, and if she has built herself a back door through obsolete UC hardware, following it means stepping into a place she has been shaping, pressure line by pressure line, for a very long time.	加加林星是更安全的那种腐坏。纸面线索、神经紧张的文书、假装看不见服务器架上积尘的外派西装们。\n如果她把天空卖给了谁，证据多半在那些附属区的架列里嗡鸣，埋在发票与伪造的维护报告之下。\n走进去意味着与人交谈，一张电子表格一张电子表格地剥开企业的谎言，也许能弄清是谁付钱给她、以及他们为什么需要那些风暴被挪动。\n它感觉像通往那种最终出现在法庭、而非停尸房的答案的路。\n\n轨道废料环里的那具残骸则是另一回事。没有目击者、没有政治，只有烧焦的金属，在悄然把我迄今追查的每一处古怪读数缝在一起。\n如果那道遥测真是她图案中的铰链，撬开它也许终于能显示这些被篡改的天空接下来都汇聚到何处。\n但那种把死卫星当作航点的人不喜欢被看见，而如果她为自己造了一扇穿过过时联殖硬件的后门，顺着它就意味着踏进一个她一直在塑造的地方——一条压力线接一条压力线，塑了非常久。
The Well is close, crowded, and loud enough to hide the kind of questions I need to ask. Down there, the stories come wrapped in debt and old favors; people talk because they owe someone, or because they hate someone more than they fear MacLeod. If his name is written anywhere official, it is in the gaps between payments, the mismatched cargo tallies, the shifts nobody wants to remember working. Stepping into that maze means dealing with dockside politics and quiet threats, but the payoff could be the whole network laid bare on a single, dirty backroom slate.\n\nThe moonside relay is colder in every sense. Fewer eyes, longer shadows, and a broker who already flinched when my last questions grazed the truth. Out there, the noise is lower and the lies are easier to isolate against the hum of the reactor. The manifests running through that place are already too neat, too rehearsed; if I press hard enough, something will crack, and the spine of this smuggling line might light up clear as a navigation grid. Higher risk if the broker decides to warn him, but cleaner, sharper answers if he does not.	深井区很近、拥挤，而且吵闹得足以掩盖我需要问的那类问题。\n在那里，故事裹在债务与旧人情里；人们开口是因为他们欠某人什么，或是因为他们恨某人甚于怕麦克劳德。\n如果他的名字写在任何官方文件上，那就是在付款之间的空隙里、对不上的货物清单里、没人愿意记得自己上过的班次里。\n踏进那座迷宫意味着应付码头政治与无声的威胁，但回报可能是整张网络在一件肮脏的后室石板上被彻底摊开。\n\n月球侧的中继站在每种意义上都更冷。眼睛更少、影子更长，还有一名在我上次的问题擦到真相时就已退缩的经纪商。\n在那里，噪声更低，谎言也更容易在反应堆的嗡鸣中被分离出来。\n流过那地方的舱单已经太整齐、太排练过；如果我逼得足够紧，总会有东西裂开，而这条走私线的脊柱也许就会像导航网格一样清晰地亮起。\n如果经纪商决定警告他，风险更高；如果他不警告，答案更干净、更锋利。
HopeTown means faces, voices, and the kind of lies that sweat through coveralls. If I walk into that yard asking after a nameless freighter from Montara, I will get shrugs, half-truths, and maybe a wrench across the back of my skull. But it is also where the paper trail breathes, where credits changed hands and someone decided to bolt war-grade metal onto a farmhand's ship. If I can pry that story loose from the people who lived it, I might finally understand who Dustback is protecting and why no one will say his name.\n\nThe drifting cache is cleaner, in its way. Cold vacuum, no dockside politics, just jammed buffers and manifests that never got the courtesy of a proper purge. The Specterborn prowling around it complicates things, but that hull is not there by accident; someone trusted the emptiness to finish a job they were too nervous to sign off on. Crack it open, and I get the version of events nobody had time to massage, the raw path of a hauler slipping off the grid toward sick soil and frightened settlements. One path talks, the other shows. I do not have the luxury of taking both at once.	霍普镇意味着面孔、声音，以及那种会从工装里渗出来的谎言。\n如果我走进那座场区，打听一艘来自蒙塔拉的无名货船，我会得到耸肩、半真半假，也许还有一记砸在我后脑勺上的扳手。\n但那里也是纸面线索呼吸的地方，是信用易手、有人决定把军用级金属栓到一艘农场工人的船上之处。\n如果我能从亲历者口中撬出那个故事，也许终于能理解"尘背"在保护谁、以及为什么没人肯说出他的名字。\n\n漂流中的藏匿点某种意义上更干净。冰冷的真空、没有码头政治，只有卡死的缓冲区和从未得到妥善清除礼遇的舱单。\n在附近游荡的幽魂生让事情复杂起来，但那具船体不是偶然停在那里的；有人信任这片空旷，来完成一件他们紧张到不敢签字的差事。\n撬开它，我就能得到那个没人有时间去润色的版本，一艘货船滑离网络、驶向病变土壤与受惊定居点的生路径。\n一条路会说话，另一条会展示。我没有同时走两条的奢侈。
Gagarin means noise, people, and too many ways to disappear in plain sight. If Vector spliced herself into the power grid, the proof is hiding under layers of cheap fixes and corporate upgrades. Following that thread is slow work: crawling conduits, bribing line techs, hoping whatever UC worker started this map did not vanish because they were onto something lethal. The payoff is a structural picture of the whole route, not just where she went, but how she has been riding the veins of this system.\n\nThe relay bunker is the opposite: empty, honest, and already half-forgotten by the people who built it. Those atmospheric scans do not care who signed what contract or who needed a favor buried; they just record what passed overhead. If someone pulled a copy and walked away spooked, it means the pattern in those flight paths points somewhere the charts say does not exist. Going back there is riskier in a different way. Less cover, more chance the wrong analyst notices I am sifting through erased history, but if I am right, one clean line from sky to that hidden corridor could cut through all the rumor.	加加林星意味着噪声、人，以及太多能在众目睽睽下消失的方式。\n如果"向量"把自己接进了电网，证据就藏在层层廉价修补与企业升级之下。\n追那条线是慢工：在导管里爬行、贿赂线路技师，指望最初绘制这张地图的联殖工人没有因为触及某种致命东西而消失。\n回报是整条路线的结构图——不只是她去了哪里，而是她如何一直骑在这套系统的血管上。\n\n中继碉堡恰恰相反：空旷、诚实，已被建造它的人半遗忘。\n那些大气扫描不在乎谁签了什么合同、谁需要把一个人情埋掉；它们只记录掠过上空的东西。\n如果有人取走了一份副本、并惊惧地离开，那就意味着那些飞行路径中的图案指向星图所说不存在的地方。\n回到那里在另一种意义上更冒险。掩体更少，某个不该注意的分析员注意到我在筛除被抹去的历史的可能更大，但如果我没判断错，从天空到那条隐秘走廊的一条干净线，就能穿透所有传言。
Neon's Underbelly is the obvious move: follow the stink. If Vector is bleeding off grav sins anywhere, it is down there in the steam and rust, where waste, chems, and people all get flushed through the same veins. It will be noisy, crowded, too many eyes and not enough law, but that cuts both ways. I can lean on Ghost Coil types, bribe a few maintenance crews, see who has been paid to look away when the wrong pipes light up. Messy, dangerous, and close enough to the source that I might feel the Echo in the walls.\n\nThe research module is cleaner, quieter, and a different kind of trap. Here the story is written in routing tables and aborted transfers, the kind of thing that never makes dockside gossip but shapes entire shipping lanes. If Vector carved his own corridor through corporate sims, this is where the first cuts were made. Digging there means sifting through someone's carefully curated lies, maybe stepping on Ryujin toes, maybe tripping alarms meant for data thieves, not hunters. Less blood, more ghosts in the code, but if I unravel the fork he tampered with, I might see exactly which way he is steering next.	霓虹城下层是显而易见的一步：跟着臭味走。\n如果"向量"在任何地方给重力罪行放血，那就是在下面的蒸汽与锈迹里——废弃物、药剂与人都在同一条血管里被冲走。\n那里会嘈杂、拥挤，眼睛太多、法律太少，但这也是一把双刃剑。\n我可以敲打幽灵线圈那类人、贿赂几个维护班组、看看是谁被收买去在错误的管道亮起时别过头。\n混乱、危险，而且离源头近到我也许能在墙里感到那道"回响"。\n\n研究模块更干净、更安静，也是另一种陷阱。\n在这里，故事写在路由表与中断的转账里，那种从不出现在码头闲话、却塑造整条航运航道的东西。\n如果"向量"在企业模拟中刻出了自己的走廊，最初的切痕就发生在这里。\n在那里挖掘意味着筛过某人精心编排的谎言，也许踩到龙神的脚趾，也许触发为数据窃贼而非猎人设置的警报。\n血更少，代码里的幽灵更多，但如果我解开他篡改的那个分叉，也许就能准确看到他下一步在往哪个方向操舵。
HopeTown is the honest face of the lie. If I walk those gantries, I am walking through the last place families saw as "safe," talking to loaders who still sleep fine because they never see where the ships actually end up. The risk here is soft: backroom conversations, forged signatures, LIST clerks who will close ranks the second they smell an audit. But if I can peel back their paperwork, I might finally see who signed off on letting him rewrite entire lives with a few quiet keystrokes.\n\nThe depot is the ugly side of the same story. Out here, fuel and timing are the only truths that cannot be sweet-talked away. The people guarding those tanks are not administrators; they are scavengers and cut-rate muscle who know exactly how many tons vanish off the books when no one is looking. Going in means noise, maybe blood, and whatever passes for loyalty among crews who live on kickbacks and "lost" shipments. Still, the numbers on their ledgers are closer to his hand than any brochure in HopeTown, and if I want to see where his perfect corridor really bends, following the burn trail through them might be the faster, sharper cut.	霍普镇是这桩谎言诚实的那张脸。\n如果我走过那些栈桥，我就是穿过家属们曾视为"安全"的最后一个地方，与那些仍能安睡、因为他们从来看不到飞船最终抵达何处的装卸工交谈。\n这里的风险是柔软的：后室交谈、伪造签名、一闻到审计气味就会抱团的独立盟文书。\n但如果我能揭开他们的文书，也许终于能看到是谁签字同意让他用几次安静的按键改写整条条人命。\n\n仓库是同一个故事丑陋的那一面。在这里，燃料与时序是唯一无法被甜言蜜语打发的真相。\n看守那些储罐的人不是行政人员；他们是拾荒者与廉价的打手，清楚知道在无人注视时有多少吨会从账面上消失。\n走进去意味着噪声、也许是血，以及在那些靠回扣与"丢失"货物过活的船员之间，无论什么能冒充忠诚的东西。\n不过，他们账册上的数字比霍普镇任何一本宣传册都更贴近他的手，而如果我想看到他完美的走廊究竟在哪里弯折，顺着穿过他们的燃烧痕迹追，可能是更快、更锋利的一刀。
The figures buried in Neon's backroom accounts echo the same off-lane corrections found in those erased UC models, but now each line ends with a ship, a payout, and a direction whispered over cheap drinks.  \nTogether with the redacted hearing in the capital and the shaken testimony from frontier captains, it confirms she has been selling safer corridors to anyone who will listen, while quietly steering them all toward the same unseen bend in space.	埋在霓虹城密室账目里的数字，回响着在那些被抹除的联殖模型里发现的同样账外修正，但如今每一行都以一艘船、一笔付款，以及一个在廉价酒上低声说出的方向结尾。\n连同首都那场被涂黑的听证会与边境船长们动摇的证词一起看，它证实她一直在把更安全的走廊卖给任何愿意听的人，同时悄悄把他们都引向太空中同一处看不见的弯折。
From the wreckage, a disrupted signal rethreads itself through the old UC arrays, briefly restoring a forgotten sweep that points away from sanctioned lanes and toward a blind patch of deep space.  \nIn that flicker the pattern tightens: the stray datapad's corrupted routes, the buried analyst's censored logs, the orbital anomaly's skewed jump angles. All of them bend toward the same uncharted well where ships vanish and Starline's edits grow bolder.	从残骸中，一道被打断的信号重新穿过旧联殖阵列的线，短暂恢复一次被遗忘的扫描，它背离制式航道，指向深空中一片盲区。\n在那次闪烁中图案收紧：散落数据板里损坏的航线、被掩埋分析员被审查的日志、轨道异常歪斜的跃迁角度。它们全都弯向同一口未被测绘的井——飞船在那里消失，"星线"的编辑也愈发大胆。
The manifest fragment tags the same unscheduled service IDs that keep cropping up in backwater logs, but this time they all resolve to one place beneath the lightning city, buried under layers of corporate routing codes and half-erased timestamps.  \nWhat started as a broken slate in the dust, then a jittering tower's ghost readings, now points straight at Neon's lowest decks, where forgotten recalls and off-the-books calibrations go to be quietly misfiled.	这块舱单碎片标记着那些不断在穷乡日志里冒出的、同样的未排期服务 ID，但这一次它们全都解析到闪电之城下方的同一个地方，埋在层层企业航路代码与半被抹除的时间戳之下。\n始于尘土中一块破碎石板、随后是一座抖动塔楼的幽灵读数的东西，如今径直指向霓虹城最底层的甲板——被遗忘的召回与账外校准都会去那里被悄悄归档。
Each test reading etched into this fragment points to the same patch of quiet orbit, the same stress thresholds pushed just past sane limits, then logged as routine and filed away.  \nTaken with the stray report from that forgotten outpost and the unmarked cache adrift in dead space, the pattern is getting harder to dismiss as bad luck or bad maintenance and easier to read as someone methodically teaching the Settled Systems where, exactly, its bones will break.	刻在这块碎片上的每一处测试读数都指向同一片安静的轨道、同样被推过理智极限后又被登记为例行公事归档的应力阈值。\n连同来自那座被遗忘哨站的散落报告、以及死寂太空中漂流的未标记藏匿点一起看，这个图案越来越难以被当作坏运气或糟糕维护打发，而更容易读成有人在有条不紊地教导定居星系的骨头究竟会在哪里断裂。
When the orbital relay went dark, half the Well never noticed, but a few LIST clerks flinched like someone had kicked out a rung beneath them.  \nIn a corner booth, a broker reluctantly admits that traffic from certain doomed farms always bent through that now-empty coordinate, and that every survivor who crawled back from the fringe remembered the same careful pilot, the same wrong horizon, and a whisper about an orchard that never appears on any official chart.	当轨道中继站熄灭时，深井区有一半人从未注意，但少数独立盟文书却像有人踢掉了他们脚下的横档一样畏缩。\n在角落的隔间里，一名经纪商不情愿地承认，来自某几座注定毁灭农场的交通总是弯经那个如今空无一物的坐标，而每一个从边缘爬回来的幸存者都记得同一个谨慎的飞行员、同一道错误的地平线，以及一句关于某座从不出现于任何官方星图的果园的低语。
The altered cargo record turns the starport into the first real fork in the trail; the numbers point one way, the ship's actual jumps another, hinting at a hidden route buried under routine traffic.  \nCross-checking it against the data scraped from that dead survey site and the offhand timings muttered by frontier haulers shows the same discrepancy repeating: tiny course corrections and unexplained delays, always bending toward the same unmarked region of space.	被篡改的货物记录把这处星际港变成线索上第一个真正的岔口；数字指向一边，飞船实际的跃迁指向另一边，暗示着一条埋在例行交通之下的隐秘路线。\n把它与那座死勘测站蹭取的数据、以及边境运货船员随口嘟囔的时序交叉核对，显示出同样的差异反复出现：微小的航向修正与无法解释的延误，总是弯向同一片未标记的空域。
The decrypted route stitched itself across the map, a familiar grid bent just wrong enough to be hers, and every node along it pointed away from licensed colonies and back toward something she once tried to erase.  \nIn the queues and back rooms down here you already chased dead applications, doctored farm logs, a nervous broker, and a ruined survey ship full of half truths; now those fragments finally align into a single outbound line marked Hearthline Return Path.	解密出的路线在地图上自行缝合成形，一张熟悉得刚好被弯错的格栅——正是她的风格，沿线每一个节点都背离持照殖民地，回指向某种她曾试图抹去的东西。\n在下面这些队列与密室里，你已经追过失效的申请、被动过手脚的农场日志、一名紧张的经纪商，以及一艘装满半真半假的毁坏勘测船；如今那些碎片终于对齐成一条标着"炉线返航路径"的单一出港路线。
Someone in Gagarin Landing wired this manifold to do more than push waste; it quietly mirrors tug traffic and reroutes telemetry toward the same dead patch of stars that keeps surfacing in every rumor about him. Spliced signatures and familiar timing windows turn scrap yard gossip into a mapped return cycle, showing exactly how he slips in and out of that graveyard while everyone else sees only random drift. From the first forgotten dataslate on a backwater rock, through the carved patterns in a stripped Deimos lot and the buried traces in an old relay, every fragment has been pointing to the same hidden orbit he cannot quite leave behind.	加加林着陆点的某人把这座歧管接得不止用于输送废料；它悄然镜像拖船交通，并把遥测改道引向每一则关于他的传闻都会浮现的那片死星区。\n拼接的特征与熟悉的时序窗口把废料场闲话变成一张被绘出的往返周期，准确显示他如何进出那座墓场，而别人只看到随机漂移。\n从一块穷乡岩石上第一块被遗忘的数据板，到一座被拆空的火卫二场区里刻下的图案，再到一座旧中继站里被掩埋的痕迹，每一块碎片都指向同一个他难以真正抛下的隐秘轨道。
Inside the relay's dim cargo bay, scratched paint and forgotten crates blur together until one drum's routing code repeats the same skewed pattern you have been chasing across systems.  \nMapped out, those digits curl into a familiar spiral, pointing away from trade lanes toward the same dead region whispered about by salvagers and jump techs alike.  \nIt stitches your finds into a single thread: the lost slate from the backcountry wreck, the misjump logs pulled off that crippled freighter, and now a relay clerk's nervous directions all circling the work of one quiet navigation analyst who treats ship traffic like pieces on a distant board.	在中继站昏暗的货舱里，刮花的油漆与被遗忘的货箱模糊成一片，直到有一只油桶的航路代码重复出你跨星系一直追查的同样歪斜图案。\n标绘出来，那些数字蜷成一道熟悉的螺旋，背离贸易航道，指向拾荒者与跃迁技师同样低声谈论的那片死寂区域。\n它把你们的发现缝成一条线：来自穷乡残骸的失落石板、从那艘受损货船取下的错误跃迁日志，如今再加上一名中继站文书紧张指出的方向，全都环绕着一名安静的领航分析员的作品——他把航运交通当作遥远棋盘上的棋子。
The signal hidden in this orbit is not broadcasting a destination so much as a habit: a tiny angular nudge that repeats every time someone follows her off the sanctioned lanes, pushing ships along a curve too subtle for nervous captains to notice and too profitable for haulers to question. Its alignment matches the approach patterns buried in freight records on Jemison and the entry vectors of wrecks stripped clean near that forgotten scrapyard, all bending through the same stretch of dark. With this in hand, the chase shifts from rumor and wreckage to a single, shared trajectory that every missing ship seems to have traced before it vanished.	藏在这片轨道里的信号与其说在广播一个目的地，不如说在广播一种习惯：每当有人跟着她偏离制式航道，就会出现一次微小的角度推移，把飞船推上一道对紧张船长而言太细微、对运货船员而言太有利可图而不去质疑的曲线。\n它的对齐方式与埋在杰米森星货运记录里的接近模式、以及在那座被遗忘废料场附近被拆得干干净净的残骸的进入向量吻合，全都弯经同一片黑暗。\n有了它，追查便从传言与残骸转向一条共享的单一轨迹——每一艘失踪的飞船似乎都在消失前描过它。
The rooftop calculations match the orbital anomaly exactly; lines etched in Neon's haze now echo in the cold vacuum above, a repeating kink in space that no official chart admits exists. By tracing where those bent approach vectors finally converge, the hunt shifts from guessing his routes to following the single shared destination they all imply, somewhere far beyond regulated lanes.  \n\nThe scattered datapad in the hinterlands, the buried monitoring logs, and the rooftop drift patterns all describe the same quiet interference in navigation systems, a hidden hand turning routine jumps a few degrees off course toward an unseen point in the dark.	屋顶上的计算与轨道异常完全吻合；刻在霓虹城尘霾里的线条如今在上方冰冷的真空中回响，一处没有任何官方星图承认存在的空间扭结。\n追出那些弯曲接近向量最终汇聚之处，这场追查便从猜测他的航线，转向追随它们共同暗示的同一个目的地——在受管制航道之外某处远方。\n\n腹地那块散落的数据板、被掩埋的监测日志，以及屋顶的漂移图案，都描述着导航系统中同样安静的干扰：一只隐藏的手把例行跃迁转过几度，朝向黑暗中一个看不见的点。
The data shard hums faintly against the noise of leaking vents and distant club bass, its fractured coordinates snapping into place over a map of routes you have already walked without knowing. Last Cohort Vector is more than a heading; it is the pattern behind every triage bay and backroom clinic he has favored, pointing toward the one place where his control group could never be left alone.  \nWe traced him from a dead rock's anonymous slate, through gutted ships and scrubbed SysDef records, then down into this rusted maze where altered patients mutter the same phrases in different tongues, all unconsciously aligning toward the same hidden orbit.	数据碎片在漏风管与远处夜店低音的噪声中微弱嗡鸣，它破碎的坐标在你已经走过却不自知的一张路线图上啪地归位。\n"最终同群向量"不只是一个航向；它是他偏爱过的每一个分诊舱与后室诊所背后的图案，指向他的对照组绝不可能被单独留下的唯一地点。\n我们追踪他，从一块死岩石上的匿名石板，穿过被掏空的飞船与被擦净的联殖防务记录，再深入这座锈蚀迷宫——被改造的病患用不同语言嘟囔着同样的句子，全都不由自主地对齐向同一条隐秘轨道。
The log threads a thin line through the relay's routing tables, a smear of emergency-code residue that does not belong in a cargo hub, pointing toward a lane only a former rescue pilot would think to use. It names no ship outright, but the timestamps marry neatly to minor "accidents" and quiet claim payouts, sketching the outline of a hunter who chooses his disasters in advance. It is a fragile map, more absence than ink, but enough to say the ghost on the channels is not just rumor. So far all we really had were nudged guidance paths in an automated plant and scattered stories from haulers; now, for the first time, his hand shows up in the numbers.	日志在中继站的路由表中穿出一根细线，一抹本不该出现在货运枢纽里的应急代码残留，指向一条只有前任救援飞行员才会想到使用的航道。\n它没有直接点出任何船只，但时间戳与一些轻微"事故"和安静的索赔付款严丝合缝地配对，勾出一个提前选定自己灾难的猎人的轮廓。\n这是一张脆弱的图，更多的是空缺而非墨水，但足以说明频道上的幽灵不只是传言。\n截至目前，我们真正掌握的只有一座自动化工厂里被轻推的引导路径与运货船员零散的故事；如今，他的手第一次出现在数字里。
The depot sits at the dead end of a dozen forgotten freight spurs, exactly where someone would stash routing records that were never meant to survive an audit. Rusted loaders and sealed crates make good cover, and the only witnesses here are long-haul crews who learned not to ask why certain shipments changed hands off the books. If there is a thread tying erased queues to unlogged tows, it will be buried in whatever dispatch logs were quietly redirected out of official storage. Up to now, all I have are a stray slate from a nowhere rock and a handful of nervous stories about delayed responses that always seemed to favor the same shadow on the edge of the lanes.	仓库坐落在十几条被遗忘货运支线的死胡同尽头，正是有人会藏匿那些本不该挺过审计的航路记录的地方。\n生锈的装载机与密封货箱是很好的掩护，而这里唯一的目击者是那些学会了不问某些货物为何在账外易手的长途船员。\n如果真有一条把被抹除的队列与未登记的拖曳系起来的线，它就会埋在被悄然转出官方存储的调度日志里。\n截至目前，我手里的只有一块无名岩石上的散落石板，以及少数关于迟缓响应的紧张故事——它们似乎总是偏袒航道边缘的同一道影子。
The wrecked platform's last transmission unspools into a thin, skeletal map, a pale trace of navigation data reaching far beyond any mining claim. Threaded between routine course updates is a single, deliberate correction, nudging condemned hulls away from commercial lanes and toward a quiet pocket of space that should not see that much traffic. Whoever altered those routes knew drive tolerances, patrol blind spots, and how to make a detour look like turbulence in the logs. Between the dead spacer's slate and the corrupted buoy I found earlier, every scrap of data now agrees on one thing: someone with a shipwright's eye is rewriting where broken ships go to vanish.	那座损毁平台最后的传输展开成一张纤细如骨架的地图，一道苍白、远超任何采矿权的导航数据痕迹。\n穿在例行航向更新之间的，是一处刻意的单一修正：把废船推离商业航道，驶向一片本不该有那么多交通的安静空域。\n改动那些航线的人了解引擎容差、巡逻盲点，也知道如何让一次绕行在日志里看起来像湍流。\n在死去太空人的石板与我早先发现的损坏浮标之间，每一片数据如今都在一件事上达成一致：某个具备造船师眼光的人，正在改写破船消失的去处。
Asteroid Mine	小行星矿
Fuel Station	燃料站
Storage Platform	储存平台
Smuggler	走私者
Mir II	米尔II
Procyon-B I	南河三-B I
Luyten's Rock	鲁坦星之石
Pup I	天狼星-B I
Van Maanen I	范马南星I
Oborum Proxima I	奥布罗比邻星I
Bolivar I	玻利瓦尔I
Tirna B	缇尔纳B
Ophion I	俄菲翁I
Bannoc Secondus I	班诺克二I
Frost	弗罗斯星
Sagan I	萨根I
Bounty	赏金
Assault	袭击
Communication Satellite	通讯卫星
Research Station	研究站
Shipment	货物
Colonist	殖民者
Scientist	科学家
Starhawk	星辰鹰
Voyager	旅行者
Naginata III	纳吉纳塔III
Resource	资源
Locate and Destroy the <Alias=PrimaryRef>	找到并摧毁<Alias=PrimaryRef>
Neon	霓虹城
Akila	阿基拉星
The Den	巢穴站
The Clinic	星际诊所号
Nest	巢穴
Forgotten Military Base	被遗忘的军事基地
Deserted Robotics Lab	被遗弃的机器人实验室
Abandoned Industrial Compound	废弃工业设施
Abandoned Shipping Depot	废弃货运仓库
Abandoned Mine	废弃矿井
Deserted UC Garrison	被遗弃的联殖军营
Abandoned Farm	废弃农场
Deserted Colony War Barracks	被遗弃的殖民地大战军营
Abandoned Mining Platform	废弃矿井平台
Abandoned Cryo Lab	废弃低温实验室
Abandoned Mineral Refinery	废弃矿物精炼厂
Abandoned Hangar	废弃机库
Science Facility	科学设施
Abandoned Mining Rig	废弃矿井钻塔
Autonomous Dogstar Factory	自动化犬星工厂
Deserted Research Outpost	被遗弃的研究哨站
Mineral Caverns	矿产洞穴
Hillside Cave	山腰洞穴
Mining Complex	采矿设施
Science Research Tower	科学研究塔
Maintenance Garage	维护机库
Helium-3 Plant	氦-3工厂
Abandoned Deimos Scrapyard	废弃火卫二废料场
Deserted UC Listening Post	被遗弃的联殖听音哨
Deserted Ecliptic Garrison	被遗弃的黄道佣兵团军营
Abandoned Muybridge Pharmaceuticals Lab	废弃迈布里奇制药实验室
Deserted Relay Station	被遗弃的中继站
Planetside Fuel Depot	行星边际燃料仓库
Abandoned Weapon Station	废弃武器站
Deserted Biotics Lab	被遗弃的生物实验室
Deserted Freestar Collective Garrison	被遗弃的自由星系联盟军营
Abandoned Bionics Lab	废弃仿生学实验室
Satellite Beacon	人造卫星信标
Entry	条目
Default	默认
The Well	深井区
Trade Tower: Astral Lounge	贸易大楼：星光酒廊
Taiyo Astroneering Store	太阳航宇商店
Freestar Collective Embassy	自由星系联盟大使馆
Jemison Mercantile Store Room	杰米森贸易仓储间
Cydonia - Central Hub	赛多尼亚 - 中央枢纽
Neon Core	霓虹城核心
Cydonia - Residential	赛多尼亚 - 住宅区
HopeTown World	霍普镇世界
Red Mile	红里
Akila City	阿基拉城
Gagarin Landing	加加林着陆点
Waggoner Farm	瓦戈纳农场
Pilot	飞行员
Ecliptic Specialist	黄道佣兵团专家
Spacer Captain	太空劫匪船长
Quick Test Cell	快速测试单元
Station	星际站
Bounty Target	悬赏通缉犯
Surveying	勘探
Landing Pad - Small	停机坪 - 小型
