#line	chars	hits	ILST/TEXT	text
2338	1	33	ILST/TEXT	 
5504	3	2	ILST/TEXT	Hm.
3687	4	1	ILST/TEXT	Hmm?
7924	4	1	ILST/TEXT	Hey.
6185	5	1	ILST/TEXT	Good.
7479	5	1	ILST/TEXT	Here.
7498	5	2	ILST/TEXT	Okay.
7541	5	1	ILST/TEXT	Move!
7582	5	3	ILST/TEXT	Duck!
7841	5	1	ILST/TEXT	Here!
7849	5	2	ILST/TEXT	Sure.
7919	5	1	ILST/TEXT	Nice.
7928	5	1	ILST/TEXT	Fine.
6418	6	1	ILST/TEXT	Speak.
7471	6	1	ILST/TEXT	Roger.
7472	6	1	ILST/TEXT	On it.
7548	6	1	ILST/TEXT	Right.
7922	6	1	ILST/TEXT	Mmhmm.
7449	7	4	ILST/TEXT	Can do.
7528	7	5	ILST/TEXT	Gotcha.
7640	7	2	ILST/TEXT	Agreed.
7824	7	1	ILST/TEXT	Simple.
7855	7	1	ILST/TEXT	Gotcha!
7926	7	1	ILST/TEXT	Uh huh.
7454	8	5	ILST/TEXT	So long.
7455	8	1	ILST/TEXT	Buh bye!
7461	8	1	ILST/TEXT	For you.
7497	8	2	ILST/TEXT	Careful!
7504	8	1	ILST/TEXT	Got you.
7554	8	1	ILST/TEXT	So long!
7783	8	1	ILST/TEXT	Got 'em!
7798	8	1	ILST/TEXT	Careful.
7007	9	1	ILST/TEXT	Let's go.
7457	9	1	ILST/TEXT	Shall we?
7473	9	1	ILST/TEXT	Happy to.
7522	9	3	ILST/TEXT	Watch it!
7532	9	1	ILST/TEXT	Alrighty!
7564	9	2	ILST/TEXT	Get back!
7722	9	1	ILST/TEXT	Watch it.
7785	9	1	ILST/TEXT	Let's go!
7823	9	1	ILST/TEXT	So be it.
7842	9	1	ILST/TEXT	Get them!
7900	9	1	ILST/TEXT	Have fun!
7921	9	1	ILST/TEXT	Go ahead.
3576	10	1	ILST/TEXT	Eyes open!
6083	10	2	ILST/TEXT	Very well.
6246	10	1	ILST/TEXT	Oh. Hello.
6947	10	1	ILST/TEXT	Hold on...
7017	10	1	ILST/TEXT	Same plan?
7138	10	1	ILST/TEXT	Touchdown.
7417	10	2	ILST/TEXT	Take this!
7436	10	1	ILST/TEXT	Good idea!
7453	10	1	ILST/TEXT	Take this.
7570	10	2	ILST/TEXT	Excellent!
7636	10	1	ILST/TEXT	I'm on it.
7639	10	1	ILST/TEXT	Good idea.
7642	10	1	ILST/TEXT	To battle!
7654	10	1	ILST/TEXT	Fantastic!
7710	10	1	ILST/TEXT	Fire away.
7718	10	2	ILST/TEXT	Certainly!
7768	10	1	ILST/TEXT	Good call.
7805	10	1	ILST/TEXT	Brilliant!
7807	10	1	ILST/TEXT	You ready?
7857	10	1	ILST/TEXT	Good plan.
7874	10	1	ILST/TEXT	Going out!
7915	10	1	ILST/TEXT	I like it.
5763	11	1	ILST/TEXT	Never mind.
6315	11	2	ILST/TEXT	Understood.
7432	11	8	ILST/TEXT	I hear you.
7478	11	1	ILST/TEXT	Time to go.
7512	11	6	ILST/TEXT	You got it.
7519	11	1	ILST/TEXT	Easy peasy!
7542	11	1	ILST/TEXT	Look alive!
7545	11	2	ILST/TEXT	Yeah, sure.
7547	11	1	ILST/TEXT	That'll do.
7585	11	4	ILST/TEXT	Roger that.
7589	11	1	ILST/TEXT	Okay by me.
7620	11	4	ILST/TEXT	Sure thing.
7719	11	2	ILST/TEXT	Watch this!
7770	11	3	ILST/TEXT	Right here.
7771	11	2	ILST/TEXT	Here we go.
7779	11	1	ILST/TEXT	Be careful!
7782	11	2	ILST/TEXT	Roger that!
7810	11	1	ILST/TEXT	Make ready.
7845	11	2	ILST/TEXT	You got it!
7858	11	1	ILST/TEXT	Fine by me.
7864	11	2	ILST/TEXT	Make ready!
7876	11	1	ILST/TEXT	I got this.
8051	11	1	ILST/TEXT	Schmumph...
8106	11	1	ILST/TEXT	...Standby.
5604	12	1	ILST/TEXT	Efficiently.
7231	12	1	ILST/TEXT	Here, catch!
7418	12	1	ILST/TEXT	Enjoy, boss!
7469	12	1	ILST/TEXT	Action time!
7534	12	1	ILST/TEXT	For Delgado!
7566	12	1	ILST/TEXT	My pleasure.
7584	12	1	ILST/TEXT	Sounds good.
7592	12	2	ILST/TEXT	Here you go.
7667	12	1	ILST/TEXT	I've got it.
7747	12	2	ILST/TEXT	Easy enough.
7840	12	1	ILST/TEXT	How's this?!
7869	12	1	ILST/TEXT	Light em up!
7875	12	1	ILST/TEXT	Sending one!
7907	12	1	ILST/TEXT	We got this.
7920	12	1	ILST/TEXT	That's cool.
7923	12	1	ILST/TEXT	Fair enough.
6564	13	1	ILST/TEXT	Fine by me...
6778	13	1	ILST/TEXT	Smank smoo...
7450	13	2	ILST/TEXT	Yes, Captain.
7463	13	1	ILST/TEXT	Care package.
7477	13	1	ILST/TEXT	Looking good.
7509	13	2	ILST/TEXT	Opening fire!
7526	13	2	ILST/TEXT	Works for me.
7529	13	1	ILST/TEXT	Roger dodger!
7549	13	2	ILST/TEXT	I've got you!
7561	13	3	ILST/TEXT	Hit the dirt!
7586	13	1	ILST/TEXT	Sure, can do.
7604	13	1	ILST/TEXT	Can do, boss.
7668	13	4	ILST/TEXT	I understand.
7672	13	3	ILST/TEXT	Need a hand?!
7816	13	1	ILST/TEXT	Remain alert!
7867	13	1	ILST/TEXT	Take em down!
8125	13	1	ILST/TEXT	Cheers, boss.
6186	14	1	ILST/TEXT	If you must...
6411	14	1	ILST/TEXT	I'm listening.
6656	14	1	ILST/TEXT	More Intel...?
6908	14	1	ILST/TEXT	Adios, drones!
7434	14	1	ILST/TEXT	Suit yourself.
7435	14	7	ILST/TEXT	I can do that.
7440	14	1	ILST/TEXT	Happy to help!
7444	14	1	ILST/TEXT	Ready to fire!
7470	14	1	ILST/TEXT	Time to tango!
7531	14	3	ILST/TEXT	Not a problem.
7540	14	2	ILST/TEXT	Outta the way!
7588	14	1	ILST/TEXT	Right-o, boss!
7618	14	1	ILST/TEXT	I've got this.
7678	14	2	ILST/TEXT	Sure, Captain.
7720	14	1	ILST/TEXT	Eyes up, boss!
7730	14	1	ILST/TEXT	Sure, why not?
7731	14	1	ILST/TEXT	Sure, alright.
7734	14	2	ILST/TEXT	Here it comes!
7765	14	2	ILST/TEXT	Piece of cake.
7800	14	1	ILST/TEXT	Okay, Captain!
7827	14	1	ILST/TEXT	If you insist.
5637	15	1	ILST/TEXT	Can I help you?
5687	15	1	ILST/TEXT	...Yes! That...
6043	15	1	ILST/TEXT	Neah, I'm good.
6811	15	1	ILST/TEXT	I'll tag along!
6837	15	1	ILST/TEXT	...Hammer down!
6892	15	1	ILST/TEXT	Skydrop's a go!
7150	15	1	ILST/TEXT	...Oooooh shit.
7416	15	1	ILST/TEXT	You drop this?!
7422	15	1	ILST/TEXT	Need some help?
7429	15	1	ILST/TEXT	Yes, of course.
7431	15	1	ILST/TEXT	Okay, I'm game.
7445	15	4	ILST/TEXT	Out of the way!
7446	15	2	ILST/TEXT	Duck and cover!
7462	15	1	ILST/TEXT	Sent with love!
7480	15	1	ILST/TEXT	Watch yourself!
7503	15	4	ILST/TEXT	I can see that.
7533	15	1	ILST/TEXT	For the Legacy!
7572	15	1	ILST/TEXT	Alrighty, boss.
7574	15	1	ILST/TEXT	And here we go!
7617	15	5	ILST/TEXT	Leave it to me.
7653	15	1	ILST/TEXT	I'll handle it.
7692	15	1	ILST/TEXT	Brace yourself.
7767	15	1	ILST/TEXT	I'm good to go.
7811	15	1	ILST/TEXT	Ready yourself.
7815	15	1	ILST/TEXT	Watch yourself.
7833	15	1	ILST/TEXT	Take them down!
7879	15	1	ILST/TEXT	Here they come!
7904	15	1	ILST/TEXT	Ready yourself!
7909	15	1	ILST/TEXT	Oh, I got this!
7947	15	1	ILST/TEXT	Got your flare!
7973	15	1	ILST/TEXT	Flare marked...
8133	15	1	ILST/TEXT	Let's end this!
5649	16	1	ILST/TEXT	Huh, is that so?
5910	16	1	ILST/TEXT	Need a patch-up?
6188	16	1	ILST/TEXT	I suppose not...
6774	16	1	ILST/TEXT	Bet's bust bo...
6788	16	1	ILST/TEXT	Map mappened...?
6818	16	1	ILST/TEXT	Wait... Oh no...
7072	16	1	ILST/TEXT	Good to see you!
7135	16	1	ILST/TEXT	*gasp* I am...?!
7278	16	1	ILST/TEXT	I'm listening...
7419	16	1	ILST/TEXT	Watch your back.
7439	16	1	ILST/TEXT	Here, take this.
7485	16	2	ILST/TEXT	Okay, I'm ready.
7491	16	1	ILST/TEXT	This is for you!
7494	16	1	ILST/TEXT	Watch your head!
7502	16	1	ILST/TEXT	I'd be happy to.
7515	16	1	ILST/TEXT	Can do, Captain!
7521	16	1	ILST/TEXT	Watch out, boss!
7539	16	1	ILST/TEXT	So long suckers!
7556	16	3	ILST/TEXT	This is for you.
7571	16	3	ILST/TEXT	Can do, Captain.
7575	16	1	ILST/TEXT	Weapon's online!
7591	16	1	ILST/TEXT	Sending one out.
7632	16	1	ILST/TEXT	Cover your head!
7648	16	1	ILST/TEXT	Begone evildoer!
7796	16	1	ILST/TEXT	Watch your head.
7881	16	1	ILST/TEXT	Clamps released.
7959	16	1	ILST/TEXT	I see the flare.
8122	16	1	ILST/TEXT	Tossing one out!
8141	16	1	ILST/TEXT	Happy to oblige.
5580	17	1	ILST/TEXT	Have it your way.
6407	17	1	ILST/TEXT	Will that be all?
6413	17	1	ILST/TEXT	What do you need?
6581	17	1	ILST/TEXT	No harm, no foul.
6783	17	1	ILST/TEXT	Pucking pucker...
6835	17	1	ILST/TEXT	...Coming in hot!
6838	17	1	ILST/TEXT	...It's showtime!
6856	17	1	ILST/TEXT	On my way down...
6893	17	1	ILST/TEXT	Time for Skydrop!
7077	17	1	ILST/TEXT	So what do we do?
7448	17	2	ILST/TEXT	I'll handle this.
7468	17	2	ILST/TEXT	Be on your guard.
7486	17	1	ILST/TEXT	I have your back.
7553	17	1	ILST/TEXT	Watch this, boss!
7565	17	1	ILST/TEXT	You got it, boss.
7587	17	1	ILST/TEXT	Sure, no problem.
7603	17	1	ILST/TEXT	I'm on it, chief!
7644	17	1	ILST/TEXT	Protect yourself.
7655	17	1	ILST/TEXT	Aye aye, Captain!
7691	17	3	ILST/TEXT	Fire in the hole!
7700	17	1	ILST/TEXT	Alright, Captain.
7741	17	1	ILST/TEXT	No argument here.
7746	17	1	ILST/TEXT	Music to my ears.
7801	17	1	ILST/TEXT	I like that plan.
7836	17	1	ILST/TEXT	Let them have it!
7846	17	1	ILST/TEXT	Will do, Captain!
7847	17	1	ILST/TEXT	That sounds good.
7852	17	1	ILST/TEXT	I'll handle that.
7893	17	1	ILST/TEXT	Right-o, Captain.
7896	17	1	ILST/TEXT	Special delivery!
7897	17	1	ILST/TEXT	My favorite part!
7917	17	1	ILST/TEXT	Su casa, mi casa.
7972	17	1	ILST/TEXT	Got your Flare...
8003	17	1	ILST/TEXT	Skydrop underway.
5554	18	1	ILST/TEXT	Hey, it's a start!
5672	18	1	ILST/TEXT	That's the spirit!
5792	18	1	ILST/TEXT	No more questions.
5838	18	1	ILST/TEXT	Okay, let's see...
6245	18	1	ILST/TEXT	Build the Skydrop.
6566	18	1	ILST/TEXT	Okay, your call...
6820	18	1	ILST/TEXT	Alright! Time to--
6886	18	1	ILST/TEXT	I've got a read...
7033	18	1	ILST/TEXT	Back to the grind!
7127	18	1	ILST/TEXT	Sounds good to me!
7192	18	1	ILST/TEXT	I'm not ready yet.
7430	18	1	ILST/TEXT	Seems easy enough.
7452	18	1	ILST/TEXT	Any time, Captain.
7568	18	1	ILST/TEXT	I can handle that.
7577	18	1	ILST/TEXT	Time for the boom!
7580	18	1	ILST/TEXT	Get outta the way!
7602	18	1	ILST/TEXT	Sounds good, boss.
7621	18	1	ILST/TEXT	I can manage that.
7658	18	1	ILST/TEXT	I'm happy to help!
7662	18	1	ILST/TEXT	Captain, look out!
7690	18	1	ILST/TEXT	Get down, Captain!
7702	18	1	ILST/TEXT	Need help, Dusty?!
7723	18	1	ILST/TEXT	Hit the deck, Cap!
7751	18	1	ILST/TEXT	This is all yours.
7766	18	1	ILST/TEXT	I'm all over this.
7792	18	1	ILST/TEXT	They're in for it!
7793	18	1	ILST/TEXT	Look out, Captain!
7906	18	1	ILST/TEXT	Numbers check out.
7962	18	1	ILST/TEXT	Got your signal...
7974	18	1	ILST/TEXT	Target acquired...
8061	18	1	ILST/TEXT	Ruabaubu buba...b!
5362	19	1	ILST/TEXT	What? What's wrong?
5653	19	1	ILST/TEXT	There, much better.
6455	19	1	ILST/TEXT	Please, keep going.
6515	19	1	ILST/TEXT	Here's what I have.
6777	19	1	ILST/TEXT	Mopmever moomino...
6803	19	1	ILST/TEXT	First switch, nice!
6950	19	1	ILST/TEXT	Give it a second...
7010	19	1	ILST/TEXT	Not ready just yet.
7068	19	1	ILST/TEXT	You know the drill!
7424	19	1	ILST/TEXT	Get out of the way!
7458	19	1	ILST/TEXT	Alright, get ready.
7481	19	1	ILST/TEXT	Watch out, Captain!
7594	19	1	ILST/TEXT	Weapon's up, chief!
7637	19	1	ILST/TEXT	Yeah, works for me.
7663	19	1	ILST/TEXT	You need something?
7665	19	2	ILST/TEXT	Sounds like a plan.
7684	19	1	ILST/TEXT	I've got your back.
7695	19	1	ILST/TEXT	Of course, Captain.
7716	19	1	ILST/TEXT	That's fine, Dusty.
7750	19	1	ILST/TEXT	Get a load of this.
7831	19	1	ILST/TEXT	This should be fun!
7856	19	1	ILST/TEXT	Good work, Captain.
7888	19	1	ILST/TEXT	I've got my orders.
7916	19	1	ILST/TEXT	Party time I guess.
8123	19	1	ILST/TEXT	That one's a goner!
5840	20	1	ILST/TEXT	Let's take a look...
5980	20	1	ILST/TEXT	Whatever you prefer.
6728	20	1	ILST/TEXT	Cansmango titango...
6953	20	1	ILST/TEXT	Just a bit longer...
7117	20	1	ILST/TEXT	And there you are...
7136	20	1	ILST/TEXT	Torin! You're alive?
7406	20	1	ILST/TEXT	Ah, and there he is!
7516	20	1	ILST/TEXT	Yeah, I'll help out.
7518	20	1	ILST/TEXT	No problem, Captain.
7527	20	1	ILST/TEXT	I'll make it happen.
7552	20	1	ILST/TEXT	Alright, let's roll!
7600	20	1	ILST/TEXT	Here comes the boom!
7601	20	1	ILST/TEXT	Time to earn my pay.
7616	20	1	ILST/TEXT	Understood, Captain.
7633	20	1	ILST/TEXT	You can count on me.
7651	20	1	ILST/TEXT	Following your lead!
7781	20	1	ILST/TEXT	Sounds good, deputy!
7790	20	1	ILST/TEXT	I'll have your back.
7797	20	1	ILST/TEXT	Stay sharp, Captain.
7818	20	1	ILST/TEXT	Ordinance going out.
7848	20	1	ILST/TEXT	Sure thing, Captain!
7853	20	1	ILST/TEXT	I don't see why not.
7905	20	1	ILST/TEXT	Time to get to work!
8006	20	1	ILST/TEXT	Deploying asset now.
8079	20	1	ILST/TEXT	Here we are again...
8132	20	1	ILST/TEXT	Let's give 'em hell!
8137	20	1	ILST/TEXT	Sure, I can do that.
5494	21	1	ILST/TEXT	So, you own Stardock?
5661	21	1	ILST/TEXT	Good to see you back!
5681	21	1	ILST/TEXT	Who is "a few of us"?
6018	21	1	ILST/TEXT	Sure, I'll try again.
6132	21	1	ILST/TEXT	Neural restructuring?
6187	21	1	ILST/TEXT	Ask, and I'll answer.
6412	21	1	ILST/TEXT	Is this about a ship?
6616	21	1	ILST/TEXT	What's on your mind? 
6622	21	1	ILST/TEXT	What can I do for ya?
6719	21	1	ILST/TEXT	Impatient, aren't we?
6732	21	1	ILST/TEXT	Mink mopping op ip...
6776	21	1	ILST/TEXT	Ish da smech smed...?
6894	21	1	ILST/TEXT	It's Skydrop o'clock!
6962	21	1	ILST/TEXT	Familiar territory...
7009	21	1	ILST/TEXT	Okay, I'll wait here.
7070	21	1	ILST/TEXT	Good to be back, huh?
7237	21	1	ILST/TEXT	Hah! You and me both!
7405	21	1	ILST/TEXT	Ah, and there she is!
7476	21	1	ILST/TEXT	That looks promising.
7487	21	1	ILST/TEXT	What can I help with?
7500	21	1	ILST/TEXT	I'd be happy to help.
7535	21	1	ILST/TEXT	Got something for ya!
7555	21	2	ILST/TEXT	Try this on for size!
7647	21	1	ILST/TEXT	Boom-booms in flight!
7685	21	1	ILST/TEXT	I've got you covered.
7713	21	1	ILST/TEXT	I'll take care of it.
7757	21	1	ILST/TEXT	Let's give them hell.
7761	21	1	ILST/TEXT	This is gonna be fun!
7809	21	1	ILST/TEXT	Now we're having fun!
7883	21	1	ILST/TEXT	I'll get right on it.
7945	21	1	ILST/TEXT	Need help? I'm on it.
7950	21	1	ILST/TEXT	I see you down there!
5484	22	1	ILST/TEXT	How do you know Torin?
5590	22	1	ILST/TEXT	Hm. That is a problem.
5718	22	1	ILST/TEXT	And there goes Harper.
5915	22	1	ILST/TEXT	Looking for a checkup?
6071	22	1	ILST/TEXT	What sort of upgrades?
6235	22	1	ILST/TEXT	No, just saying hello.
6323	22	1	ILST/TEXT	Let's build a Skydrop.
6416	22	1	ILST/TEXT	Do you need a Skydrop?
6510	22	1	ILST/TEXT	Can we talk about you?
6661	22	1	ILST/TEXT	Great, hand it over...
6720	22	1	ILST/TEXT	I'll see you in space.
6885	22	1	ILST/TEXT	Picked up the flare...
6943	22	1	ILST/TEXT	Telemetry coming in...
6963	22	1	ILST/TEXT	Round and round we go.
7003	22	1	ILST/TEXT	Just like old times...
7071	22	1	ILST/TEXT	And here we are again.
7420	22	1	ILST/TEXT	This is for you, boss!
7421	22	1	ILST/TEXT	That's the good stuff!
7437	22	1	ILST/TEXT	Time for a little fun!
7456	22	1	ILST/TEXT	This is gonna be good!
7460	22	6	ILST/TEXT	Here, this is for you.
7510	22	1	ILST/TEXT	Light 'em up, Captain!
7593	22	1	ILST/TEXT	I got your back, boss!
7646	22	1	ILST/TEXT	Explosive thingy away!
7742	22	1	ILST/TEXT	I'll get the job done.
7753	22	1	ILST/TEXT	Got a present for you.
7774	22	1	ILST/TEXT	Weapon's looking good!
7891	22	1	ILST/TEXT	Time to earn our keep.
7983	22	1	ILST/TEXT	Utility drop incoming!
7994	22	1	ILST/TEXT	Utility drop inbound! 
8033	22	1	ILST/TEXT	Gruuuod tsuee yaaou...
8120	22	1	ILST/TEXT	Watchtower again, huh?
5573	23	1	ILST/TEXT	I'm not ready for this.
6294	23	1	ILST/TEXT	Hm. Fine. Was that all?
6317	23	1	ILST/TEXT	All right. No Skydrops.
6400	23	1	ILST/TEXT	This won't take long...
6508	23	1	ILST/TEXT	What do you wanna know?
6726	23	1	ILST/TEXT	Smext shmime bebemba...
6790	23	1	ILST/TEXT	Shhimns and smmedles...
6870	23	1	ILST/TEXT	Boom! Facility cracked.
6890	23	1	ILST/TEXT	Here comes the Skydrop!
6961	23	1	ILST/TEXT	Good old Eridani III...
7052	23	1	ILST/TEXT	Welcome to Stardock Pi!
7055	23	1	ILST/TEXT	Welcome to Stardock Ni!
7056	23	1	ILST/TEXT	Welcome to Stardock Mi!
7404	23	1	ILST/TEXT	Ah, and there they are!
7428	23	1	ILST/TEXT	Light them up, Captain!
7433	23	1	ILST/TEXT	Whatever you say, boss.
7466	23	1	ILST/TEXT	Get ready for anything.
7517	23	1	ILST/TEXT	Sure Captain, I'm game!
7536	23	3	ILST/TEXT	Weapon's ready to fire!
7551	23	1	ILST/TEXT	Alright, time to party!
7560	23	1	ILST/TEXT	Ready to fire, Captain!
7619	23	1	ILST/TEXT	I'll take care of that.
7643	23	1	ILST/TEXT	Stay clear of the boom!
7704	23	1	ILST/TEXT	Weapon's ready to fire.
7759	23	1	ILST/TEXT	Get ready for the boom!
7808	23	1	ILST/TEXT	Why skip the fun part?!
7819	23	1	ILST/TEXT	Mind your surroundings.
7951	23	1	ILST/TEXT	Got eyes on your flare.
7977	23	1	ILST/TEXT	Confirmed your Flare...
8062	23	1	ILST/TEXT	Thansumal sassa sshh...
8075	23	1	ILST/TEXT	Yup, same as last time.
5473	24	1	ILST/TEXT	How'd you find the Post?
5566	24	1	ILST/TEXT	Made a good choice, too!
6184	24	1	ILST/TEXT	Was there anything else?
6196	24	1	ILST/TEXT	Here's what I can offer.
6223	24	1	ILST/TEXT	I'll handle the repairs.
6565	24	1	ILST/TEXT	Alright, let's adjust...
6607	24	1	ILST/TEXT	Just give me a minute...
6832	24	1	ILST/TEXT	That's what we came for!
6888	24	1	ILST/TEXT	Flare position received!
6965	24	1	ILST/TEXT	Well, here we are again.
6977	24	1	ILST/TEXT	Fine. But don't be long!
7045	24	1	ILST/TEXT	Welcome to Stardock Psi!
7046	24	1	ILST/TEXT	Welcome to Stardock Chi!
7047	24	1	ILST/TEXT	Welcome to Stardock Phi!
7049	24	1	ILST/TEXT	Welcome to Stardock Tau!
7051	24	1	ILST/TEXT	Welcome to Stardock Rho!
7054	24	1	ILST/TEXT	Welcome to Stardock Ksi!
7061	24	1	ILST/TEXT	Welcome to Stardock Eta!
7361	24	1	ILST/TEXT	They're hunting you too?
7501	24	1	ILST/TEXT	I'd be happy to do that.
7513	24	1	ILST/TEXT	Sure, I can handle that.
7562	24	1	ILST/TEXT	Get ready for fireworks!
7775	24	1	ILST/TEXT	Time for some firepower!
7854	24	1	ILST/TEXT	Happy to be helping out!
7903	24	1	ILST/TEXT	Equipment check. Got it.
7952	24	1	ILST/TEXT	Copy that. One second...
7956	24	1	ILST/TEXT	An Armillary? Hold on...
7976	24	1	ILST/TEXT	Flare signal received...
7978	24	1	ILST/TEXT	Okay, here goes nothing!
7995	24	1	ILST/TEXT	Utility drop incoming...
5522	25	1	ILST/TEXT	I suppose time will tell.
5594	25	1	ILST/TEXT	So... how does this work?
5675	25	1	ILST/TEXT	Okay, let's go meet Gren.
5695	25	1	ILST/TEXT	Aaah... You already know!
5771	25	1	ILST/TEXT	Do you need any services?
5820	25	1	ILST/TEXT	That should deal with it.
5823	25	1	ILST/TEXT	You're completely healed.
6068	25	1	ILST/TEXT	No more about Watchtower.
6360	25	1	ILST/TEXT	Yes, unlock this Skydrop.
6620	25	1	ILST/TEXT	Back from the black, huh?
6797	25	1	ILST/TEXT	Just a little bit more...
6941	25	1	ILST/TEXT	Here it comes... Aaand...
6968	25	1	ILST/TEXT	Flare for you. Excelsior!
7059	25	1	ILST/TEXT	Welcome to Stardock Iota!
7062	25	1	ILST/TEXT	Welcome to Stardock Zeta!
7107	25	1	ILST/TEXT	Welcome to Stardock Beta!
7413	25	1	ILST/TEXT	I'll be going, excuse me.
7493	25	1	ILST/TEXT	Weapons are looking good!
7508	25	2	ILST/TEXT	I'm happy to lend a hand.
7557	25	1	ILST/TEXT	I'm happy to lend a hand!
7671	25	1	ILST/TEXT	Need something, Captain?!
7763	25	1	ILST/TEXT	Oh, I'm gonna enjoy this!
7791	25	1	ILST/TEXT	I have something for you.
7882	25	1	ILST/TEXT	Weapons are in the green!
7946	25	1	ILST/TEXT	Hear you, loud and clear.
7953	25	1	ILST/TEXT	I'm reading your flare...
7958	25	1	ILST/TEXT	Need some Utilities, huh?
7996	25	1	ILST/TEXT	Friendly tin-can inbound!
8007	25	1	ILST/TEXT	Delivering a payload now.
8127	25	1	ILST/TEXT	Combat systems are ready.
5472	26	1	ILST/TEXT	How did you find the Post?
5525	26	1	ILST/TEXT	No Skydrop for me, thanks.
5770	26	1	ILST/TEXT	I think I've heard enough.
5773	26	1	ILST/TEXT	No problem. Anything else?
6128	26	1	ILST/TEXT	Were you happy in Cydonia?
6431	26	1	ILST/TEXT	Sorry, I'm not interested.
6583	26	1	ILST/TEXT	Sure, no skin off my nose.
6791	26	1	ILST/TEXT	Hey...? Hey, you alright?!
6830	26	1	ILST/TEXT	Hey, good job! You got it.
6889	26	1	ILST/TEXT	Got a read on the flare...
7019	26	1	ILST/TEXT	Any last-minute questions?
7044	26	1	ILST/TEXT	Welcome to Stardock Omega!
7050	26	1	ILST/TEXT	Welcome to Stardock Sigma!
7057	26	1	ILST/TEXT	Welcome to Stardock Lamda!
7058	26	1	ILST/TEXT	Welcome to Stardock Kappa!
7060	26	1	ILST/TEXT	Welcome to Stardock Theta!
7064	26	1	ILST/TEXT	Welcome to Stardock Delta!
7065	26	1	ILST/TEXT	Welcome to Stardock Gamma!
7179	26	1	ILST/TEXT	Okay! Have a good landing!
7438	26	1	ILST/TEXT	Ready for action, Captain!
7492	26	3	ILST/TEXT	Weapons are ready to fire!
7546	26	1	ILST/TEXT	Time to have a little fun!
7686	26	1	ILST/TEXT	Weapons are ready to fire.
7697	26	1	ILST/TEXT	I'm happy to help, Captain
7830	26	1	ILST/TEXT	Weapon's looking all good!
7865	26	1	ILST/TEXT	All you had to do was ask.
7887	26	1	ILST/TEXT	Switching to a new target!
7932	26	1	ILST/TEXT	Beginning combat protocol.
7975	26	1	ILST/TEXT	Copy that Flare request...
7981	26	1	ILST/TEXT	Get ready for a fast drop!
8004	26	1	ILST/TEXT	Target locked, firing now.
8095	26	1	ILST/TEXT	Wait, how did you find me?
5480	27	1	ILST/TEXT	What do you mean "almost"?!
5528	27	1	ILST/TEXT	Do I really need a Skydrop?
5555	27	1	ILST/TEXT	Yeah, we owe you one, Gren!
5560	27	1	ILST/TEXT	Thanks a lot for your help.
5625	27	1	ILST/TEXT	Why'd you leave Watchtower?
5772	27	1	ILST/TEXT	Hm. It was nice chatting...
5814	27	1	ILST/TEXT	Glad to see you well again.
5937	27	1	ILST/TEXT	This Amp looks promising...
6090	27	1	ILST/TEXT	What other ranks are there?
6125	27	1	ILST/TEXT	I'm done asking about this.
6212	27	1	ILST/TEXT	Have you anything for sale?
6410	27	1	ILST/TEXT	There is always much to do.
6563	27	1	ILST/TEXT	Hey! Got some news for you.
6819	27	1	ILST/TEXT	Okay, let's head back to...
6826	27	1	ILST/TEXT	Why are you always late...?
6831	27	1	ILST/TEXT	Right where we expected it.
6836	27	1	ILST/TEXT	...It's about to get messy!
6887	27	1	ILST/TEXT	Locking onto your signal...
6944	27	1	ILST/TEXT	...Just a few seconds more.
6955	27	2	ILST/TEXT	Receiving your telemetry...
6978	27	1	ILST/TEXT	Okay, I'll be waiting here.
7113	27	1	ILST/TEXT	Good to see you too, Torin.
7153	27	1	ILST/TEXT	Okay! That's a good read...
7217	27	1	ILST/TEXT	That's what I like to hear!
7398	27	1	ILST/TEXT	Nice station you have here.
7447	27	2	ILST/TEXT	You can trust me with that.
7474	27	1	ILST/TEXT	That's looking really nice.
7475	27	1	ILST/TEXT	That's looking really good.
7705	27	1	ILST/TEXT	Weapons are up and running.
7821	27	1	ILST/TEXT	We should exercise caution.
7870	27	1	ILST/TEXT	Find a place to take cover!
7982	27	1	ILST/TEXT	Rushing a Utility drop now!
8076	27	1	ILST/TEXT	So, same plan as last time?
8130	27	1	ILST/TEXT	Our weapons are good to go!
5645	28	1	ILST/TEXT	Well, aren't you delightful.
5790	28	1	ILST/TEXT	Please, continue your story.
5821	28	1	ILST/TEXT	Should be nothing wrong now.
5839	28	1	ILST/TEXT	Hold still, just a moment...
6022	28	1	ILST/TEXT	I hope you make use of this.
6100	28	1	ILST/TEXT	That's enough about ranking.
6198	28	1	ILST/TEXT	I have some items available.
6292	28	1	ILST/TEXT	Sure, let's build a Skydrop.
6425	28	1	ILST/TEXT	No problem. So, what's next?
6433	28	1	ILST/TEXT	Anyway, that was all! Later.
6628	28	1	ILST/TEXT	Hey, wanted a word with you!
6801	28	1	ILST/TEXT	First one down. Next switch!
6833	28	1	ILST/TEXT	Right where we left it, huh?
7048	28	1	ILST/TEXT	Welcome to Stardock Upsilon!
7053	28	1	ILST/TEXT	Welcome to Stardock Omicron!
7063	28	1	ILST/TEXT	Welcome to Stardock Epsilon!
7255	28	1	ILST/TEXT	My name's Torin! Just Torin.
7507	28	2	ILST/TEXT	I've got your back, Captain!
7520	28	1	ILST/TEXT	I think you might like this!
7803	28	1	ILST/TEXT	That's a fine idea, Captain.
7850	28	1	ILST/TEXT	Sounds swell to me, Captain!
7980	28	1	ILST/TEXT	Armillary inbound in 3, 2...
8035	28	1	ILST/TEXT	Tooraain, gibbernn shhnin...
8060	28	1	ILST/TEXT	Hanssennan rarauu...?! Hos?!
8097	28	1	ILST/TEXT	It's good to see you, Torin.
5430	29	1	ILST/TEXT	Alrighty, let's go find Gren.
5541	29	1	ILST/TEXT	...That does not surprise me.
5551	29	1	ILST/TEXT	Torin, I noticed your ship...
5784	29	1	ILST/TEXT	Of course, I've got the time.
5871	29	1	ILST/TEXT	There you go. All patched up!
6107	29	1	ILST/TEXT	Still, I'll share what I can.
6221	29	1	ILST/TEXT	I'll take care of any damage.
6229	29	1	ILST/TEXT	Well. Enjoy your new Skydrop.
6314	29	1	ILST/TEXT	Then let's work on your ship.
6456	29	1	ILST/TEXT	Alright. Was that all, or...?
6618	29	1	ILST/TEXT	Is this a social call, or...?
6727	29	1	ILST/TEXT	...Uh, yeah! If you say so...
6817	29	1	ILST/TEXT	...Was that... you, or me...?
6855	29	1	ILST/TEXT	Atmospheric entry underway...
6891	29	1	ILST/TEXT	Get ready, it's Skydrop time!
7099	29	1	ILST/TEXT	I'm ready to go when you are.
7130	29	1	ILST/TEXT	Fair enough, let's get going.
7158	29	1	ILST/TEXT	And say goodbye in 3, 2, 1...
7389	29	1	ILST/TEXT	Individuals like you, and me.
7459	29	1	ILST/TEXT	I feel like a superhero here!
7543	29	1	ILST/TEXT	Let's show 'em how it's done!
7567	29	1	ILST/TEXT	Let's get this done, Captain!
7624	29	1	ILST/TEXT	We're go for launch, Captain.
7727	29	1	ILST/TEXT	Thought you'd never ask, Cap!
7910	29	1	ILST/TEXT	Coordinates look valid to me.
7987	29	1	ILST/TEXT	Firing now! Brace for impact!
8030	29	1	ILST/TEXT	Melehven ham... troo laaay...
8057	29	1	ILST/TEXT	Thanksss arafour aresssue... 
5388	30	1	ILST/TEXT	What does the information say?
5425	30	1	ILST/TEXT	We'll catch you later, Harper!
5620	30	1	ILST/TEXT	They'll first need to find me.
5647	30	1	ILST/TEXT	Do I detect a hint of sarcasm?
5714	30	1	ILST/TEXT	He's the one I told you about.
5825	30	1	ILST/TEXT	All done. You're in the clear.
5833	30	1	ILST/TEXT	I need medical treatment, doc.
6146	30	3	ILST/TEXT	I don't want to hear any more.
6293	30	1	ILST/TEXT	...Was it something I said...?
6380	30	1	ILST/TEXT	These are our current options.
6426	30	1	ILST/TEXT	Understood. Maybe later, yeah?
6744	30	1	ILST/TEXT	Oh! Almost forgot to tell you.
6799	30	1	ILST/TEXT	So close, one more will do it!
6952	30	1	ILST/TEXT	Receiving the scan data now...
7001	30	1	ILST/TEXT	Anything new happen this jump?
7018	30	1	ILST/TEXT	Are we all set? Any questions?
7022	30	1	ILST/TEXT	Any questions before we start?
7133	30	1	ILST/TEXT	Shouldn't you be mincemeat...?
7415	30	1	ILST/TEXT	Hello. May I be of assistance?
7762	30	1	ILST/TEXT	That's what I'm talking about!
7789	30	1	ILST/TEXT	I thought you might like this.
7884	30	1	ILST/TEXT	All geared up and ready to go.
7885	30	1	ILST/TEXT	All weapons are ready to fire.
7963	30	1	ILST/TEXT	Strike Flare is on my rader...
8055	30	1	ILST/TEXT	Rarhy canna norr mo-- moom...?
8066	30	1	ILST/TEXT	How...?! We're being boarded!!
8121	30	1	ILST/TEXT	You will submit to processing.
5422	31	1	ILST/TEXT	Is that... Is that Watchtower?!
5534	31	1	ILST/TEXT	How do you make these Skydrops?
5579	31	1	ILST/TEXT	Did you find a suitable vessel?
5593	31	1	ILST/TEXT	[Hand over Node] Sure, take it.
5713	31	1	ILST/TEXT	She's the one I told you about.
5740	31	1	ILST/TEXT	Um, so, who's your friend here?
5786	31	1	ILST/TEXT	Ask away. I'll answer if I can.
5932	31	1	ILST/TEXT	I do believe... I've succeeded!
6044	31	1	ILST/TEXT	Thanks, I'll keep that in mind.
6048	31	1	ILST/TEXT	Restocking shouldn't take long.
6111	31	1	ILST/TEXT	That's enough about Watchtower.
6341	31	1	ILST/TEXT	Starting the data retrieval....
6343	31	1	ILST/TEXT	I'll pull what data's needed...
6370	31	1	ILST/TEXT	I want to unlock a new Skydrop.
6402	31	1	ILST/TEXT	This will only take a moment...
6406	31	1	ILST/TEXT	No, I'm done with this for now.
6440	31	1	ILST/TEXT	I'm sorry, was I boring you...?
6828	31	1	ILST/TEXT	Oh, the mech. I totally forgot!
6857	31	1	ILST/TEXT	Entering the atmosphere... now.
7144	31	1	ILST/TEXT	Get away from that thing! Now!!
7232	31	1	ILST/TEXT	But, I got a solution for that!
7312	31	1	ILST/TEXT	Hold on... how did YOU find me?
7409	31	1	ILST/TEXT	Designation "some guy" unknown.
7427	31	1	ILST/TEXT	Weapons are all primed to fire!
7483	31	1	ILST/TEXT	Weapon should be ready to fire.
7558	31	1	ILST/TEXT	That weapon's good to go, boss!
7597	31	1	ILST/TEXT	Let's blow 'em out of the void!
7673	31	1	ILST/TEXT	Got a present for you, Captain!
7688	31	1	ILST/TEXT	Our weapons are primed to fire!
7764	31	1	ILST/TEXT	I'm ready at the gunner's seat!
7826	31	1	ILST/TEXT	I have entered the coordinates.
7835	31	1	ILST/TEXT	Need a hand? I'm happy to help.
7844	31	1	ILST/TEXT	All the weapons are good to go!
7878	31	1	ILST/TEXT	Our weapons are up and running.
7964	31	1	ILST/TEXT	*crunch* Hold on, locking on...
7965	31	1	ILST/TEXT	Got your Flare, loud and clear.
5438	32	1	ILST/TEXT	Just be ready with my credits...
5574	32	1	ILST/TEXT	No ship yet, I'll be back later.
5664	32	1	ILST/TEXT	Huh. So you found her after all.
5665	32	1	ILST/TEXT	Huh. So you found him after all.
5671	32	1	ILST/TEXT	Your reaction is understandable.
5791	32	1	ILST/TEXT	What are your thoughts on Akila?
5819	32	1	ILST/TEXT	There, that should clear you up.
5824	32	1	ILST/TEXT	That's everything taken care of.
5906	32	1	ILST/TEXT	Ah, you must be Harper's friend.
5943	32	1	ILST/TEXT	Does this Amp strike your fancy?
6057	32	1	ILST/TEXT	I hope you found it educational.
6075	32	1	ILST/TEXT	What does Watchtower do exactly?
6318	32	1	ILST/TEXT	Straight to modifications, then.
6417	32	1	ILST/TEXT	Something requires my attention?
6467	32	1	ILST/TEXT	...Really? You're from Neon too?
6517	32	1	ILST/TEXT	[View Store] What's on the menu?
6542	32	1	ILST/TEXT	Can you make me these Neuroamps?
6771	32	1	ILST/TEXT	You wanna get going? Fine by me!
6794	32	1	ILST/TEXT	...Oh yeah, it's disruptor time!
6806	32	1	ILST/TEXT	Good job! Keep the power coming!
6874	32	1	ILST/TEXT	That did it! Facility's cracked!
6905	32	1	ILST/TEXT	I'll land and find the facility.
7037	32	1	ILST/TEXT	Now, let's get down to business!
7226	32	1	ILST/TEXT	Proactive! I like it. Alright...
7426	32	1	ILST/TEXT	Weapons are good to go, Captain!
7659	32	1	ILST/TEXT	Our weapons are prepped to fire!
7955	32	1	ILST/TEXT	Alright... An Armillary it is...
7960	32	1	ILST/TEXT	Ready to deploy some hardware...
7961	32	1	ILST/TEXT	*crunch* Support Flare detected.
7990	32	1	ILST/TEXT	Dropping the black-box special. 
8053	32	1	ILST/TEXT	Haands soo whooa ayahnuu?! Huh?!
8134	32	1	ILST/TEXT	Time for some action? I like it!
5342	33	1	ILST/TEXT	I'll bring you more Intel Slates.
5397	33	1	ILST/TEXT	We should have been more careful.
5431	33	1	ILST/TEXT	Okay, next stop: Gren's workshop!
5483	33	1	ILST/TEXT	Remind me, how do you know Torin?
5523	33	1	ILST/TEXT	Thanks, you've been very helpful.
5572	33	1	ILST/TEXT	Very well. We'll be waiting here.
5575	33	1	ILST/TEXT	Yes, I have a ship I want to use.
5663	33	1	ILST/TEXT	Huh. So you found them after all.
5712	33	1	ILST/TEXT	They're the one I told you about.
5762	33	1	ILST/TEXT	Harper is an old friend of yours?
5822	33	1	ILST/TEXT	Mind if I ask you some questions?
5872	33	1	ILST/TEXT	Let's see what you have in stock.
6408	33	1	ILST/TEXT	*sigh* Okay. So, what will it be?
6415	33	1	ILST/TEXT	I am occupied, but I will listen.
6755	33	1	ILST/TEXT	Seemed like the best thing to do.
6793	33	1	ILST/TEXT	...Hah! Toasty time for Mr. Mech!
6814	33	1	ILST/TEXT	Why do you always ask me that...?
6911	33	1	ILST/TEXT	There. That should clear our way.
7178	33	1	ILST/TEXT	Land ship, find facility. Got it.
7605	33	1	ILST/TEXT	Ready to make it happen, skipper!
7890	33	1	ILST/TEXT	Weapons ready, please and thanks.
7895	33	1	ILST/TEXT	Looks like our weapons are ready!
7931	33	1	ILST/TEXT	Warning: Combat protocols active.
7954	33	1	ILST/TEXT	Alright, stand by. Let me just...
7998	33	1	ILST/TEXT	Sending down a mechanical friend!
8093	33	1	ILST/TEXT	I could've done this without you.
8126	33	1	ILST/TEXT	I hope you're up for some mining.
5401	34	1	ILST/TEXT	It was nothing we couldn't handle.
5432	34	1	ILST/TEXT	Alright, let's check in with Gren.
5657	34	1	ILST/TEXT	It's Watchtower! They've found us!
5818	34	1	ILST/TEXT	There you go, free from all vices.
5869	34	1	ILST/TEXT	Everything now where it should be.
5936	34	1	ILST/TEXT	Is this the Cyberamp you're after?
5938	34	1	ILST/TEXT	Shall I get started on extracting?
5977	34	1	ILST/TEXT	I've changed my mind. Forget this.
6154	34	1	ILST/TEXT	Sounds like what happened to me...
6262	34	1	ILST/TEXT	No, I just want to modify my ship.
6469	34	1	ILST/TEXT	What happened after you left Neon?
6481	34	1	ILST/TEXT	Fair enough. So, back to business?
6512	34	1	ILST/TEXT	Take look, most of its even fresh!
6530	34	1	ILST/TEXT	Now! Anything I can help you with?
6537	34	1	ILST/TEXT	These Neuroamps, what can they do?
6809	34	1	ILST/TEXT	Hope you've got room for one more!
7027	34	1	ILST/TEXT	Eridani's waiting. You good to go?
7134	34	1	ILST/TEXT	Huh, you're right! How about that?
7200	34	1	ILST/TEXT	Understood, I'll set a course now.
7345	34	1	ILST/TEXT	Well, I suppose that answers that!
7371	34	1	ILST/TEXT	Why do they consider me dangerous?
7908	34	1	ILST/TEXT	Target is in range. Let's do this.
7914	34	1	ILST/TEXT	I hope you like mud on your boots.
7984	34	1	ILST/TEXT	Hang tight, this'll keep 'em busy!
5341	35	1	ILST/TEXT	Where can I find more Intel Slates?
5379	35	1	ILST/TEXT	We need to do something about this.
5393	35	1	ILST/TEXT	Still, let's see what I can find...
5465	35	1	ILST/TEXT	Do you have issues with Watchtower?
5817	35	1	ILST/TEXT	That should handle your dependency.
5941	35	1	ILST/TEXT	Does this Cyberamp suit your needs?
6170	35	1	ILST/TEXT	I've time, tell me the whole thing.
6324	35	1	ILST/TEXT	Actually, I'm no longer interested.
6399	35	1	ILST/TEXT	Let me extract the relevant data...
6419	35	1	ILST/TEXT	Have you salvaged the ships I sent?
6427	35	1	ILST/TEXT	Sure! There anything else you want?
6480	35	1	ILST/TEXT	Okay, then. Anything else you need?
6555	35	1	ILST/TEXT	Who is this "friend" you mentioned?
6582	35	1	ILST/TEXT	Is there anything you DO wanna do?!
6658	35	1	ILST/TEXT	You gonna give me a peek or not...?
6715	35	1	ILST/TEXT	Warning: Connection error detected.
6749	35	1	ILST/TEXT	Well, now that's been dealt with...
6802	35	1	ILST/TEXT	Okay, that's the first. Keep going!
6859	35	1	ILST/TEXT	Starting atmospheric descent now...
6969	35	1	ILST/TEXT	Here's your flare. One more time...
6970	35	1	ILST/TEXT	Here's your flare! See you outside!
7008	35	1	ILST/TEXT	We can take care of this ourselves.
7043	35	1	ILST/TEXT	Welcome to Stardock Omega... Again.
7332	35	1	ILST/TEXT	How did Watchtower find me, anyway?
7626	35	1	ILST/TEXT	Systems go! We're ready for launch!
7843	35	1	ILST/TEXT	Cannons are ready to fire, Captain!
7889	35	1	ILST/TEXT	Ready and at your command, Captain.
5387	36	1	ILST/TEXT	A "cracking algorithm", what's that?
5466	36	1	ILST/TEXT	You've no past beef with Watchtower?
5558	36	1	ILST/TEXT	I'm unsure I can adequately explain.
5578	36	1	ILST/TEXT	If not, I can always offer you mine.
5939	36	1	ILST/TEXT	Think this Amp could serve you well?
5969	36	1	ILST/TEXT	Alright, we'll try something else...
5998	36	1	ILST/TEXT	We don't have enough cores for that.
6076	36	1	ILST/TEXT	Now, was there something you needed?
6131	36	1	ILST/TEXT	I hope my answers were satisfactory.
6432	36	1	ILST/TEXT	Alright, let's hear what you've got.
6489	36	1	ILST/TEXT	Can you tell me more about Stardock?
6511	36	1	ILST/TEXT	What are you after? A meal, a drink?
6655	36	1	ILST/TEXT	Hand it here and I'll get to work...
6659	36	1	ILST/TEXT	Toss it here and I'll take a look...
6805	36	1	ILST/TEXT	Not done yet! Still need more power!
6829	36	1	ILST/TEXT	Let's head back to <Alias=Stardock>.
7031	36	1	ILST/TEXT	Ready to jump to the Eridani system?
7082	36	1	ILST/TEXT	Can you remind me of our plan again?
7181	36	1	ILST/TEXT	Any more information on Eridani III?
7414	36	1	ILST/TEXT	Some guy told me to meet him here...
7511	36	2	ILST/TEXT	Let's blast them back into the void!
7949	36	1	ILST/TEXT	Roger, roger. Combat Flare detected.
5337	37	1	ILST/TEXT	Watchtower technology self-destructs?
5440	37	1	ILST/TEXT	Consider it done. We'll be back soon!
5442	37	1	ILST/TEXT	We're on it! Catch you later, Harper!
5629	37	1	ILST/TEXT	Probably not as much as you'd prefer.
5717	37	1	ILST/TEXT	Heh, guess Harper's got places to be.
5870	37	1	ILST/TEXT	That should do it. Back in one piece.
6124	37	1	ILST/TEXT	What happened to the Watchtower ship?
6172	37	1	ILST/TEXT	I want to know more about Watchtower.
6182	37	1	ILST/TEXT	How did you and Torin become friends?
6207	37	1	ILST/TEXT	Please confirm this is what you want.
6240	37	1	ILST/TEXT	A new Skydrop ready for installation.
6283	37	1	ILST/TEXT	[3 Watchtower Components] Supply Drop
6295	37	1	ILST/TEXT	Fair enough. Was there anything else?
6298	37	1	ILST/TEXT	We'll begin working on your ship now.
6316	37	1	ILST/TEXT	We'll handle your ship modifications.
6329	37	1	ILST/TEXT	These are the Skydrops I can build...
6338	37	1	ILST/TEXT	I want to unlock a different Skydrop.
6340	37	1	ILST/TEXT	This decryption may take some time...
6483	37	1	ILST/TEXT	That was all, I've no more questions.
6513	37	1	ILST/TEXT	Just got fresh stock! Take your pick.
6920	37	1	ILST/TEXT	So long, drones. You won't be missed.
6966	37	1	ILST/TEXT	Don't forget your flare! We got this.
7194	37	1	ILST/TEXT	And here we are at sunny Eridani III!
7225	37	1	ILST/TEXT	What's this...? Some sort of grenade?
7388	37	1	ILST/TEXT	I don't have time for this right now.
7652	37	1	ILST/TEXT	Another excellent choice, my Captain!
7752	37	1	ILST/TEXT	I know you'll get a kick out of this!
7913	37	1	ILST/TEXT	Ignore the beeping noises. It's fine.
7957	37	1	ILST/TEXT	*crunch* You got it, just a second...
8002	37	1	ILST/TEXT	You'll have support in just a moment.
5327	38	1	ILST/TEXT	Some advice? You need to be careful...
5510	38	1	ILST/TEXT	Sounds doable! Thanks as always, Gren.
5596	38	1	ILST/TEXT	Intel is Harper's specialty, not mine.
5658	38	1	ILST/TEXT	Relax! I told you, Gren's on our side.
6109	38	1	ILST/TEXT	Hm. I thought you'd want to know more.
6219	38	1	ILST/TEXT	Repairs underway. Shouldn't take long.
6445	38	1	ILST/TEXT	I don't think I want to hear any more.
6457	38	1	ILST/TEXT	Thanks, but I think I've heard enough.
6751	38	1	ILST/TEXT	Do you have a problem with what I did?
6769	38	1	ILST/TEXT	I'll have to remember that strategy...
6946	38	1	ILST/TEXT	Receiving data on my end. Let's see...
7108	38	1	ILST/TEXT	Good to be back. Shall we get started?
7120	38	1	ILST/TEXT	Well aren't you a sight for sore eyes!
7948	38	1	ILST/TEXT	I see your call for a combat assist...
8114	38	1	ILST/TEXT	I'll comply, I don't want any trouble.
8115	38	1	ILST/TEXT	[Attack] I'll blast you outta the sky!
5334	39	1	ILST/TEXT	This seems like it was a waste of time.
5375	39	1	ILST/TEXT	Is Watchtower surveilling every system?
5439	39	1	ILST/TEXT	We'll do our best! You can count on us.
5699	39	1	ILST/TEXT	What is this station we're on, exactly?
5700	39	1	ILST/TEXT	How did you survive your ship crashing?
5813	39	1	ILST/TEXT	Take better care of yourself next time.
5902	39	1	ILST/TEXT	I'll take whatever can give me an edge.
5934	39	1	ILST/TEXT	[Unlock Cyberamp] Yes, I want this Amp.
6088	39	1	ILST/TEXT	Watchtower has infiltrated governments?
6205	39	1	ILST/TEXT	Just to be sure, this is what you want?
6218	39	1	ILST/TEXT	No need, your ship's in fine condition.
6405	39	1	ILST/TEXT	Give me a moment to extract the data...
6610	39	1	ILST/TEXT	Let me plug in and see what comes up...
6624	39	1	ILST/TEXT	Need me to dig into some Intel for you?
6654	39	1	ILST/TEXT	Don't keep me waiting, let's have it...
6810	39	1	ILST/TEXT	Mind giving me a lift back to Stardock?
6839	39	1	ILST/TEXT	...Here we go! Time for some fireworks!
6860	39	1	ILST/TEXT	Dialing in my approach. Clear the area!
6865	39	1	ILST/TEXT	And here comes our mechanized friend...
6871	39	1	ILST/TEXT	We're in! Facility's cracked wide open!
7006	39	1	ILST/TEXT	Still crashing your ship into the mech?
7160	39	1	ILST/TEXT	No one could survive a crash like that!
7241	39	1	ILST/TEXT	Hmph, why does that not surprise me...?
7267	39	1	ILST/TEXT	I... kinda already was. But okay! Um...
7918	39	1	ILST/TEXT	Let me know how that works out for you.
7988	39	1	ILST/TEXT	Unleashing hell in three... two... run!
5361	40	1	ILST/TEXT	Warned you about what? Did you mess up?!
5474	40	1	ILST/TEXT	How did you discover the Listening Post?
5489	40	1	ILST/TEXT	I'd like to know more about you, Harper.
5615	40	1	ILST/TEXT	Huh. There were no complications at all?
5755	40	1	ILST/TEXT	No pressure. These things can take time.
5785	40	1	ILST/TEXT	Go ahead. Curiosity never killed anyone.
5812	40	1	ILST/TEXT	Any more problems, come back and see me.
5816	40	1	ILST/TEXT	Cured and clean! Let's keep it that way.
5912	40	1	ILST/TEXT	Let's check you haven't broken anything.
5976	40	1	ILST/TEXT	Very well. Do you require anything else?
6050	40	1	ILST/TEXT	Your Skydrops will be restocked shortly.
6110	40	1	ILST/TEXT	What more can you tell me about Cydonia?
6225	40	1	ILST/TEXT	Do you mind if I ask you some questions?
6261	40	1	ILST/TEXT	[1 Watchtower Component] Surface Missile
6319	40	1	ILST/TEXT	No problem, we'll just modify your ship.
6334	40	1	ILST/TEXT	[3 Computer Cores] Skydrop - Supply Drop
6358	40	1	ILST/TEXT	Is this the Skydrop you wish to acquire?
6662	40	1	ILST/TEXT	[Give Intel] I've found some more Intel.
6949	40	1	ILST/TEXT	Telemetry's coming through. Analyzing...
6976	40	1	ILST/TEXT	Sure, okay. Just don't leave me hanging!
7021	40	1	ILST/TEXT	Any questions before we kick things off?
7028	40	1	ILST/TEXT	Ready to head out to the Eridani system?
7029	40	1	ILST/TEXT	Let's do this. Ready to jump to Eridani?
7245	40	1	ILST/TEXT	You travel the stars, huh? I can relate.
7829	40	1	ILST/TEXT	Weapon's looking right as rain, Captain!
8005	40	1	ILST/TEXT	Drop inbound. Watch yourself down there.
5652	41	1	ILST/TEXT	Someone needs to offer me an explanation.
5935	41	1	ILST/TEXT	[Upgrade Cyberamp] Yes, upgrade this Amp.
5942	41	1	ILST/TEXT	Is this the one you'd like me to extract?
6047	41	1	ILST/TEXT	Reloading your Skydrop modules. Stand by.
6049	41	1	ILST/TEXT	Skydrops will be replenished momentarily.
6250	41	1	ILST/TEXT	I don't want to build anything right now.
6286	41	1	ILST/TEXT	[1 Watchtower Component] Bot Drop - Shiva
6333	41	1	ILST/TEXT	These are the Skydrops I can fabricate...
6395	41	1	ILST/TEXT	That's doable. Shall I proceed with this?
6414	41	1	ILST/TEXT	A visitor to my workshop. How delightful.
6556	41	1	ILST/TEXT	I assume you found something interesting?
6641	41	1	ILST/TEXT	[Hand in Intel] Here's the slate I found.
6692	41	1	ILST/TEXT	Scan the planet with your ship's sensors.
6768	41	1	ILST/TEXT	I thought my plan was pretty good, but...
6796	41	1	ILST/TEXT	Alright. Hold on... I'm taking the shot!!
6858	41	1	ILST/TEXT	Making my approach into the atmosphere...
7004	41	1	ILST/TEXT	Hah! We sure can. Well, let's do it then!
7145	41	1	ILST/TEXT	But I didn't expect them to have MECHS...
7223	41	1	ILST/TEXT	I'm ready. Let's get this fleet hardware.
7362	41	1	ILST/TEXT	Don't keep me in suspense, let's hear it!
7837	41	1	ILST/TEXT	Let's show these guys what we're made of!
7992	41	1	ILST/TEXT	Let's hope it doesn't bite us in the ass.
8032	41	1	ILST/TEXT	Yeah, good to see you too! You blockhead.
5460	42	1	ILST/TEXT	Just tell us where this Listening Post is.
5490	42	1	ILST/TEXT	Could you tell me a little about yourself?
5643	42	1	ILST/TEXT	And as for his... "colorful" appearance...
5651	42	1	ILST/TEXT	Oh, yeah. "Better". Not unsettling at all.
5692	42	1	ILST/TEXT	Hah. That's a... That's a good question...
5940	42	1	ILST/TEXT	Shall we proceed with extracting this Amp?
5972	42	1	ILST/TEXT	Changed your mind, have you? No problem...
6042	42	1	ILST/TEXT	Very well. You are, as they say, the boss.
6129	42	1	ILST/TEXT	Tell me more about your own modifications.
6206	42	1	ILST/TEXT	Bear in mind, this will consume resources.
6249	42	1	ILST/TEXT	Okay. Just tell me which Skydrop you want.
6258	42	1	ILST/TEXT	Stand by while I calibrate my equipment...
6281	42	1	ILST/TEXT	[2 Watchtower Components] Bot Drop - Miner
6284	42	1	ILST/TEXT	[3 Watchtower Components] Bot Drop - Medic
6351	42	1	ILST/TEXT	Are you sure this is the Skydrop you want?
6702	42	1	ILST/TEXT	Power's still low! Breaker switches, ASAP!
6741	42	1	ILST/TEXT	Anyway, c'mon, let's get back to Stardock.
6748	42	1	ILST/TEXT	But I think we're done now. So, off we go!
6752	42	1	ILST/TEXT	Hahaha. And it wouldn't be the first time.
6840	42	1	ILST/TEXT	Made it! Now, where's that Node hiding...?
6917	42	1	ILST/TEXT	And that's the last to 'em! Good riddance.
7020	42	1	ILST/TEXT	Need to clear anything before we move out?
7124	42	1	ILST/TEXT	Where were you? I could've used your help.
7151	42	1	ILST/TEXT	Ha! Nice work! Now we've got a way inside.
7172	42	1	ILST/TEXT	Don't worry, we've not been made! Not yet.
7203	42	1	ILST/TEXT	How does Skydrop get us into the facility?
7290	42	1	ILST/TEXT	What happens if Watchtower captures me...?
7395	42	1	ILST/TEXT	Before anything else, tell me who you are.
7930	42	1	ILST/TEXT	Be advised that this is now a combat zone.
7943	42	1	ILST/TEXT	Need an Armillary down there? Standy by...
8067	42	1	ILST/TEXT	Ugh, damn it. Another ship is jumping in! 
8083	42	1	ILST/TEXT	Always glad when I can make an appearance!
5332	43	1	ILST/TEXT	Not sure l'll visit more Listening Posts...
5384	43	1	ILST/TEXT	Spit it out, already! I don't have all day.
5530	43	1	ILST/TEXT	No. But I imagine you might find it useful.
5582	43	1	ILST/TEXT	Welcome back! Found yourself a second ship?
5598	43	1	ILST/TEXT	That was fast. Were there not any problems?
5633	43	1	ILST/TEXT	Do you mind if I ask about your appearance?
5656	43	1	ILST/TEXT	I hope talking like this is better for you.
5682	43	1	ILST/TEXT	You didn't really answer HOW you escaped...
5874	43	1	ILST/TEXT	Cyberamps? Can you tell me more about them?
5894	43	1	ILST/TEXT	Honestly, this almost feels like surgery...
5933	43	1	ILST/TEXT	Nevermind, I don't want anything right now.
5964	43	1	ILST/TEXT	Here, take this Slate and see for yourself.
6197	43	1	ILST/TEXT	I've got a few things on hand. Take a look.
6199	43	1	ILST/TEXT	Before you joined Watchtower, who were you?
6215	43	1	ILST/TEXT	You'll need more credits to cover the cost.
6220	43	1	ILST/TEXT	I'll get your vessel patched up right away.
6263	43	1	ILST/TEXT	[5 Watchtower Components] Surface Cryo Bomb
6267	43	1	ILST/TEXT	[5 Watchtower Components] Bot Drop - Combat
6287	43	1	ILST/TEXT	[1 Watchtower Component] Surface Smoke Bomb
6290	43	1	ILST/TEXT	[3 Watchtower Components] Surface EMP Blast
6331	43	1	ILST/TEXT	These are the current Skydrops available...
6397	43	1	ILST/TEXT	We can do that. Are you sure you want this?
6568	43	2	ILST/TEXT	You know what, let's forget this for now...
6807	43	1	ILST/TEXT	Alright, switch number two. Two more to go!
7376	43	1	ILST/TEXT	What more can you tell me about Watchtower?
7941	43	1	ILST/TEXT	Sorry, Flare's in a bad spot, so no can do!
8009	43	1	ILST/TEXT	We got a live one! Prep for incapacitation!
8116	43	1	ILST/TEXT	Who are you? You have no authority over me.
8136	43	1	ILST/TEXT	Sure, just point me in the right direction.
5363	44	1	ILST/TEXT	Oh. Oh, crap... Gren warned me about this...
5453	44	1	ILST/TEXT	What sort of data are Watchtower collecting?
5508	44	1	ILST/TEXT	And now we can build up a fleet again! Nice.
5607	44	1	ILST/TEXT	Hmm. Acceptable condition... Should suffice.
5666	44	1	ILST/TEXT	Um... Torin? Should we be worried right now?
5753	44	1	ILST/TEXT	I'm sorry, you've not enough credits to pay.
5903	44	1	ILST/TEXT	I'll admit, I was, and still am intrigued...
5960	44	1	ILST/TEXT	Here's the dataslate. You know what to do...
5978	44	1	ILST/TEXT	...Now, where did I put that Vacuum Tape...?
6141	44	3	ILST/TEXT	On second thought, give me the fast version.
6214	44	1	ILST/TEXT	I'm sorry, you lack the credits for repairs.
6222	44	1	ILST/TEXT	Let's get your ship back into working order.
6336	44	1	ILST/TEXT	I see. Well then, tell me what you'd prefer.
6357	44	1	ILST/TEXT	You've made your selection. Are you certain?
6365	44	1	ILST/TEXT	[1 Computer Core] Skydrop - Bot Drop - Shiva
6396	44	1	ILST/TEXT	Understood. Are you ready for me to proceed?
6507	44	1	ILST/TEXT	If you want. Just don't make it weird, okay?
6617	44	1	ILST/TEXT	Lookin' for some help with Watchtower Intel?
6694	44	1	ILST/TEXT	Let's chat once these drones are dealt with.
6789	44	1	ILST/TEXT	Pins and needles? Hah, yeah. Yeah, I know...
6914	44	1	ILST/TEXT	Drones eliminated. That's one less headache.
7002	44	1	ILST/TEXT	If you wanna spearhead this, I'm all for it!
7016	44	1	ILST/TEXT	That's right! Take the lead and I'll follow.
7116	44	1	ILST/TEXT	We need to get that Fleet-Sync Control Node.
7249	44	1	ILST/TEXT	You travel? What sort of profession is that?
7304	44	1	ILST/TEXT	Which, by the way, you are most welcome for!
7317	44	1	ILST/TEXT	I don't buy that. Everything has a weakness.
7989	44	1	ILST/TEXT	Sit tight. Sending some high-explosive help!
5367	45	1	ILST/TEXT	I'm not going to let Watchtower hunt me down.
5433	45	1	ILST/TEXT	Time to check in with Gren! You know the way.
5454	45	1	ILST/TEXT	Won't Watchtower know it was us who did this?
5458	45	1	ILST/TEXT	What's your goal here? Why ask me to do this?
5467	45	1	ILST/TEXT	So, you have no prior issues with Watchtower?
5506	45	1	ILST/TEXT	Sweet! Our fleet strategy's back in business!
5543	45	1	ILST/TEXT	Well, I'd feel guilty if I damaged any of it!
5716	45	1	ILST/TEXT	And just like that, Harper takes her leave...
5917	45	1	ILST/TEXT	Actually, I'd like to extract something else.
5947	45	1	ILST/TEXT	Shall I refine this model with some new data?
5968	45	1	ILST/TEXT	That's fine by me. What's your new choice...?
6008	45	1	ILST/TEXT	Here's the credits from the ships I salvaged.
6089	45	1	ILST/TEXT	What does Watchtower want? What's their goal?
6224	45	1	ILST/TEXT	Sure, I'll fix your ship up. Won't take long.
6247	45	1	ILST/TEXT	What is the new Skydrop you want constructed?
6253	45	1	ILST/TEXT	Okay, I'll start assembling the components...
6266	45	1	ILST/TEXT	[10 Watchtower Components] Bot Drop - AI Mech
6269	45	1	ILST/TEXT	[5 Watchtower Components] Surface Bombardment
6285	45	1	ILST/TEXT	[2 Watchtower Components] Turret Drop - Laser
6330	45	1	ILST/TEXT	Here's a slate with the available Skydrops...
6368	45	1	ILST/TEXT	[3 Computer Cores] Skydrop - Bot Drop - Medic
6369	45	1	ILST/TEXT	[2 Computer Cores] Skydrop - Bot Drop - Miner
6403	45	1	ILST/TEXT	Hold on, I'll begin the extraction process...
6429	45	1	ILST/TEXT	Your choice, though! I won't keep you. Later!
6495	45	1	ILST/TEXT	You're going out of your way to help me. Why?
6611	45	1	ILST/TEXT	Just a moment, and I'll extract what I can...
6613	45	1	ILST/TEXT	Let's see what secrets we've got this time...
6660	45	1	ILST/TEXT	Alright, let's see what we're working with...
6867	45	1	ILST/TEXT	Looks like our mech buddy decided to show up.
7026	45	1	ILST/TEXT	I'm ready. We're going to Eridani III, right?
7098	45	1	ILST/TEXT	This universe seems a lot like the old one...
7320	45	1	ILST/TEXT	Then I better avoid Watchtower as best I can.
7912	45	1	ILST/TEXT	If that kills you I call dibs on your corpse.
7985	45	1	ILST/TEXT	Sending down a metal friend to even the odds!
7986	45	1	ILST/TEXT	Deploying hardware. Stay alive 'til it lands!
8008	45	1	ILST/TEXT	My search pattern is complete. Shutting down.
8107	45	1	ILST/TEXT	[Signal Torin] Wait, hold on just a minute...
5343	46	1	ILST/TEXT	I fully intend to bring you more Intel Slates.
5399	46	1	ILST/TEXT	They did catch us off guard, but we were okay.
5497	46	1	ILST/TEXT	With that out of the way, welcome to Stardock!
5511	46	1	ILST/TEXT	We can manage that. Appreciate the help, Gren!
5527	46	1	ILST/TEXT	That's okay, I don't want a Skydrop right now.
5563	46	1	ILST/TEXT	Congratulations. You now have an active fleet.
5670	46	1	ILST/TEXT	Wait. "On our side", what do you mean by that?
5721	46	1	ILST/TEXT	Hey, where'd you go! We got things to discuss.
6217	46	1	ILST/TEXT	Repairs would be pointless, there's no damage.
6256	46	1	ILST/TEXT	Let me grab a few things, and we'll proceed...
6265	46	1	ILST/TEXT	[5 Watchtower Components] Surface Inferno Bomb
6282	46	1	ILST/TEXT	[3 Watchtower Components] Surface Laser Cannon
6339	46	1	ILST/TEXT	These cores can be complex, but I'll manage...
6362	46	1	ILST/TEXT	[5 Computer Cores] Skydrop - Surface Cryo Bomb
6363	46	1	ILST/TEXT	[5 Computer Cores] Skydrop - Bot Drop - Combat
6367	46	1	ILST/TEXT	[3 Computer Cores] Skydrop - Surface EMP Blast
6371	46	1	ILST/TEXT	[1 Computer Core] Skydrop - Surface Smoke Bomb
6584	46	1	ILST/TEXT	Actually, I don't want to do this right now...
6872	46	1	ILST/TEXT	Skydrop hit its mark! Facility's ready for us.
6990	46	1	ILST/TEXT	Are you sure the Advocate can do this instead?
7214	46	1	ILST/TEXT	Tell me more about Skydrops. How do they work?
7296	46	1	ILST/TEXT	Hah! Oh, man. You, hah, you do NOT wanna know!
7382	46	1	ILST/TEXT	Watchtower, huh? Good to have a name for them.
7942	46	1	ILST/TEXT	Great time for a little field testing, right?!
5371	47	1	ILST/TEXT	So there's a lot of Listening Post out there...
5411	47	1	ILST/TEXT	That depends on your definition of "trouble"...
5559	47	1	ILST/TEXT	I'm curious how the Fleet Command System works.
5597	47	1	ILST/TEXT	That was fast. I assume there were no problems?
5614	47	1	ILST/TEXT	Why are you still wearing a Watchtower uniform?
5702	47	1	ILST/TEXT	You've not met him yet... So, maybe I should...
6296	47	1	ILST/TEXT	Let's take a look at your ship's configuration.
6391	47	1	ILST/TEXT	Fine by me. Just confirm, and I'll get started.
6392	47	1	ILST/TEXT	Sure, that's manageable. Ready for me to begin?
6404	47	1	ILST/TEXT	Stand by while I retrieve the necessary data...
6409	47	1	ILST/TEXT	As you wish. Can I help you with anything else?
6546	47	1	ILST/TEXT	What? You got somewhere to be? Tch, whatever...
6547	47	1	ILST/TEXT	I'm not in the mood for chatter, make it quick.
6608	47	1	ILST/TEXT	Time to see where Watchtower's been snooping...
6746	47	1	ILST/TEXT	C'mon! Let's get a move on. Stardock's waiting.
6868	47	1	ILST/TEXT	And there's our mechanical welcoming committee.
6878	47	1	ILST/TEXT	System locked. Missile loaded. Skydrop inbound!
7066	47	1	ILST/TEXT	Let's get the Control Node! Eridani III awaits!
7193	47	1	ILST/TEXT	Alright. I'll wait for you here. Don't be long!
7197	47	1	ILST/TEXT	Once we arrive at Eridani III, what's the plan?
7933	47	1	ILST/TEXT	Warning: This unit is well equipped for combat.
7944	47	1	ILST/TEXT	Calling for the big guns, huh? You're the boss!
7968	47	1	ILST/TEXT	Request denied... That Skydrop is out of stock.
8001	47	1	ILST/TEXT	Prepping a little "firework package". Stand by.
5475	48	1	ILST/TEXT	Sounds like something that should be dealt with.
5495	48	1	ILST/TEXT	First rule. This is my home, and you're a guest.
5599	48	1	ILST/TEXT	I hope you find the Fleet Command system useful.
5609	48	1	ILST/TEXT	There. I think... Yeah. I think we're done here.
5662	48	1	ILST/TEXT	Good. Better with us than in Watchtower's hands.
5764	48	1	ILST/TEXT	Ah, really? A shame. It was nice to reminisce...
5802	48	1	ILST/TEXT	I'd like to learn more about the Field Surgeons.
5808	48	1	ILST/TEXT	I've seen worse, but a little TLC wouldn't hurt.
5829	48	1	ILST/TEXT	Your choice, but come back if it gets any worse.
5830	48	1	ILST/TEXT	Fine, but don't blame me when something festers.
5974	48	1	ILST/TEXT	That's fine. Nothing was finalized. So what now?
5997	48	1	ILST/TEXT	We lack the number of cores needed for that one.
6194	48	1	ILST/TEXT	I've gathered some things you might find useful.
6257	48	1	ILST/TEXT	I'll need a moment to prep the micro foundry... 
6288	48	1	ILST/TEXT	[2 Watchtower Components] Surface Toxic Gas Bomb
6291	48	1	ILST/TEXT	[1 Watchtower Component] Turret Drop - Ballistic
6327	48	1	ILST/TEXT	These are the drops I'm equipped to fabricate...
6364	48	1	ILST/TEXT	[5 Computer Cores] Skydrop - Surface Bombardment
6373	48	1	ILST/TEXT	[2 Computer Cores] Skydrop - Turret Drop - Laser
6625	48	1	ILST/TEXT	What brings you back to my corner of the cosmos?
6717	48	1	ILST/TEXT	Please await support from certified technicians.
6731	48	1	ILST/TEXT	Upsy-daisy... Yeah, yeah, open those eyes now...
6834	48	1	ILST/TEXT	Ah, hey! That looks like the Control Node to me!
6979	48	1	ILST/TEXT	I need some time to prepare, I'll be back later.
7254	48	1	ILST/TEXT	Like I said before, my name's Torin! Just Torin.
7336	48	1	ILST/TEXT	Alright, tell me about this "strategy" of yours.
8068	48	1	ILST/TEXT	Regardless, I'll start getting them ready for...
8103	48	1	ILST/TEXT	Hmm... I'm seeing a file, but I'm denied access.
5333	49	1	ILST/TEXT	I'm unsure if we'll visit more Listening Posts...
5535	49	1	ILST/TEXT	[Install Skydrop] Sounds good to me, let's do it.
5592	49	1	ILST/TEXT	Why do we need this particular piece of hardware?
5634	49	1	ILST/TEXT	Not to be rude, but your face...? Are you unwell?
6017	49	1	ILST/TEXT	[5 Computer Cores] Skydrop - Supernova Armillary.
6084	49	1	ILST/TEXT	What corporations does Watchtower have ties with?
6106	49	1	ILST/TEXT	What sort of rank structure does Watchtower have?
6255	49	1	ILST/TEXT	This won't take too long. Care to lend a hand...?
6260	49	1	ILST/TEXT	[10 Watchtower Components] Surface Supernova Bomb
6289	49	1	ILST/TEXT	[3 Computer Cores] Skydrop - Surface Laser Cannon
6352	49	1	ILST/TEXT	Good choice. Shall I proceed with the extraction?
6366	49	1	ILST/TEXT	[5 Computer Cores] Skydrop - Surface Inferno Bomb
6382	49	1	ILST/TEXT	This slate contains potential Skydrops. Pick one.
6468	49	1	ILST/TEXT	I know what that's like, I walked a similar path.
6815	49	1	ILST/TEXT	I'm sorry. I really do get here as fast as I can!
6921	49	1	ILST/TEXT	It's drone busting time! Then down to the planet.
6957	49	1	ILST/TEXT	Do the scan and I'll take care of drone spotting.
7087	49	1	ILST/TEXT	Not now, there's a few things I need to do first.
7097	49	1	ILST/TEXT	Yeah, they often do. At least from my experience.
7103	49	1	ILST/TEXT	What have you been doing since the last universe?
7253	49	1	ILST/TEXT	Ah, think nothing of it! Just doing what's right.
7274	49	1	ILST/TEXT	Not sure I get it. How exactly does this help me?
7394	49	1	ILST/TEXT	Fine, I'm listening. Tell me what I need to know.
5360	50	1	ILST/TEXT	Let me guess, the Intel Slate is purging its data?
5441	50	1	ILST/TEXT	We'll get right to it! Be back before you know it.
5447	50	1	ILST/TEXT	Can we postpone? I'd rather not do this right now.
5632	50	1	ILST/TEXT	No questions, but I do need help building a fleet.
5648	50	1	ILST/TEXT	Forget the ugly stick. The whole TREE fell on you!
5667	50	1	ILST/TEXT	It's up to you what we do. Lead and I will follow.
5774	50	1	ILST/TEXT	What do you make of the Watchtower Computer Cores?
5893	50	1	ILST/TEXT	This part takes a steady nerve and a sharp mind...
5920	50	1	ILST/TEXT	Success! A new Amp prepped and ready for assembly.
6038	50	1	ILST/TEXT	[5 Computer Cores] Skydrop - Reanimator Armillary.
6145	50	1	ILST/TEXT	Obviously, that's not the end. What happened next?
6313	50	1	ILST/TEXT	Understood. Perhaps we can also install a Skydrop.
6328	50	1	ILST/TEXT	I've compiled a slate of the available Skydrops...
6700	50	1	ILST/TEXT	Ah! But it does have a Synapse Disruptor. Perfect.
6704	50	1	ILST/TEXT	Throw those breakers! We're not at full power yet!
6706	50	1	ILST/TEXT	Get to those switches! We're still short on juice.
6718	50	1	ILST/TEXT	Warning: Skydrop Mech bootup sequence in progress.
6737	50	1	ILST/TEXT	*sigh* Okay... sure, sure, why not? Let's do it...
6740	50	1	ILST/TEXT	No need to worry about the mech. Back to Stardock!
6846	50	1	ILST/TEXT	Get moving inside. I'll find you as soon as I can!
6873	50	1	ILST/TEXT	Entry point cleared! Facility's open for business!
6927	50	1	ILST/TEXT	Okay, drones now, planet later. Let's get started!
6928	50	1	ILST/TEXT	Yep, there they are! Watchtower drones closing in.
8056	50	1	ILST/TEXT	...Ah! Yeah, you're... you're welcome! I think...?
8086	50	1	ILST/TEXT	Well, that was fun. You should call me more often.
5419	51	1	ILST/TEXT	Okay! See if you can find that intel Harper wanted.
5445	51	1	ILST/TEXT	If you change your mind, you know where to find me.
5556	51	1	ILST/TEXT	I suppose it'll do. I was sort of expecting more...
5571	51	1	ILST/TEXT	Come back when you do! We'll be waiting right here.
5581	51	1	ILST/TEXT	Thanks, but no thanks. I'll get my own second ship.
5630	51	1	ILST/TEXT	Is there anything you can tell me about Watchtower?
5690	51	1	ILST/TEXT	But I did have a way out! A sort of... escape plan!
5811	51	1	ILST/TEXT	I don't see anything wrong! A clean bill of health.
5970	51	1	ILST/TEXT	Another selection, then? No rush, take your time...
6164	51	1	ILST/TEXT	And if Torin trusts her, then that's enough for me.
6168	51	1	ILST/TEXT	Harper. Hm. I find interacting with her... awkward.
6236	51	1	ILST/TEXT	On second thought, let's build a different Skydrop.
6268	51	1	ILST/TEXT	[5 Watchtower Components] Turret Drop - Heavy Laser
6372	51	1	ILST/TEXT	[1 Computer Core] Skydrop - Turret Drop - Ballistic
6374	51	1	ILST/TEXT	[2 Computer Cores] Skydrop - Surface Toxic Gas Bomb
6401	51	1	ILST/TEXT	Give me a moment to complete the data extraction...
6428	51	1	ILST/TEXT	Hey, where are you going? Come back! I wasn't done.
6533	51	1	ILST/TEXT	You mentioned other kinds of Watchtower technology?
6551	51	1	ILST/TEXT	Could Gren not help you decipher the Computer Core?
6708	51	1	ILST/TEXT	What are you doing?! Are you even listening to me?!
6753	51	1	ILST/TEXT	What can I say? I saw a path forward and I took it.
6795	51	1	ILST/TEXT	...Yup! We hit the threshold, firing the disruptor!
6808	51	1	ILST/TEXT	Nice! But the Corvette's still thirsty. Keep it up!
6879	51	1	ILST/TEXT	Target locked, missile loaded. Skydrop is en route!
7014	51	1	ILST/TEXT	Correct! Lead on, and I'll be right there with you.
7137	51	1	ILST/TEXT	Hey, you found it! All by yourself, too. Well done.
5505	52	1	ILST/TEXT	Fantastic! We're able to expand our fleet once more!
5635	52	1	ILST/TEXT	That was a considerate gesture, revealing your face.
5646	52	1	ILST/TEXT	I take it that means you recovered the Control Node.
5674	52	1	ILST/TEXT	What can you tell me about Harper? Can we trust her?
5756	52	1	ILST/TEXT	Alright, another time then. My clinic's always open.
5892	52	1	ILST/TEXT	Just a moment, and I'll tease out the needed data...
6037	52	1	ILST/TEXT	[5 Computer Cores] Skydrop - Gravity Well Armillary.
6040	52	1	ILST/TEXT	[5 Computer Cores] Skydrop - Gravity Wave Armillary.
6041	52	1	ILST/TEXT	[5 Computer Cores] Skydrop - Anti-Gravity Armillary.
6045	52	1	ILST/TEXT	This won't take me long. Grab a snack if you'd like.
6140	52	1	ILST/TEXT	Enforce loyalty? Watchtower brainwashes its members?
6227	52	1	ILST/TEXT	[10 Watchtower Components] Surface Gravity Well Bomb
6233	52	1	ILST/TEXT	The Skydrop system has been successfully integrated.
6259	52	1	ILST/TEXT	[10 Watchtower Components] Surface Anti-Gravity Bomb
6264	52	1	ILST/TEXT	[10 Watchtower Components] Surface Gravity Wave Bomb
6452	52	1	ILST/TEXT	Why did the Freestar Collective abandon the station?
6596	52	1	ILST/TEXT	And one more Post location from that second slate...
6623	52	1	ILST/TEXT	Well, if it isn't my second favorite troublemaker...
6875	52	1	ILST/TEXT	System green, missile online. Skydrop firing... now!
6981	52	1	ILST/TEXT	If that's your call! Now to see if I can find her...
6989	52	1	ILST/TEXT	[6 Astra] Hire the Advocate to get the Control Node.
6998	52	1	ILST/TEXT	Not noticed anything yet! But it's still early days.
7303	52	1	ILST/TEXT	But how did you know Watchtower were looking for me?
7340	52	1	ILST/TEXT	I have... abilities. Things a normal human can't do.
7967	52	1	ILST/TEXT	No can do. That Skydrop's spent, try something else.
8118	52	1	ILST/TEXT	Do not resist, and the processing will be over soon.
5423	53	1	ILST/TEXT	Am I detecting... Are there Watchtower troops there?!
5507	53	1	ILST/TEXT	Great! We have the ability to build up a fleet again.
5610	53	1	ILST/TEXT	But our helmets and suits help mitigate these issues.
5626	53	1	ILST/TEXT	We can talk more on the subject later, if you'd like.
5765	53	1	ILST/TEXT	Can you tell me anything about Aetherium Cybernetics?
5967	53	1	ILST/TEXT	[Unlock Cyberamp] I'd like to extract a new Cyberamp.
5975	53	1	ILST/TEXT	As you wish. If you need something else, let me know.
6046	53	1	ILST/TEXT	It won't take me long. Please wait as I resupply you.
6052	53	1	ILST/TEXT	No restock is required. All modules are fully loaded.
6234	53	1	ILST/TEXT	[Install Skydrop] Yes, I'd like to install a Skydrop.
6251	53	1	ILST/TEXT	All right. I need to recalibrate the assembly line...
6344	53	1	ILST/TEXT	I'll start retrieving the Skydrop data. Be patient...
6345	53	1	ILST/TEXT	Beginning the extraction now. This won't take long...
6394	53	1	ILST/TEXT	I can handle that. Are you happy with your selection?
6476	53	1	ILST/TEXT	I'd like to hear more about your time living in Neon.
6482	53	1	ILST/TEXT	Sure thing. Always here if you wanna talk more later.
6614	53	1	ILST/TEXT	Give me a second, and I'll pull whatever's on here...
6693	53	1	ILST/TEXT	Just give the planet a scan with your ship's sensors.
6758	53	1	ILST/TEXT	Mech outta control? Drop something big on it! Hahaha!
6861	53	1	ILST/TEXT	Lining up my shot now. Get out of range of that mech.
6869	53	1	ILST/TEXT	Mech's out. Let's give it a warm reception, shall we?
6877	53	1	ILST/TEXT	Lock achieved, missile is live. Skydrop heading down!
6922	53	1	ILST/TEXT	Aaand Watchtower drones inbound. Exactly on schedule.
7162	53	1	ILST/TEXT	Make your way there, and I'll start prepping Skydrop.
7182	53	1	ILST/TEXT	Once you're there, I'll provide further instructions.
7297	53	1	ILST/TEXT	Anything you can tell me about the Synapse Disruptor?
7319	53	1	ILST/TEXT	Hah! Well, glad you're staying optimistic! Alright...
7402	53	1	ILST/TEXT	Y'know, this Watchtower thing isn't going to go away.
5413	54	1	ILST/TEXT	Good to see you back. Any news on that Listening Post?
5631	54	1	ILST/TEXT	That's enough questions, I need help building a fleet.
5707	54	1	ILST/TEXT	So, we've got the Control Node, how do we get a fleet?
5907	54	1	ILST/TEXT	I wouldn't say no to a new Computer Core to dissect...
5918	54	1	ILST/TEXT	There we go, all done. Another Amp to add to my stock.
5963	54	1	ILST/TEXT	Review the slate, and we'll see what we can salvage...
6112	54	1	ILST/TEXT	You mentioned mental changes, you don't feel emotions?
6201	54	1	ILST/TEXT	Be certain, as constructing it will consume materials.
6228	54	1	ILST/TEXT	Mind telling me about your modifications and implants?
6252	54	1	ILST/TEXT	I'll handle the build. Just... don't touch anything...
6311	54	1	ILST/TEXT	Sure, we can do that. And maybe fit a Skydrop as well.
6361	54	1	ILST/TEXT	[5 Computer Cores] Skydrop - Turret Drop - Heavy Laser
6381	54	1	ILST/TEXT	I've narrowed down the viable schematics. Take a look.
6612	54	1	ILST/TEXT	Give me a sec, and I'll see what we're working with...
6787	54	1	ILST/TEXT	Oh boy, I think you already know the answer to that...
6991	54	1	ILST/TEXT	Nope! Nothing at all. Think we've already seen it all.
7015	54	1	ILST/TEXT	That's the idea! You take point, and I'll follow suit.
7069	54	1	ILST/TEXT	The more things change, the more they stay the same...
7078	54	1	ILST/TEXT	Why only one Skydrop missile? You knew we'd need more.
7163	54	1	ILST/TEXT	Facility you're looking for shouldn't be too far away.
7236	54	1	ILST/TEXT	Let's not waste any more time. How do we make a fleet?
7379	54	1	ILST/TEXT	I know about Watchtower, I've encountered them before.
8014	54	1	ILST/TEXT	Alright, here we go. New universe, same old game plan.
8101	54	1	ILST/TEXT	Oh, you don't know how glad I am that all this worked.
8113	54	1	ILST/TEXT	That you know who we are only reinforces our concerns.
8119	54	1	ILST/TEXT	Prepare for involuntary power down and incapacitation.
5344	55	1	ILST/TEXT	I guess I'll think about visiting more Listening Posts.
5378	55	1	ILST/TEXT	What do you mean by "tracking certain types of people"?
5418	55	1	ILST/TEXT	Okay! Lets see if we can find that intel Harper wanted.
5452	55	1	ILST/TEXT	Beats me. That's part of why I'm asking you to do this.
5673	55	1	ILST/TEXT	But you did just fine without me! And I knew you would.
5828	55	1	ILST/TEXT	I hope we didn't take you away from anything important.
5956	55	1	ILST/TEXT	Let me know if you find something that intrigues you...
6203	55	1	ILST/TEXT	This Skydrop can be built, but it'll require materials.
6304	55	1	ILST/TEXT	We don't have any Skydrops at hand. Shall we build one?
6383	55	1	ILST/TEXT	Understood. Make your choice, and I'll handle the rest.
6609	55	1	ILST/TEXT	I'll just boot up the algorithm. Won't take a minute...
6695	55	1	ILST/TEXT	No time to talk! Let's take care of these drones first.
6845	55	1	ILST/TEXT	Move into the facility. I'll meet you there when I can!
6876	55	1	ILST/TEXT	Locked and loaded. Skydrop is on its way to the target!
7100	55	1	ILST/TEXT	Hah. I guess being Starborn sometimes has its benefits!
7251	55	1	ILST/TEXT	Well I'm Zippy, daring space adventurer extraordinaire!
5461	56	1	ILST/TEXT	Sure. Just tell me where this Listening Post is exactly.
5496	56	1	ILST/TEXT	...I think that's what we ended up calling this place...
5797	56	1	ILST/TEXT	Could you tell me a little about yourself, your history?
5807	56	1	ILST/TEXT	Hm, yes I see. Some minor treatment, and you'll be fine.
5810	56	1	ILST/TEXT	Besides a touch of hypochondria, you're absolutely fine!
5844	56	1	ILST/TEXT	I've got a decent stock of medical gear, if you need it?
6056	56	1	ILST/TEXT	I regret to inform you that your funds are insufficient.
6239	56	1	ILST/TEXT	The build is done. I can fit it to a ship now, or later.
6305	56	1	ILST/TEXT	Should we fabricate a Skydrop first? It might be useful.
6509	56	1	ILST/TEXT	Didn't think I was that interesting, but sure, go ahead!
6710	56	1	ILST/TEXT	Seriously, you can't damage it while the shields are up!
6713	56	1	ILST/TEXT	...What are you doing in here?! I need you outside. Now!
6721	56	1	ILST/TEXT	Absolutely! Next time I'll make sure it's not a problem.
6798	56	1	ILST/TEXT	That's almost all the power we need. Just a little more!
6880	56	1	ILST/TEXT	Mark the facility with a flare. We'll blow it wide open!
6883	56	1	ILST/TEXT	Toss a flare on target, and we'll crack this thing open!
6938	56	1	ILST/TEXT	The Advocate delivered. Got the Control Node right here!
6964	56	1	ILST/TEXT	Ah, Eridani III. Didn't think I'd see you again so soon!
7244	56	1	ILST/TEXT	No problem! I already know all I need to know about you.
7261	56	1	ILST/TEXT	Thanks for telling me your plan. Don't need you anymore.
7268	56	1	ILST/TEXT	...I still don't follow. Explain it to me like I'm five.
7280	56	1	ILST/TEXT	Okay, that's a fairly good plan. I can see that working.
5520	57	1	ILST/TEXT	For now, that's all I can do for you. I hope it's enough.
5655	57	1	ILST/TEXT	...Torin really should have prepared you better for this.
5660	57	1	ILST/TEXT	You got somewhere to be? Alright, I'll wait here for you.
5734	57	1	ILST/TEXT	He was almost a permanent guest at Watchtower's pleasure!
5908	57	1	ILST/TEXT	Tell me what you need. Med Pack, or a shiny new Cyberamp?
5999	57	1	ILST/TEXT	That would require more data. More data means more cores.
6242	57	1	ILST/TEXT	Construction successful. Skydrop ready for ship mounting.
6254	57	1	ILST/TEXT	I'll begin the fabrication process, it won't take long...
6342	57	1	ILST/TEXT	Give me a moment, the extraction process can be tricky...
6356	57	1	ILST/TEXT	I believe this Skydrop can be extracted. Shall I proceed?
6379	57	1	ILST/TEXT	Here's the slate with the current options. Choose wisely.
6398	57	1	ILST/TEXT	I'll need a moment to extract the required information...
6703	57	1	ILST/TEXT	No time for messing around! Come on, flip those switches!
6980	57	1	ILST/TEXT	Okay, then! I'll reach out and see if I can make contact.
7152	57	1	ILST/TEXT	System's got a lock... Missile loaded. Skydrop deploying!
7171	57	1	ILST/TEXT	What's Watchtower doing here? Have they found us already?
7408	57	1	ILST/TEXT	All current station residents located in recreation area.
7979	57	1	ILST/TEXT	Launching the Armillary! If this doesn't deal with 'em...
7999	57	1	ILST/TEXT	You want fire from the sky? You'll get fire from the sky!
8011	57	1	ILST/TEXT	Attention. Our systems have flagged your ship as deviant.
8012	57	1	ILST/TEXT	...Now, let's get you outta this and back to your ship...
8081	57	1	ILST/TEXT	One more ambush thwarted! I should start keeping a tally.
5368	58	1	ILST/TEXT	Hm. Maybe they sometimes use stations instead...? I dunno.
5500	58	1	ILST/TEXT	You said something about giving Watchtower a bloody lip...
5733	58	1	ILST/TEXT	She was almost a permanent guest at Watchtower's pleasure!
5799	58	1	ILST/TEXT	And now, I'm taking a short sabbatical to run this clinic!
5841	58	1	ILST/TEXT	I think I've got a few pieces that might catch your eye...
5919	58	1	ILST/TEXT	The data's secure, that Cyberamp is ready for fabrication.
6006	58	1	ILST/TEXT	Another load of vessels scrapped. These credits are yours.
6054	58	1	ILST/TEXT	I'm sorry, but you lack the needed credits for a resupply.
6332	58	1	ILST/TEXT	Review the slate. It lists all the Skydrops I can build...
6490	58	1	ILST/TEXT	What do you think about Gren? Are you concerned about him?
6505	58	1	ILST/TEXT	Huh. Good question. I'm not even sure I know the answer...
6619	58	1	ILST/TEXT	You didn't come all this way just to stand there, did you?
6642	58	1	ILST/TEXT	We're done. Slate had intel on a Post way out on the edge.
6689	58	1	ILST/TEXT	[Find Array] Find me a Listening Post without using Intel.
6882	58	1	ILST/TEXT	Drop a flare so we can breach the facility and get inside!
7129	58	1	ILST/TEXT	I want to stay for a little longer, look around some more.
7213	58	1	ILST/TEXT	Do we really need some special hardware to create a fleet?
5732	59	1	ILST/TEXT	They was almost a permanent guest at Watchtower's pleasure!
5804	59	1	ILST/TEXT	You've got some serious issues! Let's treat them, shall we?
5806	59	1	ILST/TEXT	Not as bad as it could've been... Let's get you patched up.
5809	59	1	ILST/TEXT	Hm... You seem the very picture of health. Congratulations.
6055	59	1	ILST/TEXT	Sorry, you have insufficient credits for a Skydrop restock.
6070	59	1	ILST/TEXT	Tell me about the <Alias.CurrentName=TargetDrop> Skydrop...
6169	59	1	ILST/TEXT	I don't need all the details. Give me the abridged version.
6200	59	1	ILST/TEXT	If you're confident in your selection, I'll start building.
6326	59	1	ILST/TEXT	This slate contains all Skydrops I can currently produce...
6422	59	1	ILST/TEXT	There's no more Listening Posts out there. Nothing to find!
6649	59	1	ILST/TEXT	M'kay. Intel pointed to a Post in a system not too far off.
6792	59	1	ILST/TEXT	...You did it! Yes! Disruptor's got all the power it needs!
6866	59	1	ILST/TEXT	Well, there's the mech. Ready to make it regret coming out?
6967	59	1	ILST/TEXT	Here you go, you'll need the Skydrop flare. Huh. D�j� Vu...
7325	59	1	ILST/TEXT	If they're so "scared" of me, they should just stay away...
7351	59	1	ILST/TEXT	I happen to be a Senior Operative within Ryujin Industries.
7360	59	1	ILST/TEXT	Hmm... Maybe I do know why Watchtower's interested in me...
8087	59	1	ILST/TEXT	Glad I got here in time! Was almost delayed by a UC patrol.
8105	59	1	ILST/TEXT	I'm not seeing any file... There's nothing in our database.
5370	60	1	ILST/TEXT	Can't say I know the answer to that. Data's thin on details.
5587	60	1	ILST/TEXT	Oh. Small problem there... I think he only has the one ship.
5752	60	1	ILST/TEXT	I hate to deny treatment, but you don't have enough credits.
5847	60	1	ILST/TEXT	I've already prepared a few of the Amps, ready for purchase.
5909	60	1	ILST/TEXT	I've got some Amps already constructed if you're interested.
5952	60	1	ILST/TEXT	There's nothing left to extract! At least, I don't think so.
5961	60	1	ILST/TEXT	Here's a rundown on the Amps I may be able to get for you...
6007	60	1	ILST/TEXT	Those ships you flagged? Stripped and sold. Here's your cut.
6061	60	1	ILST/TEXT	You appear to have fitted the Skydrop to your personal ship.
6346	60	1	ILST/TEXT	Very well. Give me a moment to extract the necessary data...
6557	60	1	ILST/TEXT	Only basic models, but still! Nothing to thumb your nose at!
6690	60	1	ILST/TEXT	Let's jump to the Eridani system. Make orbit at Eridani III.
6705	60	1	ILST/TEXT	Breaker switches, now! The Corvette's gotta have more power!
6960	60	1	ILST/TEXT	Perform a scan, I'll keep lookout for the Watchtower drones.
7157	60	1	ILST/TEXT	Looks like you're there! Okay, here's what you need to do...
7201	60	1	ILST/TEXT	You ready? We're going to Eridani III in the Eridani system.
7239	60	1	ILST/TEXT	I don't want to be captured by Watchtower. Pants down or up.
7335	60	1	ILST/TEXT	True enough. Still, it doesn't hurt to ponder their motives.
5376	61	1	ILST/TEXT	But I'd bet good credits, they're not after your average joe.
5512	61	1	ILST/TEXT	I think we could accommodate that. Thanks for the help, Gren!
5586	61	1	ILST/TEXT	Oh. Small problem there... I think she only has the one ship.
5803	61	1	ILST/TEXT	Oof, you're not in good condition. We should start treatment.
5891	61	1	ILST/TEXT	Time for some core dissection, let's find the prize inside...
6062	61	1	ILST/TEXT	But sacrifices are needed for the implants to work correctly.
6193	61	1	ILST/TEXT	I maintain a small stock of items. See what catches your eye.
6272	61	1	ILST/TEXT	Skydrop data extracted, I can now build it whenever you need.
6302	61	1	ILST/TEXT	Since you have no Skydrops built, shall we fabricate one now?
6554	61	1	ILST/TEXT	Hm? Oh. Just someone I knew from Neon. His name's Shadowline.
6579	61	1	ILST/TEXT	Huh... I hadn't thought of that. But I suppose it's possible!
6621	61	1	ILST/TEXT	You're lookin' a little rough around the edges. Need a drink?
6643	61	1	ILST/TEXT	We got one! Intel shows a Listening Post in a far-off system.
6645	61	1	ILST/TEXT	Got it. This one's a hike, but we have a location for a Post.
6709	61	1	ILST/TEXT	The mech's shields are too tough. You're wasting your energy!
6926	61	1	ILST/TEXT	Aha! There they are. Watchtower drones. Hmph. So predictable!
6959	61	1	ILST/TEXT	Get the scan started. I'll watch out for the incoming drones.
7005	61	1	ILST/TEXT	Hey, it's a plan that works! If it ain't broke, don't fix it!
7141	61	1	ILST/TEXT	Alright. Remember! Watchtower's still looking to capture you.
7170	61	1	ILST/TEXT	Are we safe? Those drones didn't send out a signal, did they?
7392	61	1	ILST/TEXT	But first, we need to talk about the people who attacked you.
7937	61	1	ILST/TEXT	Damn, we're tapped out on that, sorry! We'll have to restock.
7966	61	1	ILST/TEXT	Unable to deploy, module is depleted. You'll need to restock.
8016	61	1	ILST/TEXT	You, get back on your feet and meet me at Stardock. Alright?!
5576	62	1	ILST/TEXT	Good. Go ahead and "Commission" that ship, using the terminal.
5826	62	1	ILST/TEXT	[Pay <Global=SQ_Doctors_Price_Wounds> Credits] Heal my wounds.
6238	62	1	ILST/TEXT	Construction complete. Let me know when you want it installed.
6498	62	1	ILST/TEXT	What's your relationship with Torin? What do you think of him?
6506	62	1	ILST/TEXT	I'm curious about your past. Can you share some of it with me?
6575	62	1	ILST/TEXT	[Reasonably Safe] Somewhere that's calm, just a nice easy run.
6586	62	1	ILST/TEXT	Alright, your nav's updated. You're good to go! Give 'em hell!
6600	62	1	ILST/TEXT	Oh, and that other slate? It also had a Post location on it...
6848	62	1	ILST/TEXT	Head into the facility, and I'll join you as soon as I'm able!
6881	62	1	ILST/TEXT	Get that flare on the target! Let's punch through and move in!
6913	62	1	ILST/TEXT	Head planet-side! I'll stick in orbit and get Skydrop prepped.
7067	62	1	ILST/TEXT	We getting the Control Node ourselves, or hiring the Advocate?
7128	62	1	ILST/TEXT	You so sure? I mean, here I am! And I don't seem to be dead...
7165	62	1	ILST/TEXT	Maybe it has something to do with the facility we're going to?
7326	62	1	ILST/TEXT	Yeah, I remember. My head felt like it was splitting in two...
7411	62	1	ILST/TEXT	I assist in docking, cargo and ship maintenance. I am B.A.B.S.
5477	63	1	ILST/TEXT	That does sound bad! The Altair system is barely a jump away...
5585	63	1	ILST/TEXT	Oh. Small problem there... I think they only have the one ship.
5588	63	1	ILST/TEXT	Nothing I didn't anticipate. But I have had weeks to plan this.
5843	63	1	ILST/TEXT	Feel free to browse, but no touching! Unless it's a Cyberamp...
5876	63	1	ILST/TEXT	Neuroamp, Cyberamp, whatever it is, can't say I'm interested...
5916	63	1	ILST/TEXT	Ah, it's you. Shall I patch you up, or is this about Cyberamps?
5957	63	1	ILST/TEXT	Study this, and you'll see what Amp blueprints we can expect...
6202	63	1	ILST/TEXT	To avoid wasted resources, confirm this is your final decision.
6237	63	1	ILST/TEXT	It's ready. Skydrop fully functional and good for installation.
6241	63	1	ILST/TEXT	All done. Let me know if you want this one mounted to a vessel.
6307	63	1	ILST/TEXT	Before we proceed, would you like to fabricate a Skydrop first?
6377	63	1	ILST/TEXT	You'll find potential Skydrops listed here. Decide what's best.
6393	63	1	ILST/TEXT	Acknowledged. I'll start once you confirm that's what you want.
6572	63	1	ILST/TEXT	[Deadly] Get me a system where survival is far from guaranteed.
6580	63	1	ILST/TEXT	[Find Array] Can you find a Listening Post without using Intel?
6650	63	1	ILST/TEXT	All done. The Intel says there's a Post just around the corner.
6701	63	1	ILST/TEXT	One second. Just checking... Corvette's missing some systems...
6923	63	1	ILST/TEXT	Let's deal with these drones, then head on down to the surface!
6958	63	1	ILST/TEXT	Run the scan! I'll keep an eye out for those Watchtower drones.
7030	63	1	ILST/TEXT	Ready to leave for the Eridani system, or do you need a minute?
7935	63	1	ILST/TEXT	Please be advised: This unit does not possess combat protocols.
7971	63	1	ILST/TEXT	Negative. That Flare's in a bad spot. Reposition and try again.
5678	64	1	ILST/TEXT	If you already trust me, then sure, you can trust her too! I do.
5831	64	1	ILST/TEXT	Alright. Just don't make me regret letting you walk out of here.
5842	64	1	ILST/TEXT	My collection may not be vast, but what I do have is all useful.
5845	64	1	ILST/TEXT	My stock's limited, but every piece is worth its weight in gold.
5946	64	1	ILST/TEXT	I can extract more data to build a superior version of this Amp.
6248	64	1	ILST/TEXT	Changed your mind, huh? That's fine. Just check the slate again.
6337	64	1	ILST/TEXT	Understood. Review the slate again, and tell me what to extract.
6355	64	1	ILST/TEXT	Are you sure this is the Skydrop you want added to your arsenal?
6571	64	1	ILST/TEXT	[Dangerous] I want some real stakes! I'm in the mood for danger.
6597	64	1	ILST/TEXT	As an extra bonus, the other slate gave us an extra Post site...
6646	64	1	ILST/TEXT	Finished. We got a post in a system not far off the beaten path.
6739	64	1	ILST/TEXT	That mech won't be a problem, unless we want it to be. Let's go!
6800	64	1	ILST/TEXT	Almost there... but we're still short. One more, we're so close!
6841	64	1	ILST/TEXT	Sorry, had to take the scenic route. But I'm here now! Let's go.
6884	64	1	ILST/TEXT	Throw a flare at the facility! Let's light it up and get inside!
6925	64	1	ILST/TEXT	We'll handle these drones, then make our descent to the surface.
7039	64	1	ILST/TEXT	We've already done all this before, so let's get straight to it!
7199	64	1	ILST/TEXT	Ah, c'mon. I don't wanna ruin the surprise! That's half the fun!
7246	64	1	ILST/TEXT	Thanks for the introduction. Just don't expect the same from me.
7403	64	1	ILST/TEXT	Hey. We really need to talk about that group who attacked you...
7410	64	1	ILST/TEXT	This isn't a social call. You're going to explain what happened.
7969	64	1	ILST/TEXT	Unable to launch, drop zone obstructed. Adjust your positioning.
8117	64	1	ILST/TEXT	I'm an ally. Check your database, authorization 56K-PLACEHOLDER.
5679	65	1	ILST/TEXT	Harper's got a soft spot for the dispossessed, that's for sure...
5887	65	1	ILST/TEXT	Now then, Harper provided me with a "Watchtower Computer core"...
5923	65	1	ILST/TEXT	I've got everything I need. Your new Amp's ready for fabrication.
6195	65	1	ILST/TEXT	I've got some inventory available. See if anything interests you.
6213	65	1	ILST/TEXT	You'll need to source more credits before I can repair your ship.
6387	65	1	ILST/TEXT	Finished. The Fleet Command System can now support one more ship.
6573	65	1	ILST/TEXT	[Challenging] I don't mind some action, but nothing over the top.
6588	65	1	ILST/TEXT	Transferring what we got now. Do what you gotta do! Safe travels.
6652	65	1	ILST/TEXT	Got it! Looks like the Post is just a hop, skip, and a jump away.
6735	65	1	ILST/TEXT	Here goes! I'll go ready the Synapse Distuper. Get me that power!
6738	65	1	ILST/TEXT	I made sure the surprise mech is disabled again. Let's get going.
6816	65	1	ILST/TEXT	One of these days, maybe I'll make it sooner! Just not this time.
7222	65	1	ILST/TEXT	This looks familiar. Reminds me of something from the Colony War.
7327	65	1	ILST/TEXT	Leaving you absolutely helpless and at Watchtower's tender mercy!
5351	66	1	ILST/TEXT	Vega II-c, I think. In the Vega system. Should be something there.
5608	66	1	ILST/TEXT	If you hand me the Control Node, we can begin building your fleet.
5694	66	1	ILST/TEXT	And if you don't, you will soon enough! So why spoil the surprise?
5724	66	1	ILST/TEXT	Speaking of changing the subject, let me introduce my friend here!
5913	66	1	ILST/TEXT	My drop-in clinic is closed... But I suppose I can squeeze you in.
5922	66	1	ILST/TEXT	Ahh... The data extracted perfectly, and I can now build this Amp.
6273	66	1	ILST/TEXT	Extraction successful. The Skydrop can now be installed to a ship.
6303	66	1	ILST/TEXT	Before modifying your ship, do you want to construct a Skydrop...?
6516	66	1	ILST/TEXT	Hungry? Thirsty? Or just curious about what I've got stashed away?
6569	66	1	ILST/TEXT	[Suicidal] Find me somewhere lethal. I either make it, or I don't.
6843	66	1	ILST/TEXT	Well, look who I caught up with! Miss me? Let's go find that Node!
6849	66	1	ILST/TEXT	So make your way inside the facility and I'll catch up when I can!
6982	66	1	ILST/TEXT	Hey! Saves us the effort, right? I'll go visit her usual haunts...
7147	66	1	ILST/TEXT	I mentioned we're breaking into an old Watchtower facility, right?
8108	66	1	ILST/TEXT	You will submit. Please, don't make this harder than it has to be.
5339	67	1	ILST/TEXT	Each one's probably got a nugget of info we can take for ourselves.
5896	67	1	ILST/TEXT	It's a delicate process, but I'll have your Amp ready in no time...
5959	67	1	ILST/TEXT	Give this slate a look, and we'll figure out how best to proceed...
6009	67	1	ILST/TEXT	Salvage operations went smoothly. Transferring you the credits now.
6053	67	1	ILST/TEXT	All Skydrop modules are at full capacity. A restock is unnecessary.
6190	67	1	ILST/TEXT	Almost every Watchtower member undergoes some kind of modification.
6276	67	1	ILST/TEXT	Extraction complete. This Skydrop is now available for fabrication.
6309	67	1	ILST/TEXT	Of course. And you have at least one Skydrop module we can install.
6384	67	1	ILST/TEXT	You have a number of options. Review them and select what you want.
6599	67	1	ILST/TEXT	Checked the second slate too. It had another Listening Post site...
6750	67	1	ILST/TEXT	No! Not at all! In fact, it's good to know you can still improvise.
6823	67	1	ILST/TEXT	Ohhh, no. No! No-no-no-no! Uh-uh. We are not-- This... This isn't--
7036	67	1	ILST/TEXT	We need the Fleet-Sync Control Node! I'll prep my ship and standby.
7076	67	1	ILST/TEXT	Hey, it wasn't through lack of trying! I looked everywhere I could.
7104	67	1	ILST/TEXT	So this "bonding", it worked? We'll always Unity jump together now?
7123	67	1	ILST/TEXT	This Fleet-Sync Control Node, this is what we came here for, right?
7393	67	1	ILST/TEXT	I imagine you've a lot of questions, and I do have answers for you!
7412	67	1	ILST/TEXT	My name is Torin. We can get more into who I am later, I promise...
5499	68	1	ILST/TEXT	First rule. This is my home, and you're a guest. So behave yourself!
5536	68	1	ILST/TEXT	I have a Skydrop ready for integration. Let's get it onto your ship.
5570	68	1	ILST/TEXT	And that's all you have to do. That vessel's now part of your fleet.
5669	68	1	ILST/TEXT	I mean exactly what I said. He's on our side. And I fully trust him.
5726	68	1	ILST/TEXT	Instead of waiting alone on an empty station, twiddling my thumbs...
5754	68	1	ILST/TEXT	If you decide to extract something later, you know where to find me.
5914	68	1	ILST/TEXT	If you have any cores, I could always try to find you some new toys!
5958	68	1	ILST/TEXT	Skim through my notes, and I'll see what we can pry from this one...
6204	68	1	ILST/TEXT	Are you positive? The fabrication will use up our limited materials.
6421	68	1	ILST/TEXT	I want to upgrade the Fleet Command System, or maybe something else.
6447	68	1	ILST/TEXT	It was the only way I get it down on paper that this place was mine.
6598	68	1	ILST/TEXT	Still not done, the second slate also pointed to a Listening Post...
6648	68	1	ILST/TEXT	And... finished! There's a Post in a system within reasonable range.
6707	68	1	ILST/TEXT	You okay? Flip the breakers! The Disruptor's not gonna power itself!
7369	68	1	ILST/TEXT	No, it's gotta be something else. Something more... "unique"? Hm....
7383	68	1	ILST/TEXT	I know who Watchtower are. We were meant to have an understanding...
8077	68	1	ILST/TEXT	Another successful Unity jump together. Heh. Glad I'm still with ya.
5471	69	1	ILST/TEXT	Gren's a cautious guy, always running scans! Likes to catalog things.
6066	69	1	ILST/TEXT	I'm no doctor, so I can't really explain the process in great detail.
6097	69	1	ILST/TEXT	And their modifications are... extreme. Even by Watchtower standards.
6122	69	1	ILST/TEXT	A very cramped city. But, you learn to live with the confined spaces.
6136	69	1	ILST/TEXT	And as I'm sure you've noticed, I also have some cyberamps installed.
6271	69	1	ILST/TEXT	It's done, I secured the data, this Skydrop is now available for use.
6359	69	1	ILST/TEXT	[10 Sentient AI Adapters, 10 Mech Parts] Skydrop - Bot Drop - AI Mech
6559	69	1	ILST/TEXT	If Watchtower ever commercialized, they'd put Ryujin out of business!
6570	69	1	ILST/TEXT	[Tough] Find me somewhere I'll need to stay sharp to make it through.
6647	69	1	ILST/TEXT	Listening Post found! This one's not too close, but not too far away.
6747	69	1	ILST/TEXT	And I think with that out of the way, that's our cue to leave. C'mon!
7146	69	1	ILST/TEXT	...Hah. Hey, you wanna see something cool? Fix your eyes on the mech.
7184	69	1	ILST/TEXT	Phew! Glad it was just drones. Okay then, let's get back to the plan.
7266	69	1	ILST/TEXT	Try this on for size. Imagine you have a fleet of, like, seven ships.
7289	69	1	ILST/TEXT	This seems important, but I can't help right now. I'll be back later.
7338	69	1	ILST/TEXT	Enough speculation. Only Watchtower really know why they're after me.
7970	69	1	ILST/TEXT	Can't deploy. Interference detected. Throw a Flare somewhere clearer.
7993	69	1	ILST/TEXT	*crunch* Can drop whatever you need to make life easier. Get ready...
8021	69	1	ILST/TEXT	*sigh* You know what, I'm not even going to say anything this time...
8050	69	1	ILST/TEXT	Sooo, how did that little "doing this without me" go for you? Hmm...?
8065	69	1	ILST/TEXT	Huh... Hair's a little shorter, I think. Eh, I dunno, hard to tell...
5340	70	1	ILST/TEXT	At a guess, from Listening Posts, or the Arrays that keep 'em company.
5725	70	1	ILST/TEXT	But per usual, yours truly was there to oh-so-heroically save the day!
5832	70	1	ILST/TEXT	[Pay <Global=SQ_Doctors_Price_Addictions> Credits] Cure my addictions.
5846	70	1	ILST/TEXT	I've got all the Amps we've acquired so far, and a few extra things...
5882	70	1	ILST/TEXT	It's nice to meet you, doctor. I really appreciate you helping us out.
6312	70	1	ILST/TEXT	Then let's proceed. Don't forget, you've got a Skydrop we can install.
6335	70	1	ILST/TEXT	That's fine. The options remain the same, so what Skydrop do you want?
6712	70	1	ILST/TEXT	That mech's shields are holding strong. You can't damage it like that!
6725	70	1	ILST/TEXT	Rise and shine. Did you have fun? Hah. Come on, then! Let's get going.
6907	70	1	ILST/TEXT	Down to the planet's surface you go! I'll stay here and ready Skydrop.
7295	70	1	ILST/TEXT	Uh... Well, actually, um, I-- I... you do. I mean, you did just ask...
7352	70	1	ILST/TEXT	But, I suspect that's something Watchtower wouldn't really care about.
8015	70	1	ILST/TEXT	Oh, and next time? Send me a signal so I can come help your sorry ass.
5595	71	1	ILST/TEXT	Please, hand me the Control Node, and we can begin building your fleet.
5723	71	1	ILST/TEXT	A thousand thank yous, my fair lady! Thy generosity is truly boundless!
5827	71	1	ILST/TEXT	[Pay <Global=SQ_Doctors_Price_Everything> Credits] Take care of it all.
5911	71	1	ILST/TEXT	Don't mind the mess. My last patient wasn't feeling, uh... cooperative.
5925	71	1	ILST/TEXT	All done! The data's extracted and your new Cyberamp is ready to build.
6010	71	1	ILST/TEXT	I stripped down that vessel you marked. Your account has been credited.
6020	71	1	ILST/TEXT	I speak of the parts that are essential for tech, such as the Skydrops.
6051	71	1	ILST/TEXT	Your Skydrop inventory is already at full capacity. No resupply needed.
6101	71	1	ILST/TEXT	*sigh* Regarding the organization as a whole, that's all I really know.
6160	71	1	ILST/TEXT	Didn't realize there would be a story. Let's talk about something else.
6386	71	1	ILST/TEXT	Upgrade successful. You'll find your fleet capacity has been increased.
6603	71	1	ILST/TEXT	That's not all! The rest of the slates gave us more Post coordinates...
6862	71	1	ILST/TEXT	Lining up for the hit. Make sure you're far enough away from that mech!
6919	71	1	ILST/TEXT	Off you go to Eridani III's surface. I'll handle getting Skydrop ready.
6934	71	1	ILST/TEXT	Advocate's done her job. Control Node's in our hands and ready for use.
7149	71	1	ILST/TEXT	...Oh! I got an idea. Get some distance between you and that mech! Now!
7343	71	1	ILST/TEXT	Visions, you say...? Well, that certainly sounds unique! But dangerous?
8010	71	1	ILST/TEXT	Attention uncatalogued vessel. Our systems have flagged you as suspect.
5437	72	1	ILST/TEXT	Find Listening Post, collect data, destroy vital infrastructure. Got it!
5448	72	1	ILST/TEXT	Just keep your head down and don't get sloppy! No witnesses, no problem.
5450	72	1	ILST/TEXT	They'll know someone hit their Listening Post, sure! They're not idiots.
5591	72	1	ILST/TEXT	You told Torin about the Control Node? How'd you know where to find one?
5623	72	1	ILST/TEXT	However, a chance encounter -- forced me to reevaluate my career choice.
5834	72	1	ILST/TEXT	[Pay <Global=SQ_Doctors_Price_Afflictions> Credits] Cure my afflictions.
5944	72	1	ILST/TEXT	I can focus on upgrading this particular model, if that's what you need?
6086	72	1	ILST/TEXT	This was in both the UC and Freestar Collective. As for House Va'ruun...
6216	72	1	ILST/TEXT	There's nothing that needs fixing. But I can give it a look over anyway.
6270	72	1	ILST/TEXT	Ah, process finished. The Skydrop can be fabricated at your convenience.
6376	72	1	ILST/TEXT	For now, I don't think there are any more we can extract. Perhaps later.
6390	72	1	ILST/TEXT	All right. Ready for me to proceed, or do you need a moment to consider?
6443	72	1	ILST/TEXT	But, he said all he wanted was a spot for him and a few friends to stay.
6615	72	1	ILST/TEXT	[Hand in all Intel] I found more than one slate. Here's all that I have.
6653	72	1	ILST/TEXT	Alright, I'm done. Intel pointed to a Listening Post in a nearby system.
6765	72	1	ILST/TEXT	Huh. Okay, that was a novel way to deal with the situation. Well played!
6847	72	1	ILST/TEXT	Make your way into the facility. I'll link up with you soon as I'm able!
6956	72	1	ILST/TEXT	Focus on the scan. I'll make sure those drones don't catch us off guard.
7190	72	1	ILST/TEXT	...Hey. I'm detecting incoming ships. They're small. Look like drones...
7321	72	1	ILST/TEXT	You must have some way to counter it, otherwise why ask me to come here?
7357	72	1	ILST/TEXT	I'm a full-fledged Freestar Ranger. It's a duty that makes you a target.
7366	72	1	ILST/TEXT	I am a prominent UC citizen, and know some fairly sensitive information.
7938	72	1	ILST/TEXT	Just checked. Sorry, nothing left to launch. So that's a firm no-can-do.
8102	72	1	ILST/TEXT	I'm sorry, I can't confirm your identity. Ready yourself for processing.
5464	73	1	ILST/TEXT	Me, personally? No. Never even knew they existed until a few months back.
5498	73	1	ILST/TEXT	But, so long as you don't cause trouble, my docking bays are always open.
5715	73	1	ILST/TEXT	This is the person I told you about, Harper. The one I was looking for...
5751	73	1	ILST/TEXT	You'll need a few more credits before I can provide treatment, I'm sorry.
5848	73	1	ILST/TEXT	I have Amps, medical supplies... Just be sure to have your credits ready.
6375	73	1	ILST/TEXT	I don't think there are any more Skydrops to discover. You have them all.
6378	73	1	ILST/TEXT	This slate contains the schematics I can retrieve. Review and select one.
6424	73	1	ILST/TEXT	You've already destroyed every Listening Post. There's no more to locate!
6644	73	1	ILST/TEXT	Slate's toast. But it did reveal a Listening Post is in a distant system.
6697	73	1	ILST/TEXT	I'll regulate things from here. You flip those switches! Fast as you can!
6812	73	1	ILST/TEXT	Right you are! Let's head back to your ship. Your turn to play chauffeur.
6821	73	1	ILST/TEXT	...Wait. I think I got a plan. Stay here, and get behind some damn cover!
7106	73	1	ILST/TEXT	It's a new universe, so I figured we should give the Stardock a new name.
7143	73	1	ILST/TEXT	Nope! Lightly tenderized, maybe. I did get knocked around a little bit...
7256	73	1	ILST/TEXT	Good to know you, Torin. I'm <Alias=Player>. I appreciate you helping me.
7991	73	1	ILST/TEXT	*crunch* Okay, brace yourself. Not sure I fully trust these things yet...
8042	73	1	ILST/TEXT	But your little deal is with a completely different branch of Watchtower.
8043	73	1	ILST/TEXT	Look, I get that you have some sort of "understanding" with these guys...
5492	74	1	ILST/TEXT	But with a little love, and a lot of welding, we got it into decent shape.
5696	74	1	ILST/TEXT	You should ask Harper about it. She knows more about this place than I do.
5741	74	1	ILST/TEXT	I-... Well, okay! As long as you understand -- and try not to do it again.
5750	74	1	ILST/TEXT	Ah, you're exaggerating! It's not "every time". Besides, B.A.B.S was here!
5805	74	1	ILST/TEXT	Oh, yes... I can see it now. Not good! We'll need to treat that right now.
5921	74	1	ILST/TEXT	Hard part over, data is extracted. Now, it's just a matter of building it.
6115	74	1	ILST/TEXT	I often found myself in government installations, or corporate facilities.
6243	74	1	ILST/TEXT	Build is complete. We can fit the Skydrop to a ship whenever you're ready.
6244	74	1	ILST/TEXT	Skydrop module is finished. If you want it fitted to a ship, say the word.
6453	74	1	ILST/TEXT	Ah, good! There you are. Now, where was I...? Ah, right. The spy Arrays...
6574	74	1	ILST/TEXT	[Moderate] Find me a system that's just enough to keep things interesting.
6589	74	1	ILST/TEXT	I've sent what we extracted to your nav. Good luck with your Post hunting!
6724	74	1	ILST/TEXT	Alright, on your feet! We done playing? Lockdown will be lifted, let's go.
6733	74	1	ILST/TEXT	One more time! If you wanna zap that mech, flip the power switches for me!
6864	74	1	ILST/TEXT	Lining up my trajectory. You'll want to get clear before I ram this thing!
6942	74	1	ILST/TEXT	Facility located! Shockingly, still under ice, so it's Skydrop or nothing!
6945	74	1	ILST/TEXT	There's the target. Icebound as ever. Skydrop should crack it open nicely.
7168	74	1	ILST/TEXT	Unless there are other Watchtower ships nearby, which I doubt, we're safe.
7185	74	1	ILST/TEXT	But no problem! That's why we've got Skydrop! All we'll need to do is--...
7940	74	1	ILST/TEXT	Uh, yeah... that's a negative. I don't have a clear signal from the flair.
5659	75	1	ILST/TEXT	I was warned you may not be what I expected. Still, I didn't expect this...
5706	75	1	ILST/TEXT	Well, okay. So long as you don't do it again. Glad you rescued your friend.
5881	75	1	ILST/TEXT	Truth be told, it's still a new concept to me. But, as I understand them...
5898	75	1	ILST/TEXT	Alright, give me a moment to crack the security and extract what we need...
6274	75	1	ILST/TEXT	Process is complete. You're free to request this Skydrop whenever you want.
6275	75	1	ILST/TEXT	Finished. The Skydrop schematic is ready. Let me know if you want it built.
6310	75	1	ILST/TEXT	I'll do my best to help. And we should consider installing a built Skydrop.
6388	75	1	ILST/TEXT	Done. The system upgrade will allow you to commission an additional vessel.
6454	75	1	ILST/TEXT	Wait, before you go! I've been thinking some more about those spy Arrays...
6666	75	1	ILST/TEXT	Just gimme some time to make the call and let my contacts do their thing...
6785	75	1	ILST/TEXT	But, hey! The mech's outta commission! See? Nothing but fried circuits now.
6813	75	1	ILST/TEXT	And here's me without a ship again! Guess I'll be catching a ride with you.
6948	75	1	ILST/TEXT	And... there's the facility! Still under ice, so we'll have to use Skydrop.
7035	75	1	ILST/TEXT	I've lost track of how many times we've done this but, um, let's get to it!
7282	75	1	ILST/TEXT	Oh-ho-ho! Don't I know it! I've not forgotten how you handled thaaaaat--...
7308	75	1	ILST/TEXT	Well that one, I can answer. You see, I was already on the lookout for you.
8085	75	1	ILST/TEXT	Nice job, as always. You'd think they would've learned by now, wouldn't ya?
5331	76	1	ILST/TEXT	So here! Your payment. And some advice... You need to be careful out there. 
5338	76	1	ILST/TEXT	Just be ready for Watchtower to show up, the moment you start pokin' around.
5705	76	1	ILST/TEXT	*sigh* I'll let it slide this time. Your friend's safe, that's what matters.
5739	76	1	ILST/TEXT	...So, how was your supply run? Those Surgeon guys have everything you need?
5895	76	1	ILST/TEXT	I'm still not an expert in this tech, but I've always enjoyed a challenge...
6079	76	1	ILST/TEXT	I assume it's how they keep their reach broad and their actions untraceable.
6277	76	1	ILST/TEXT	Done. Data is extracted. You can now request this Skydrop whenever you like.
6306	76	1	ILST/TEXT	If you are interested, we can build a Skydrop before modifying your ship...?
6353	76	1	ILST/TEXT	I can extract the schematics for this Skydrop. Is this your final selection?
6385	76	1	ILST/TEXT	The Fleet Command System has been enhanced, allowing for greater fleet size.
6567	76	1	ILST/TEXT	Hold on, I've changed my mind. I'd prefer a different degree of challenge...
6681	76	1	ILST/TEXT	I can manage that. But first, are we aiming for an easy ride or a challenge?
6912	76	1	ILST/TEXT	Don't forget about the mech! Once it emerges, I'll take it out with my ship.
7111	76	1	ILST/TEXT	Thought it a good idea to skip the Watchtower ambush and come straight here.
7180	76	1	ILST/TEXT	Make sure you keep warm! Conditions down there don't seem overly hospitable.
8110	76	1	ILST/TEXT	Ah, too late! I'm detecting... It's a ship, it's jumping in! Weapons ready!!
5513	77	1	ILST/TEXT	Oh, I'm sure we'll be able to find what you need. Thanks for your time, Gren!
5542	77	1	ILST/TEXT	After all the sweat you put in, pfft, it's not as if I'd just blow it all up!
5605	77	1	ILST/TEXT	Please, have a seat, help yourself to a snack or drink. This won't take long.
5618	77	1	ILST/TEXT	Nothing we weren't expecting! Well, there was one thing, but other than that.
5878	77	1	ILST/TEXT	I don't care if you're intrigued or not. Question is, are you up to the task?
5973	77	1	ILST/TEXT	Okay. Take another look at the slate and let me know what catches your eye...
6011	77	1	ILST/TEXT	The ship you flagged has been processed. Here's the credits from the salvage.
6592	77	1	ILST/TEXT	Sending the details your way. Up to you if you wanna check it out. Take care.
6985	77	1	ILST/TEXT	Oh, I'd love to! But looks like we don't have enough to pay for her services.
7196	77	1	ILST/TEXT	Okay, then. Power up your Grav Drive and take point! I'll be right behind ya.
7281	77	1	ILST/TEXT	Now you're talking my language! I'll take any advantage I can get in a fight.
7356	77	1	ILST/TEXT	I have an... association with the Crimson Fleet. Let's just leave it at that.
7939	77	1	ILST/TEXT	Hm. I see the flare, but I can't drop anything where you've parked it. Sorry!
8091	77	1	ILST/TEXT	Alright, we are in a new universe, but we're gonna follow the same game plan.
5638	78	1	ILST/TEXT	Please, feel free to ask any questions you might have. I'll answer what I can.
5642	78	1	ILST/TEXT	No need to be shy, Gren. I've already explained about you being ex-Watchtower.
5971	78	1	ILST/TEXT	No issue at all. Give the slate another glance, and tell me what you'd like...
6019	78	1	ILST/TEXT	Hello again. Have you reconsidered installing a Skydrop system to your vessel?
6127	78	1	ILST/TEXT	Haha, no. I still feel emotions. But... they're less intense, more structured.
6651	78	1	ILST/TEXT	Okay, I'm finished. Looks like... the Listening Post is practically next door!
6711	78	1	ILST/TEXT	Quit it! Those shields are too strong! If anything, you're just making it mad!
6863	78	1	ILST/TEXT	Setting my course. You'll wanna be nowhere near that mech when I make contact!
7177	78	1	ILST/TEXT	Well, it's chilly! But you won't freeze to death. Your scan told us that much.
7353	78	1	ILST/TEXT	First of all, congratulations, Ranger! You're a credit to the Settled Systems!
8084	78	1	ILST/TEXT	Not a bad way to kick things off! And nice to be back in the old Perseverance.
5389	79	1	ILST/TEXT	Cracking algorithm worked like a charm! This Intel Slate holds a lot of data...
5398	79	1	ILST/TEXT	Well, I suppose that's why you have a fleet! If... two ships counts as a fleet.
6028	79	1	ILST/TEXT	Just an option to keep in mind, that's all. Now, can I help you with something?
6058	79	1	ILST/TEXT	Just select another ship from your fleet and we can install the Skydrop system.
6354	79	1	ILST/TEXT	Shall I retrieve the data for this Skydrop? Or would you prefer something else?
6668	79	1	ILST/TEXT	Sit tight. I'll reach out to some folks, give them time to dig up what we need.
6804	79	1	ILST/TEXT	Good start! Power's started flowing, but we'll still need more. Don't stop now!
6924	79	1	ILST/TEXT	There they are! I'm detecting the Watchtower drones inbound. Ah! Right on time.
6929	79	1	ILST/TEXT	Alright, let's handle these drones, then get ourselves to the planet's surface!
7132	79	1	ILST/TEXT	Now, call me crazy, but I don't think my ship is gonna be flying any time soon.
7159	79	1	ILST/TEXT	Your weapons won't scratch it. And we just used our only Skydrop. Shit. Shit...
7161	79	1	ILST/TEXT	You alright down there? Throw the flare at the exposed section of the facility.
7204	79	1	ILST/TEXT	That's why we need this Control Node. Otherwise, none of this is going to work.
8024	79	1	ILST/TEXT	What would you do without me? Be rotting away in Heimdall Station, most likely!
5478	80	1	ILST/TEXT	The Altair system? That's barely a jump away... Hmph. No wonder you're agitated.
5613	80	1	ILST/TEXT	Simple, really. It helps keep me safe and well. And not just because it's armor.
6663	80	1	ILST/TEXT	Just need to put out a feeler. Someone out there's bound to find what we want...
6679	80	1	ILST/TEXT	Alright, I'll scout for one. But first, how much heat are you willing to handle?
6760	80	1	ILST/TEXT	Why power up the Disruptor when you can just cut power to the mech? Haha. Smart.
6910	80	1	ILST/TEXT	Down you go to the surface! I'll stay here and ensure Skydrop's ready to deploy.
6916	80	1	ILST/TEXT	Down to the surface with you! I'll manage things up here and get Skydrop set up.
6930	80	1	ILST/TEXT	And there they are. I'm detecting Watchtower drones inbound. Heh. Right on time.
7034	80	1	ILST/TEXT	Eridani III. Fleet-Sync Control Node. I'll be in my ship, waiting for your hail!
7339	80	1	ILST/TEXT	I recently touched an Artifact and had visions. Could that be why I'm dangerous?
7348	80	1	ILST/TEXT	I've been to Va'ruun'kai, home to House Va'ruun. And I know how to travel there.
7934	80	1	ILST/TEXT	Beginning: Resource Collection. Organic life forms must maintain their distance.
7936	80	1	ILST/TEXT	Huh. Turns out you picked the drop I'm completely out of. Figures, right? Sorry.
8000	80	1	ILST/TEXT	*crunch* Strike coming right up. Don't wander too close to the blast zone, okay?
8058	80	1	ILST/TEXT	But don't worry! It'll wear off! Eventually... Just, try not to strain yourself.
8082	80	1	ILST/TEXT	Well now, thanks for inviting me! Always happy to put Watchtower in their place.
5412	81	1	ILST/TEXT	[Hand over Intel] I've taken care of it. Here, a slate with the Intel you wanted.
5424	81	1	ILST/TEXT	Let me know if you need a hand. Otherwise, I'll stay here. Keep an eye on things.
5446	81	1	ILST/TEXT	There's no big rush, I suppose. Not like the Listening Post is gonna go anywhere.
5491	81	1	ILST/TEXT	And best of all, here? I make the rules. Sleep a helluva lot better knowing that.
5650	81	1	ILST/TEXT	There's no need to be delicate, Torin. I won't be offended. We can speak plainly.
5654	81	1	ILST/TEXT	Whoa! Whoa, whoa, whoa, whoa. Hold on, now... No need to panic! Gren's one of us.
6121	81	1	ILST/TEXT	Most people living there either work the mines or the industries supporting them.
6389	81	1	ILST/TEXT	The Fleet Command System is upgraded. You can now add another ship to your fleet.
6685	81	1	ILST/TEXT	Sure, I'll try. How dangerous are we talkin'? You want easy pickings, or a fight?
6714	81	1	ILST/TEXT	Anomalies in Corvette control system. Containment protocols engaged; area sealed.
6736	81	1	ILST/TEXT	I'll get the corvette's Synapse Distuper prepped. You go get me the power I need!
7316	81	1	ILST/TEXT	Huh. That, um, that was a bit "doom and gloom" of me, wasn't it? Uh... Alright...
5526	82	1	ILST/TEXT	Your choice. But it'll be here, ready for installation, if you change your mind...
5561	82	1	ILST/TEXT	Assigning a pilot is easy. Just use the terminal again, you should see the option.
5564	82	1	ILST/TEXT	Ooh, I wouldn't mind piloting a ship! You know, if you've got no one else in mind.
5985	82	1	ILST/TEXT	Deploys a turret equipped with focused laser beams. Ideal for a sustained defense.
6604	82	1	ILST/TEXT	Checked the other slates as well. Pulled some more Listening Post data from 'em...
6670	82	1	ILST/TEXT	[<Global=kgcShip_GLOB_Satellite_RevealCost> Credits] I'll pay for the information.
6770	82	1	ILST/TEXT	Well, look at you! Hahaha! Hah. Now that's what I call "thinking outside the box"!
6775	82	1	ILST/TEXT	...I'm gonna pass on that one. But I'm sure whatever you said was very insightful!
6906	82	1	ILST/TEXT	Keep that mech in mind! When it surfaces, I'll be primed and ready to take it out.
7075	82	1	ILST/TEXT	But outside of fighting and salvaging Watchtower ships, it's hard tech to come by.
7080	82	1	ILST/TEXT	And we also know what's waiting for us on Eridani III -- big old Watchtower Mechs.
8052	82	1	ILST/TEXT	Uh, who am I...? Is-- Is that what you asked? Well, don't worry. I'm here to help!
5742	83	1	ILST/TEXT	B.A.B.S can't regulate the station's power core. You know, the unstable power core.
5815	83	1	ILST/TEXT	Neuroamp research is a relatively new discipline. Have you worked with them before?
5889	83	2	ILST/TEXT	I hate to disappoint, but you don't have enough Computer Cores for this extraction.
5962	83	1	ILST/TEXT	Before we start slicing anything open, you might want to see what we can extract...
6118	83	1	ILST/TEXT	Opportunities dried up, credits ran low. That's when I was approached by someone...
6759	83	1	ILST/TEXT	...I can't fault your straightforward thinking! Just cut the power. Genius, really!
6766	83	1	ILST/TEXT	I mean, sure! That's one way to deal with it. I mean, if it works, it works, right?
6784	83	1	ILST/TEXT	All thanks to you! You're not half bad at this whole "thinking on your feet" thing!
6844	83	1	ILST/TEXT	Surprise! Didn't think I'd make it here so quick, huh? C'mon! I'll help you search.
6901	83	1	ILST/TEXT	No need for you to stick around! Head into the facility and grab that Control Node!
6932	83	1	ILST/TEXT	The Advocate delivered the goods, per usual. Control Node secure and accounted for!
7105	83	1	ILST/TEXT	At the very least, it should help us keep track of how many Unity jumps we've made.
7140	83	1	ILST/TEXT	So find the Control Node, get back to Stardock, and my friends there will help you.
7997	83	1	ILST/TEXT	Backup inbound. Don't forget to say "thanks", machines have feelings too! ...maybe.
5456	84	1	ILST/TEXT	If you're asking why I'm interested in the data... Well, let's just say I'm curious.
5748	84	1	ILST/TEXT	After all, B.A.B.S can't regulate the station's power core. The unstable power core.
6420	84	1	ILST/TEXT	[<Global=kgcShip_GLOB_Gren_CoreUpgradeCost> Computer Cores] Yes, that's what I want.
6502	84	1	ILST/TEXT	Or maybe I just feel sorry for you! You know, you being such a charity case and all.
6514	84	1	ILST/TEXT	Here's what I got, but don't expect gourmet. This is Stardock, not some Ryujin caf�.
6519	84	1	ILST/TEXT	It's still quiet here, but that's okay. Everything worth building takes time, right?
6520	84	1	ILST/TEXT	It's nice that more folks have started showing up. Makes the place feel less lonely.
6602	84	1	ILST/TEXT	Oh, and those other slates you handed over? They also gave up some Post locations...
6664	84	1	ILST/TEXT	I'll get the wheels turning, but it could take a while. You'll have to be patient...
6762	84	1	ILST/TEXT	I didn't know you had those sorta hacking skills! Good to know for future reference.
6853	84	1	ILST/TEXT	As soon as I'm low enough, I'll Grav Shift out. Chances are, I'll end up miles away.
7114	84	1	ILST/TEXT	First, we'll need that Fleet-Sync Control Node again. If you're ready to get moving?
7126	84	1	ILST/TEXT	Hah. Heh... Guess I do have some explaining to do... Um... But -- not here, not now.
7300	84	1	ILST/TEXT	I couldn't tell you why, but Watchtower has been keeping tabs on you. For some time.
8026	84	1	ILST/TEXT	Look at you, still making life interesting. Ugh, good thing I don't mind saving you.
5636	85	1	ILST/TEXT	...Oh. I... suppose so. I just wanted to show I'm no threat, to help put you at ease.
5738	85	1	ILST/TEXT	No, they didn't. Per usual. And don't think I didn't notice you changing the subject!
5951	85	1	ILST/TEXT	You already have this Cyberamp, but I can pull data to build you an upgraded version?
6035	85	1	ILST/TEXT	I believe I've found a way to mine additional data -- from Watchtower Computer Cores.
6591	85	1	ILST/TEXT	I'll ping you the coordinates. Check it out if you're feeling brave! Until next time.
6678	85	1	ILST/TEXT	Okay, then! I've got some connections I can tap. Their help won't come cheap, though.
6745	85	1	ILST/TEXT	Oh. Good thinking! I kinda forgot about that... Glad your memory is better than mine!
6931	85	1	ILST/TEXT	Gren and Harper are back on the station and waiting to meet you, so let's get moving.
6951	85	1	ILST/TEXT	And there it is. I see the facility. Still buried under ice. Guess it's Skydrop time!
8039	85	1	ILST/TEXT	Or did you just want a reminder of what it feels like to have your neurons scrambled?
8074	85	1	ILST/TEXT	Meet me at Stardock, and we can start putting our fleet together. See you there soon!
5373	86	1	ILST/TEXT	Though, there seems to be exceptions. I noticed Alpha Centauri is curiously avoided...
5391	86	1	ILST/TEXT	...Tsk. Encrypted. Not surprising. Let's run this through Gren's cracking algorithm...
5612	86	1	ILST/TEXT	Most Watchtower members undergo "changes" to enhance them for their particular duties.
5698	86	1	ILST/TEXT	Stardock! Well, now it is. But it's really only had that name for the past few months.
5945	86	1	ILST/TEXT	We've got a previous model of this Amp. But with a little more data, I can enhance it.
6102	86	1	ILST/TEXT	But whatever this purpose is, they keep it locked behind many, many layers of secrecy.
6144	86	1	ILST/TEXT	What kind, depends on their role. My modifications were tailored for ship engineering.
6297	86	1	ILST/TEXT	Let's see what changes you want. But, you should also consider building more Skydrops.
6601	86	1	ILST/TEXT	Also checked the rest of the Slates, they weren't empty. Found more Listening Posts...
6606	86	1	ILST/TEXT	And there's more! Found some extra Post locations on the other slates you handed me...
6674	86	1	ILST/TEXT	I know a certain group... Very reliable, trustworthy, but they won't do it for free...
6682	86	1	ILST/TEXT	Okay, but you've gotta tell me, do you want to play it safe or dive into the deep end?
6684	86	1	ILST/TEXT	Alright, let's see. Do you want a low-risk system, or are you lookin' for some action?
6827	86	1	ILST/TEXT	Huh. Evidently, pulling that Control Node -- had one or two unforeseen consequences...
6900	86	1	ILST/TEXT	Stay sharp down there! Remember, my Grav Shift might not bring me back close to you...
7929	86	1	ILST/TEXT	Mining samples are stored on the ship. Please remain two meters away, for your safety.
8080	86	1	ILST/TEXT	Ha-ha! Didn't stand a chance! Not with the two of us taking them by surprise, that is.
8109	86	1	ILST/TEXT	It doesn't matter who we are. You've been flagged as a threat to others, and yourself.
5416	87	1	ILST/TEXT	Let's get back to your ship and make orbit. We can go look for this Surveillance Array.
5443	87	1	ILST/TEXT	Altair III, huh? We'll have to do a scan of the planet, see if we can pick anything up.
5529	87	1	ILST/TEXT	Skydrops can be of great aid. Especially for those who often find themselves in combat.
5583	87	1	ILST/TEXT	Don't forget, Watchtower are still out there. Without a second ship, you're vulnerable.
5617	87	1	ILST/TEXT	Unwell? No. In fact, right now I'm likely in better health than anyone on this station.
5757	87	1	ILST/TEXT	Hm. I think if Harper were to rejoin, these days she'd find us much more to her liking.
5927	87	1	ILST/TEXT	However, I'm told that's normal, so in that case, the operation was a complete success!
6781	87	1	ILST/TEXT	You're welcome. Hm! Drool running down your chin, and still, impeccable manners. Bravo!
6954	87	1	ILST/TEXT	There's the Watchtower site. Buried in ice, naturally. Skydrop's still the only way in!
7041	87	1	ILST/TEXT	I won't waste too much time rehashing what we've already done. So let's just get to it!
7139	87	1	ILST/TEXT	And if we don't see each other again... best of luck! I got complete confidence in you.
7175	87	1	ILST/TEXT	As long as you're not planning on running any marathons, you should be fine down there!
8096	87	1	ILST/TEXT	Feeling's mutual! It's nice to have some company. You know, company that remembers you.
5627	88	1	ILST/TEXT	And since all I needed to know was engineering, what information I can share is limited.
5730	88	1	ILST/TEXT	If I'd stayed put, Watchtower would've snagged 'em for sure. I couldn't let that happen!
5862	88	1	ILST/TEXT	This Amp heightens one's ability to synchronize missile systems, reducing reload delays.
6133	88	1	ILST/TEXT	Though the strain is... considerable. There's always a cost to pushing limits like that.
6308	88	1	ILST/TEXT	That's why I'm here. And just a reminder, we have a Skydrop unit ready for installation.
6458	88	1	ILST/TEXT	That was the wake-up call I needed to get the hell outta there! And I never looked back.
6524	88	1	ILST/TEXT	More people showing up, more ships docking... I might have to start hiring outside help!
6667	88	1	ILST/TEXT	I'll ping my contacts now. But don't expect instant results! It'll take a little time...
6767	88	1	ILST/TEXT	Am I shocked you had your own solution in mind...? Nah. I should've expected it, really!
6903	88	1	ILST/TEXT	So don't wait for me! Head into the facility and find the Control Node. Alright, then...
6915	88	1	ILST/TEXT	And don't forget about that mech! I'll be ready to drop my ship on it once it comes out.
7115	88	1	ILST/TEXT	Right you are! Watchtower are back in full force, so let's get to rebuilding your fleet.
7397	88	1	ILST/TEXT	Welcome to Stardock Alpha! My current home away from home. Glad you found your way here!
8020	88	1	ILST/TEXT	Why am I not surprised? Don't expect any sympathy from me. You brought this on yourself.
5335	89	1	ILST/TEXT	If you've got questions about that sorta thing, best ask Gren. He'd know all the details.
5374	89	1	ILST/TEXT	Maybe! From what I read, does look like they've got Listening Posts in most every system.
6036	89	1	ILST/TEXT	Hello again, I'm glad you're here. Since we last spoke, I've been thinking things over...
6192	89	1	ILST/TEXT	That's... a long story. I can tell you the whole thing, if you like? Or, I can summarize.
6553	89	1	ILST/TEXT	Hah! That's not his real name, of course. It's more like an "alias". He's a Cyber Runner!
6665	89	1	ILST/TEXT	I'll reach out, but it's gonna take a while for someone to get back to me. Take a seat...
6672	89	1	ILST/TEXT	I know someone. They're good at sniffing out hidden spots, but their help won't be cheap.
7122	89	1	ILST/TEXT	Yup! This particular make and model is exactly what we need. At least, according to Gren.
7260	89	1	ILST/TEXT	Oh... Right, uh, yeah. We've not really been introduced yet, have we? Let's rectify that!
7283	89	1	ILST/TEXT	But what if you weren't by yourself...? What if you had -- the support of other ships...?
7367	89	1	ILST/TEXT	I mean, there's gotta be something! Otherwise Watchtower wouldn't have taken an interest.
7384	89	1	ILST/TEXT	When Watchtower came for you, I'm sure their method of capture didn't escape your notice.
8025	89	1	ILST/TEXT	We... really need to stop meeting like this. And I mean that. How many times is this now?
5417	90	1	ILST/TEXT	Uh... Get back to your ship and meet me in orbit. We can look for this Surveillance Array.
5434	90	1	ILST/TEXT	Before we head out, we should check in with Gren. He can help us put our fleet together...
5589	90	1	ILST/TEXT	Tell you what, you can loan my old vessel. It's not much to look at, but it'll do the job.
5685	90	1	ILST/TEXT	Hah. When crashing your ship into a planet, uh, there's not exactly a safe way to do that!
5728	90	1	ILST/TEXT	If I hadn't bailed, Watchtower would have 'em in chains by now. So, you understand, right?
5857	90	1	ILST/TEXT	Enhances cognitive mapping abilities, letting someone execute grav jumps more efficiently.
5888	90	2	ILST/TEXT	You're missing the required number of cores for this one. I can't extract it without more.
5897	90	1	ILST/TEXT	This tech is a little outside my usual practice, but nothing I can't handle. One moment...
5995	90	1	ILST/TEXT	On impact, releases a cryogenic blast that freezes targets, immobilizing them temporarily.
6558	90	1	ILST/TEXT	Anyway, what we managed to pull data on, is blueprints for some of Watchtower's neuroamps.
6677	90	1	ILST/TEXT	I'll get on it right away. Be ready to hand over some credits! It's how these things work.
6683	90	1	ILST/TEXT	I'll take a crack at it. Just tell me, quiet system, or one that'll keep you on your toes?
6984	90	1	ILST/TEXT	The Advocate won't work for free, and seems we've not got enough Astra to cover her costs.
7032	90	1	ILST/TEXT	I'll go get my ship prepped. The Fleet-Sync Control Node is waiting for us on Eridani III!
7109	90	1	ILST/TEXT	Now you're thinking like a Starborn! I... dunno if that's good, or a bad thing, but still.
7250	90	1	ILST/TEXT	Well, that's a fine hello! Hah. But I think you might be right about that "paths" thing...
8018	90	1	ILST/TEXT	Okay, let's recap: Universe, new. Watchtower, bad. Fleet, needed. Plan? Same as last time!
8064	90	1	ILST/TEXT	But, I'm fairly sure you're you! Hah, and it looks like I found you not a moment too late.
5532	91	1	ILST/TEXT	Perhaps Torin already explained this, but Skydrop systems are usually large and cumbersome.
5547	91	1	ILST/TEXT	Ah, sorry. Yeah, I kinda trashed it. Along with the Skydrop system you installed into it...
5850	91	1	ILST/TEXT	This one's a bit unclear, but it seems to elevate some of the user's baseline capabilities.
5852	91	1	ILST/TEXT	This will be highly experimental, but what do you say? Have I the go-ahead to attempt this?
5853	91	1	ILST/TEXT	A new type of Cyberamp, one that could greatly improve both social and combat capabilities!
5949	91	1	ILST/TEXT	You already own this type of Amp, but with some additional data, I could refine it further.
6451	91	1	ILST/TEXT	Not too sure... But, from what I could dig up, I think it was mostly for political reasons.
6477	91	1	ILST/TEXT	After a while I figured there was nothing for me in Neon, so I got out! Left it all behind.
6535	91	1	ILST/TEXT	Like I said, stuff like body mods, organ replacements, and a bunch of other crazy things...
6536	91	1	ILST/TEXT	Yeah, found mentions of it, sure, but no solid data on how to actually reproduce any of it.
6723	91	1	ILST/TEXT	You must really hate mechs! Feeling okay? Little woozy? It'll pass. Alright, time to leave.
6898	91	1	ILST/TEXT	Stay safe, and remember, when I Grav Shift, it'll likely take me far from your position....
7247	91	1	ILST/TEXT	Yeah, Zippy, I know what your name is. Although, the "space adventurer" part is news to me!
8028	91	1	ILST/TEXT	I'll be waiting for you at Stardock. Don't keep me waiting long! We got a fleet to rebuild!
5462	92	1	ILST/TEXT	Offer's still on the table! Bunch of Credits to take care of that Watchtower Listening Post.
5501	92	1	ILST/TEXT	Though firstly, we need a ship assigned to your fleet. Or we'll be easy prey for Watchtower.
5782	92	1	ILST/TEXT	I... I recall one time, we were deployed to a small colony, it was under siege by pirates...
6175	92	1	ILST/TEXT	I'd heard the term before, but didn't know its meaning. Turned out, the "Deviant" was Torin.
6189	92	1	ILST/TEXT	As I previously mentioned, most every Watchtower member undergoes some kind of modification.
6300	92	1	ILST/TEXT	All right. Let's modify your vessel. But... you really should bring me more Watchtower tech.
6301	92	1	ILST/TEXT	Can do. And, if you bring me more Watchtower tech, we can later work on Skydrops to install.
7125	92	1	ILST/TEXT	We'll be safer back at Stardock, we can talk more there. And also get started on your fleet!
7333	92	1	ILST/TEXT	Maybe now you're starting to get a picture on why Watchtower might be scared of you, huh...?
8111	92	1	ILST/TEXT	Huh...? They're bouncing some sort of... signal off of our transmitter array! Cutting power!
5366	93	1	ILST/TEXT	Harper, is there any way we could find more of these Listening Posts and Surveillance Arrays?
5396	93	1	ILST/TEXT	Maybe. But there's no way you could've known what would happen. Don't be so hard on yourself.
5540	93	1	ILST/TEXT	And now I am doubly glad -- that I began work on building a second Skydrop deployment system.
5611	93	1	ILST/TEXT	These changes aren't entirely positive, however. There's always a number of... complications.
5743	93	1	ILST/TEXT	Harper! I know what you're going to say, and you're right. But hear me out! My friend here...
6123	93	1	ILST/TEXT	As you may know, it started as a mining colony, but over time, grew into a full-fledged city.
6180	93	1	ILST/TEXT	I set my sights higher, to the stars. So I started teaching myself ship repair, construction.
6488	93	1	ILST/TEXT	Are you asking that 'cause he's ex-Watchtower? Or you got some other reason to be worried...?
6594	93	1	ILST/TEXT	Transferring the coordinates. Take a look if and when you're ready. And stay sharp out there!
6734	93	1	ILST/TEXT	Ugh. Just can't help yourself, huh? Alright. I'll be in the corvette! Send some power my way.
6761	93	1	ILST/TEXT	...I guess hacking it works too. You know, if you're enough of a nerd for that kinda thing...
6842	93	1	ILST/TEXT	Whew! Wasn't too far away this time. Still had to jog, though... *inhale* Okay. I'm with you!
6895	93	1	ILST/TEXT	Don't wait around on my account! Make your way into the facility and locate the Control Node.
6993	93	1	ILST/TEXT	Hmm... Air inside of the Stardock feels a little dryer. That's about all I've noticed so far.
7294	93	1	ILST/TEXT	Okay, how-- how do I say this... Everyone has... potential, though most never quite reach it.
8023	93	1	ILST/TEXT	Y'know... one of these days, I might not make it here in time! And what will you do then, hm?
5421	94	1	ILST/TEXT	Hm. If we want access to that Listening Post, we're gonna have to deal with these guys first..
5514	94	1	ILST/TEXT	Well, in that case, if we come across any Watchtower materials, we'll be sure to let you know!
6521	94	1	ILST/TEXT	Every new face I see, it reminds me of why I started this. Everyone needs somewhere to belong.
6825	94	1	ILST/TEXT	Dammit, dammit, sorry *sigh* I should've remembered. We'll have to take this thing down again.
6918	94	1	ILST/TEXT	Oh, and the mech? The second it shows its face, me and the Perseverance will show it what for.
6973	94	1	ILST/TEXT	Might be a day or two before I've got anything. Find a bunk, get some rest! I'll see you soon.
7164	94	1	ILST/TEXT	These coordinates don't look right... This needs to be exact, so grab the flare and try again.
7167	94	1	ILST/TEXT	Eridani III isn't ideal, but I've seen folks settle worse planets. Why's there no colony here?
7191	94	1	ILST/TEXT	Alright, power up your scanners and do a sweep of the planet, see if we can find our facility.
7198	94	1	ILST/TEXT	Before revealing the specifics, I'll let your imagination run wild just a little while longer.
7242	94	1	ILST/TEXT	Still, I can't imagine anything else I'd wanna do. It's an unconventional life, but it's mine.
7273	94	1	ILST/TEXT	Okay, think of it like this. Remember when Watchtower hit you with that first Disruptor blast?
5463	95	1	ILST/TEXT	But the more I learn about them, the more I know -- I don't want them anywhere near my station.
5546	95	1	ILST/TEXT	Oh, right! About that... My ship and the Skydrop system you fitted to it, they're toast. Sorry.
5798	95	1	ILST/TEXT	And when I'm not patching people up, I enjoy reading. Ah, and I've been known to paint. Poorly.
5851	95	1	ILST/TEXT	This Amp I'm not too sure on, but it does appear to boost some of the user's natural abilities.
6605	95	1	ILST/TEXT	I dug through the rest of the slates -- and found some additional Listening Post coordinates...
6754	95	1	ILST/TEXT	Hah. You'll get no argument from me! Like I said, I'll have to remember that one for next time.
7092	95	1	ILST/TEXT	I mean, I'm ninety-nine percent sure I'm still the same me, and that you're still the same you.
7112	95	1	ILST/TEXT	Yeah, I'm sorry, I didn't mean to bail on you like that. But I'll make it up to you, I promise!
7121	95	1	ILST/TEXT	You've not met him yet. But once we're back at Stardock, I'll make the necessary introductions.
8041	95	1	ILST/TEXT	You should've known they'd attack you. You can't trust them! At least, not this group. Not yet.
5372	96	1	ILST/TEXT	I'd guess because it's too hot for 'em there. Too many eyes watching, too many nosy officials...
5481	96	1	ILST/TEXT	I thought he was just some spacer -- trying to muscle me out. Almost blew him out of an airlock!
5544	96	1	ILST/TEXT	Naturally! You put a lot of work into that stuff. Taking care of it all is the least I could do!
5619	96	1	ILST/TEXT	We're alive, aren't we? Eh, don't worry about it. Still, you should probably work on your intel!
5621	96	1	ILST/TEXT	And so I deserted. Not something Watchtower takes kindly to. But for that to become a problem...
5747	96	1	ILST/TEXT	Harper, I'm so sorry I left the station unattended, but you see, I had to rescue my friend here.
6003	96	1	ILST/TEXT	Ship scrapped, transferring the credits. Vessel had usable Watchtower components too. Take them.
6178	96	1	ILST/TEXT	Had to struggle to understand even basic engineering concepts, let alone keep it all in my head.
6210	96	1	ILST/TEXT	As I explained before, Watchtower is a highly-secretive organization, even to those within it...
6671	96	1	ILST/TEXT	I've got someone in mind who can help us. They're dependable, but they don't do favors for free.
6699	96	1	ILST/TEXT	One small snafu. Corvette doesn't have power... But it is umbilicaled to the facility's reactor!
6972	96	1	ILST/TEXT	This'll take some time. Get some rest, and I'll bring you up to speed as soon as I've something!
7110	96	1	ILST/TEXT	Feelings mutual! It's nice to have familiar company. You know, hehe, company that remembers you.
7156	96	1	ILST/TEXT	In order for Skydrop to work, the ship deploying needs pinpoint coordinates, and a drop request.
7166	96	1	ILST/TEXT	Huh. Yeah, you got a point! I wouldn't want to live there, but it's far from a barren wasteland.
7330	96	1	ILST/TEXT	And as long as your ship has power, it needs to hit you at least twice in order to incapacitate.
7347	96	1	ILST/TEXT	Wh-- uh... Okay, um, didn't expect you to say that. That... that actually caught me off guard...
5457	97	1	ILST/TEXT	Thought I was pretty clear. I don't want some creepy listening post near my home! Simple as that.
5493	97	1	ILST/TEXT	That I do. Found this place a few months back. Abandoned for years... Falling apart at the seams!
5553	97	1	ILST/TEXT	This should at least be enough to even the odds against any Watchtower patrols that come our way.
5565	97	1	ILST/TEXT	Now, a ship needs a pilot. If you have an available crew member, you can assign the role to them.
5606	97	1	ILST/TEXT	I've already done most of the prepwork. Installing this to the main board shouldn't be difficult.
5639	97	1	ILST/TEXT	If you're curious, please, feel free to ask any questions you might have. I'll answer what I can.
5948	97	1	ILST/TEXT	You've already got this model type, but we can make it even more effective, if you're interested?
6013	97	1	ILST/TEXT	Generates a destabilizing gravity wave, knocking down enemies and creating widespread disruption.
6587	97	1	ILST/TEXT	Coordinates sent. Take a look if you want. But stay safe, all right? Watchtower aren't pushovers.
6680	97	1	ILST/TEXT	Can give it a shot. Question is, how daring are you feelin'? What kinda risk are you looking for?
6716	97	1	ILST/TEXT	Okay! Back to Stardock. New Gren should be happy to get his hands on the Control Node. Off we go!
6729	97	1	ILST/TEXT	Hah, yeah, thanks for letting me off the hook! Or at least...  I assume that was the sentiment...
6852	97	1	ILST/TEXT	I'll Grav Shift when I'm near the ground. The displacement will probably send me a few miles off.
7396	97	1	ILST/TEXT	Oh, thanks! Although, it's not really mine. I'll introduce you to the owner later. But for now...
5746	98	1	ILST/TEXT	Ah, Harper! I owe you an apology, but if I wanted to rescue my friend, I had to leave the station.
6165	98	1	ILST/TEXT	Still, I think Harper's a decent person. She seems to care about this place, and the people in it.
6423	98	1	ILST/TEXT	Doesn't matter if you have Intel or not, all the Listening Post are already gone. You got 'em all!
6464	98	1	ILST/TEXT	Hey, how about a store discount? Least I can do for someone who had to put up with living in Neon.
6676	98	1	ILST/TEXT	Hmm... Ecliptic could probably dig something up. Though, knowing them, it'll cost a small fortune.
6722	98	1	ILST/TEXT	Looks like you can still stand, mostly walk, and kinda talk. So! We're good to get going, I think.
6756	98	1	ILST/TEXT	...You know what? I like your way better! Drop something heavy on the mech, call it a day. Classy.
6764	98	1	ILST/TEXT	Good job finding that security card. You clearly put the work in. Gave this place a good perusing!
6772	98	1	ILST/TEXT	Huh. That's lucky! Means you should be able to walk, and in a straight line even! More or less....
6779	98	1	ILST/TEXT	Huh. Y'know, since I bagged the last one, I think it's only fair to call this one yours. Good job.
7040	98	1	ILST/TEXT	The Fleet-Sync Control Node is waiting for us on Eridani III. I'll get in my ship and wait for ya.
7089	98	1	ILST/TEXT	Gren can then install it into your ship, which will allow us to move on to building up your fleet!
7284	98	1	ILST/TEXT	I think you know what I'm talking about... I can see it in your eyes. There's something about you.
5354	99	1	ILST/TEXT	The Intel Slate wiped itself. Inbuilt security measure! Most Watchtower tech has a "self-destruct".
5455	99	1	ILST/TEXT	What's Watchtower tryna poke their nose into, and why? That kind of intel could be worth something.
5482	99	1	ILST/TEXT	Torin? Oh, that's a story! We first met here, on this very station. Both trying to lay claim to it.
5800	99	1	ILST/TEXT	It's grueling work, but there's something raw and real about it all that just seems to speak to me.
5899	99	1	ILST/TEXT	One moment, and I'll attempt to extract the required data. Don't worry, this isn't my first time...
5991	99	1	ILST/TEXT	Executes a coordinated orbital bombardment, saturating a wide area with multiple explosive strikes.
5994	99	1	ILST/TEXT	Mobilizes a military-grade combat drone. Armed and armored, it provides tactical support in battle.
6232	99	1	ILST/TEXT	...I trust Torin has explained how it all operates? Naturally, you'll need flares to call one down.
6851	99	1	ILST/TEXT	Once I'm low enough, I'll do a Grav Shift. Displacement will scatter me a few miles away, at least.
7287	99	1	ILST/TEXT	*sigh* Look, as long as you understand the risks, just--... Don't leave this for too long, alright?
8112	99	1	ILST/TEXT	I assume you also know of our capabilities, so it would be foolish to resist. Please, come quietly.
5392	100	1	ILST/TEXT	Hm. Just give me a second here... I'm gonna see what information I can pull from this Intel Slate...
5429	100	1	ILST/TEXT	Well, we got a fleet! No reason not to head out right away! Guess I should get aboard my new ship...
5562	100	1	ILST/TEXT	Of course, it's only two ships. But in time, and with additional resources, we can grow that number.
5622	100	1	ILST/TEXT	Learning what Watchtower does to people like you, and Torin? That was something I wanted no part in.
5676	100	1	ILST/TEXT	As for more personal details, you should go ask her yourself! I don't think she'd object to sharing.
5680	100	1	ILST/TEXT	Well, let's see... There's me, Gren, and the occasional drifter. And I suppose now you as well! Hah.
5794	100	1	ILST/TEXT	Without the hacking algorithm from your engineer, I doubt I'd have gotten anywhere with any of this.
5890	100	2	ILST/TEXT	It seems you're a bit short on Computer Cores. You'll need more if you want me to proceed with this.
5987	100	1	ILST/TEXT	Fires a sustained orbital laser, delivering continuous, concentrated damage to a location or target.
6179	100	1	ILST/TEXT	It seemed the best way to get out of there. Hm. But it wasn't easy. None of it came naturally to me.
6773	100	1	ILST/TEXT	You're looking more "upright" than I'd expect. Guessing the Disruptor didn't get a clean hit on you.
7148	100	1	ILST/TEXT	Perhaps I should have mentioned this sooner, this is an old Watchtower facility we're breaking into.
7307	100	1	ILST/TEXT	I knew Watchtower would be searching for you. And I also knew they'd probably find you before I did.
7364	100	1	ILST/TEXT	I think I first got their attention, uh... after I dealt with a particularly nasty group of pirates.
7386	100	1	ILST/TEXT	Sooner or later, you're gonna have to deal with them. When you're ready to do that, come talk to me.
7399	100	1	ILST/TEXT	I understand, and I'll even ignore the attitude. Getting ambushed is enough to make anyone tetchy...
8027	100	1	ILST/TEXT	Oh, you just can't stay out of trouble, can you? And here I thought you'd learn after the last time.
5644	101	1	ILST/TEXT	Gren is ex-Watchtower. He's defected, no longer with them! Now he's as much their enemy as you or me.
5701	101	1	ILST/TEXT	Gren maybe isn't what you'll be expecting... But you don't need to worry about him! He's on our side.
5950	101	1	ILST/TEXT	Huh. We've got the previous model of this one. I can extract and upgrade if that's what you're after?
5993	101	1	ILST/TEXT	Deploys a fortified turret armed with a high-powered laser, offering superior offensive capabilities.
6081	101	1	ILST/TEXT	Some of the corps I know of include, uh.. GalBank, Ryujin Industries, SolarLink, Slayton Aerospace...
6134	101	1	ILST/TEXT	My amps can also help me suppress the need for sleep. I can work for four days straight if necessary.
6902	101	1	ILST/TEXT	Good luck! And just a reminder, when I Grav Shift from my ship, there's no telling where I'll end up.
7385	101	1	ILST/TEXT	I'm glad you think so! But unfortunately, for now, that's where the good news ends. Let me explain...
5345	102	1	ILST/TEXT	It's worth a shot! If you can bring me more of those Slates, I can likely pull more locations for you.
5451	102	1	ILST/TEXT	It could be something as innocuous as... planet survey records! Although, that would be anticlimactic.
5865	102	1	ILST/TEXT	Refines awareness of energy dynamics. Providing a noticeable damage increase to a pilot's laser usage.
6486	102	1	ILST/TEXT	Hah, feel guilty admitting that. 'Cause... turns out, he's actually a nice guy! Just a bit outlandish.
7038	102	1	ILST/TEXT	As always, the Fleet-Sync Control Node's at Eridani III. I'll be waiting in my ship when you're ready.
7142	102	1	ILST/TEXT	Fine. But the sooner we leave, the better. I want to be long gone if and when Watchtower show up here.
5383	103	1	ILST/TEXT	The Listening Posts -- Watchtower use them to track people... But, only certain types of people. Huh...
5744	103	1	ILST/TEXT	I know, I know... And I'm sorry. But I left the station unattended for good reason! This person here...
5866	103	1	ILST/TEXT	This Amp fine-tunes focus under pressure, allowing a pilot to predict ballistic timing more accurately.
5928	103	1	ILST/TEXT	Ah! It's done. I've managed to pull the data. Although, the Computer Core seems to have wiped itself...
6033	103	1	ILST/TEXT	So, the next time you have spare cores, you'll need to decide what type of data you'd rather I extract.
6063	103	1	ILST/TEXT	This is usually accompanied by the purging of memories. Not all memories, I remember most prior things.
6320	103	1	ILST/TEXT	Also, a warning. This technology is illegal, and will be treated as contraband. So prepare accordingly.
6548	103	1	ILST/TEXT	A fresh set of eyes -- that knew how to hack into complex computer systems. Someone like my old friend.
6854	103	1	ILST/TEXT	Once I'm close enough to the ground, I'll Grav Shift. Displacement will likely put me a few miles away.
7270	103	1	ILST/TEXT	As soon as you took that first blast, I'd be right there to give Watchtower something else to shoot at!
8019	103	1	ILST/TEXT	Ah, yep! My name's Torin, alright! That's about as much as I got from those noises you managed to make.
5385	104	1	ILST/TEXT	Although, since he ditched Watchtower, their codes have changed. Means his old tricks don't always work.
5386	104	1	ILST/TEXT	It's something Gren cooked up. A program to slip past Watchtower's decryption, dig around in their data.
5459	104	1	ILST/TEXT	We only passed by the system, but as best we could tell, the Listening Post was somewhere on Altair III.
5516	104	1	ILST/TEXT	Before we forget, should also hand over the Watchtower components to Gren. I mean, we're already here...
5567	104	1	ILST/TEXT	I was about to suggest you assign a pilot, but I see you've already figured out how to do that yourself.
5711	104	1	ILST/TEXT	Oooh... I see. Hm. Then, I guess you had a good excuse to not be here. You're off the hook. This time...
5727	104	1	ILST/TEXT	Watchtower was on the verge of grabbing 'em. If I hadn't left the station, I might've lost them forever.
5760	104	1	ILST/TEXT	The Field Surgeons are a healthcare corp. We specialize in emergency medical care, wherever it's needed.
5868	104	1	ILST/TEXT	This Amp hones spatial awareness. Letting someone calculate missile trajectories with uncanny precision.
6230	104	1	ILST/TEXT	I may also be able to fabricate more for you. Be sure you check my personal stockpile from time to time.
6299	104	1	ILST/TEXT	Let's make the adjustments you need. But remember, if you bring me components, I can build you Skydrops.
6639	104	1	ILST/TEXT	Trade Authority opened a branch here. Not surprising, considering how many people are passing through...
6691	104	1	ILST/TEXT	Chart a course to the Eridani system. Planet's name is Eridani III. Make orbit and I'll be right behind.
7083	104	1	ILST/TEXT	But right now, we've got a Control Node to salvage! I'll be waiting for you in the black! Don't be long!
7358	104	1	ILST/TEXT	As for any "sensitive information", whatever it might be, chances are Watchtower already knows about it.
7368	104	1	ILST/TEXT	Why indeed. What makes you so special...? What sets YOU apart from almost everyone else in the universe?
8022	104	1	ILST/TEXT	Getting saved by me is starting to look like your favorite pastime. Might I suggest a change in hobbies?
5336	105	1	ILST/TEXT	Far as I know, yeah. I don't know if it ever explodes, but data definitely wipes itself if tampered with.
5485	105	1	ILST/TEXT	Now? Now I do my own thing! No one holdin' me down, no one trying to pull my strings. Suits me just fine.
5518	105	1	ILST/TEXT	In theory, I could... "upgrade" these things. But I'd need specialized components. Watchtower Components.
5524	105	1	ILST/TEXT	...What? Why not?! They're great! Did I not demonstrate it right or something?! C'mon, let's install one!
5704	105	1	ILST/TEXT	Not thrilled about it, but -- you did do it for the right reasons. Your friend's safe, so I'll let it go.
5735	105	1	ILST/TEXT	They were almost a permanent guest of Watchtower. Thankfully though, I was there to save their sorry ass!
5737	105	1	ILST/TEXT	He was very almost a permanent guest of Watchtower. Thankfully though, I was there to save his sorry ass!
6021	105	1	ILST/TEXT	It took some time, but I think I've finally cracked the secret to fabricating Watchtower-spec components.
6585	105	1	ILST/TEXT	Just sent the coordinates. Gonna trust you to do things right. No starting fights you can't finish, okay?
6909	105	1	ILST/TEXT	Remember, the mech's going to pop out once we blast a hole in the facility. Me and my ship will be ready.
8017	105	1	ILST/TEXT	We'll have Watchtower reinforcements inbound again, so I'll go leave a trail to lead them away from here.
5365	106	1	ILST/TEXT	'Cause I'm thinking, if we start shutting more of them down, Watchtower won't be able to track us as much!
5390	106	1	ILST/TEXT	Heh. It worked! Quite a lot of data... I'm just skimming here, but... yeah, this clears up a few things...
5486	106	1	ILST/TEXT	Felt right at the time, but didn't care much for all the regulations. Just wanted to do what needed doin'.
5545	106	1	ILST/TEXT	Yeah, yeah! I know... I wrecked it. As well as the Skydrop system you installed. I do feel bad about it...
5640	106	1	ILST/TEXT	Aha! Got it right here. Was exactly where you said we'd find it. Was a smooth recovery, for the most part!
5731	106	1	ILST/TEXT	If I hadn't left, Watchtower would have grabbed 'em! So you see, it really was a matter of life and death!
5736	106	1	ILST/TEXT	She was very almost a permanent guest of Watchtower. Thankfully though, I was there to save her sorry ass!
5924	106	1	ILST/TEXT	Extraction complete! Your Amp's blueprint is ready, and I can start building this model whenever you like.
6176	106	1	ILST/TEXT	Back when I was still with Watchtower, a ship I was serving on received an order to intercept a "Deviant".
6280	106	1	ILST/TEXT	I am pleased to report a complete success! I recovered enough data to allow creation -- of a mech Skydrop.
6446	106	1	ILST/TEXT	So if some inspector ever decides to drop by, and I offer you an ice cream cone, just play along. Alright?
6538	106	1	ILST/TEXT	If you're interested, go to the new infirmary and talk to Dr. Laine. She can fill you in on the specifics.
6593	106	1	ILST/TEXT	Sending the data to your nav. Just don't do anything reckless! No shame in avoiding a fight you can't win.
7293	106	1	ILST/TEXT	If Watchtower captures you, it's not just your freedom they take. They steal from you your full potential.
7337	106	1	ILST/TEXT	Eugh... you're not the only one... First time I got hit -- the next thing I saw was my lunch in reverse...
8071	106	1	ILST/TEXT	Although... Are you sure they're what we're looking for? I'm not getting any readings from them anymore...
5533	107	1	ILST/TEXT	It would be more accurate to say that I "fabricate" them. To do this, I use salvaged Watchtower components.
5729	107	1	ILST/TEXT	Watchtower was closing in fast on 'em, so sticking around here wasn't an option. Not if I wanted them safe.
5749	107	1	ILST/TEXT	Harper! You know what, you're absolutely right. I should've stayed, or at least let you know I was leaving.
5777	107	1	ILST/TEXT	My parents ran a small clinic there, actually. They're the ones who first inspired me to get into medicine.
5901	107	1	ILST/TEXT	Well, aren't you a charmer! Careful now, or you may end up with more than just my professional attention...
5930	107	1	ILST/TEXT	Resulting in blueprints for an Amp that's... well, this might be the most advanced Cyberamp I've ever seen!
5992	107	1	ILST/TEXT	Fires a warhead that ignites the impact zone, creating a firestorm that incinerates anything caught within.
6485	107	1	ILST/TEXT	And, weirdly enough, he's also a great cook! What the crap? Did not expect that. So, no, I'm not concerned.
6850	107	1	ILST/TEXT	When I'm low enough, I'll use the Grav Shift to escape. I'll probably end up miles away from your position.
7209	107	1	ILST/TEXT	Second, that ship needs to be loaded with whatever it is you require. Ship can't drop what it doesn't have.
7258	107	1	ILST/TEXT	I guess you could say I'm a... traveler! Yeah, I travel the stars! Here n' there, and sometimes back again.
8036	107	1	ILST/TEXT	These guys, they will come for you again. And right now, there's precious little you could do to stop them.
8098	107	1	ILST/TEXT	But as soon as I picked up your signal, I knew we had pulled it off! I wasn't even that far away, actually.
5347	108	1	ILST/TEXT	Well, that's something! We can always go take that one down. And hey! Maybe we'll recover more Intel Slates!
5515	108	1	ILST/TEXT	We're not quite done yet. You've still got those Watchtower components to hand over. Go on! Gren won't mind.
5861	108	1	ILST/TEXT	The brain syncs perfectly with laser recharge cycles, thanks to this Amp. The result? Faster recharge times.
6493	108	1	ILST/TEXT	And by the time I found it, it was just a gutted shell! Forgotten, left to rot out in the middle of nowhere.
6504	108	1	ILST/TEXT	To start, it was 'cause Torin seemed to care about you. And, well, since he's a pal, I figured I'd pitch in.
6545	108	1	ILST/TEXT	From that core, we pulled data for Watchtower-spec neuroamps. Only basic models, mind you, but still useful.
6635	108	1	ILST/TEXT	Tidied up a bit. With so many visitors coming and going, figured Stardock could use a bit of extra polish...
6899	108	1	ILST/TEXT	So, don't waste time waiting for me! Get into the facility and retrieve the Control Node. Let's get it done!
7350	108	1	ILST/TEXT	Well, why didn't you say so sooner?! I had no idea I was in the presence of such esteemed company! *chuckle*
5521	109	1	ILST/TEXT	We appreciate it, Gren! Really! But, are you sure there's nothing else? Not to sound ungrateful, it's just...
5769	109	1	ILST/TEXT	They're one of the current leaders in cybernetic research. Or, at least they were when I was still with them.
5867	109	1	ILST/TEXT	By augmenting the pilot's understanding of electromagnetic properties, this Amp can boost a ship's EM damage.
6060	109	1	ILST/TEXT	Understand, since you use this vessel to land on planets, you'll not be able to utilize the installed system.
6077	109	1	ILST/TEXT	You can build a terminal aboard your ship -- granting you remote access to the main system here, on Stardock.
6208	109	1	ILST/TEXT	Specific alloys, tools, and so on... Gather these materials, and you can now build these components yourself.
6278	109	1	ILST/TEXT	But once built, it could be mobilized multiple times, providing you give enough time for the mech's recovery.
6673	109	1	ILST/TEXT	I wonder... Got some pals that like to travel, always have eyes on certain systems. But they'll want credits.
6757	109	1	ILST/TEXT	Ah, I guess my own little antics left an impression on ya. Probably... shouldn't be proud of that, but, I am!
6996	109	1	ILST/TEXT	I could be wrong... but I think this universe's Gren has a slightly better sense of humor! But only slightly.
7275	109	1	ILST/TEXT	Giving you time to recover, get back in the fight, and avoid capture! Think about it! It makes sense, right?!
7359	109	1	ILST/TEXT	I know the UC dangles citizenship as some sort of "rare prize", but it's not really that uncommon of a thing.
8088	109	1	ILST/TEXT	Come meet me at Stardock as soon as you can, and we can start rebuilding our fleet! Okay, then. See you soon!
5427	110	1	ILST/TEXT	Well, we got a fleet! No reason not to head out right away! If you don't mind, I'll join you aboard your ship.
5703	110	1	ILST/TEXT	For that, we need to go talk with Gren! He's a ship engineer, can help us get everything set up and installed.
6002	110	1	ILST/TEXT	I'll transfer the credits for the ships you sent my way. I also recovered several Watchtower components. Here.
6763	110	1	ILST/TEXT	...Mech being a problem? Just shut it down with an override! I mean, if you've got the security card, why not?
6974	110	1	ILST/TEXT	This could take a while. Who knows where she is... I'll be back as soon as I've got news. Until then, rest up!
6986	110	1	ILST/TEXT	She's not let us down yet! No reason for her to turn on us. As long as we pay her, she'll get us what we need.
7183	110	1	ILST/TEXT	I'll need to stay in orbit in order to use Skydrop. You'll need to land and find the exterior of the facility.
7216	110	1	ILST/TEXT	Time to get moving! Jump in your ship and meet me outside. Hail me when you're ready, and we'll plot a course!
7262	110	1	ILST/TEXT	...I really hope you got that. Because if I try to dumb it down anymore, I'm honestly afraid you might hit me.
8078	110	1	ILST/TEXT	*sigh* ...Just how many times are you gonna pass through The Unity, anyway...? Ah, never mind. You good to go?
5269	111	1	ILST/TEXT	Oh, we already know all about them! A real wealth of information. At least until they erase themselves that is.
5369	111	1	ILST/TEXT	I mean, some systems don't even have planets you could put a Listening Post on! So, would they have them there?
5402	111	1	ILST/TEXT	A bit of a brawl down below, then blew up an Array for intel! You might wanna use Gren's program on that Slate.
5407	111	1	ILST/TEXT	None of them were no match for us, of course! And then we recovered that Intel Slate from the Array's wreckage.
5444	111	1	ILST/TEXT	We actually already have experience searching for Watchtower facilities. I think we know just what to look for.
5470	111	1	ILST/TEXT	On the way back from our supply run, one of his scans picks up some weird signal from the system we're passing.
5837	111	1	ILST/TEXT	So, here you are! This is the Cyberamp I already fabricated. Use it in good health! Or don't, It's your choice.
6108	111	1	ILST/TEXT	Like any other ranking member of the organization, I was only ever given enough information to perform my role.
6686	111	1	ILST/TEXT	I'll see what I can do. You want a Listening Post in a more calm system, or somewhere that'll test your nerves?
6742	111	1	ILST/TEXT	...Unless you reactivated it. I dunno why you would do that, but, if you really wanted to, I guess you could...
7118	111	1	ILST/TEXT	Never mind the added challenge of piggybacking a jump! But it obviously worked. And I'm glad to see we made it!
7264	111	1	ILST/TEXT	They disable one ship, and then ANOTHER comes at them! Oh no, their Disruptor hasn't had a chance to recharge!!
5364	112	1	ILST/TEXT	Hmm... Maybe! I did see something about Listening Posts in other systems... Hold on, lemme run a quick search...
5584	112	1	ILST/TEXT	We can't progress until you have another vessel. Come back as soon as you have one. Or, you can always use mine.
6015	112	1	ILST/TEXT	Triggers a contained fusion event, unleashing destructive energy. Quite catastrophic to those within its radius.
6561	112	1	ILST/TEXT	Sure did! Now, I already knew Watchtower likes to dabble in cybernetic tech. One look at Gren gives that away...
6590	112	1	ILST/TEXT	Uploading the coordinates. It's in your hands now. Just don't get too cocksure! You don't wanna be like Torin...
6730	112	1	ILST/TEXT	Sorry! Completely my bad on forgetting about the mech. Sorry you ended up getting hit by the disruptor -- again.
6897	112	1	ILST/TEXT	I'll catch up as soon as I can. So you just focus on the Control Node inside the facility. Let's make it happen!
6971	112	1	ILST/TEXT	You'll have some time to relax while I work on this. Get comfortable! I'll be back as soon as there's an update.
6975	112	1	ILST/TEXT	This may take a day or two. You should grab a bunk, get some rest. I'll let you know as soon as I have any news.
7081	112	1	ILST/TEXT	Okay! Now, we know what we need -- the Control Node, and we know where to get it -- the facility on Eridani III.
7174	112	1	ILST/TEXT	--No! Nothing like that... At least, I don't think so. This facility we're going to break into, it's Watchtower.
7252	112	1	ILST/TEXT	You may call me <Alias=Player>. It's no mistake our paths crossed. Let us travel the stars together, for a time.
8054	112	1	ILST/TEXT	Sorry, you're... you're asking why you can't move?! Well, like I said, you were hit by a Neural Disruption Beam.
8059	112	1	ILST/TEXT	Ah, yeah... Yeah, you won't be able to talk for a while. Or move, either. Heh. Your neurons are all scrambled...
5355	113	1	ILST/TEXT	Gren said as much. He--... Damn, that thing wiped itself fast! But not fast enough. I managed to pull a location!
5488	113	1	ILST/TEXT	Me? Uh... Not much to tell. I mean, I grew up in Neon. Lost more to that city than I care to share... So, I left!
5849	113	1	ILST/TEXT	I can't say I fully understand this Cyberamp, but I'd assume, like most others, it provides some sort of benefit.
5854	113	1	ILST/TEXT	With some sentient AI adapters and enough data from cores, I believe I could construct something wholly original.
5988	113	1	ILST/TEXT	Mobilizes a medical support unit. Capable of stabilizing injuries and administering basic treatment in the field.
6073	113	1	ILST/TEXT	But the outlook of most Watchtower operatives is... hmm, "fanatical" would not be the right word, but it's close.
6119	113	1	ILST/TEXT	Things were okay for a while. But as corporations expanded, independent engineers like me -- started losing work.
7094	113	1	ILST/TEXT	Okay. Just don't underestimate Watchtower. In this universe, they're still a threat. I'll be waiting here for ya.
7302	113	1	ILST/TEXT	...Huh. That's a... That's a fair question. I'm trying to think of how to answer without worrying you too much...
7365	113	1	ILST/TEXT	They sure are! I've had more than a few run-ins with good old Watchtower. Most encounters have.... not gone well.
8040	113	1	ILST/TEXT	Did you forget the whole "signal me" plan? You know, let me know where you are so we can stop you being captured?
5981	114	1	ILST/TEXT	On detonation, releases a corrosive gas harmful to both organic and synthetic entities. Effective for area denial.
6534	114	1	ILST/TEXT	But, who knows! Maybe at some point, we'll find the keys to unlockin' some of that! Wouldn't that be something...?
6675	114	1	ILST/TEXT	If you don't mind paying criminal types, I know one or two people who could get what we need! For the right price.
7318	114	1	ILST/TEXT	Yeah... No can do. You've been flagged. Which means they'll find you no matter where you go. But there is a way...
7378	114	1	ILST/TEXT	Hah! Yeah, uh, can't say I'm surprised they turned on you. Although, I'm a little shocked it didn't happen sooner.
5628	115	1	ILST/TEXT	Watchtower is a highly-secretive organization, even to those within it. All information is on a need-to-know basis.
5789	115	1	ILST/TEXT	I grew up in Akila City, big skies, tight communities, and more than enough trouble to keep a young woman occupied.
6064	115	1	ILST/TEXT	The neural restructuring serves to "alleviate" these areas, freeing them to serve host to the needs of the implant.
6152	115	1	ILST/TEXT	The Watchtower vessel was destroyed, and the pirates now attacked Torin's ship. But we managed to safely jump away.
6501	115	1	ILST/TEXT	...Hah. Kidding! Kidding. Maybe I help just 'cause I like you. Sometimes, these sorta things are as simple as that.
6824	115	1	ILST/TEXT	I'll get the corvette prepped to fire the Disruptor. Be a pal? Go flip those power switches! Okay. Let's get to it!
7042	115	1	ILST/TEXT	*sigh* We've jumped so many times, I-- we've run out of letters! So from now on, I'm just gonna stick with "Omega".
7131	115	1	ILST/TEXT	So I'm gonna have to bum a ride. Don't worry though, I am a great co-pilot! I only ever crash ships when I mean to.
7279	115	1	ILST/TEXT	Okay, good! I'm happy you're on board with this fleet idea! Hah! You know, that... that the first time that we--...
5359	116	1	ILST/TEXT	...Yeah! You know about this kinda stuff? When I searched for specific data, it just... started deleting everything!
5377	116	1	ILST/TEXT	Not sure exactly. Information is hazy... Almost seems on purpose! Like they preemptively scrubbed any major details.
5503	116	1	ILST/TEXT	But first, you'll need to assign a ship to your fleet. Watchtower's out there, remember? We need to cover our asses.
5557	116	1	ILST/TEXT	Suffice it to say, the Fleet Command System exploits Watchtower technology to our benefit. It's robust and adaptive.
5641	116	1	ILST/TEXT	Got it right here! Was exactly where you said we'd find it. Although, a heads-up about the mechs would've been nice.
5776	116	1	ILST/TEXT	It's not without its flaws, though. Akila can be rough around the edges. Much like the rest of the Freestar systems.
6000	116	1	ILST/TEXT	I've stripped those ships. Transferring credits. Additionally, I extracted several unique components. All yours now.
6005	116	1	ILST/TEXT	I scrapped that vessel. Here are your credits. And I pulled something extra too, Watchtower tech. Here, you take it.
6069	116	1	ILST/TEXT	Deploys a single high-impact missile from orbit. Precise and devastating, suitable for eliminating hardened targets.
6157	116	1	ILST/TEXT	Systems failing, hull breaches everywhere. Things seemed bleak. Torin then asked me to free him from his restraints.
6531	116	1	ILST/TEXT	Think... faster weapon locking, sharper maneuvering. Basically anything to turn a regular pilot into a seasoned pro.
6822	116	1	ILST/TEXT	We cannot fight this thing! It-- Its shields, there's no way we can get through those! The firepower needed... to...
8073	116	1	ILST/TEXT	...I've launched the Comm Beacon. By the time we arrive at Heimdall Station, they should be prepped for containment.
5885	117	1	ILST/TEXT	No, the technology is similar, but fundamentally different... It's more invasive, closer to true cybernetics, really.
6130	117	1	ILST/TEXT	I was part of a Watchtower crew -- dispatched to capture Torin. We disabled him and his ship, and brought him aboard.
6526	117	1	ILST/TEXT	This is almost getting ridiculous... So much attention for such a tiny station! *sigh* At least it's keeping me busy.
6577	117	1	ILST/TEXT	If we passed along the means on how to search and scan for Watchtower outposts, they may be able to find them for us.
7102	117	1	ILST/TEXT	Mostly setting everything up again! I had to go find my ship, rescue Gren, then help Harper get Stardock operational.
7215	117	1	ILST/TEXT	...I'm glad we're doing this, you and me. We'll show Watchtower they picked the wrong people to mess with. This time.
7233	117	1	ILST/TEXT	But the problem is, Control Node's not easily accessible. It's stored away in an old facility, with no simple way in.
7380	117	1	ILST/TEXT	I assume you recall their method of capture...? Yeah, kinda hard to forget it once you've experienced it firsthand...
8069	117	1	ILST/TEXT	Initial flag could've been a false positive. It does happen! However, could also be a case of latent manifestation...
8100	117	1	ILST/TEXT	I mean, maybe it's different for you, but I always find going through The Unity is disorienting at the best of times.
5683	118	1	ILST/TEXT	Sorry to leave you hanging like I did, but I had no way to contact you! I just... made my way back as fast as I could!
5788	118	1	ILST/TEXT	Medicine was always my goal, so I trained as a doctor. But life took a turn when Aetherium Cybernetics came calling...
5863	118	1	ILST/TEXT	This Amp reduces acceleration inhibition. With it installed, a pilot will feel compelled to achieve higher top speeds.
5990	118	1	ILST/TEXT	Delivers a cache of essential supplies, including ammunition and equipment. Designed to sustain prolonged engagements.
6211	118	1	ILST/TEXT	Watchtower is... difficult to explain. Everything, and I mean everything, is compartmentalized, strictly need-to-know.
6471	118	1	ILST/TEXT	I was curious, so I went to take a look. It was just a wreck! Abandoned, forgotten. Hah, kinda reminded me of someone.
6503	118	1	ILST/TEXT	But now? I dunno. You're... different. You've got that same spark Torin does. Just feels right that I lend you a hand.
6562	118	1	ILST/TEXT	That Computer Core you gave me? I asked an old friend to help me poke around inside it, see what data we could find...
6627	118	1	ILST/TEXT	Thought you should know, I sat down and did a tally... Listed out all the systems you've cleared of Listening Posts...
6940	118	1	ILST/TEXT	Good morning, sunshine! The Advocate came through for us! She's already recovered the Control Node, got it right here!
7073	118	1	ILST/TEXT	You're at the start of a great journey... Watchtower would take that away from you. That's why you need to avoid them.
7154	118	1	ILST/TEXT	That's right, we're blasting this sucker open! And I've only got one missile on board, so make sure you don't mess up.
5603	119	1	ILST/TEXT	The Control Node integrated without issue. You now have a mainframe fully-capable of fleet management and coordination.
5787	119	1	ILST/TEXT	They lured me in with promises of credits and groundbreaking research, and for a while, I thought I'd found my purpose.
6004	119	1	ILST/TEXT	I dismantled that ship. Here are the credits. I also extracted several Watchtower parts, maybe you'll find them useful.
6078	119	1	ILST/TEXT	One more thing. I've documented how to build a remote Fleet Command System terminal. I'll forward you the schematics...
6117	119	1	ILST/TEXT	They offered me better pay for "special projects". I needed the credits, so I accepted. That's how I joined Watchtower.
6158	119	1	ILST/TEXT	Before we could grav jump out, a Crimson Fleet squadron caught us by surprise. They hit hard. Our ship was overwhelmed.
6279	119	1	ILST/TEXT	They will be costly to construct and require you to source the necessary mech components, there's no way around that...
6494	119	1	ILST/TEXT	Station used to be a Freestar Collective outpost, back during the Colony War. But it was abandoned after the Armistice.
6552	119	1	ILST/TEXT	You know, hacking, cybersecurity, digital warfare. All that good stuff! We kept in contact after I left Neon. Good guy!
6637	119	1	ILST/TEXT	Check it out, new tables! Had to expand the seating arrangements. Can't have people standing around like it's a dive...
7024	119	1	ILST/TEXT	Or, if you'd prefer, we could try hiring the Advocate? She could take care of this for us. Would cost us Astra, though.
7257	119	1	ILST/TEXT	Heh. And it's likely during those travels I got the attention of Watchtower. Been trying to shake 'em off ever since...
7346	119	1	ILST/TEXT	Uh... House Va'ruun, huh? That could explain Watchtower's interest in you. But still, I-- I dunno. Doesn't seem to fit.
8104	119	1	ILST/TEXT	But you do seem to know our code structure. Ready yourself for processing! We're gonna have a lot of questions for you.
5693	120	1	ILST/TEXT	Look. I'm still here, you're still here. That's what's important. The specifics, those will come when the time is right.
6080	120	1	ILST/TEXT	From what I gleaned, Watchtower's corporate ties were just as, if not more, important as their government infiltrations.
6167	120	1	ILST/TEXT	I think I make her uncomfortable. Others have reacted to me this way too. So, I mostly keep to myself -- in my workshop.
6347	120	1	ILST/TEXT	A number of upgrades to improve your combat mech, along with new polarized armor plating to deflect contraband scanning.
6350	120	1	ILST/TEXT	Intriguing... These mech components you've obtained, providing I can recover the relevant data from a number of cores...
6532	120	1	ILST/TEXT	I'm no expert, but from what we pulled, looks like Watchtower's got amps that can boost someone's ship-flying abilities.
6933	120	1	ILST/TEXT	Time to get rolling. Gren and Harper are waiting, so let's go make introductions. Don't forget, this is all new to them!
7230	120	1	ILST/TEXT	That is our solution! You ever hear about the orbital drops -- the UC and Freestar Collective did during the Colony War?
5476	121	1	ILST/TEXT	...Hehehe. But once we stopped tryin' to kill each other, we figured out we both just wanted a safe place to set up shop.
5708	121	1	ILST/TEXT	Torin's friend, huh? You don't strike me as a Watchtower fan. If you're itchin' to fight back,  drop by and see me later.
5759	121	1	ILST/TEXT	Despite common belief, we're not a charity, we do charge for our work. But, most of our funding does come from donations.
5761	121	1	ILST/TEXT	Oh? Thinking of joining up? We almost never turn down an extra set of hands, especially if you've got a strong stomach...
5855	121	1	ILST/TEXT	By amplifying spatial awareness and timing, this Amp improves one's ability to position and maximise fleet effectiveness.
6026	121	1	ILST/TEXT	You see, usually, Watchtower vessels can only be helmed by certified pilots, those with the necessary control implants...
6114	121	1	ILST/TEXT	Sometimes we'd work directly with such groups, albeit under pseudonyms and aliases. But most times, we worked indirectly.
6466	121	1	ILST/TEXT	Hm. You do hold yourself like a local... Right stance, habit of looking over your shoulder more than you might realize...
6499	121	1	ILST/TEXT	Well... guess there's no harm in sharing. Like I told you before, grew up in Neon. Not exactly a nurturing environment...
6896	121	1	ILST/TEXT	Take care down there! When I make my escape, Grav Shifting could send me anywhere, so don't count on me being close by...
6936	121	1	ILST/TEXT	While you were catching up on your beauty sleep, the Advocate handled business for us. Got the Control Node, ready to go!
7093	121	1	ILST/TEXT	So it seems! Looks like we're stuck with each other! That is... assuming we're both not alternate versions of each other.
7101	121	1	ILST/TEXT	Considering this was my second time doing it all, I managed to do it a little bit faster -- and with a few less screwups.
7202	121	1	ILST/TEXT	We're gonna be jumping to Eridani III in the Eridani system. Once we're there, we can get things started. You good to go?
8090	121	1	ILST/TEXT	We're back to square one, and Watchtower are a big threat again, so we're gonna need more than two ships to keep us safe.
5349	122	1	ILST/TEXT	Here, Post coordinates for you. Just thinking, if you find more of those slates, I can probably dig up more intel for you.
5356	122	1	ILST/TEXT	I know, Gren told me... Hah, he wasn't kidding. Already wiped. But I did manage to snag a location before it nuked itself.
5400	122	1	ILST/TEXT	"Nothing you couldn't handle", huh? Sounds like famous last words. But, you are still breathing, so... guess you're right!
5517	122	1	ILST/TEXT	Oh, almost forgot! We've already taken care of the Listening Post, so we can hand those components over to Gren. Go ahead!
5880	122	1	ILST/TEXT	These are Watchtower's personal brand of neuroamp. More advanced, more powerful, and more intrusive into the human body...
6025	122	1	ILST/TEXT	However, with some creative workarounds I've devised, I believe it's now possible for anyone to operate a Watchtower ship.
6126	122	1	ILST/TEXT	I have more control over myself. I can easily focus, even in intense situations. But I still feel things. I'm not a robot.
6348	122	1	ILST/TEXT	As I'm sure you already know, these Watchtower-type mechs are quite powerful. What do you think? Shall I make the attempt?
6479	122	1	ILST/TEXT	My folks kicked me out when I was fourteen. Guess they figured I was either too much trouble -- or not enough of an asset.
6999	122	1	ILST/TEXT	I stopped by New Atlantis a few days back. I swear some of the outer settlements had moved around. Why would they do that?
7012	122	1	ILST/TEXT	Plan's unchanged. Locate the facility, neutralize the drones and mechs, grab the Control Node, then head back to Stardock.
7013	122	1	ILST/TEXT	Same plan. Scan the planet for the facility, deal with the drones and mechs, grab the Control Node, then back to Stardock.
7240	122	1	ILST/TEXT	You know, I once heard it said that... "travel broadens the mind". I think we might both agree there's some truth to that.
7263	122	1	ILST/TEXT	And the ship they just disabled, has had enough time to get its power back on. Meaning they can't make you go night-night.
7298	122	1	ILST/TEXT	This "Synapse Disruptor", I've seen theoretical papers on similar devices. More powerful alternatives to a common stunner.
7309	122	1	ILST/TEXT	And they're not aiming to kill you, they're trying to capture you! And believe me, you do not want to be captured by them.
7370	122	1	ILST/TEXT	That's a good question! I mean, you seem capable, but there's plenty of people like that out there, so that can't be it...
7373	122	1	ILST/TEXT	And their technology... I-- I don't know if they created it themselves, but what they have is cutting edge, and dangerous!
5329	123	1	ILST/TEXT	You've done good. Take these credits, please. And if you feel like going after more Arrays, I'd be more than happy to help.
5346	123	1	ILST/TEXT	The hunt begins anew... Thanks, Harper! If we do go there, we may be able to find more intel for you. If you're interested?
5710	123	1	ILST/TEXT	And you, Torin's Friend? I'd guess you're no fan of Watchtower. If you wanna give 'em a bloody nose, come talk to me later.
5745	123	1	ILST/TEXT	Harper! Before you say anything, I know I bailed on the station, but it was an emergency rescue mission for my friend here.
5966	123	1	ILST/TEXT	I wondered when you might want something new... I've done what I can to prep, and make the process as painless as possible.
6034	123	1	ILST/TEXT	Data that would let us upgrade your Fleet Command System, or perhaps even figure out new types of ship modules, or systems.
6491	123	1	ILST/TEXT	But the biggest headache? Trying to register it. Most records of the station were scrubbed, so officially, it didn't exist.
6549	123	1	ILST/TEXT	If we wanted data on anything outside his wheelhouse, like other types of Watchtower tech, we needed a fresh set of eyes...
7025	123	1	ILST/TEXT	Unless... You wanna take a shortcut? We could always acquire the services of the Advocate. If you've got the Astra to hand.
7173	123	1	ILST/TEXT	Those drones were likely left here to keep an eye on things. When we scanned the planet, we must've gotten their attention.
7344	123	1	ILST/TEXT	These "abilities" of yours... I'd be interested in learning more about them! But, that's something we can talk about later.
7354	123	1	ILST/TEXT	Although, I suppose the occasional pillaging and murder spree may have got their attention. You know, assuming you do that.
8049	123	1	ILST/TEXT	Because where from I'm standing, it didn't go very well at all! But don't worry, I won't rub your nose in it or anything...
5420	124	1	ILST/TEXT	Hm. If you want access to that Listening Post, you're gonna have to deal with these guys first... Might I suggest a Skydrop?
5624	124	1	ILST/TEXT	Despite being augmented and conditioned by them, my loyalty to Watchtower was never strong. To me, it was always just a job.
5796	124	1	ILST/TEXT	They're remarkable, truly! I've never seen technology quite like this before. The crystal substrate they use, fascinating...
5965	124	1	ILST/TEXT	Based on the data I previously pulled... I have a rough idea on the type of Cyberamps we may be able to extract from a Core.
6012	124	1	ILST/TEXT	Utilizes advanced technology to nullify gravity in a localized area, rendering all objects weightless -- for a brief period.
6032	124	1	ILST/TEXT	I have good news. I've devised a... method -- that offers an alternative use for ships that you may have defeated in combat.
6478	124	1	ILST/TEXT	Spent the next few years scraping by. Petty crime, odd jobs, whatever kept me fed. It was rough. Lost hope more than once...
6544	124	1	ILST/TEXT	Considering you'd need someone skilled in medicine and cybernetics to build 'em, and since Stardock needed a medic anyway...
7342	124	1	ILST/TEXT	Hm... Look, it may be none of my business, but this "vision-giving Artifact" of yours, it may warrant further investigation.
5348	125	1	ILST/TEXT	Take this, it's got the location on it. If you happen to find more Intel Slates, a good chance I can find more Posts for you.
5986	125	1	ILST/TEXT	Mobilizes an automated mining unit -- to assist in extracting local resources. Most reliable, even in hazardous environments.
6023	125	1	ILST/TEXT	On an unrelated note, I now have the capability to copy and fabricate ship modules -- from any salvaged ship you send my way.
6087	125	1	ILST/TEXT	During my time with Watchtower, I witnessed several branches of government that had been compromised to at least some degree.
6142	125	1	ILST/TEXT	Maybe that's true. But I always suspected that the mental changes, the "dulling" of emotions, also helped to enforce loyalty.
6147	125	1	ILST/TEXT	Not knowing what else to do, I stuck with Torin, decided to help him however I could. That's how I ended up here at Stardock.
6349	125	1	ILST/TEXT	I believe I could construct a Skydrop -- capable of transporting and launching an automated mech -- to assist you planetside.
6450	125	1	ILST/TEXT	Guess keeping the station active would've stirred up tensions, and Freestar didn't wanna rock the boat so soon after the war.
6994	125	1	ILST/TEXT	Eh, nothing too crazy. But I've only jumped through the Unity... what, thirty-six times? Still a lot of universes to explore!
7372	125	1	ILST/TEXT	Oh! And the most important thing. If Watchtower gets their hands on someone, chances are, you'll never see that person again.
8072	125	1	ILST/TEXT	Although... Should I have told them to take extra precautions...? I've never heard of a detainee needing two neural blasts...
5403	126	1	ILST/TEXT	We had a dust-up planetside, then raided a Watchtower Array for data. You'll wanna use Gren's algorithm on that Slate there...
5552	126	1	ILST/TEXT	Torin. I noticed that your ship, and the Skydrop system I spent several weeks retrofitting into it, are suspiciously absent...
5688	126	1	ILST/TEXT	But not enough to land me anywhere near you post-escape. That's why it took me a while to catch up to you. Sorry about that...
5697	126	1	ILST/TEXT	Before that, it laid abandoned for a decade or so. And before that, I think it was some sort of outpost during the Colony War.
5864	126	1	ILST/TEXT	Boosts mental focus of primal survival mechanisms. As a result, a pilot is more likely to keep their shield systems maximized.
6448	126	1	ILST/TEXT	In the end, I gave up. Instead, I registered as a newly constructed station, an orbital ice cream factory. Yeah, you heard me.
7212	126	1	ILST/TEXT	The thinking behind them was, when you're in the heat of battle, you never know what you might need or when you might need it.
7271	126	1	ILST/TEXT	But what if I had arrived sooner? What if I was already there, watching your back? Like I was some kinda... fleet... g-guy...!
7292	126	1	ILST/TEXT	Never ran across anything like it! Say what you like about Watchtower, but they've got some damn fancy tech at their disposal.
7310	126	1	ILST/TEXT	All I know is -- is that you'll be minding your own business, then without warning, in jump a whole bunch of Watchtower ships.
5428	127	1	ILST/TEXT	That's all we needed to do. Guess I'll go board my new ship and then we can be off! That Listening Post won't know what hit it!
5768	127	1	ILST/TEXT	From what I recall, Aetherium is mostly funded by the UC. And primarily focused on development of internal cybernetic implants.
5900	127	1	ILST/TEXT	Your station engineer, uh, Gren, is it? He and Harper provided me with the necessary algorithms to break the core's encryption.
5996	127	1	ILST/TEXT	Mobilizes a Watchtower-engineered combat mech, heavily armed and resilient. Can be salvaged, though recovery is time-intensive.
6014	127	1	ILST/TEXT	Creates an intense gravitational field, pulling everything nearby to a central point -- and crushing it under immense pressure.
6072	127	1	ILST/TEXT	Every member of Watchtower I ever met -- seemed to "believe in the cause". Even if very few, if any, knew what "the cause" was.
6116	127	1	ILST/TEXT	Infiltrate. Monitor. They have agents everywhere. Even my role as an engineer, had me traveling all across the settled systems.
6539	127	1	ILST/TEXT	She agreed! And now we got a medic to treat ailments. Also, she can research and build Watchtower-spec neuroamps! Not bad, huh?
6696	127	1	ILST/TEXT	Well, lockdown's over and we have the Control Node, we can finally leave this place. C'mon, let's hightail it back to Stardock.
7023	127	1	ILST/TEXT	Or, we could always contact the Advocate. If she's in this universe, I'm sure she'd help us! For a price... You have any Astra?
7286	127	1	ILST/TEXT	Well, then out of the two of us, I suppose that makes you the expert! But a more powerful Disruptor is no longer just theory...
7288	127	1	ILST/TEXT	Watchtower will still be hunting you, you know? If they find you again, I don't know if I can help you. I mean, I'll try but...
7331	127	1	ILST/TEXT	It's fairly simple, really. Maybe you already noticed, but Watchtower's Disruptor, it takes a while to charge between bursts...
7355	127	1	ILST/TEXT	An "association", huh? I know what that means. Still, Watchtower would care little for everyday law and order, or lack thereof.
8044	127	1	ILST/TEXT	But you'll have to give it a little more time before you can actually talk again, and be able to move more than just your head.
8099	127	1	ILST/TEXT	Never mind trying to piggyback off of someone else's jump! And then, I wasn't even sure I made it to the right universe or not.
5358	128	1	ILST/TEXT	It's an inbuilt security measure. It's just how Watchtower tech works! Pretty much all of it has a "self-destruct" of some kind.
5538	128	1	ILST/TEXT	Well, anticipating the worst, I had already begun work on building a second Skydrop deployment system. So we now have one spare.
5616	128	1	ILST/TEXT	...Mechs? I'm shocked there were any remaining. They were all flagged for transfer... I hope they didn't cause too much trouble.
5979	128	1	ILST/TEXT	Be advised, Skydrops are used by fleet ships that remain in orbit. If you install a Skydrop to your home ship, it'll be useless.
6039	128	1	ILST/TEXT	I can't give specifics, but -- additional vessels, new systems, perhaps even new modules. It'll depend on what data we can mine.
6095	128	1	ILST/TEXT	I can't say I know the full ranking structure. I can only speak to what I experienced... I personally reached the rank of Agent.
6904	128	1	ILST/TEXT	Good luck down there! And remember, when I Grav Shift to escape my ship, I can't guarantee I'll shift back anywhere near to you.
7329	128	1	ILST/TEXT	Now, if you're flying about all by your lonesome, it's not too difficult for Watchtower to blast you as many times as they need.
8046	128	1	ILST/TEXT	Once you can walk again, come find me at these coordinates. I'll do everything I can to keep you safe! You have my word on that.
5449	129	1	ILST/TEXT	But space is big! As long as you're careful and don't leave a trail, they'll have no clue who pulled the plug or where they went.
5502	129	1	ILST/TEXT	However, we still need backup. So, assign a ship to your fleet! We don't want any nasty Watchtower surprises we're not ready for.
5509	129	1	ILST/TEXT	Hah, we have a fleet! Yes, right now it's only two ships... But it's still early days! I'm sure we'll figure out a way to expand.
5905	129	1	ILST/TEXT	Dr. Sofia Laine, formerly of the Field Surgeons, currently on sabbatical, now presiding over this station's quaint little clinic.
6024	129	1	ILST/TEXT	I'm forwarding the necessary information. From now on, you'll no longer find yourself locked out of Watchtower piloting consoles.
6629	129	1	ILST/TEXT	New shop opened up here, McClarence Outfitters. Heard of it? Some sorta swanky clothing store. Well, as long as they make rent...
6935	129	1	ILST/TEXT	Alright, let's pick up where we left off. Gren and Harper are back on the station. Time to meet them for the first time... again.
7088	129	1	ILST/TEXT	Oh. And we should probably consider taking out Heimdall Station again. You know, stop this universe's Watchtower from bugging us.
7390	129	1	ILST/TEXT	From what I've gathered, it seems they've made it their life's work to hunt down and confine individuals they consider dangerous.
5328	130	1	ILST/TEXT	Some credits for your work, you earned 'em. And hey, you wanna smash up more Listening Posts? More than happy to assist with that.
5381	130	1	ILST/TEXT	And when a vessel gets flagged enough times, an Array sends a signal to Watchtower, telling them to jump a fleet into that system.
5801	130	1	ILST/TEXT	As it turns out, corporate labs and bottom-line science didn't sit right with me. So, I walked away and joined the Field Surgeons.
6181	130	1	ILST/TEXT	I was just... a normal person. A Cydonia native. Most people raised there end up working the mines, but I didn't want that life...
6463	130	1	ILST/TEXT	Alright, but don't say I didn't warn you! It's not exactly a feel-good story. Before I left Neon, I fell in with a street gang... 
6484	130	1	ILST/TEXT	I think that now he's not with Watchtower, he's just tryin' to figure out his place in the universe. You can't fault him for that!
6780	130	1	ILST/TEXT	The mech? Oh yeah, yeah, it's as... it's as dead as dead gets. I checked. Twice... Don't worry! That thing is not getting back up.
7189	130	1	ILST/TEXT	Watchtower drones! Damn. They probably detected our scan. We'll have to deal with them before we can head to the planet's surface.
7259	130	1	ILST/TEXT	Whoa! Hold on, now. That's not quite true. There's more to this, you still need me. Heh. You know, that reminds me of when we--...
7363	130	1	ILST/TEXT	Since then, I've done my best to keep my head down. But it doesn't matter, sooner or later, they always seem to catch up to you...
8094	130	1	ILST/TEXT	Didn't I already explain that? Hm, maybe not. To be honest, my memory is still kinda fuzzy... But we can go over that later, okay?
5519	131	1	ILST/TEXT	Hmm... So far, everything I've made has been reverse-engineered from Watchtower hardware. The Fleet Command System, the Skydrops...
5686	131	1	ILST/TEXT	Uh, I had an "escape pod" of sorts ready to go. I never intended for a suicide run! But still, there was a risk I wouldn't make it.
5778	131	1	ILST/TEXT	Personally, I've always had a fondness for it. It's a place where people work hard, stand their ground, and try to do what's right.
6156	131	1	ILST/TEXT	I didn't see much reason not to, we were all dead anyway. So, I freed him. After that, things got... blurry. I think I blacked out.
6496	131	1	ILST/TEXT	You already know how we met. Torin tried to claim the station, not knowing it was mine. There was a bit of a fight, but we made up!
7248	131	1	ILST/TEXT	Hah! Nice try. But I know that's not really your name. Although, I do like the title "Space Adventurer". Might adopt that myself...
7387	131	1	ILST/TEXT	You came all the way here -- just to tell me that...? Well, alright! But just so you know, these guys won't give up on hunting you.
5353	132	1	ILST/TEXT	But it's not a complete loss! I did pull the location for another Listening Post. There's one in the... Kumasi system. On Kumasi VI.
5415	132	1	ILST/TEXT	We can integrate it into your fleet's new ship immediately. I have a feeling you will make for a better custodian for it than Torin.
5859	132	1	ILST/TEXT	This Amp synchronizes neural rhythms with EM-standard systems, allowing a pilot to anticipate recharge needs with greater precision.
5860	132	1	ILST/TEXT	By amplifying short term recall, allowing someone to count each shot, this Amp helps optimize reload sequences of ballistic systems.
5873	132	1	ILST/TEXT	I understand, cybernetics aren't for everyone! But there's no reason you couldn't offer members of your crew the chance to use them.
6487	132	1	ILST/TEXT	*sigh* I'll admit it, at first, Gren creeped me out a little. You know... with all his veins, and pale skin. And the way he talks...
6632	132	1	ILST/TEXT	Hah! We've got a hotel now! Okay, maybe "hotel" is too fancy a word. But still, guess we're on the map as a place people wanna go...
6633	132	1	ILST/TEXT	Added some greenery. Wanted to brighten the place up a bit! People seem to like it. Or at least, they've yet to complain about it...
6743	132	1	ILST/TEXT	You remember that mech? This time I made sure it wouldn't activate after we pulled the Control Node. It won't be bothering us again!
6995	132	1	ILST/TEXT	Believe it or not, I ran into myself! It's only happened once before. Don't think he was this universe's Torin, but still, nice guy!
7324	132	1	ILST/TEXT	You'd think so, wouldn't ya? But scared or not, they know if they hit you enough times, even the most hardy succumb to their weapon.
5548	133	1	ILST/TEXT	Ah, yeah. Hah. Um, funny story! You'd think this sorta thing would be avoidable, but apparently not... I ended up destroying my ship.
5691	133	1	ILST/TEXT	It wasn't easy! I mean, I never intended for a suicide run. But still, you can't always rely on your talents to get you out of a jam.
5875	133	1	ILST/TEXT	You could say that... Could even go as far to say that I am intimately familiar with the technology. But, stories for another time...
5883	133	1	ILST/TEXT	Hopefully these Amps provide just that. Although, no reason to keep them to yourself. Members of your crew may also find them useful!
6074	133	1	ILST/TEXT	I'm... not sure. Clearly, those in their ranks are still able to make independent decisions. Otherwise, I wouldn't be here right now.
6430	133	1	ILST/TEXT	Fair enough! Still, I've made a few notes on my terminal. If you intend to keep attacking the Arrays, I'd suggest you give it a read.
6460	133	1	ILST/TEXT	They ran. Left me bleeding out in some filthy alley. Didn't even look back. When a security patrol found me, they didn't help either.
6475	133	1	ILST/TEXT	I joined this company, the Field Surgeons. Kinda like freelance medics, they go around treating people who can't afford real doctors.
6550	133	1	ILST/TEXT	I did ask Gren, but his skills are all about ships and their systems. So that's the only kind of data he really knows how to dig for.
6636	133	1	ILST/TEXT	Some spacesuit merchant set up shop here. Paying rent and everything! How about that? Didn't think we'd pull that kind of business...
6638	133	1	ILST/TEXT	Did you see? Got ourselves a bounty board now. Trackers Alliance must figure our patrons would make good hunters, or maybe targets...
7011	133	1	ILST/TEXT	We're doing this by the book. Scan for the facility, eliminate the drones and mechs, collect the Control Node, then back to Stardock.
7220	133	1	ILST/TEXT	Works the same, though! If you're planetside, just toss it on the ground to mark a spot, then depending on what the flare signaled...
5350	134	1	ILST/TEXT	Here, take this. The location's on there. You know, if you find more Intel Slates, chances are I can find more Post locations for you.
5780	134	1	ILST/TEXT	She engaged the pirates, drew enough away for the colonists to gain the upper hand and win the fight. We were then able to render aid.
5793	134	1	ILST/TEXT	If these cores are their tech standard, this "Watchtower" isn't just ahead of the curve, I dare say they're building the curve itself.
5884	134	1	ILST/TEXT	Anyway, I've taken the liberty of constructing one of the "Cyberamps"... This one apparently improves an individual's piloting skills!
6082	134	1	ILST/TEXT	They seem to have embedded themselves within corporations, both large and small. Sometimes as investors, other times as "consultants".
6085	134	1	ILST/TEXT	I never saw any clear signs of infiltration. But with Watchtower's reach, I wouldn't be surprised if they had eyes and ears there too.
6092	134	1	ILST/TEXT	Then you have Prowlers, the lowest-level field agents. They run small operations. They also receive implants and further conditioning.
6094	134	1	ILST/TEXT	At the lowest level, you have Custodians, or new recruits. They follow orders, but aren't trusted with much, and know next to nothing.
6113	134	1	ILST/TEXT	I can't say for sure, but it certainly felt like some of these organizations had deep ties to Watchtower, even if they didn't know it.
6321	134	1	ILST/TEXT	Also, a warning. This technology is illegal, and will be treated as contraband. But, further upgrades may be able to help with that...
6634	134	1	ILST/TEXT	A weapons dealer moved in! Not sure if that's reassuring or concerning, but it's somethin'! And I won't say no to some extra income...
7277	134	1	ILST/TEXT	In a nutshell, here's my strategy. You don't fly alone anymore. Instead, you get some buddies. You get more ships. You get... a fleet!
8089	134	1	ILST/TEXT	Now, they didn't launch a comm beacon, so we don't need to worry about reinforcements showing up. But still, we shouldn't dawdle here.
5766	135	1	ILST/TEXT	Assuming research continues undaunted, I suspect we'll start seeing major breakthroughs in internal, and other cybernetics very soon...
5858	135	1	ILST/TEXT	A mind can process repair strategies faster with this Amp. Allowing a pilot to quickly identify and resolve ship issues even in combat.
5886	135	1	ILST/TEXT	And with some help, we managed to extract enough data -- to guide the construction of a new type of neuroamp. Although, not a neuroamp.
6143	135	1	ILST/TEXT	The process starts with genetic alterations, primarily, neural restructuring. I was told this is to ensure implants integrate properly.
6166	135	1	ILST/TEXT	I do try to keep us on good terms. I help out with station repairs whenever I can. My way of paying for my board and keep, so to speak.
6465	135	1	ILST/TEXT	I thought something felt familiar about you! That must be what it was. Well, glad to see someone else made it off that overly wet rock.
6500	135	1	ILST/TEXT	Well... guess there's no harm in sharing. Don't think I mentioned it yet, but I grew up in Neon. Not exactly a nurturing environment...
6578	135	1	ILST/TEXT	There's a whole bunch of people and organizations out there -- whose only job is to find information others would rather remain hidden.
7085	135	1	ILST/TEXT	I've stripped out and removed everything from my ship that's not strictly necessary. Also swapped out some of the more expensive parts.
8048	135	1	ILST/TEXT	Well, well, well. Fancy meeting you in this universe! I just didn't expect us to be meeting with... *snort* with you on your ass again.
5410	136	1	ILST/TEXT	First, there were Watchtower troops. Then the Listening Post wiped its data, but not before transmitting it to an Array for broadcast...
5783	136	1	ILST/TEXT	We're not exactly old friends, more like colleagues. Not to say I don't like her! On the contrary, I've always found her quite spirited.
5835	136	1	ILST/TEXT	But before any of that, tell me, do you require any medical attention or supplies? If you have the credits, I am sure I can accommodate.
6001	136	1	ILST/TEXT	The parts from those scrapped vessels yielded a decent amount of credits, plus some Watchtower tech. I hope you make good use of it all.
6059	136	1	ILST/TEXT	A Skydrop must be launched from a ship that remains in orbit. Would you like to try fitting the Skydrop onto another ship in your fleet?
6148	136	1	ILST/TEXT	I decided to leave Watchtower, let them believe I was dead, blown up along with my old ship. Seemed easier than explaining I wanted out.
6560	136	1	ILST/TEXT	But what I didn't know -- is just how varied and niche their tech can be! Body mods, organ replacement, and a whole series of Neuroamps!
6983	136	1	ILST/TEXT	And what exactly will we be paying her with...? It certainly won't be Astra, we don't have enough! And she won't work for anything else.
6988	136	1	ILST/TEXT	I've not really met many other Starborn, but she certainly ranks highly on the trustability scale! We can trust her to get the job done.
7206	136	1	ILST/TEXT	If Watchtower disables your ship, the fleet needs to notice this and react straight away to protect you! That's the whole point of this.
7227	136	1	ILST/TEXT	They called them "Skydrops". Very versatile, very useful! And now, very illegal. Forbidden by the Armistice. At least, for the military.
7311	136	1	ILST/TEXT	Honestly, I couldn't tell ya! Kinda wish I knew myself... Because however they found you, it's likely the same way they keep finding me.
8031	136	1	ILST/TEXT	...Alright, gonna take a stab in the dark on that one. I'm fine. Maybe a little bit hungry. You know, could probably do with a sandwich.
8037	136	1	ILST/TEXT	These guys who attacked you, it wasn't by accident. And if I hadn't intervened, you'd be on your way to a max security prison right now.
5468	137	1	ILST/TEXT	But digging a little deeper, he realized it's a Watchtower signal. A covert signal. Only reason he found it was 'cause of his training...
5531	137	1	ILST/TEXT	However, a number of years ago, Watchtower perfected the miniaturization of the Skydrop. This allows for installation into small vessels.
6786	137	1	ILST/TEXT	...You got za-- You got zapped by the Disruptor. *sigh* Of course that would happen, I should've thought of that... Sorry, that's my bad.
7234	137	1	ILST/TEXT	Had a pal look into it, and he figured out what we'll need. A Model 2 -- Fleet-Sync Control Node. And he knows where we can find one too!
7265	137	1	ILST/TEXT	Then Watchtower grav-jumps in. And they start firing their Disruptors! But you have so many ships, they don't know WHICH one to focus on!
5380	138	1	ILST/TEXT	That explains it! We're the "people of interest". This is how they keep finding me, and how they found you! Hmph. Sneaky little rascals...
5382	138	1	ILST/TEXT	Looks like they got Posts and Surveillance Arrays in most systems... They scan every ship that passes, looking for "people of interest"...
5469	138	1	ILST/TEXT	At first, he thought it might be a distress call. Someone's comms were on the fritz, so they were forced to get creative calling for help.
5549	138	1	ILST/TEXT	Ah. Yeah. About that! You see, there was a situation! Unavoidable, really. One thing led to another, and... I ended up destroying my ship.
5689	138	1	ILST/TEXT	Without getting too deep into the nitty-gritty details, let's just say, this time... my talent was at least enough to avoid certain death.
5929	138	1	ILST/TEXT	This Amp will be expensive to fabricate, but in my humble opinion, well worth the credits. Let me know if you want me to build it for you.
6138	138	1	ILST/TEXT	And so, the pirates now turned their attention to us. We'd managed to fight them off just long enough -- to jump safely out of the system.
6441	138	1	ILST/TEXT	Like he's reaching for something. And it's not all about him. That's rare. People like Torin? They remind me there's still good out there.
6525	138	1	ILST/TEXT	You know, without Torin, Gren, and yeah, you too, not sure I could've turned Stardock into what it is now. So, just wanted to say, thanks.
6687	138	1	ILST/TEXT	Guess I should ask, you have a preference on the kinda system we should search in? You want somewhere safer, or one crawling with trouble?
7188	138	1	ILST/TEXT	Don't worry, these things aren't big enough to carry Disruptors. Still, they can do some damage, so let's take them out as fast as we can.
5330	139	1	ILST/TEXT	You deserve some credits for your work, so here. If you wanna destroy more Arrays, just bring me more Intel Slates, and I'll do what I can.
5435	139	1	ILST/TEXT	If you do find the place, make a copy of any data it has collected. At the very least, it might shed some light on what Watchtower's up to.
5550	139	1	ILST/TEXT	Torin, I'm glad to see you've been taking good care of your ship. Along with the Skydrop system I spent several weeks retrofitting into it.
5600	139	1	ILST/TEXT	Installation complete. I've integrated the Control Node into this mainframe. It'll let you manage multiple ships. It should serve you well.
5781	139	1	ILST/TEXT	Regulations state: before providing assistance, medics wait for danger to pass. Harper, however, decided to take a more proactive approach.
5856	139	1	ILST/TEXT	This Amp unlocks deeper levels of strategic thinking. A pilot will find themselves instinctively leading, with improved fleet coordination.
5879	139	1	ILST/TEXT	My life's been a series of unexpected detours. I've learned to roll with the punches, and accept new opportunities as and when they arrive.
6096	139	1	ILST/TEXT	Beyond that, I know Watchtower has a leader. Maybe even more than one. But I know nothing about them. They don't interact with lower ranks.
6135	139	1	ILST/TEXT	These particular amps allow me to direct interface with specific Watchtower tech, and also enhance my vision -- beyond normal human limits.
6150	139	1	ILST/TEXT	After that, me and Torin agreed to go our separate ways, forget that we'd ever met. But I couldn't stop thinking about what had happened...
6439	139	1	ILST/TEXT	I've managed to gather a little more info on them. It's not much, a lot of it is guesswork really. Still, I think you might find it useful.
6492	139	1	ILST/TEXT	There were hull breaches, structural issues. Hell, most of the core systems were just GONE. Took forever to even get the doors functioning.
6626	139	1	ILST/TEXT	Turns out, you got 'em all out! Or at least, all the ones that matter. You won't need to worry about Watchtower ambushes anymore! Good job.
6640	139	1	ILST/TEXT	Huh. We're actually getting patrons... Starting to feel alive here. People must've noticed your ships out there. Made 'em curious to visit.
7074	139	1	ILST/TEXT	And despite trying to direct Gren to cobble something together out of spare parts, without real Watchtower components, it just didn't work.
7238	139	1	ILST/TEXT	Okay then, if we're going to make this fleet idea work, it's about time we get a move on. Before Watchtower catches us with our pants down.
7306	139	1	ILST/TEXT	So, I kept an eye on Watchtower comm lines. Waited to see if any patrols reported spotting you, or worse, capturing you. Which -- they did!
7334	139	1	ILST/TEXT	...Or at least, it's meant to. But you, hmph, you took that second burst and just kept on going, didn't ya? Took a third to bring you down.
5405	140	1	ILST/TEXT	Oh, the usual. Ran into Watchtower on the ground, fight in space over an Array. Got some data! You should run Gren's algorithm on the Slate.
5779	140	1	ILST/TEXT	It was a dangerous move, not just for her but for everyone involved. Despite that, I found myself admiring her... She's a brave young woman.
5795	140	1	ILST/TEXT	It allows for an extraordinary level of data density. Really, none of it follows any known framework or design principles I'm familiar with.
6098	140	1	ILST/TEXT	And then, Wardens. The highest rank I ever interacted with. They orchestrate and maintain major operations, and only answer to a select few.
7155	140	1	ILST/TEXT	So, take out that flare I gave you, punch in a request for a Surface Missile, then throw the flare near the exposed portion of the facility.
7269	140	1	ILST/TEXT	That gives you time to get your ship powered up again, your shields back online, and back into the fight! You see where I'm coming from now?
8029	140	1	ILST/TEXT	There'll be reinforcements inbound, so just like last time, I'll go lure them away with my ship. Give you a chance to get back on your feet.
5719	141	1	ILST/TEXT	And there goes Harper. Of course, you've already met her. But this Harper has never met you. So, just be careful with any "Unity talk", okay?
5722	141	1	ILST/TEXT	Hm. That's Harper. Stardock belongs to her! As much as it belongs to anyone. She lets a few of us hang out here, provided we don't misbehave.
5926	141	1	ILST/TEXT	I now have the blueprints to fabricate this type of Cyberamp. If you require one, I'll happily provide it for you. All you need do -- is ask.
5931	141	1	ILST/TEXT	The AI Adapters allowed for not only more data to be pulled from the cores... But they also enabled a more creative application of that data!
6031	141	1	ILST/TEXT	Once you've cleared and captured a vessel, simply approach its main flight console and send a coded broadcast, flagging the ship for salvage.
6155	141	1	ILST/TEXT	Next thing I knew, I was on another ship. In all the chaos, Torin had somehow managed to get us off the Watchtower ship, and back aboard his.
6174	141	1	ILST/TEXT	We jumped to his location and engaged. He fought well, but by utilizing our Synapse Disruptor, eventually, we disabled both him and his ship.
6595	141	1	ILST/TEXT	Sent your nav the coordinates. Huh, you know, this could be the very last Listening Post... Hm. I'll look into that. Let me know how it goes!
7091	141	1	ILST/TEXT	But when it comes to multiverse jumping, eh, who knows?! Either way, some version of me should join you on any future jumps! Fingers crossed.
7195	141	1	ILST/TEXT	We'll do a quick scan of the planet, find the facility with the fleet Control Node, make our way inside, grab the loot, and get out of there!
7323	141	1	ILST/TEXT	Now, I'm a little sparse on the details, but I do know they call this weapon the "Synapse Disruptor". Which seems an apt name, if you ask me.
5877	142	1	ILST/TEXT	Oh, bold! Usually I like that. But let's get one thing straight... If you want my assistance, you show me some courtesy, and I'll do the same.
5904	142	1	ILST/TEXT	And apparently, I've been roped into some sort of "project". Something about a "secretive organization", and data on a new type of technology?
6173	142	1	ILST/TEXT	We then brought Torin aboard. I didn't know what we planned to do with him, and frankly, I didn't ask. Watchtower doesn't encourage questions.
6209	142	1	ILST/TEXT	If you're interested in manufacturing these parts, instead of finding them out on the field, I've prepared a slate detailing what you'll need.
7090	142	1	ILST/TEXT	Sure thing. If we want a fleet, we need to ensure ship coordination, so we'll have to grab the Control Node, which we can find on Eridani III.
7176	142	1	ILST/TEXT	Atmosphere seems breathable. Could risk going without a helmet, if you wanted. Besides that, abundant signs of life and a fairly high gravity.
7243	142	1	ILST/TEXT	Haha! Eh, you're not wrong. I mean, the hours are bad, and the pay's even worse! Heh. Really, I suppose it's more of a "lifestyle" than a job.
7315	142	1	ILST/TEXT	Let me... backtrack and rephrase things. There is no technological counter, to this weapon. No magic shields, or special kind of hull plating.
8092	142	1	ILST/TEXT	You sure about that...? Tell you what, if we jump through The Unity again, next time, you try this by yourself. And let me know how that goes!
5569	143	1	ILST/TEXT	Newly commissioned vessels will automatically follow your lead ship. But if you'd prefer different tactics, you can always change their orders.
5601	143	1	ILST/TEXT	Finished. With the Control Node installed into this mainframe, you can now direct a fleet of ships. You'll find it quite useful, and practical.
5668	143	1	ILST/TEXT	We should head over to Gren's workshop. Or, I suppose we could go to the bar, talk with Harper first. She did seem to want you for something...
5677	143	1	ILST/TEXT	Hm. It's thanks to her -- Stardock is even up and running in the first place! And I wasn't kidding about her being generous, she's good people.
5709	143	1	ILST/TEXT	So, you're Torin's friend, right? If you've got some kinda grudge to settle with Watchtower, come talk with me. I think we can help each other.
6120	143	1	ILST/TEXT	Life there isn't easy. Any air you breathe is heavily filtered, the lights are artificial, and you rarely see the sky. But for many, it's home.
6151	143	1	ILST/TEXT	Despite what we'd done to him, Torin still saved my life. I decided to desert Watchtower, help Torin instead. That's how I came to reside here.
6177	143	1	ILST/TEXT	But I worked hard. And slowly, I improved. Eventually, I became one of the best independent technicians on Mars. Not that that's saying much...
6462	143	1	ILST/TEXT	They worked as debt collectors for local dealers. I didn't like it, but survival doesn't give you much room for morals. I needed the credits...
6527	143	1	ILST/TEXT	All these new stores, and people... I wasn't sure about it at first. But maybe it's not so bad. After all, people need reasons to stick around.
6937	143	1	ILST/TEXT	Now, we've got work to do. Gren and Harper are back on the station, let's head over and get you introduced. Remember, first impressions matter!
6997	143	1	ILST/TEXT	Before I met up with you, I ran into another Starborn. There was a fight. I won, but still. It shook me up a little! Like, what if I'd lost...?
7235	143	1	ILST/TEXT	Here's how we're going to pull this fleet thing off. First, we need some hardware. Equipment -- especially designed to handle this sorta thing.
7299	143	1	ILST/TEXT	Hmm... I mean, I'm no expert, but it does seem like an incredibly sophisticated weapon! Definitely more powerful than a common-variety stunner.
8034	143	1	ILST/TEXT	Hmph. Anyway, despite your complete lack of a signal, I managed to intercept a Watchtower comm beacon and track you down the old-fashioned way.
8045	143	1	ILST/TEXT	Huh. That was almost coherent! You should be knee-deep in drool. Barely able to remember which shoe goes on which foot. I'm actually impressed!
6093	144	1	ILST/TEXT	Next are Envoys. Foot soldiers, given simple tasks to keep operations running. They undergo minor genetic modification but still aren't trusted.
6105	144	1	ILST/TEXT	I'm unsure. I always suspected that Watchtower's been around for a long time... I recall finding data records that were well over a century old.
6231	144	1	ILST/TEXT	So, take these. That's all I have to hand right now. However, you can always craft additional flares. Assuming you have the necessary materials.
6540	144	1	ILST/TEXT	I just so happen to know a few doctors. And at least one who has experience in cybernetics! Dr. Laine. So I asked if she'd mind joining us here!
6541	144	1	ILST/TEXT	Not me, no. First, I asked Gren if he could build 'em, but he said something about him "being engineer, not a doctor.", which got me thinking...
6698	144	1	ILST/TEXT	Here's the plan! We can draw power from the facility! You just need to flip some Breaker Switches. Should be four of them around the hangar bay.
7095	144	1	ILST/TEXT	You know, personal choice. That kinda stuff. The paths and roads a person takes during their life. I guess people find it hard to be consistent?
7119	144	1	ILST/TEXT	Wasn't even sure if I was in the right universe or not. Maybe it's different for you, but for me, going through The Unity is super disorienting.
7207	144	1	ILST/TEXT	Well, no. Not technically. However, it's one thing to have other ships just follow you around, but we need more than that. We need coordination!
7314	144	1	ILST/TEXT	But this brings me to why I made contact. I have devised a strategy that would keep you and me safe -- from Watchtower's impromptu abductions...
6434	145	1	ILST/TEXT	I've made my notes on my terminal! Feel free to check them out for yourself. Might also help you keep tabs on the systems you've already cleared.
6522	145	1	ILST/TEXT	I had no idea having you and Torin around -- would bring so much attention to the station! Knowingly or not, you've brought a lot of people here.
6688	145	1	ILST/TEXT	Since it's you asking, I'll give it a try. I've still got a few contacts out in the field. Maybe one of them can help us find a Listening Post...
7000	145	1	ILST/TEXT	Let's see... Only thing I've noticed so far is everyone's a bit more on edge in this universe. I think the chance for another war here is high...
7205	145	1	ILST/TEXT	And tell me, have you ever actually tried to coordinate multiple vessels, in the middle of battle, all at the same time? It's not easy, trust me.
7313	145	1	ILST/TEXT	But the catch is, it's not something I can do alone, and it's gonna take effort. I'm gonna need your help on this, and you're going to need mine.
5394	146	1	ILST/TEXT	Right... I think Gren warned me about that. Most Watchtower stuff has a self-destruct of some kind. Stops people like me from getting too curious.
5409	146	1	ILST/TEXT	And then we destroyed that Array -- a small fleet of Watchtower ships jumped in, attacking us on sight... I dunno, any of that sound like trouble?
5426	146	1	ILST/TEXT	That's all we needed to do. Guess I'll be traveling with you for now. Hope you've room for a passenger! Alright, let's go get that Listening Post!
5436	146	1	ILST/TEXT	Can do! And once that's done, we'll be sure to put a permanent end to the Listening Post. Ensure there's no more sneaky spies in the neighborhood!
5836	146	1	ILST/TEXT	A lady knows better than to ask how and where you procure such things, but if you desire more these new Amps, simply bring me more Computer Cores.
6091	146	1	ILST/TEXT	Above them are Agents. Specialists in tech, surveillance, or networking. They handle the more complex tasks, and have a certain level of autonomy.
6322	146	1	ILST/TEXT	And don't worry about the mech being flagged as contraband. Its armor will deflect most scanners. And if anyone asks? Well. It's just a big robot.
7079	146	1	ILST/TEXT	Gren has installed the Skydrop system on my ship, but we still only have a single missile. And we need that to crack open the Watchtower facility.
7341	146	1	ILST/TEXT	When you have the time, I'd encourage you look into it. Who knows? Maybe it can provide answers to, both, your previous question and others too...
7401	146	1	ILST/TEXT	You're still vulnerable to their Disruptor. They can easily disable and capture you whenever they like! Unless, we pursue this strategy of mine...
5352	147	1	ILST/TEXT	Wow. Okay, that was fast. I barely searched for anything before it wiped itself... But I did at least pull the location for another Listening Post.
5989	147	1	ILST/TEXT	Detonates an electromagnetic pulse, disabling all electronic and robotic systems within range. Quite effective for neutralizing mechanical threats.
6103	147	1	ILST/TEXT	I can't tell you what Watchtower's ultimate purpose is, but it seems clear to me that they do have one. And it involves people like you, and Torin.
6435	147	1	ILST/TEXT	And you'd be able to salvage more components too! But how you go about it is down to you. You'll have to decide on a strategy you think works best.
6436	147	1	ILST/TEXT	But, perhaps if you were to destroy some of less important "Minor Arrays" first, it would lessen Watchtower's reaction when you attack a Major one.
6523	147	1	ILST/TEXT	There were nights in Neon that I'd dream I could have somewhere like this. A place that people actually wanna be! Bit by bit, it's coming together.
7210	147	1	ILST/TEXT	Although, no system is perfect. Skydrop has its drawbacks. First being, you need at least one manned ship in orbit with a Skydrop system installed.
7272	147	1	ILST/TEXT	It crippled your ship, right? Powered everything down. You were a sitting duck. Nothing you could do but wait for that next blast to knock you out.
8070	147	1	ILST/TEXT	Eh, it happens. Never witnessed it myself, though. Hm. We stumbled across an interesting catch, that's for sure! Might even bag us some promotions.
5408	148	1	ILST/TEXT	Let's see. There was a ground-based Listening Post with a bunch of troops. Then a space Array, with a Watchtower fleet that jumped in to protect it.
5577	148	1	ILST/TEXT	...You ever hear the expression "beggars can't be choosers"? *sigh* But, if you've got something in mind, suppose we can wait a little while longer.
5767	148	1	ILST/TEXT	Of course, things like Neuroamps have been available for some time. But when it comes to cybernetics, amps really are just the first stepping stone.
6099	148	1	ILST/TEXT	The higher ranks include Officers, who are trusted to lead important operations. Watchmen, who perform independent missions with little oversight...
6139	148	1	ILST/TEXT	Watchtower doesn't like their ships captured or salvaged. When badly damaged, they tend to self-destruct. Which is precisely what my old vessel did.
6442	148	1	ILST/TEXT	The more time I spent with him, I realized, this guy, he actually seems to care about something bigger than himself. He's got a kinda drive, y'know?
6474	148	1	ILST/TEXT	Heh, I didn't even have any medical training. Mostly, I just joined to get out of Neon. But I didn't mind the work, and it felt good to help people.
6497	148	1	ILST/TEXT	We first met when Torin tried to take Stardock, not knowing I had already claimed it. There was a fight, but we quickly realized we weren't enemies.
6528	148	1	ILST/TEXT	Hey, you think we should expand? You know, build more docking arms, maybe extra storage? I could easily afford it. Not as if we're shy on credits...
6576	148	1	ILST/TEXT	Of course, it'll cost you! These guys aren't going to help us out of the goodness of their hearts. But, if you're willing to cough up the credits...
6630	148	1	ILST/TEXT	Hey, I've been thinking... This place wouldn't be what it is without you, so, I set up quarters for you here. Call it a "thank-you", from me to you.
5602	149	1	ILST/TEXT	I'm done. The mainframe I just installed the Control Node into, will allow you to manage and command a fleet of ships. I think you'll find it useful.
5684	149	1	ILST/TEXT	Obviously, I survived and didn't die horribly! Which is always nice. But my escape did put me a little farther away from you than I would've hoped...
5720	149	1	ILST/TEXT	And that, of course, was Harper. Good job on your "first meeting" with her. I know this Unity stuff can be confusing, but so far, you're doing great!
6438	149	1	ILST/TEXT	The Arrays seem to be linked in a sorta... network. If a critical Major Array is attacked, you can expect a more aggressive response from Watchtower.
6459	149	1	ILST/TEXT	Just another Neon street kid. Not worth their time. If it hadn't been for local medic taking pity and patching me up, I don't think I'd have made it.
6543	149	1	ILST/TEXT	I asked a contact of mine if she'd be willing to help out. She agreed! So you wannna see about neuroamps? Speak to Dr. Laine in the station's clinic.
7276	149	1	ILST/TEXT	Then, even if Watchtower track you down and get a shot in with their Disruptor, with other ships there to cover you -- they'd never get a second hit!
7305	149	1	ILST/TEXT	And since they launched a Comm Beacon, I was able to intercept that. And then follow its trail back to where you were! Just in time to save your ass.
7374	149	1	ILST/TEXT	Given how well they hide themselves, I think it stands to reason Watchtower has infiltrated the major governments. Maybe the larger corporations too.
5357	150	1	ILST/TEXT	Yeah, Gren warned me about that-- Ah! Sonofabitch! That was fast. Slate already wiped itself. But, I did grab a location for another Listening Post...
6027	150	1	ILST/TEXT	There you are. Thanks to all the Watchtower components we've acquired, I've made several breakthroughs in bypassing certain ship hardware limitations.
6029	150	1	ILST/TEXT	Of course, I'll pass most of the credits on to you. Also, salvaging watchtower vessels -- may yield Computer Cores or other high-grade tech and parts.
6149	150	1	ILST/TEXT	Torin seemed like a good man, he saved my life. And Watchtower had tried to imprison him. That didn't sit well with me. That's when I made up my mind.
7208	150	1	ILST/TEXT	And lastly, Skydrop is a bulky system. Usually, you'd need a large ship to accommodate it. However, I've discovered some "workarounds" for that issue.
7211	150	1	ILST/TEXT	So, if you found yourself in some trouble, just hit some buttons on a flare, toss it down, and a few seconds later whatever you needed -- there it is!
7219	150	1	ILST/TEXT	Ships in orbit can fire down whatever was requested. Emergency backup, supplies, or sometimes just a good old airstrike! Or... "orbitstrike", I guess.
5568	151	1	ILST/TEXT	Keep in mind -- at the moment, the Command System can only handle one additional ship. But if you want, you can always switch a vessel out for another.
6137	151	1	ILST/TEXT	My genetic changes provide faster reflexes, improved spatial awareness, and better problem-solving. All designed to make me more effective in my field.
6437	151	1	ILST/TEXT	As well as any of the less important Minor Arrays it was linked to self-destructing -- once the Major one has been destroyed, and they lose connection.
6449	151	1	ILST/TEXT	I went through bureaucratic hell. Weeks of red tape, forms, blank stares from officials who couldn't care less. Just to prove there was something here!
6992	151	1	ILST/TEXT	Yeah, actually. Stopped by the spot where I always find my ship, and it wasn't there! Spacers had taken it! *sigh* Don't worry though, I got it back...
7084	151	1	ILST/TEXT	Which means, we'll have a few more supplies to start with this time. And later on, if we want to, we may be able to build ourselves a new Perseverance.
7285	151	1	ILST/TEXT	...Blegh! That was a terrible answer, hah, probably made no sense! Um... Just know that Watchtower will lock you up, and throw away the figurative key.
8047	151	1	ILST/TEXT	Listen, there'll be enemy reinforcements here at any moment, so I'm gonna use my ship to lure them away. Give them something else to chase for a while.
6159	152	1	ILST/TEXT	However, we were attacked and overwhelmed by pirates, my ship badly was damaged... Torin asked me to free him, I did, and somehow he got us to his ship.
6472	152	1	ILST/TEXT	For a time, I just jumped from port to port, never staying anywhere for too long. That is, until I heard of a derelict starstation off the beaten track.
6782	152	1	ILST/TEXT	Easy now! There's-- There's no need for such strong language! Let's keep things civil. Ahem. Although, I suppose you've got a good reason to be upset...
7096	152	1	ILST/TEXT	Most things seem to stay the same. Usually it's something small, or subtle that changes. Like a person's hairstyle, or... their favorite type of Chunks.
7228	152	1	ILST/TEXT	Ships in orbit would fire down whatever was requested. Emergency backup, supplies, or sometimes just a good old airstrike! Or... "orbitstrike", I guess.
7328	152	1	ILST/TEXT	For people like us, Watchtower like to employ a particular device. A kind of energy weapon. The first blast disables your ship, the second disables you.
7375	152	1	ILST/TEXT	What can you say about a secretive galaxy-wide organization? Uh. I don't... I dunno. I can offer some information, but a lot of this will be conjecture!
5404	153	1	ILST/TEXT	Just a little scuffle with Watchtower. Fight on the ground, fight in space. Oh, and an Array with some data. You'll want Gren's algorithm for that Slate.
6461	153	1	ILST/TEXT	One day, a rival gang jumped us. It got ugly, a fight broke out. I got shot in the stomach, acid burns on my face. You know what my so-called "crew" did?
6987	153	1	ILST/TEXT	Absolutely! We can trust her with this. I mean, Watchtower have given her as much trouble as they've given us. She'd be happy to take a job against them.
7169	153	1	ILST/TEXT	No, no, no, drones are built for close-quarters combat, Y'know -- dogfights. They aren't capable of traveling or transmitting data beyond a solar system.
7221	153	1	ILST/TEXT	Hey, good eye! What you're holding there is a "flare". Similar to the ones the UC and Freestar Collective used in the war, just a different manufacturer.
5406	154	1	ILST/TEXT	Oh, nothing too crazy. Fight on the planet with Watchtower, data recovered from a space Array. Speaking of, you should use Gren's algorithm on that Slate.
5487	154	1	ILST/TEXT	After that, tried to do some good for a while. Fell in with one of the medical firms. Would pull folks outta bad situations, patch 'em up if they're hurt.
6065	154	1	ILST/TEXT	What I do know, is that certain implants require use of specific areas of the brain. But, these areas are often already in use by innate bodily functions.
6518	154	1	ILST/TEXT	Long road ahead of us, but I think it was the right call for me to open this place -- to anyone who needs a port in the storm. Hey, and that includes you.
7291	154	1	ILST/TEXT	As best as I can tell, the Disruptor can't knock you out -- if your ship still has power. Which is likely why its first shot disables your ship's systems.
8063	154	1	ILST/TEXT	Pins and needles all over, am I right? Yeah. Nasty thing that, uh, that "beam" of theirs. First blast disables your ship, second disables anyone on board!
5537	155	1	ILST/TEXT	I assume Torin has explained Skydrops. You should install this one into a ship at your earliest convenience. I hope you take as good a care of it as Torin.
7218	155	1	ILST/TEXT	They called them "Skydrops", right? Very versatile, very useful! And now, very illegal to use, thanks to the Armistice. At least, illegal for the military.
7229	156	1	ILST/TEXT	Basically, troops planetside would toss down a "flare", like the one I just gave you. It would mark a spot, and then depending on what the flare signaled...
7349	156	1	ILST/TEXT	Heh. Eh, don't mind me, I'm just being a jerk. Um... as hard as I'm sure you worked for your position, I think Watchtower's ambitions lie outside of Ryujin.
6473	157	1	ILST/TEXT	Anyway, eventually all the rules and regs became too much for me, so I took what credits I earned, bought myself a junker, and just... set a course wherever.
7186	157	1	ILST/TEXT	...mmm, ah, there it is. I see our facility! Near one of the poles. Huh... Gren wasn't kidding, most of it's buried under ice. Won't be easy to get inside...
7391	157	1	ILST/TEXT	The group that attacked you, they're called "Watchtower". Not surprised if you've never heard of them. To say they're clandestine would be an understatement.
5775	158	1	ILST/TEXT	Still, though work keeps me busy, I visit when I can. My brother still lives there, picking up bounty work. Although, truth be told, he's not very good at it.
6030	158	1	ILST/TEXT	I'll monitor for any such signals, and send a team to bring the ship back here, so I can scrap it. I'll keep hold of any useful components, and sell the rest.
7377	158	1	ILST/TEXT	...Maybe they figured it's smarter to keep an eye on you, nab you at a more "opportune" moment. Hm... It wouldn't be difficult for 'em. Perhaps you noticed...
7381	159	1	ILST/TEXT	Well, then I suppose you're lucky it's taken this long to consider you a threat worth capturing. And once that happens, there's little you can do to stop them.
6016	160	1	ILST/TEXT	Utilizing technology I don't quite understand... this Skydrop momentarily reanimates the recently dead, sending them into a frenzy, attacking anything in sight.
6104	160	1	ILST/TEXT	They operate carefully, quietly, and with so much plausible deniability -- that even if someone found out about their existence, it could easily be disregarded.
6444	160	1	ILST/TEXT	And after a slightly rocky start, we just kinda started helpin' each other! At first, I thought, "What's the catch?" People don't offer help for almost nothin'.
7322	161	1	ILST/TEXT	Oh and, heh, here's the worst part! There is NO foolproof counter to the Disruptor! Hah! None at all! Believe me, I've looked, I've tried. Heh. There is nothing.
5414	162	1	ILST/TEXT	I assume Torin has explained Skydrops. You should install this one to a ship of yours. I've the feeling you will make for a better custodian for it -- than Torin.
5479	162	1	ILST/TEXT	Sure did. Compared to Torin and Gren, I don't have much of an axe to grind with Watchtower. But from the little I know of 'em, I don't think I like 'em very much!
8038	162	1	ILST/TEXT	Uh-huh, you don't say. Well, I'd love to continue this enthralling dialogue we've got going on, catch up on old times, but clock's ticking -- so listen carefully!
6470	163	1	ILST/TEXT	I don't know why, but I decided to plant my flag, start fixing the station up bit by bit. And now? Now it's freedom, safety, even home. Guess that's what I needed.
8013	163	1	ILST/TEXT	Clearly, Watchtower is still a threat. I know we dealt with them before, but now we're back to square one, so we're gonna need more than two ships to keep us safe.
7301	165	1	ILST/TEXT	Okay. A while back, I got my hands on a Watchtower database. Your name showed up, a lot. Most of the information was encrypted, but there seemed to be a lot of it...
6939	166	1	ILST/TEXT	So, let's get started on the rest of it, huh? Gren and Harper are on the station. Let's go make the introductions. And remember, this is their first time meeting you!
5395	167	1	ILST/TEXT	Still, that's got me wonderin'. How'd Watchtower have a fleet prepped to ambush you like that? They must've been watchin' those Listening Posts real close. But why...?
6631	171	1	ILST/TEXT	You'll never believe it. United Transport added Stardock to their official trade routes! Cargo ships are docking here now! Weird seeing 'em treat us like a real station...
7224	171	1	ILST/TEXT	*chuckle* But we're not military. I got a Skydrop system rigged up to my ship. And that's what we're going to use to get into that facility, and grab the hardware we need.
5758	172	1	ILST/TEXT	Our motto used to be "Care without compromise." Pfft. But thanks to dwindling finances and ever increasing bending of the rules, we had to drop that motto a few years back.
7086	175	1	ILST/TEXT	Here's a flare! Same plan as last time. Blast a hole in the facility, and when that mech comes out, I'm gonna kamikaze the Perseverance right on top of it. Boom! No more mech.
6529	178	1	ILST/TEXT	You know, this place, it's become more than I could've hoped for! Stardock's not just a home for me, it's somewhere people can be free and safe. And that makes it all worthwhile.
